attribution_id,order_id,campaign_id,attribution_method
1,4,301,Last-Touch
2,7,219,Last-Touch
3,11,216,Last-Touch
4,16,301,Last-Touch
5,24,1,Last-Touch
6,27,229,Last-Touch
7,31,335,Last-Touch
8,32,153,Last-Touch
9,38,44,Last-Touch
10,40,240,Last-Touch
11,45,279,Last-Touch
12,46,337,Last-Touch
13,50,172,Last-Touch
14,54,8,Last-Touch
15,68,90,Last-Touch
16,69,127,Last-Touch
17,74,311,Last-Touch
18,82,388,Last-Touch
19,85,34,Last-Touch
20,95,313,Last-Touch
21,102,133,Last-Touch
22,105,449,Last-Touch
23,110,108,Last-Touch
24,111,21,Last-Touch
25,112,197,Last-Touch
26,114,49,Last-Touch
27,118,97,Last-Touch
28,126,158,Last-Touch
29,127,279,Last-Touch
30,128,150,Last-Touch
31,133,478,Last-Touch
32,139,7,Last-Touch
33,140,232,Last-Touch
34,142,364,Last-Touch
35,145,272,Last-Touch
36,146,232,Last-Touch
37,151,231,Last-Touch
38,155,112,Last-Touch
39,158,336,Last-Touch
40,159,87,Last-Touch
41,161,296,Last-Touch
42,167,178,Last-Touch
43,171,150,Last-Touch
44,173,306,Last-Touch
45,180,147,Last-Touch
46,182,462,Last-Touch
47,185,331,Last-Touch
48,191,128,Last-Touch
49,193,36,Last-Touch
50,194,471,Last-Touch
51,200,414,Last-Touch
52,204,367,Last-Touch
53,205,69,Last-Touch
54,210,320,Last-Touch
55,218,89,Last-Touch
56,219,179,Last-Touch
57,223,240,Last-Touch
58,228,306,Last-Touch
59,231,401,Last-Touch
60,234,52,Last-Touch
61,238,363,Last-Touch
62,241,229,Last-Touch
63,245,122,Last-Touch
64,247,280,Last-Touch
65,249,337,Last-Touch
66,250,324,Last-Touch
67,252,65,Last-Touch
68,258,93,Last-Touch
69,262,452,Last-Touch
70,267,184,Last-Touch
71,268,244,Last-Touch
72,272,428,Last-Touch
73,274,10,Last-Touch
74,281,498,Last-Touch
75,288,260,Last-Touch
76,295,144,Last-Touch
77,304,372,Last-Touch
78,307,379,Last-Touch
79,308,150,Last-Touch
80,310,470,Last-Touch
81,313,484,Last-Touch
82,314,272,Last-Touch
83,320,292,Last-Touch
84,324,331,Last-Touch
85,327,364,Last-Touch
86,330,231,Last-Touch
87,332,264,Last-Touch
88,333,359,Last-Touch
89,337,85,Last-Touch
90,340,106,Last-Touch
91,343,490,Last-Touch
92,345,76,Last-Touch
93,354,73,Last-Touch
94,355,281,Last-Touch
95,358,423,Last-Touch
96,359,24,Last-Touch
97,362,251,Last-Touch
98,367,286,Last-Touch
99,370,371,Last-Touch
100,371,106,Last-Touch
101,373,344,Last-Touch
102,378,162,Last-Touch
103,384,306,Last-Touch
104,391,156,Last-Touch
105,409,341,Last-Touch
106,410,30,Last-Touch
107,412,488,Last-Touch
108,413,481,Last-Touch
109,414,184,Last-Touch
110,416,72,Last-Touch
111,420,470,Last-Touch
112,425,277,Last-Touch
113,430,483,Last-Touch
114,435,231,Last-Touch
115,436,311,Last-Touch
116,441,231,Last-Touch
117,444,100,Last-Touch
118,446,94,Last-Touch
119,450,251,Last-Touch
120,456,229,Last-Touch
121,459,142,Last-Touch
122,464,396,Last-Touch
123,465,425,Last-Touch
124,468,482,Last-Touch
125,475,157,Last-Touch
126,476,310,Last-Touch
127,477,500,Last-Touch
128,482,219,Last-Touch
129,495,233,Last-Touch
130,504,132,Last-Touch
131,505,102,Last-Touch
132,510,478,Last-Touch
133,511,297,Last-Touch
134,512,471,Last-Touch
135,517,311,Last-Touch
136,525,129,Last-Touch
137,528,306,Last-Touch
138,534,410,Last-Touch
139,539,198,Last-Touch
140,543,386,Last-Touch
141,544,342,Last-Touch
142,549,433,Last-Touch
143,552,87,Last-Touch
144,556,113,Last-Touch
145,557,201,Last-Touch
146,559,136,Last-Touch
147,560,333,Last-Touch
148,563,489,Last-Touch
149,564,449,Last-Touch
150,565,357,Last-Touch
151,572,464,Last-Touch
152,573,459,Last-Touch
153,577,433,Last-Touch
154,578,30,Last-Touch
155,583,391,Last-Touch
156,584,142,Last-Touch
157,588,483,Last-Touch
158,589,478,Last-Touch
159,593,129,Last-Touch
160,595,284,Last-Touch
161,596,279,Last-Touch
162,599,5,Last-Touch
163,603,347,Last-Touch
164,604,419,Last-Touch
165,606,300,Last-Touch
166,608,333,Last-Touch
167,610,60,Last-Touch
168,613,130,Last-Touch
169,617,490,Last-Touch
170,620,395,Last-Touch
171,622,378,Last-Touch
172,627,362,Last-Touch
173,628,493,Last-Touch
174,634,315,Last-Touch
175,636,356,Last-Touch
176,637,69,Last-Touch
177,644,84,Last-Touch
178,650,456,Last-Touch
179,652,435,Last-Touch
180,658,441,Last-Touch
181,659,284,Last-Touch
182,667,305,Last-Touch
183,668,333,Last-Touch
184,670,410,Last-Touch
185,674,359,Last-Touch
186,675,410,Last-Touch
187,681,493,Last-Touch
188,682,427,Last-Touch
189,683,70,Last-Touch
190,685,36,Last-Touch
191,690,391,Last-Touch
192,698,492,Last-Touch
193,699,413,Last-Touch
194,700,396,Last-Touch
195,703,81,Last-Touch
196,708,144,Last-Touch
197,709,281,Last-Touch
198,710,101,Last-Touch
199,717,58,Last-Touch
200,724,450,Last-Touch
201,725,431,Last-Touch
202,730,381,Last-Touch
203,732,87,Last-Touch
204,734,449,Last-Touch
205,738,450,Last-Touch
206,739,321,Last-Touch
207,740,131,Last-Touch
208,747,18,Last-Touch
209,751,197,Last-Touch
210,757,339,Last-Touch
211,767,457,Last-Touch
212,776,52,Last-Touch
213,777,237,Last-Touch
214,778,217,Last-Touch
215,783,486,Last-Touch
216,785,190,Last-Touch
217,788,56,Last-Touch
218,790,124,Last-Touch
219,795,35,Last-Touch
220,797,364,Last-Touch
221,800,49,Last-Touch
222,802,402,Last-Touch
223,803,338,Last-Touch
224,804,482,Last-Touch
225,807,364,Last-Touch
226,809,144,Last-Touch
227,810,20,Last-Touch
228,812,244,Last-Touch
229,818,13,Last-Touch
230,820,433,Last-Touch
231,821,366,Last-Touch
232,822,365,Last-Touch
233,830,386,Last-Touch
234,832,395,Last-Touch
235,833,432,Last-Touch
236,837,69,Last-Touch
237,839,192,Last-Touch
238,841,279,Last-Touch
239,846,344,Last-Touch
240,848,486,Last-Touch
241,853,498,Last-Touch
242,855,366,Last-Touch
243,859,208,Last-Touch
244,861,335,Last-Touch
245,872,30,Last-Touch
246,873,353,Last-Touch
247,875,240,Last-Touch
248,879,417,Last-Touch
249,889,72,Last-Touch
250,890,472,Last-Touch
251,893,413,Last-Touch
252,895,364,Last-Touch
253,902,24,Last-Touch
254,903,342,Last-Touch
255,905,50,Last-Touch
256,913,371,Last-Touch
257,915,44,Last-Touch
258,917,448,Last-Touch
259,918,421,Last-Touch
260,919,142,Last-Touch
261,922,58,Last-Touch
262,930,71,Last-Touch
263,935,418,Last-Touch
264,939,380,Last-Touch
265,940,254,Last-Touch
266,943,195,Last-Touch
267,944,354,Last-Touch
268,954,90,Last-Touch
269,957,231,Last-Touch
270,958,282,Last-Touch
271,965,201,Last-Touch
272,970,300,Last-Touch
273,971,70,Last-Touch
274,972,239,Last-Touch
275,976,291,Last-Touch
276,979,209,Last-Touch
277,985,119,Last-Touch
278,988,371,Last-Touch
279,1000,189,Last-Touch
280,1001,284,Last-Touch
281,1003,3,Last-Touch
282,1011,362,Last-Touch
283,1012,411,Last-Touch
284,1018,23,Last-Touch
285,1022,245,Last-Touch
286,1025,233,Last-Touch
287,1028,359,Last-Touch
288,1033,352,Last-Touch
289,1034,395,Last-Touch
290,1035,487,Last-Touch
291,1039,128,Last-Touch
292,1041,372,Last-Touch
293,1043,232,Last-Touch
294,1044,388,Last-Touch
295,1050,353,Last-Touch
296,1052,398,Last-Touch
297,1059,8,Last-Touch
298,1060,470,Last-Touch
299,1065,28,Last-Touch
300,1070,112,Last-Touch
301,1071,389,Last-Touch
302,1073,159,Last-Touch
303,1074,131,Last-Touch
304,1084,171,Last-Touch
305,1090,40,Last-Touch
306,1099,32,Last-Touch
307,1103,369,Last-Touch
308,1108,471,Last-Touch
309,1109,419,Last-Touch
310,1119,336,Last-Touch
311,1120,378,Last-Touch
312,1125,342,Last-Touch
313,1128,181,Last-Touch
314,1129,5,Last-Touch
315,1130,317,Last-Touch
316,1132,162,Last-Touch
317,1133,69,Last-Touch
318,1139,416,Last-Touch
319,1161,155,Last-Touch
320,1165,399,Last-Touch
321,1167,139,Last-Touch
322,1168,391,Last-Touch
323,1172,169,Last-Touch
324,1174,135,Last-Touch
325,1176,19,Last-Touch
326,1178,278,Last-Touch
327,1179,449,Last-Touch
328,1180,70,Last-Touch
329,1182,341,Last-Touch
330,1183,344,Last-Touch
331,1185,414,Last-Touch
332,1186,326,Last-Touch
333,1188,440,Last-Touch
334,1189,182,Last-Touch
335,1192,346,Last-Touch
336,1194,124,Last-Touch
337,1197,316,Last-Touch
338,1198,38,Last-Touch
339,1200,333,Last-Touch
340,1206,489,Last-Touch
341,1208,311,Last-Touch
342,1210,107,Last-Touch
343,1220,49,Last-Touch
344,1225,11,Last-Touch
345,1226,27,Last-Touch
346,1227,38,Last-Touch
347,1230,42,Last-Touch
348,1231,342,Last-Touch
349,1234,20,Last-Touch
350,1239,40,Last-Touch
351,1247,204,Last-Touch
352,1250,462,Last-Touch
353,1251,128,Last-Touch
354,1253,89,Last-Touch
355,1257,38,Last-Touch
356,1258,272,Last-Touch
357,1259,391,Last-Touch
358,1262,460,Last-Touch
359,1263,6,Last-Touch
360,1264,333,Last-Touch
361,1267,129,Last-Touch
362,1268,197,Last-Touch
363,1271,434,Last-Touch
364,1277,385,Last-Touch
365,1281,320,Last-Touch
366,1287,498,Last-Touch
367,1293,306,Last-Touch
368,1296,424,Last-Touch
369,1306,241,Last-Touch
370,1309,262,Last-Touch
371,1319,445,Last-Touch
372,1330,284,Last-Touch
373,1339,431,Last-Touch
374,1344,252,Last-Touch
375,1348,459,Last-Touch
376,1355,310,Last-Touch
377,1359,334,Last-Touch
378,1362,487,Last-Touch
379,1363,306,Last-Touch
380,1367,61,Last-Touch
381,1370,469,Last-Touch
382,1372,496,Last-Touch
383,1373,370,Last-Touch
384,1375,218,Last-Touch
385,1377,415,Last-Touch
386,1379,119,Last-Touch
387,1383,431,Last-Touch
388,1385,157,Last-Touch
389,1387,415,Last-Touch
390,1396,195,Last-Touch
391,1397,262,Last-Touch
392,1411,63,Last-Touch
393,1413,308,Last-Touch
394,1414,231,Last-Touch
395,1418,141,Last-Touch
396,1423,386,Last-Touch
397,1424,53,Last-Touch
398,1425,340,Last-Touch
399,1435,342,Last-Touch
400,1440,468,Last-Touch
401,1454,38,Last-Touch
402,1460,443,Last-Touch
403,1463,174,Last-Touch
404,1465,286,Last-Touch
405,1469,436,Last-Touch
406,1470,491,Last-Touch
407,1482,382,Last-Touch
408,1484,53,Last-Touch
409,1485,86,Last-Touch
410,1486,467,Last-Touch
411,1487,56,Last-Touch
412,1488,309,Last-Touch
413,1489,153,Last-Touch
414,1496,454,Last-Touch
415,1500,149,Last-Touch
416,1503,356,Last-Touch
417,1510,7,Last-Touch
418,1511,282,Last-Touch
419,1519,55,Last-Touch
420,1520,308,Last-Touch
421,1526,373,Last-Touch
422,1529,141,Last-Touch
423,1536,238,Last-Touch
424,1537,185,Last-Touch
425,1542,134,Last-Touch
426,1546,408,Last-Touch
427,1548,311,Last-Touch
428,1555,218,Last-Touch
429,1556,487,Last-Touch
430,1559,70,Last-Touch
431,1561,460,Last-Touch
432,1562,389,Last-Touch
433,1570,289,Last-Touch
434,1575,342,Last-Touch
435,1577,305,Last-Touch
436,1578,15,Last-Touch
437,1596,30,Last-Touch
438,1600,336,Last-Touch
439,1603,40,Last-Touch
440,1609,216,Last-Touch
441,1611,425,Last-Touch
442,1614,428,Last-Touch
443,1621,122,Last-Touch
444,1624,338,Last-Touch
445,1628,6,Last-Touch
446,1630,459,Last-Touch
447,1634,378,Last-Touch
448,1639,70,Last-Touch
449,1640,70,Last-Touch
450,1642,333,Last-Touch
451,1645,233,Last-Touch
452,1646,409,Last-Touch
453,1651,19,Last-Touch
454,1661,13,Last-Touch
455,1665,440,Last-Touch
456,1667,218,Last-Touch
457,1669,112,Last-Touch
458,1672,18,Last-Touch
459,1683,164,Last-Touch
460,1686,6,Last-Touch
461,1691,409,Last-Touch
462,1692,388,Last-Touch
463,1694,407,Last-Touch
464,1696,207,Last-Touch
465,1700,324,Last-Touch
466,1703,150,Last-Touch
467,1710,467,Last-Touch
468,1712,146,Last-Touch
469,1725,410,Last-Touch
470,1728,378,Last-Touch
471,1732,121,Last-Touch
472,1735,278,Last-Touch
473,1740,278,Last-Touch
474,1742,338,Last-Touch
475,1747,355,Last-Touch
476,1750,119,Last-Touch
477,1759,200,Last-Touch
478,1763,212,Last-Touch
479,1764,405,Last-Touch
480,1767,119,Last-Touch
481,1770,70,Last-Touch
482,1771,78,Last-Touch
483,1775,277,Last-Touch
484,1778,233,Last-Touch
485,1788,351,Last-Touch
486,1791,481,Last-Touch
487,1793,427,Last-Touch
488,1794,468,Last-Touch
489,1795,49,Last-Touch
490,1796,74,Last-Touch
491,1798,189,Last-Touch
492,1800,75,Last-Touch
493,1802,355,Last-Touch
494,1809,409,Last-Touch
495,1811,1,Last-Touch
496,1815,362,Last-Touch
497,1822,264,Last-Touch
498,1823,130,Last-Touch
499,1826,210,Last-Touch
500,1833,391,Last-Touch
501,1836,169,Last-Touch
502,1838,60,Last-Touch
503,1840,297,Last-Touch
504,1841,310,Last-Touch
505,1849,431,Last-Touch
506,1859,306,Last-Touch
507,1863,499,Last-Touch
508,1876,97,Last-Touch
509,1877,113,Last-Touch
510,1881,485,Last-Touch
511,1884,102,Last-Touch
512,1887,215,Last-Touch
513,1888,367,Last-Touch
514,1889,353,Last-Touch
515,1894,106,Last-Touch
516,1896,202,Last-Touch
517,1897,27,Last-Touch
518,1899,128,Last-Touch
519,1901,262,Last-Touch
520,1906,119,Last-Touch
521,1907,84,Last-Touch
522,1914,428,Last-Touch
523,1919,354,Last-Touch
524,1922,17,Last-Touch
525,1924,429,Last-Touch
526,1927,379,Last-Touch
527,1929,144,Last-Touch
528,1937,83,Last-Touch
529,1948,402,Last-Touch
530,1954,410,Last-Touch
531,1957,164,Last-Touch
532,1961,74,Last-Touch
533,1978,311,Last-Touch
534,1981,282,Last-Touch
535,1986,452,Last-Touch
536,1988,19,Last-Touch
537,1990,362,Last-Touch
538,1996,461,Last-Touch
539,2000,278,Last-Touch
540,2002,364,Last-Touch
541,2004,118,Last-Touch
542,2006,413,Last-Touch
543,2012,60,Last-Touch
544,2014,446,Last-Touch
545,2015,23,Last-Touch
546,2019,146,Last-Touch
547,2020,42,Last-Touch
548,2023,126,Last-Touch
549,2032,40,Last-Touch
550,2033,429,Last-Touch
551,2035,118,Last-Touch
552,2038,19,Last-Touch
553,2039,329,Last-Touch
554,2041,442,Last-Touch
555,2043,234,Last-Touch
556,2048,154,Last-Touch
557,2053,200,Last-Touch
558,2057,126,Last-Touch
559,2068,480,Last-Touch
560,2076,470,Last-Touch
561,2078,24,Last-Touch
562,2079,281,Last-Touch
563,2081,323,Last-Touch
564,2083,70,Last-Touch
565,2084,434,Last-Touch
566,2091,92,Last-Touch
567,2094,16,Last-Touch
568,2095,244,Last-Touch
569,2099,38,Last-Touch
570,2101,461,Last-Touch
571,2103,379,Last-Touch
572,2106,257,Last-Touch
573,2110,337,Last-Touch
574,2112,417,Last-Touch
575,2121,226,Last-Touch
576,2122,13,Last-Touch
577,2124,327,Last-Touch
578,2126,198,Last-Touch
579,2128,207,Last-Touch
580,2130,457,Last-Touch
581,2131,272,Last-Touch
582,2142,184,Last-Touch
583,2144,378,Last-Touch
584,2148,415,Last-Touch
585,2155,344,Last-Touch
586,2162,470,Last-Touch
587,2165,391,Last-Touch
588,2169,254,Last-Touch
589,2170,89,Last-Touch
590,2176,190,Last-Touch
591,2177,395,Last-Touch
592,2178,498,Last-Touch
593,2179,118,Last-Touch
594,2180,403,Last-Touch
595,2181,342,Last-Touch
596,2182,115,Last-Touch
597,2190,40,Last-Touch
598,2202,240,Last-Touch
599,2204,369,Last-Touch
600,2206,483,Last-Touch
601,2208,69,Last-Touch
602,2212,110,Last-Touch
603,2216,143,Last-Touch
604,2220,103,Last-Touch
605,2222,384,Last-Touch
606,2225,189,Last-Touch
607,2239,329,Last-Touch
608,2240,6,Last-Touch
609,2241,210,Last-Touch
610,2244,402,Last-Touch
611,2254,133,Last-Touch
612,2258,452,Last-Touch
613,2264,115,Last-Touch
614,2272,247,Last-Touch
615,2277,323,Last-Touch
616,2282,227,Last-Touch
617,2284,57,Last-Touch
618,2286,335,Last-Touch
619,2291,352,Last-Touch
620,2292,310,Last-Touch
621,2298,35,Last-Touch
622,2303,362,Last-Touch
623,2306,389,Last-Touch
624,2313,240,Last-Touch
625,2314,262,Last-Touch
626,2323,176,Last-Touch
627,2324,487,Last-Touch
628,2329,378,Last-Touch
629,2330,119,Last-Touch
630,2332,239,Last-Touch
631,2338,353,Last-Touch
632,2342,444,Last-Touch
633,2354,84,Last-Touch
634,2355,350,Last-Touch
635,2356,308,Last-Touch
636,2358,27,Last-Touch
637,2359,489,Last-Touch
638,2363,306,Last-Touch
639,2364,163,Last-Touch
640,2368,398,Last-Touch
641,2384,157,Last-Touch
642,2386,150,Last-Touch
643,2390,352,Last-Touch
644,2399,362,Last-Touch
645,2402,96,Last-Touch
646,2404,328,Last-Touch
647,2412,470,Last-Touch
648,2416,51,Last-Touch
649,2419,231,Last-Touch
650,2422,189,Last-Touch
651,2425,493,Last-Touch
652,2428,7,Last-Touch
653,2434,241,Last-Touch
654,2435,336,Last-Touch
655,2437,52,Last-Touch
656,2442,113,Last-Touch
657,2450,91,Last-Touch
658,2457,106,Last-Touch
659,2478,96,Last-Touch
660,2480,497,Last-Touch
661,2482,431,Last-Touch
662,2488,448,Last-Touch
663,2495,356,Last-Touch
664,2496,184,Last-Touch
665,2499,118,Last-Touch
666,2500,477,Last-Touch
667,2510,267,Last-Touch
668,2515,223,Last-Touch
669,2517,347,Last-Touch
670,2518,434,Last-Touch
671,2519,310,Last-Touch
672,2520,389,Last-Touch
673,2521,108,Last-Touch
674,2522,405,Last-Touch
675,2523,362,Last-Touch
676,2534,144,Last-Touch
677,2543,392,Last-Touch
678,2548,416,Last-Touch
679,2552,38,Last-Touch
680,2553,157,Last-Touch
681,2556,241,Last-Touch
682,2559,391,Last-Touch
683,2564,363,Last-Touch
684,2565,309,Last-Touch
685,2567,144,Last-Touch
686,2570,55,Last-Touch
687,2572,379,Last-Touch
688,2574,235,Last-Touch
689,2575,274,Last-Touch
690,2584,355,Last-Touch
691,2585,356,Last-Touch
692,2592,217,Last-Touch
693,2593,392,Last-Touch
694,2602,15,Last-Touch
695,2606,189,Last-Touch
696,2607,277,Last-Touch
697,2610,375,Last-Touch
698,2614,154,Last-Touch
699,2619,402,Last-Touch
700,2621,208,Last-Touch
701,2623,391,Last-Touch
702,2627,466,Last-Touch
703,2632,248,Last-Touch
704,2633,191,Last-Touch
705,2637,358,Last-Touch
706,2639,168,Last-Touch
707,2648,291,Last-Touch
708,2651,279,Last-Touch
709,2656,435,Last-Touch
710,2657,229,Last-Touch
711,2660,226,Last-Touch
712,2678,19,Last-Touch
713,2680,449,Last-Touch
714,2691,282,Last-Touch
715,2695,153,Last-Touch
716,2697,17,Last-Touch
717,2700,383,Last-Touch
718,2702,363,Last-Touch
719,2704,114,Last-Touch
720,2706,203,Last-Touch
721,2711,106,Last-Touch
722,2719,470,Last-Touch
723,2722,197,Last-Touch
724,2727,70,Last-Touch
725,2730,72,Last-Touch
726,2742,48,Last-Touch
727,2743,353,Last-Touch
728,2744,85,Last-Touch
729,2745,418,Last-Touch
730,2747,413,Last-Touch
731,2749,150,Last-Touch
732,2764,344,Last-Touch
733,2765,343,Last-Touch
734,2766,444,Last-Touch
735,2768,410,Last-Touch
736,2771,416,Last-Touch
737,2773,64,Last-Touch
738,2774,450,Last-Touch
739,2776,231,Last-Touch
740,2777,289,Last-Touch
741,2783,37,Last-Touch
742,2787,241,Last-Touch
743,2788,389,Last-Touch
744,2792,404,Last-Touch
745,2793,344,Last-Touch
746,2798,155,Last-Touch
747,2801,30,Last-Touch
748,2803,389,Last-Touch
749,2808,104,Last-Touch
750,2810,65,Last-Touch
751,2812,30,Last-Touch
752,2817,334,Last-Touch
753,2826,100,Last-Touch
754,2828,485,Last-Touch
755,2835,318,Last-Touch
756,2845,254,Last-Touch
757,2855,344,Last-Touch
758,2859,331,Last-Touch
759,2862,30,Last-Touch
760,2863,198,Last-Touch
761,2865,118,Last-Touch
762,2867,235,Last-Touch
763,2868,347,Last-Touch
764,2874,492,Last-Touch
765,2878,352,Last-Touch
766,2879,75,Last-Touch
767,2880,353,Last-Touch
768,2882,313,Last-Touch
769,2883,313,Last-Touch
770,2891,265,Last-Touch
771,2894,338,Last-Touch
772,2908,248,Last-Touch
773,2910,257,Last-Touch
774,2914,154,Last-Touch
775,2917,391,Last-Touch
776,2920,184,Last-Touch
777,2921,87,Last-Touch
778,2924,498,Last-Touch
779,2932,114,Last-Touch
780,2934,434,Last-Touch
781,2935,494,Last-Touch
782,2939,174,Last-Touch
783,2944,500,Last-Touch
784,2946,197,Last-Touch
785,2952,421,Last-Touch
786,2953,127,Last-Touch
787,2959,322,Last-Touch
788,2961,275,Last-Touch
789,2963,328,Last-Touch
790,2964,369,Last-Touch
791,2967,339,Last-Touch
792,2968,371,Last-Touch
793,2970,470,Last-Touch
794,2973,232,Last-Touch
795,2974,142,Last-Touch
796,2976,431,Last-Touch
797,2978,48,Last-Touch
798,2979,255,Last-Touch
799,2981,338,Last-Touch
800,2984,389,Last-Touch
801,2987,278,Last-Touch
802,2994,336,Last-Touch
803,2998,79,Last-Touch
804,2999,306,Last-Touch
805,3001,291,Last-Touch
806,3002,329,Last-Touch
807,3005,286,Last-Touch
808,3010,219,Last-Touch
809,3011,31,Last-Touch
810,3019,295,Last-Touch
811,3021,460,Last-Touch
812,3029,458,Last-Touch
813,3031,239,Last-Touch
814,3032,134,Last-Touch
815,3035,144,Last-Touch
816,3037,215,Last-Touch
817,3041,265,Last-Touch
818,3042,172,Last-Touch
819,3047,386,Last-Touch
820,3048,189,Last-Touch
821,3050,251,Last-Touch
822,3053,172,Last-Touch
823,3062,405,Last-Touch
824,3067,456,Last-Touch
825,3082,493,Last-Touch
826,3085,69,Last-Touch
827,3087,121,Last-Touch
828,3095,19,Last-Touch
829,3099,413,Last-Touch
830,3100,52,Last-Touch
831,3101,371,Last-Touch
832,3106,354,Last-Touch
833,3108,350,Last-Touch
834,3109,350,Last-Touch
835,3113,448,Last-Touch
836,3114,280,Last-Touch
837,3121,335,Last-Touch
838,3127,446,Last-Touch
839,3131,470,Last-Touch
840,3132,340,Last-Touch
841,3134,384,Last-Touch
842,3135,75,Last-Touch
843,3140,315,Last-Touch
844,3149,462,Last-Touch
845,3153,500,Last-Touch
846,3179,11,Last-Touch
847,3181,168,Last-Touch
848,3191,303,Last-Touch
849,3192,312,Last-Touch
850,3193,481,Last-Touch
851,3204,67,Last-Touch
852,3218,425,Last-Touch
853,3219,248,Last-Touch
854,3221,402,Last-Touch
855,3224,488,Last-Touch
856,3225,26,Last-Touch
857,3226,378,Last-Touch
858,3228,53,Last-Touch
859,3230,189,Last-Touch
860,3233,202,Last-Touch
861,3236,110,Last-Touch
862,3237,395,Last-Touch
863,3239,309,Last-Touch
864,3241,455,Last-Touch
865,3243,268,Last-Touch
866,3244,448,Last-Touch
867,3248,452,Last-Touch
868,3251,329,Last-Touch
869,3270,331,Last-Touch
870,3271,46,Last-Touch
871,3286,59,Last-Touch
872,3288,114,Last-Touch
873,3289,251,Last-Touch
874,3290,308,Last-Touch
875,3292,333,Last-Touch
876,3305,410,Last-Touch
877,3310,78,Last-Touch
878,3311,500,Last-Touch
879,3312,362,Last-Touch
880,3318,448,Last-Touch
881,3336,74,Last-Touch
882,3340,353,Last-Touch
883,3342,309,Last-Touch
884,3344,389,Last-Touch
885,3356,391,Last-Touch
886,3364,323,Last-Touch
887,3366,334,Last-Touch
888,3370,471,Last-Touch
889,3373,36,Last-Touch
890,3374,346,Last-Touch
891,3376,261,Last-Touch
892,3384,398,Last-Touch
893,3386,123,Last-Touch
894,3388,127,Last-Touch
895,3389,13,Last-Touch
896,3390,306,Last-Touch
897,3392,1,Last-Touch
898,3395,49,Last-Touch
899,3397,136,Last-Touch
900,3399,75,Last-Touch
901,3403,344,Last-Touch
902,3407,306,Last-Touch
903,3408,364,Last-Touch
904,3410,55,Last-Touch
905,3419,108,Last-Touch
906,3425,89,Last-Touch
907,3439,89,Last-Touch
908,3441,378,Last-Touch
909,3442,111,Last-Touch
910,3448,274,Last-Touch
911,3449,54,Last-Touch
912,3450,272,Last-Touch
913,3451,487,Last-Touch
914,3453,69,Last-Touch
915,3454,342,Last-Touch
916,3457,424,Last-Touch
917,3462,316,Last-Touch
918,3464,119,Last-Touch
919,3466,60,Last-Touch
920,3469,85,Last-Touch
921,3473,38,Last-Touch
922,3475,90,Last-Touch
923,3479,455,Last-Touch
924,3487,483,Last-Touch
925,3492,260,Last-Touch
926,3494,361,Last-Touch
927,3499,284,Last-Touch
928,3500,155,Last-Touch
929,3506,378,Last-Touch
930,3508,442,Last-Touch
931,3516,270,Last-Touch
932,3519,478,Last-Touch
933,3520,389,Last-Touch
934,3524,432,Last-Touch
935,3538,184,Last-Touch
936,3539,102,Last-Touch
937,3545,130,Last-Touch
938,3547,38,Last-Touch
939,3550,281,Last-Touch
940,3551,431,Last-Touch
941,3553,477,Last-Touch
942,3556,16,Last-Touch
943,3560,221,Last-Touch
944,3563,89,Last-Touch
945,3564,272,Last-Touch
946,3568,77,Last-Touch
947,3570,118,Last-Touch
948,3571,38,Last-Touch
949,3573,142,Last-Touch
950,3577,450,Last-Touch
951,3578,450,Last-Touch
952,3580,119,Last-Touch
953,3584,231,Last-Touch
954,3590,189,Last-Touch
955,3593,175,Last-Touch
956,3595,157,Last-Touch
957,3597,389,Last-Touch
958,3598,279,Last-Touch
959,3605,318,Last-Touch
960,3619,121,Last-Touch
961,3620,49,Last-Touch
962,3622,390,Last-Touch
963,3624,460,Last-Touch
964,3625,60,Last-Touch
965,3632,229,Last-Touch
966,3634,48,Last-Touch
967,3640,213,Last-Touch
968,3656,120,Last-Touch
969,3659,308,Last-Touch
970,3661,278,Last-Touch
971,3663,232,Last-Touch
972,3664,375,Last-Touch
973,3668,446,Last-Touch
974,3669,206,Last-Touch
975,3670,46,Last-Touch
976,3674,322,Last-Touch
977,3679,392,Last-Touch
978,3686,383,Last-Touch
979,3687,329,Last-Touch
980,3692,278,Last-Touch
981,3698,92,Last-Touch
982,3708,348,Last-Touch
983,3709,198,Last-Touch
984,3717,401,Last-Touch
985,3718,413,Last-Touch
986,3720,421,Last-Touch
987,3726,86,Last-Touch
988,3730,366,Last-Touch
989,3733,380,Last-Touch
990,3737,453,Last-Touch
991,3739,112,Last-Touch
992,3742,52,Last-Touch
993,3746,337,Last-Touch
994,3751,496,Last-Touch
995,3753,455,Last-Touch
996,3755,189,Last-Touch
997,3760,59,Last-Touch
998,3761,460,Last-Touch
999,3768,337,Last-Touch
1000,3772,378,Last-Touch
1001,3778,403,Last-Touch
1002,3784,224,Last-Touch
1003,3787,106,Last-Touch
1004,3788,81,Last-Touch
1005,3789,459,Last-Touch
1006,3790,360,Last-Touch
1007,3797,3,Last-Touch
1008,3799,75,Last-Touch
1009,3803,153,Last-Touch
1010,3804,467,Last-Touch
1011,3805,80,Last-Touch
1012,3807,316,Last-Touch
1013,3808,455,Last-Touch
1014,3813,496,Last-Touch
1015,3814,435,Last-Touch
1016,3817,239,Last-Touch
1017,3820,157,Last-Touch
1018,3821,487,Last-Touch
1019,3822,356,Last-Touch
1020,3832,284,Last-Touch
1021,3837,141,Last-Touch
1022,3840,453,Last-Touch
1023,3842,295,Last-Touch
1024,3843,336,Last-Touch
1025,3852,119,Last-Touch
1026,3853,36,Last-Touch
1027,3868,455,Last-Touch
1028,3870,13,Last-Touch
1029,3877,201,Last-Touch
1030,3880,170,Last-Touch
1031,3881,92,Last-Touch
1032,3882,133,Last-Touch
1033,3888,174,Last-Touch
1034,3890,295,Last-Touch
1035,3892,244,Last-Touch
1036,3909,6,Last-Touch
1037,3910,373,Last-Touch
1038,3911,5,Last-Touch
1039,3916,259,Last-Touch
1040,3923,208,Last-Touch
1041,3924,274,Last-Touch
1042,3926,275,Last-Touch
1043,3930,229,Last-Touch
1044,3931,263,Last-Touch
1045,3934,391,Last-Touch
1046,3937,296,Last-Touch
1047,3947,260,Last-Touch
1048,3956,348,Last-Touch
1049,3957,362,Last-Touch
1050,3962,70,Last-Touch
1051,3972,470,Last-Touch
1052,3973,233,Last-Touch
1053,3977,479,Last-Touch
1054,3980,114,Last-Touch
1055,3982,130,Last-Touch
1056,3984,326,Last-Touch
1057,3989,350,Last-Touch
1058,3991,184,Last-Touch
1059,3992,151,Last-Touch
1060,4011,367,Last-Touch
1061,4012,167,Last-Touch
1062,4013,389,Last-Touch
1063,4017,174,Last-Touch
1064,4018,130,Last-Touch
1065,4025,173,Last-Touch
1066,4029,268,Last-Touch
1067,4030,388,Last-Touch
1068,4037,306,Last-Touch
1069,4040,142,Last-Touch
1070,4042,10,Last-Touch
1071,4043,278,Last-Touch
1072,4048,337,Last-Touch
1073,4058,247,Last-Touch
1074,4061,427,Last-Touch
1075,4062,181,Last-Touch
1076,4068,273,Last-Touch
1077,4069,395,Last-Touch
1078,4070,122,Last-Touch
1079,4071,66,Last-Touch
1080,4078,440,Last-Touch
1081,4079,426,Last-Touch
1082,4083,338,Last-Touch
1083,4086,137,Last-Touch
1084,4088,167,Last-Touch
1085,4101,26,Last-Touch
1086,4109,337,Last-Touch
1087,4111,142,Last-Touch
1088,4118,77,Last-Touch
1089,4120,83,Last-Touch
1090,4124,248,Last-Touch
1091,4125,458,Last-Touch
1092,4126,43,Last-Touch
1093,4134,233,Last-Touch
1094,4138,221,Last-Touch
1095,4141,320,Last-Touch
1096,4142,141,Last-Touch
1097,4143,17,Last-Touch
1098,4144,274,Last-Touch
1099,4151,353,Last-Touch
1100,4154,56,Last-Touch
1101,4159,154,Last-Touch
1102,4168,374,Last-Touch
1103,4173,349,Last-Touch
1104,4174,186,Last-Touch
1105,4178,107,Last-Touch
1106,4182,370,Last-Touch
1107,4186,252,Last-Touch
1108,4193,240,Last-Touch
1109,4194,399,Last-Touch
1110,4198,312,Last-Touch
1111,4199,171,Last-Touch
1112,4206,214,Last-Touch
1113,4207,492,Last-Touch
1114,4208,382,Last-Touch
1115,4213,202,Last-Touch
1116,4215,31,Last-Touch
1117,4219,333,Last-Touch
1118,4220,5,Last-Touch
1119,4222,89,Last-Touch
1120,4223,492,Last-Touch
1121,4224,353,Last-Touch
1122,4225,282,Last-Touch
1123,4232,448,Last-Touch
1124,4245,158,Last-Touch
1125,4247,292,Last-Touch
1126,4248,116,Last-Touch
1127,4249,453,Last-Touch
1128,4251,50,Last-Touch
1129,4255,277,Last-Touch
1130,4259,189,Last-Touch
1131,4261,465,Last-Touch
1132,4268,346,Last-Touch
1133,4271,126,Last-Touch
1134,4274,414,Last-Touch
1135,4277,176,Last-Touch
1136,4282,457,Last-Touch
1137,4285,176,Last-Touch
1138,4287,379,Last-Touch
1139,4288,179,Last-Touch
1140,4296,131,Last-Touch
1141,4297,386,Last-Touch
1142,4299,310,Last-Touch
1143,4301,78,Last-Touch
1144,4308,284,Last-Touch
1145,4311,348,Last-Touch
1146,4315,323,Last-Touch
1147,4316,431,Last-Touch
1148,4321,429,Last-Touch
1149,4322,240,Last-Touch
1150,4327,496,Last-Touch
1151,4329,431,Last-Touch
1152,4330,380,Last-Touch
1153,4335,337,Last-Touch
1154,4336,394,Last-Touch
1155,4345,410,Last-Touch
1156,4347,19,Last-Touch
1157,4348,102,Last-Touch
1158,4349,459,Last-Touch
1159,4350,19,Last-Touch
1160,4353,482,Last-Touch
1161,4357,388,Last-Touch
1162,4363,48,Last-Touch
1163,4364,278,Last-Touch
1164,4366,140,Last-Touch
1165,4367,282,Last-Touch
1166,4373,32,Last-Touch
1167,4374,401,Last-Touch
1168,4375,374,Last-Touch
1169,4382,292,Last-Touch
1170,4383,467,Last-Touch
1171,4386,310,Last-Touch
1172,4388,60,Last-Touch
1173,4390,6,Last-Touch
1174,4394,201,Last-Touch
1175,4396,281,Last-Touch
1176,4397,25,Last-Touch
1177,4401,8,Last-Touch
1178,4415,315,Last-Touch
1179,4417,391,Last-Touch
1180,4420,117,Last-Touch
1181,4429,404,Last-Touch
1182,4440,211,Last-Touch
1183,4441,380,Last-Touch
1184,4446,313,Last-Touch
1185,4448,357,Last-Touch
1186,4453,70,Last-Touch
1187,4456,112,Last-Touch
1188,4465,413,Last-Touch
1189,4467,117,Last-Touch
1190,4472,193,Last-Touch
1191,4480,378,Last-Touch
1192,4483,254,Last-Touch
1193,4486,13,Last-Touch
1194,4488,124,Last-Touch
1195,4489,317,Last-Touch
1196,4493,77,Last-Touch
1197,4500,335,Last-Touch
1198,4501,410,Last-Touch
1199,4502,319,Last-Touch
1200,4503,174,Last-Touch
1201,4504,274,Last-Touch
1202,4514,283,Last-Touch
1203,4516,78,Last-Touch
1204,4522,341,Last-Touch
1205,4523,119,Last-Touch
1206,4525,278,Last-Touch
1207,4529,386,Last-Touch
1208,4531,496,Last-Touch
1209,4534,208,Last-Touch
1210,4555,7,Last-Touch
1211,4568,9,Last-Touch
1212,4578,48,Last-Touch
1213,4588,274,Last-Touch
1214,4593,48,Last-Touch
1215,4595,335,Last-Touch
1216,4596,13,Last-Touch
1217,4599,370,Last-Touch
1218,4607,454,Last-Touch
1219,4614,296,Last-Touch
1220,4615,455,Last-Touch
1221,4618,216,Last-Touch
1222,4621,393,Last-Touch
1223,4629,85,Last-Touch
1224,4633,78,Last-Touch
1225,4635,119,Last-Touch
1226,4640,78,Last-Touch
1227,4642,53,Last-Touch
1228,4644,363,Last-Touch
1229,4647,343,Last-Touch
1230,4660,124,Last-Touch
1231,4666,389,Last-Touch
1232,4669,433,Last-Touch
1233,4670,232,Last-Touch
1234,4677,48,Last-Touch
1235,4685,344,Last-Touch
1236,4688,182,Last-Touch
1237,4690,140,Last-Touch
1238,4693,418,Last-Touch
1239,4694,489,Last-Touch
1240,4696,393,Last-Touch
1241,4700,459,Last-Touch
1242,4702,365,Last-Touch
1243,4705,429,Last-Touch
1244,4706,337,Last-Touch
1245,4712,55,Last-Touch
1246,4715,158,Last-Touch
1247,4720,362,Last-Touch
1248,4721,386,Last-Touch
1249,4727,363,Last-Touch
1250,4732,220,Last-Touch
1251,4734,467,Last-Touch
1252,4741,406,Last-Touch
1253,4746,435,Last-Touch
1254,4749,386,Last-Touch
1255,4750,247,Last-Touch
1256,4754,456,Last-Touch
1257,4757,165,Last-Touch
1258,4758,118,Last-Touch
1259,4760,430,Last-Touch
1260,4761,482,Last-Touch
1261,4762,294,Last-Touch
1262,4765,395,Last-Touch
1263,4768,124,Last-Touch
1264,4774,402,Last-Touch
1265,4777,366,Last-Touch
1266,4779,18,Last-Touch
1267,4782,269,Last-Touch
1268,4784,354,Last-Touch
1269,4787,306,Last-Touch
1270,4789,366,Last-Touch
1271,4792,24,Last-Touch
1272,4798,408,Last-Touch
1273,4805,348,Last-Touch
1274,4807,26,Last-Touch
1275,4811,410,Last-Touch
1276,4820,295,Last-Touch
1277,4821,63,Last-Touch
1278,4824,302,Last-Touch
1279,4850,109,Last-Touch
1280,4853,413,Last-Touch
1281,4856,299,Last-Touch
1282,4861,449,Last-Touch
1283,4865,72,Last-Touch
1284,4873,59,Last-Touch
1285,4878,270,Last-Touch
1286,4882,178,Last-Touch
1287,4883,117,Last-Touch
1288,4884,112,Last-Touch
1289,4886,306,Last-Touch
1290,4887,16,Last-Touch
1291,4889,251,Last-Touch
1292,4890,239,Last-Touch
1293,4891,321,Last-Touch
1294,4893,98,Last-Touch
1295,4897,114,Last-Touch
1296,4900,359,Last-Touch
1297,4907,19,Last-Touch
1298,4909,282,Last-Touch
1299,4913,196,Last-Touch
1300,4915,169,Last-Touch
1301,4925,193,Last-Touch
1302,4933,364,Last-Touch
1303,4934,189,Last-Touch
1304,4936,413,Last-Touch
1305,4937,331,Last-Touch
1306,4948,224,Last-Touch
1307,4951,196,Last-Touch
1308,4955,148,Last-Touch
1309,4956,140,Last-Touch
1310,4961,461,Last-Touch
1311,4962,291,Last-Touch
1312,4963,446,Last-Touch
1313,4964,399,Last-Touch
1314,4968,46,Last-Touch
1315,4975,87,Last-Touch
1316,4983,237,Last-Touch
1317,4984,311,Last-Touch
1318,4986,425,Last-Touch
1319,4991,150,Last-Touch
1320,4998,208,Last-Touch
1321,5001,241,Last-Touch
1322,5003,433,Last-Touch
1323,5004,292,Last-Touch
1324,5006,373,Last-Touch
1325,5008,382,Last-Touch
1326,5009,110,Last-Touch
1327,5010,417,Last-Touch
1328,5013,102,Last-Touch
1329,5016,278,Last-Touch
1330,5018,235,Last-Touch
1331,5033,432,Last-Touch
1332,5038,149,Last-Touch
1333,5040,196,Last-Touch
1334,5041,444,Last-Touch
1335,5042,97,Last-Touch
1336,5044,273,Last-Touch
1337,5048,31,Last-Touch
1338,5052,414,Last-Touch
1339,5056,382,Last-Touch
1340,5060,421,Last-Touch
1341,5062,325,Last-Touch
1342,5069,386,Last-Touch
1343,5071,231,Last-Touch
1344,5072,46,Last-Touch
1345,5082,429,Last-Touch
1346,5084,128,Last-Touch
1347,5093,150,Last-Touch
1348,5097,458,Last-Touch
1349,5098,311,Last-Touch
1350,5101,434,Last-Touch
1351,5104,363,Last-Touch
1352,5105,92,Last-Touch
1353,5107,189,Last-Touch
1354,5108,51,Last-Touch
1355,5115,87,Last-Touch
1356,5121,494,Last-Touch
1357,5124,105,Last-Touch
1358,5133,13,Last-Touch
1359,5142,75,Last-Touch
1360,5143,93,Last-Touch
1361,5149,346,Last-Touch
1362,5150,472,Last-Touch
1363,5152,450,Last-Touch
1364,5157,238,Last-Touch
1365,5158,446,Last-Touch
1366,5159,184,Last-Touch
1367,5160,77,Last-Touch
1368,5163,52,Last-Touch
1369,5169,85,Last-Touch
1370,5180,489,Last-Touch
1371,5185,459,Last-Touch
1372,5189,106,Last-Touch
1373,5191,284,Last-Touch
1374,5193,83,Last-Touch
1375,5194,16,Last-Touch
1376,5197,310,Last-Touch
1377,5201,344,Last-Touch
1378,5207,359,Last-Touch
1379,5209,492,Last-Touch
1380,5211,471,Last-Touch
1381,5214,17,Last-Touch
1382,5215,49,Last-Touch
1383,5220,329,Last-Touch
1384,5223,334,Last-Touch
1385,5229,219,Last-Touch
1386,5236,347,Last-Touch
1387,5238,335,Last-Touch
1388,5239,425,Last-Touch
1389,5245,227,Last-Touch
1390,5246,435,Last-Touch
1391,5254,321,Last-Touch
1392,5257,322,Last-Touch
1393,5262,434,Last-Touch
1394,5273,482,Last-Touch
1395,5276,434,Last-Touch
1396,5279,466,Last-Touch
1397,5283,85,Last-Touch
1398,5287,215,Last-Touch
1399,5292,136,Last-Touch
1400,5294,350,Last-Touch
1401,5295,84,Last-Touch
1402,5296,247,Last-Touch
1403,5305,49,Last-Touch
1404,5309,280,Last-Touch
1405,5311,299,Last-Touch
1406,5312,378,Last-Touch
1407,5316,147,Last-Touch
1408,5318,86,Last-Touch
1409,5335,500,Last-Touch
1410,5336,105,Last-Touch
1411,5342,214,Last-Touch
1412,5351,228,Last-Touch
1413,5352,227,Last-Touch
1414,5361,38,Last-Touch
1415,5363,141,Last-Touch
1416,5369,40,Last-Touch
1417,5370,58,Last-Touch
1418,5374,80,Last-Touch
1419,5380,470,Last-Touch
1420,5382,294,Last-Touch
1421,5383,290,Last-Touch
1422,5393,319,Last-Touch
1423,5399,7,Last-Touch
1424,5406,150,Last-Touch
1425,5408,286,Last-Touch
1426,5410,386,Last-Touch
1427,5413,119,Last-Touch
1428,5419,316,Last-Touch
1429,5423,221,Last-Touch
1430,5424,383,Last-Touch
1431,5426,311,Last-Touch
1432,5436,235,Last-Touch
1433,5439,157,Last-Touch
1434,5440,150,Last-Touch
1435,5444,406,Last-Touch
1436,5445,403,Last-Touch
1437,5446,411,Last-Touch
1438,5447,306,Last-Touch
1439,5451,274,Last-Touch
1440,5453,483,Last-Touch
1441,5462,219,Last-Touch
1442,5463,435,Last-Touch
1443,5464,496,Last-Touch
1444,5465,373,Last-Touch
1445,5466,361,Last-Touch
1446,5467,337,Last-Touch
1447,5468,284,Last-Touch
1448,5472,148,Last-Touch
1449,5473,4,Last-Touch
1450,5475,332,Last-Touch
1451,5480,110,Last-Touch
1452,5486,140,Last-Touch
1453,5487,386,Last-Touch
1454,5495,376,Last-Touch
1455,5499,92,Last-Touch
1456,5501,368,Last-Touch
1457,5502,397,Last-Touch
1458,5503,141,Last-Touch
1459,5510,343,Last-Touch
1460,5511,440,Last-Touch
1461,5515,343,Last-Touch
1462,5520,110,Last-Touch
1463,5522,138,Last-Touch
1464,5524,239,Last-Touch
1465,5530,400,Last-Touch
1466,5535,163,Last-Touch
1467,5537,448,Last-Touch
1468,5541,381,Last-Touch
1469,5543,119,Last-Touch
1470,5546,376,Last-Touch
1471,5549,154,Last-Touch
1472,5551,262,Last-Touch
1473,5562,465,Last-Touch
1474,5564,490,Last-Touch
1475,5565,466,Last-Touch
1476,5567,252,Last-Touch
1477,5568,283,Last-Touch
1478,5569,418,Last-Touch
1479,5575,248,Last-Touch
1480,5578,329,Last-Touch
1481,5579,491,Last-Touch
1482,5582,396,Last-Touch
1483,5586,384,Last-Touch
1484,5587,333,Last-Touch
1485,5590,233,Last-Touch
1486,5598,284,Last-Touch
1487,5602,309,Last-Touch
1488,5605,427,Last-Touch
1489,5609,178,Last-Touch
1490,5611,85,Last-Touch
1491,5615,37,Last-Touch
1492,5616,46,Last-Touch
1493,5618,354,Last-Touch
1494,5624,286,Last-Touch
1495,5629,100,Last-Touch
1496,5630,175,Last-Touch
1497,5638,231,Last-Touch
1498,5647,138,Last-Touch
1499,5652,62,Last-Touch
1500,5654,364,Last-Touch
1501,5656,42,Last-Touch
1502,5659,101,Last-Touch
1503,5663,119,Last-Touch
1504,5669,167,Last-Touch
1505,5671,156,Last-Touch
1506,5672,344,Last-Touch
1507,5675,272,Last-Touch
1508,5680,24,Last-Touch
1509,5683,333,Last-Touch
1510,5690,470,Last-Touch
1511,5695,51,Last-Touch
1512,5703,374,Last-Touch
1513,5704,189,Last-Touch
1514,5706,428,Last-Touch
1515,5707,337,Last-Touch
1516,5710,101,Last-Touch
1517,5715,1,Last-Touch
1518,5722,352,Last-Touch
1519,5726,38,Last-Touch
1520,5734,338,Last-Touch
1521,5739,96,Last-Touch
1522,5742,289,Last-Touch
1523,5745,383,Last-Touch
1524,5746,164,Last-Touch
1525,5750,388,Last-Touch
1526,5759,252,Last-Touch
1527,5764,356,Last-Touch
1528,5767,219,Last-Touch
1529,5771,483,Last-Touch
1530,5773,390,Last-Touch
1531,5775,104,Last-Touch
1532,5776,17,Last-Touch
1533,5784,69,Last-Touch
1534,5785,110,Last-Touch
1535,5787,400,Last-Touch
1536,5789,13,Last-Touch
1537,5790,84,Last-Touch
1538,5793,189,Last-Touch
1539,5796,285,Last-Touch
1540,5799,127,Last-Touch
1541,5805,309,Last-Touch
1542,5807,150,Last-Touch
1543,5808,224,Last-Touch
1544,5811,342,Last-Touch
1545,5815,343,Last-Touch
1546,5816,144,Last-Touch
1547,5821,208,Last-Touch
1548,5827,391,Last-Touch
1549,5829,70,Last-Touch
1550,5832,3,Last-Touch
1551,5834,261,Last-Touch
1552,5836,178,Last-Touch
1553,5837,122,Last-Touch
1554,5841,101,Last-Touch
1555,5842,274,Last-Touch
1556,5843,450,Last-Touch
1557,5846,8,Last-Touch
1558,5852,37,Last-Touch
1559,5857,492,Last-Touch
1560,5858,305,Last-Touch
1561,5860,379,Last-Touch
1562,5865,13,Last-Touch
1563,5866,337,Last-Touch
1564,5868,84,Last-Touch
1565,5870,435,Last-Touch
1566,5871,172,Last-Touch
1567,5873,157,Last-Touch
1568,5878,353,Last-Touch
1569,5879,389,Last-Touch
1570,5881,157,Last-Touch
1571,5885,362,Last-Touch
1572,5886,52,Last-Touch
1573,5887,418,Last-Touch
1574,5914,223,Last-Touch
1575,5916,425,Last-Touch
1576,5918,175,Last-Touch
1577,5919,427,Last-Touch
1578,5922,378,Last-Touch
1579,5929,383,Last-Touch
1580,5936,403,Last-Touch
1581,5937,400,Last-Touch
1582,5938,335,Last-Touch
1583,5943,245,Last-Touch
1584,5946,379,Last-Touch
1585,5947,6,Last-Touch
1586,5953,482,Last-Touch
1587,5956,13,Last-Touch
1588,5957,494,Last-Touch
1589,5959,137,Last-Touch
1590,5960,53,Last-Touch
1591,5971,85,Last-Touch
1592,5976,106,Last-Touch
1593,5988,354,Last-Touch
1594,5991,81,Last-Touch
1595,5995,86,Last-Touch
1596,6000,467,Last-Touch
1597,6001,402,Last-Touch
1598,6006,381,Last-Touch
1599,6009,50,Last-Touch
1600,6010,395,Last-Touch
1601,6013,486,Last-Touch
1602,6014,178,Last-Touch
1603,6027,278,Last-Touch
1604,6028,244,Last-Touch
1605,6038,54,Last-Touch
1606,6040,169,Last-Touch
1607,6042,398,Last-Touch
1608,6049,5,Last-Touch
1609,6050,13,Last-Touch
1610,6056,186,Last-Touch
1611,6059,108,Last-Touch
1612,6061,458,Last-Touch
1613,6065,289,Last-Touch
1614,6072,267,Last-Touch
1615,6074,359,Last-Touch
1616,6075,299,Last-Touch
1617,6089,122,Last-Touch
1618,6092,169,Last-Touch
1619,6093,235,Last-Touch
1620,6097,150,Last-Touch
1621,6098,128,Last-Touch
1622,6103,352,Last-Touch
1623,6114,49,Last-Touch
1624,6115,201,Last-Touch
1625,6118,24,Last-Touch
1626,6124,231,Last-Touch
1627,6125,379,Last-Touch
1628,6140,125,Last-Touch
1629,6144,281,Last-Touch
1630,6145,182,Last-Touch
1631,6155,156,Last-Touch
1632,6156,306,Last-Touch
1633,6163,139,Last-Touch
1634,6166,153,Last-Touch
1635,6168,94,Last-Touch
1636,6171,24,Last-Touch
1637,6173,470,Last-Touch
1638,6176,38,Last-Touch
1639,6180,120,Last-Touch
1640,6182,13,Last-Touch
1641,6189,388,Last-Touch
1642,6192,282,Last-Touch
1643,6194,272,Last-Touch
1644,6201,86,Last-Touch
1645,6208,91,Last-Touch
1646,6210,413,Last-Touch
1647,6219,485,Last-Touch
1648,6220,50,Last-Touch
1649,6224,31,Last-Touch
1650,6232,309,Last-Touch
1651,6233,155,Last-Touch
1652,6237,145,Last-Touch
1653,6238,401,Last-Touch
1654,6239,126,Last-Touch
1655,6243,157,Last-Touch
1656,6244,40,Last-Touch
1657,6254,229,Last-Touch
1658,6258,31,Last-Touch
1659,6259,138,Last-Touch
1660,6261,450,Last-Touch
1661,6265,51,Last-Touch
1662,6266,150,Last-Touch
1663,6270,470,Last-Touch
1664,6275,16,Last-Touch
1665,6279,329,Last-Touch
1666,6282,181,Last-Touch
1667,6283,133,Last-Touch
1668,6292,207,Last-Touch
1669,6293,386,Last-Touch
1670,6294,354,Last-Touch
1671,6296,342,Last-Touch
1672,6308,487,Last-Touch
1673,6310,109,Last-Touch
1674,6312,91,Last-Touch
1675,6313,487,Last-Touch
1676,6315,20,Last-Touch
1677,6319,218,Last-Touch
1678,6320,14,Last-Touch
1679,6324,297,Last-Touch
1680,6326,177,Last-Touch
1681,6330,340,Last-Touch
1682,6334,328,Last-Touch
1683,6336,25,Last-Touch
1684,6340,386,Last-Touch
1685,6342,485,Last-Touch
1686,6345,239,Last-Touch
1687,6348,57,Last-Touch
1688,6350,31,Last-Touch
1689,6351,53,Last-Touch
1690,6352,324,Last-Touch
1691,6356,402,Last-Touch
1692,6368,444,Last-Touch
1693,6369,356,Last-Touch
1694,6375,462,Last-Touch
1695,6387,27,Last-Touch
1696,6400,374,Last-Touch
1697,6404,87,Last-Touch
1698,6406,487,Last-Touch
1699,6408,483,Last-Touch
1700,6419,185,Last-Touch
1701,6420,172,Last-Touch
1702,6421,231,Last-Touch
1703,6424,201,Last-Touch
1704,6425,122,Last-Touch
1705,6426,500,Last-Touch
1706,6427,485,Last-Touch
1707,6431,102,Last-Touch
1708,6438,442,Last-Touch
1709,6448,119,Last-Touch
1710,6451,189,Last-Touch
1711,6453,164,Last-Touch
1712,6454,352,Last-Touch
1713,6465,235,Last-Touch
1714,6471,133,Last-Touch
1715,6474,179,Last-Touch
1716,6475,164,Last-Touch
1717,6476,240,Last-Touch
1718,6479,141,Last-Touch
1719,6481,478,Last-Touch
1720,6482,267,Last-Touch
1721,6483,461,Last-Touch
1722,6484,13,Last-Touch
1723,6487,147,Last-Touch
1724,6490,343,Last-Touch
1725,6492,496,Last-Touch
1726,6495,174,Last-Touch
1727,6504,42,Last-Touch
1728,6506,376,Last-Touch
1729,6508,436,Last-Touch
1730,6513,240,Last-Touch
1731,6519,252,Last-Touch
1732,6520,171,Last-Touch
1733,6523,460,Last-Touch
1734,6534,92,Last-Touch
1735,6535,427,Last-Touch
1736,6537,245,Last-Touch
1737,6539,450,Last-Touch
1738,6543,173,Last-Touch
1739,6548,47,Last-Touch
1740,6558,37,Last-Touch
1741,6560,286,Last-Touch
1742,6561,258,Last-Touch
1743,6565,478,Last-Touch
1744,6567,137,Last-Touch
1745,6579,57,Last-Touch
1746,6580,128,Last-Touch
1747,6583,287,Last-Touch
1748,6585,55,Last-Touch
1749,6588,275,Last-Touch
1750,6590,109,Last-Touch
1751,6592,388,Last-Touch
1752,6594,243,Last-Touch
1753,6602,19,Last-Touch
1754,6603,84,Last-Touch
1755,6606,340,Last-Touch
1756,6609,484,Last-Touch
1757,6618,296,Last-Touch
1758,6626,122,Last-Touch
1759,6627,489,Last-Touch
1760,6630,482,Last-Touch
1761,6631,386,Last-Touch
1762,6635,57,Last-Touch
1763,6637,113,Last-Touch
1764,6642,442,Last-Touch
1765,6643,254,Last-Touch
1766,6644,371,Last-Touch
1767,6647,445,Last-Touch
1768,6648,416,Last-Touch
1769,6649,209,Last-Touch
1770,6650,482,Last-Touch
1771,6652,410,Last-Touch
1772,6662,298,Last-Touch
1773,6664,171,Last-Touch
1774,6674,177,Last-Touch
1775,6676,387,Last-Touch
1776,6677,21,Last-Touch
1777,6678,362,Last-Touch
1778,6682,435,Last-Touch
1779,6685,277,Last-Touch
1780,6686,479,Last-Touch
1781,6689,190,Last-Touch
1782,6690,382,Last-Touch
1783,6694,383,Last-Touch
1784,6695,126,Last-Touch
1785,6699,231,Last-Touch
1786,6700,337,Last-Touch
1787,6704,241,Last-Touch
1788,6708,328,Last-Touch
1789,6709,37,Last-Touch
1790,6712,235,Last-Touch
1791,6713,387,Last-Touch
1792,6714,92,Last-Touch
1793,6715,64,Last-Touch
1794,6726,393,Last-Touch
1795,6728,78,Last-Touch
1796,6736,435,Last-Touch
1797,6746,477,Last-Touch
1798,6747,489,Last-Touch
1799,6749,150,Last-Touch
1800,6750,309,Last-Touch
1801,6756,281,Last-Touch
1802,6769,387,Last-Touch
1803,6781,7,Last-Touch
1804,6787,206,Last-Touch
1805,6789,359,Last-Touch
1806,6791,23,Last-Touch
1807,6792,278,Last-Touch
1808,6795,493,Last-Touch
1809,6796,191,Last-Touch
1810,6804,308,Last-Touch
1811,6805,461,Last-Touch
1812,6810,399,Last-Touch
1813,6814,322,Last-Touch
1814,6817,142,Last-Touch
1815,6818,386,Last-Touch
1816,6820,132,Last-Touch
1817,6822,334,Last-Touch
1818,6826,102,Last-Touch
1819,6828,96,Last-Touch
1820,6832,164,Last-Touch
1821,6834,89,Last-Touch
1822,6837,80,Last-Touch
1823,6840,413,Last-Touch
1824,6844,492,Last-Touch
1825,6847,75,Last-Touch
1826,6848,223,Last-Touch
1827,6849,91,Last-Touch
1828,6851,341,Last-Touch
1829,6858,282,Last-Touch
1830,6864,169,Last-Touch
1831,6865,42,Last-Touch
1832,6867,237,Last-Touch
1833,6869,362,Last-Touch
1834,6875,316,Last-Touch
1835,6876,295,Last-Touch
1836,6893,104,Last-Touch
1837,6907,94,Last-Touch
1838,6909,492,Last-Touch
1839,6911,223,Last-Touch
1840,6918,223,Last-Touch
1841,6924,20,Last-Touch
1842,6925,391,Last-Touch
1843,6928,203,Last-Touch
1844,6934,74,Last-Touch
1845,6936,401,Last-Touch
1846,6939,74,Last-Touch
1847,6940,181,Last-Touch
1848,6942,84,Last-Touch
1849,6945,391,Last-Touch
1850,6946,350,Last-Touch
1851,6947,129,Last-Touch
1852,6949,112,Last-Touch
1853,6951,19,Last-Touch
1854,6956,419,Last-Touch
1855,6967,239,Last-Touch
1856,6972,450,Last-Touch
1857,6977,337,Last-Touch
1858,6980,274,Last-Touch
1859,6989,493,Last-Touch
1860,6992,329,Last-Touch
1861,6997,485,Last-Touch
1862,7003,146,Last-Touch
1863,7007,126,Last-Touch
1864,7008,65,Last-Touch
1865,7014,351,Last-Touch
1866,7018,331,Last-Touch
1867,7020,23,Last-Touch
1868,7023,350,Last-Touch
1869,7029,402,Last-Touch
1870,7032,245,Last-Touch
1871,7040,321,Last-Touch
1872,7049,239,Last-Touch
1873,7051,177,Last-Touch
1874,7052,63,Last-Touch
1875,7054,254,Last-Touch
1876,7066,168,Last-Touch
1877,7069,79,Last-Touch
1878,7070,398,Last-Touch
1879,7074,252,Last-Touch
1880,7078,403,Last-Touch
1881,7079,320,Last-Touch
1882,7080,311,Last-Touch
1883,7084,12,Last-Touch
1884,7085,320,Last-Touch
1885,7090,128,Last-Touch
1886,7091,322,Last-Touch
1887,7093,75,Last-Touch
1888,7095,13,Last-Touch
1889,7098,189,Last-Touch
1890,7106,467,Last-Touch
1891,7107,7,Last-Touch
1892,7119,109,Last-Touch
1893,7121,101,Last-Touch
1894,7122,83,Last-Touch
1895,7123,201,Last-Touch
1896,7125,56,Last-Touch
1897,7134,356,Last-Touch
1898,7139,242,Last-Touch
1899,7140,219,Last-Touch
1900,7142,100,Last-Touch
1901,7144,473,Last-Touch
1902,7147,215,Last-Touch
1903,7149,448,Last-Touch
1904,7151,278,Last-Touch
1905,7157,499,Last-Touch
1906,7158,281,Last-Touch
1907,7159,229,Last-Touch
1908,7164,352,Last-Touch
1909,7168,384,Last-Touch
1910,7171,5,Last-Touch
1911,7172,278,Last-Touch
1912,7184,7,Last-Touch
1913,7187,260,Last-Touch
1914,7191,100,Last-Touch
1915,7192,411,Last-Touch
1916,7193,165,Last-Touch
1917,7197,355,Last-Touch
1918,7200,488,Last-Touch
1919,7201,412,Last-Touch
1920,7203,338,Last-Touch
1921,7204,477,Last-Touch
1922,7209,337,Last-Touch
1923,7217,35,Last-Touch
1924,7220,239,Last-Touch
1925,7222,349,Last-Touch
1926,7223,329,Last-Touch
1927,7224,85,Last-Touch
1928,7225,50,Last-Touch
1929,7228,268,Last-Touch
1930,7229,380,Last-Touch
1931,7230,135,Last-Touch
1932,7237,26,Last-Touch
1933,7245,410,Last-Touch
1934,7248,432,Last-Touch
1935,7255,86,Last-Touch
1936,7259,323,Last-Touch
1937,7263,75,Last-Touch
1938,7264,92,Last-Touch
1939,7266,360,Last-Touch
1940,7267,428,Last-Touch
1941,7268,217,Last-Touch
1942,7269,136,Last-Touch
1943,7271,359,Last-Touch
1944,7273,454,Last-Touch
1945,7274,373,Last-Touch
1946,7278,171,Last-Touch
1947,7286,98,Last-Touch
1948,7288,418,Last-Touch
1949,7289,344,Last-Touch
1950,7293,354,Last-Touch
1951,7296,169,Last-Touch
1952,7298,440,Last-Touch
1953,7311,131,Last-Touch
1954,7314,159,Last-Touch
1955,7316,274,Last-Touch
1956,7319,491,Last-Touch
1957,7322,301,Last-Touch
1958,7324,272,Last-Touch
1959,7327,129,Last-Touch
1960,7328,119,Last-Touch
1961,7331,36,Last-Touch
1962,7333,410,Last-Touch
1963,7346,431,Last-Touch
1964,7352,356,Last-Touch
1965,7353,155,Last-Touch
1966,7356,178,Last-Touch
1967,7358,272,Last-Touch
1968,7374,240,Last-Touch
1969,7375,185,Last-Touch
1970,7378,273,Last-Touch
1971,7389,44,Last-Touch
1972,7394,469,Last-Touch
1973,7395,229,Last-Touch
1974,7404,344,Last-Touch
1975,7406,189,Last-Touch
1976,7407,144,Last-Touch
1977,7409,147,Last-Touch
1978,7412,218,Last-Touch
1979,7413,154,Last-Touch
1980,7415,46,Last-Touch
1981,7418,453,Last-Touch
1982,7423,156,Last-Touch
1983,7429,366,Last-Touch
1984,7432,363,Last-Touch
1985,7439,247,Last-Touch
1986,7443,295,Last-Touch
1987,7448,117,Last-Touch
1988,7449,460,Last-Touch
1989,7450,70,Last-Touch
1990,7468,262,Last-Touch
1991,7472,117,Last-Touch
1992,7477,26,Last-Touch
1993,7478,48,Last-Touch
1994,7484,114,Last-Touch
1995,7488,112,Last-Touch
1996,7489,498,Last-Touch
1997,7491,179,Last-Touch
1998,7494,26,Last-Touch
1999,7500,75,Last-Touch
2000,7502,242,Last-Touch
2001,7503,223,Last-Touch
2002,7508,300,Last-Touch
2003,7512,414,Last-Touch
2004,7513,431,Last-Touch
2005,7515,485,Last-Touch
2006,7516,455,Last-Touch
2007,7517,483,Last-Touch
2008,7537,57,Last-Touch
2009,7540,453,Last-Touch
2010,7544,284,Last-Touch
2011,7547,311,Last-Touch
2012,7549,367,Last-Touch
2013,7550,161,Last-Touch
2014,7555,489,Last-Touch
2015,7561,176,Last-Touch
2016,7562,324,Last-Touch
2017,7565,323,Last-Touch
2018,7571,339,Last-Touch
2019,7573,13,Last-Touch
2020,7582,192,Last-Touch
2021,7598,23,Last-Touch
2022,7599,281,Last-Touch
2023,7603,101,Last-Touch
2024,7605,101,Last-Touch
2025,7609,35,Last-Touch
2026,7610,340,Last-Touch
2027,7611,248,Last-Touch
2028,7612,340,Last-Touch
2029,7613,236,Last-Touch
2030,7614,445,Last-Touch
2031,7616,191,Last-Touch
2032,7617,106,Last-Touch
2033,7618,396,Last-Touch
2034,7619,156,Last-Touch
2035,7620,48,Last-Touch
2036,7621,233,Last-Touch
2037,7626,209,Last-Touch
2038,7627,231,Last-Touch
2039,7633,89,Last-Touch
2040,7635,46,Last-Touch
2041,7639,355,Last-Touch
2042,7649,229,Last-Touch
2043,7650,429,Last-Touch
2044,7655,198,Last-Touch
2045,7657,97,Last-Touch
2046,7660,467,Last-Touch
2047,7661,413,Last-Touch
2048,7663,463,Last-Touch
2049,7667,454,Last-Touch
2050,7668,364,Last-Touch
2051,7670,38,Last-Touch
2052,7678,380,Last-Touch
2053,7679,389,Last-Touch
2054,7684,257,Last-Touch
2055,7688,181,Last-Touch
2056,7691,65,Last-Touch
2057,7692,286,Last-Touch
2058,7695,38,Last-Touch
2059,7696,344,Last-Touch
2060,7698,364,Last-Touch
2061,7700,108,Last-Touch
2062,7702,335,Last-Touch
2063,7703,431,Last-Touch
2064,7704,59,Last-Touch
2065,7706,419,Last-Touch
2066,7707,38,Last-Touch
2067,7716,313,Last-Touch
2068,7718,458,Last-Touch
2069,7725,90,Last-Touch
2070,7728,306,Last-Touch
2071,7731,252,Last-Touch
2072,7732,268,Last-Touch
2073,7733,8,Last-Touch
2074,7734,129,Last-Touch
2075,7735,357,Last-Touch
2076,7736,144,Last-Touch
2077,7739,245,Last-Touch
2078,7741,118,Last-Touch
2079,7745,56,Last-Touch
2080,7746,101,Last-Touch
2081,7755,414,Last-Touch
2082,7760,67,Last-Touch
2083,7762,272,Last-Touch
2084,7763,470,Last-Touch
2085,7766,157,Last-Touch
2086,7769,405,Last-Touch
2087,7770,100,Last-Touch
2088,7776,157,Last-Touch
2089,7784,245,Last-Touch
2090,7785,368,Last-Touch
2091,7786,131,Last-Touch
2092,7789,218,Last-Touch
2093,7794,340,Last-Touch
2094,7804,301,Last-Touch
2095,7805,108,Last-Touch
2096,7809,344,Last-Touch
2097,7814,470,Last-Touch
2098,7816,119,Last-Touch
2099,7818,418,Last-Touch
2100,7824,485,Last-Touch
2101,7827,146,Last-Touch
2102,7831,121,Last-Touch
2103,7832,431,Last-Touch
2104,7833,223,Last-Touch
2105,7836,26,Last-Touch
2106,7840,209,Last-Touch
2107,7842,307,Last-Touch
2108,7843,273,Last-Touch
2109,7844,289,Last-Touch
2110,7853,176,Last-Touch
2111,7855,140,Last-Touch
2112,7856,299,Last-Touch
2113,7857,315,Last-Touch
2114,7859,308,Last-Touch
2115,7860,127,Last-Touch
2116,7861,455,Last-Touch
2117,7864,112,Last-Touch
2118,7870,389,Last-Touch
2119,7872,387,Last-Touch
2120,7875,384,Last-Touch
2121,7881,278,Last-Touch
2122,7891,395,Last-Touch
2123,7896,402,Last-Touch
2124,7897,132,Last-Touch
2125,7903,247,Last-Touch
2126,7908,291,Last-Touch
2127,7913,434,Last-Touch
2128,7917,395,Last-Touch
2129,7919,162,Last-Touch
2130,7923,467,Last-Touch
2131,7925,13,Last-Touch
2132,7929,16,Last-Touch
2133,7930,171,Last-Touch
2134,7932,484,Last-Touch
2135,7935,382,Last-Touch
2136,7940,382,Last-Touch
2137,7941,298,Last-Touch
2138,7948,409,Last-Touch
2139,7950,70,Last-Touch
2140,7951,38,Last-Touch
2141,7952,363,Last-Touch
2142,7954,7,Last-Touch
2143,7958,325,Last-Touch
2144,7960,460,Last-Touch
2145,7961,403,Last-Touch
2146,7966,53,Last-Touch
2147,7968,328,Last-Touch
2148,7970,430,Last-Touch
2149,7972,362,Last-Touch
2150,7973,231,Last-Touch
2151,7975,267,Last-Touch
2152,7979,73,Last-Touch
2153,7981,262,Last-Touch
2154,7982,232,Last-Touch
2155,7985,122,Last-Touch
2156,7986,17,Last-Touch
2157,7990,206,Last-Touch
2158,7996,275,Last-Touch
2159,8003,128,Last-Touch
2160,8014,254,Last-Touch
2161,8023,401,Last-Touch
2162,8024,466,Last-Touch
2163,8026,104,Last-Touch
2164,8033,472,Last-Touch
2165,8034,166,Last-Touch
2166,8038,375,Last-Touch
2167,8039,134,Last-Touch
2168,8040,152,Last-Touch
2169,8043,362,Last-Touch
2170,8045,427,Last-Touch
2171,8048,53,Last-Touch
2172,8051,448,Last-Touch
2173,8057,95,Last-Touch
2174,8060,185,Last-Touch
2175,8061,115,Last-Touch
2176,8065,402,Last-Touch
2177,8067,254,Last-Touch
2178,8069,380,Last-Touch
2179,8076,282,Last-Touch
2180,8082,124,Last-Touch
2181,8086,38,Last-Touch
2182,8092,333,Last-Touch
2183,8094,119,Last-Touch
2184,8098,314,Last-Touch
2185,8109,50,Last-Touch
2186,8116,243,Last-Touch
2187,8121,447,Last-Touch
2188,8125,112,Last-Touch
2189,8130,482,Last-Touch
2190,8136,497,Last-Touch
2191,8143,347,Last-Touch
2192,8144,257,Last-Touch
2193,8152,298,Last-Touch
2194,8158,486,Last-Touch
2195,8159,461,Last-Touch
2196,8163,124,Last-Touch
2197,8165,217,Last-Touch
2198,8168,427,Last-Touch
2199,8169,49,Last-Touch
2200,8189,134,Last-Touch
2201,8194,184,Last-Touch
2202,8195,291,Last-Touch
2203,8199,173,Last-Touch
2204,8201,281,Last-Touch
2205,8203,373,Last-Touch
2206,8207,460,Last-Touch
2207,8208,165,Last-Touch
2208,8211,239,Last-Touch
2209,8213,231,Last-Touch
2210,8217,218,Last-Touch
2211,8220,16,Last-Touch
2212,8223,306,Last-Touch
2213,8224,278,Last-Touch
2214,8225,467,Last-Touch
2215,8229,430,Last-Touch
2216,8235,379,Last-Touch
2217,8243,323,Last-Touch
2218,8248,465,Last-Touch
2219,8258,262,Last-Touch
2220,8267,268,Last-Touch
2221,8270,125,Last-Touch
2222,8271,59,Last-Touch
2223,8274,498,Last-Touch
2224,8281,482,Last-Touch
2225,8282,406,Last-Touch
2226,8286,189,Last-Touch
2227,8287,309,Last-Touch
2228,8289,266,Last-Touch
2229,8291,429,Last-Touch
2230,8292,278,Last-Touch
2231,8294,55,Last-Touch
2232,8299,153,Last-Touch
2233,8303,219,Last-Touch
2234,8308,326,Last-Touch
2235,8309,229,Last-Touch
2236,8310,95,Last-Touch
2237,8311,91,Last-Touch
2238,8313,276,Last-Touch
2239,8314,217,Last-Touch
2240,8317,334,Last-Touch
2241,8322,274,Last-Touch
2242,8323,295,Last-Touch
2243,8327,84,Last-Touch
2244,8330,157,Last-Touch
2245,8337,264,Last-Touch
2246,8340,338,Last-Touch
2247,8346,310,Last-Touch
2248,8347,57,Last-Touch
2249,8348,233,Last-Touch
2250,8350,207,Last-Touch
2251,8352,359,Last-Touch
2252,8356,52,Last-Touch
2253,8357,171,Last-Touch
2254,8361,235,Last-Touch
2255,8370,425,Last-Touch
2256,8372,262,Last-Touch
2257,8373,362,Last-Touch
2258,8376,429,Last-Touch
2259,8377,35,Last-Touch
2260,8378,157,Last-Touch
2261,8381,355,Last-Touch
2262,8385,150,Last-Touch
2263,8390,132,Last-Touch
2264,8392,100,Last-Touch
2265,8395,284,Last-Touch
2266,8401,389,Last-Touch
2267,8407,257,Last-Touch
2268,8409,350,Last-Touch
2269,8413,486,Last-Touch
2270,8414,193,Last-Touch
2271,8418,183,Last-Touch
2272,8422,470,Last-Touch
2273,8425,389,Last-Touch
2274,8426,235,Last-Touch
2275,8427,264,Last-Touch
2276,8429,264,Last-Touch
2277,8433,95,Last-Touch
2278,8436,52,Last-Touch
2279,8438,281,Last-Touch
2280,8439,89,Last-Touch
2281,8441,289,Last-Touch
2282,8442,214,Last-Touch
2283,8443,420,Last-Touch
2284,8444,433,Last-Touch
2285,8449,320,Last-Touch
2286,8450,184,Last-Touch
2287,8455,121,Last-Touch
2288,8462,292,Last-Touch
2289,8464,113,Last-Touch
2290,8465,37,Last-Touch
2291,8467,168,Last-Touch
2292,8468,221,Last-Touch
2293,8469,450,Last-Touch
2294,8482,165,Last-Touch
2295,8485,121,Last-Touch
2296,8486,458,Last-Touch
2297,8491,139,Last-Touch
2298,8495,352,Last-Touch
2299,8496,42,Last-Touch
2300,8499,73,Last-Touch
2301,8503,189,Last-Touch
2302,8506,389,Last-Touch
2303,8508,309,Last-Touch
2304,8512,72,Last-Touch
2305,8513,85,Last-Touch
2306,8520,445,Last-Touch
2307,8523,26,Last-Touch
2308,8527,60,Last-Touch
2309,8529,159,Last-Touch
2310,8530,31,Last-Touch
2311,8538,201,Last-Touch
2312,8547,421,Last-Touch
2313,8550,439,Last-Touch
2314,8555,189,Last-Touch
2315,8560,462,Last-Touch
2316,8563,266,Last-Touch
2317,8572,47,Last-Touch
2318,8574,373,Last-Touch
2319,8581,127,Last-Touch
2320,8582,67,Last-Touch
2321,8583,277,Last-Touch
2322,8586,382,Last-Touch
2323,8588,373,Last-Touch
2324,8593,223,Last-Touch
2325,8598,446,Last-Touch
2326,8601,17,Last-Touch
2327,8603,252,Last-Touch
2328,8605,479,Last-Touch
2329,8608,414,Last-Touch
2330,8609,338,Last-Touch
2331,8613,167,Last-Touch
2332,8614,93,Last-Touch
2333,8620,96,Last-Touch
2334,8625,132,Last-Touch
2335,8627,386,Last-Touch
2336,8636,462,Last-Touch
2337,8638,9,Last-Touch
2338,8659,440,Last-Touch
2339,8660,67,Last-Touch
2340,8662,320,Last-Touch
2341,8663,169,Last-Touch
2342,8664,207,Last-Touch
2343,8670,85,Last-Touch
2344,8671,13,Last-Touch
2345,8675,352,Last-Touch
2346,8681,53,Last-Touch
2347,8692,295,Last-Touch
2348,8698,492,Last-Touch
2349,8700,234,Last-Touch
2350,8704,239,Last-Touch
2351,8707,491,Last-Touch
2352,8713,410,Last-Touch
2353,8721,235,Last-Touch
2354,8725,153,Last-Touch
2355,8728,444,Last-Touch
2356,8729,281,Last-Touch
2357,8736,362,Last-Touch
2358,8739,278,Last-Touch
2359,8740,391,Last-Touch
2360,8742,279,Last-Touch
2361,8744,320,Last-Touch
2362,8746,150,Last-Touch
2363,8747,496,Last-Touch
2364,8751,8,Last-Touch
2365,8752,423,Last-Touch
2366,8753,156,Last-Touch
2367,8754,402,Last-Touch
2368,8760,435,Last-Touch
2369,8763,244,Last-Touch
2370,8766,174,Last-Touch
2371,8769,459,Last-Touch
2372,8770,367,Last-Touch
2373,8771,254,Last-Touch
2374,8773,294,Last-Touch
2375,8785,132,Last-Touch
2376,8786,164,Last-Touch
2377,8792,289,Last-Touch
2378,8795,64,Last-Touch
2379,8798,397,Last-Touch
2380,8801,190,Last-Touch
2381,8806,312,Last-Touch
2382,8814,272,Last-Touch
2383,8817,10,Last-Touch
2384,8819,253,Last-Touch
2385,8820,384,Last-Touch
2386,8821,35,Last-Touch
2387,8822,408,Last-Touch
2388,8826,331,Last-Touch
2389,8833,121,Last-Touch
2390,8837,426,Last-Touch
2391,8842,373,Last-Touch
2392,8850,411,Last-Touch
2393,8864,486,Last-Touch
2394,8867,278,Last-Touch
2395,8872,204,Last-Touch
2396,8873,404,Last-Touch
2397,8875,13,Last-Touch
2398,8882,286,Last-Touch
2399,8884,201,Last-Touch
2400,8885,185,Last-Touch
2401,8886,431,Last-Touch
2402,8887,104,Last-Touch
2403,8889,210,Last-Touch
2404,8891,10,Last-Touch
2405,8900,79,Last-Touch
2406,8905,440,Last-Touch
2407,8906,290,Last-Touch
2408,8909,496,Last-Touch
2409,8912,239,Last-Touch
2410,8915,443,Last-Touch
2411,8917,237,Last-Touch
2412,8918,142,Last-Touch
2413,8922,231,Last-Touch
2414,8923,435,Last-Touch
2415,8931,47,Last-Touch
2416,8935,393,Last-Touch
2417,8936,43,Last-Touch
2418,8943,406,Last-Touch
2419,8944,373,Last-Touch
2420,8952,401,Last-Touch
2421,8954,358,Last-Touch
2422,8956,355,Last-Touch
2423,8957,399,Last-Touch
2424,8958,477,Last-Touch
2425,8959,410,Last-Touch
2426,8961,55,Last-Touch
2427,8962,203,Last-Touch
2428,8963,77,Last-Touch
2429,8981,418,Last-Touch
2430,8982,141,Last-Touch
2431,8983,52,Last-Touch
2432,8984,244,Last-Touch
2433,8989,304,Last-Touch
2434,8995,66,Last-Touch
2435,8996,101,Last-Touch
2436,9000,40,Last-Touch
2437,9002,118,Last-Touch
2438,9007,251,Last-Touch
2439,9010,86,Last-Touch
2440,9028,14,Last-Touch
2441,9030,245,Last-Touch
2442,9031,459,Last-Touch
2443,9035,201,Last-Touch
2444,9036,142,Last-Touch
2445,9038,93,Last-Touch
2446,9040,418,Last-Touch
2447,9047,119,Last-Touch
2448,9049,353,Last-Touch
2449,9050,461,Last-Touch
2450,9052,314,Last-Touch
2451,9057,121,Last-Touch
2452,9061,270,Last-Touch
2453,9063,355,Last-Touch
2454,9065,449,Last-Touch
2455,9066,235,Last-Touch
2456,9067,17,Last-Touch
2457,9071,409,Last-Touch
2458,9076,352,Last-Touch
2459,9079,356,Last-Touch
2460,9081,75,Last-Touch
2461,9088,278,Last-Touch
2462,9091,223,Last-Touch
2463,9095,172,Last-Touch
2464,9097,373,Last-Touch
2465,9099,476,Last-Touch
2466,9101,408,Last-Touch
2467,9102,470,Last-Touch
2468,9108,281,Last-Touch
2469,9109,352,Last-Touch
2470,9118,232,Last-Touch
2471,9121,262,Last-Touch
2472,9132,150,Last-Touch
2473,9135,389,Last-Touch
2474,9136,134,Last-Touch
2475,9137,237,Last-Touch
2476,9146,334,Last-Touch
2477,9151,459,Last-Touch
2478,9155,89,Last-Touch
2479,9156,155,Last-Touch
2480,9163,289,Last-Touch
2481,9165,363,Last-Touch
2482,9169,54,Last-Touch
2483,9171,279,Last-Touch
2484,9172,98,Last-Touch
2485,9176,335,Last-Touch
2486,9180,110,Last-Touch
2487,9182,217,Last-Touch
2488,9183,172,Last-Touch
2489,9191,61,Last-Touch
2490,9195,201,Last-Touch
2491,9198,329,Last-Touch
2492,9199,495,Last-Touch
2493,9200,353,Last-Touch
2494,9201,189,Last-Touch
2495,9202,237,Last-Touch
2496,9204,113,Last-Touch
2497,9216,217,Last-Touch
2498,9218,142,Last-Touch
2499,9220,440,Last-Touch
2500,9222,395,Last-Touch
2501,9226,119,Last-Touch
2502,9233,381,Last-Touch
2503,9238,426,Last-Touch
2504,9239,107,Last-Touch
2505,9242,89,Last-Touch
2506,9246,380,Last-Touch
2507,9247,198,Last-Touch
2508,9248,459,Last-Touch
2509,9250,187,Last-Touch
2510,9253,371,Last-Touch
2511,9259,413,Last-Touch
2512,9274,214,Last-Touch
2513,9275,448,Last-Touch
2514,9278,302,Last-Touch
2515,9284,373,Last-Touch
2516,9286,254,Last-Touch
2517,9287,11,Last-Touch
2518,9288,300,Last-Touch
2519,9292,209,Last-Touch
2520,9294,150,Last-Touch
2521,9295,86,Last-Touch
2522,9296,313,Last-Touch
2523,9298,331,Last-Touch
2524,9304,278,Last-Touch
2525,9306,435,Last-Touch
2526,9311,412,Last-Touch
2527,9317,130,Last-Touch
2528,9321,366,Last-Touch
2529,9322,239,Last-Touch
2530,9325,288,Last-Touch
2531,9328,83,Last-Touch
2532,9329,320,Last-Touch
2533,9330,373,Last-Touch
2534,9331,24,Last-Touch
2535,9336,70,Last-Touch
2536,9340,124,Last-Touch
2537,9343,150,Last-Touch
2538,9346,233,Last-Touch
2539,9350,243,Last-Touch
2540,9355,50,Last-Touch
2541,9357,92,Last-Touch
2542,9359,223,Last-Touch
2543,9361,101,Last-Touch
2544,9364,349,Last-Touch
2545,9368,363,Last-Touch
2546,9373,311,Last-Touch
2547,9377,238,Last-Touch
2548,9382,24,Last-Touch
2549,9383,119,Last-Touch
2550,9384,314,Last-Touch
2551,9385,355,Last-Touch
2552,9386,367,Last-Touch
2553,9387,27,Last-Touch
2554,9392,383,Last-Touch
2555,9399,312,Last-Touch
2556,9402,254,Last-Touch
2557,9404,386,Last-Touch
2558,9430,38,Last-Touch
2559,9436,155,Last-Touch
2560,9437,279,Last-Touch
2561,9440,492,Last-Touch
2562,9447,130,Last-Touch
2563,9448,389,Last-Touch
2564,9453,292,Last-Touch
2565,9455,171,Last-Touch
2566,9459,135,Last-Touch
2567,9461,281,Last-Touch
2568,9467,395,Last-Touch
2569,9469,410,Last-Touch
2570,9471,386,Last-Touch
2571,9472,112,Last-Touch
2572,9474,371,Last-Touch
2573,9475,208,Last-Touch
2574,9483,229,Last-Touch
2575,9491,396,Last-Touch
2576,9497,391,Last-Touch
2577,9502,312,Last-Touch
2578,9505,15,Last-Touch
2579,9513,40,Last-Touch
2580,9514,34,Last-Touch
2581,9518,247,Last-Touch
2582,9524,295,Last-Touch
2583,9525,235,Last-Touch
2584,9526,239,Last-Touch
2585,9529,230,Last-Touch
2586,9534,418,Last-Touch
2587,9535,261,Last-Touch
2588,9539,78,Last-Touch
2589,9545,124,Last-Touch
2590,9551,189,Last-Touch
2591,9554,367,Last-Touch
2592,9556,219,Last-Touch
2593,9557,60,Last-Touch
2594,9562,9,Last-Touch
2595,9569,500,Last-Touch
2596,9574,104,Last-Touch
2597,9575,334,Last-Touch
2598,9576,435,Last-Touch
2599,9585,331,Last-Touch
2600,9596,291,Last-Touch
2601,9599,211,Last-Touch
2602,9600,364,Last-Touch
2603,9601,83,Last-Touch
2604,9603,124,Last-Touch
2605,9605,73,Last-Touch
2606,9606,295,Last-Touch
2607,9614,275,Last-Touch
2608,9619,378,Last-Touch
2609,9620,232,Last-Touch
2610,9624,86,Last-Touch
2611,9625,7,Last-Touch
2612,9626,374,Last-Touch
2613,9638,437,Last-Touch
2614,9639,323,Last-Touch
2615,9641,37,Last-Touch
2616,9648,31,Last-Touch
2617,9649,175,Last-Touch
2618,9650,30,Last-Touch
2619,9655,6,Last-Touch
2620,9658,460,Last-Touch
2621,9662,251,Last-Touch
2622,9667,284,Last-Touch
2623,9674,248,Last-Touch
2624,9675,310,Last-Touch
2625,9682,84,Last-Touch
2626,9684,28,Last-Touch
2627,9694,433,Last-Touch
2628,9709,229,Last-Touch
2629,9711,292,Last-Touch
2630,9715,289,Last-Touch
2631,9719,180,Last-Touch
2632,9720,102,Last-Touch
2633,9725,198,Last-Touch
2634,9726,353,Last-Touch
2635,9729,445,Last-Touch
2636,9734,13,Last-Touch
2637,9735,26,Last-Touch
2638,9736,93,Last-Touch
2639,9738,48,Last-Touch
2640,9739,498,Last-Touch
2641,9742,352,Last-Touch
2642,9745,447,Last-Touch
2643,9748,323,Last-Touch
2644,9749,338,Last-Touch
2645,9751,69,Last-Touch
2646,9754,27,Last-Touch
2647,9755,445,Last-Touch
2648,9756,302,Last-Touch
2649,9762,454,Last-Touch
2650,9767,483,Last-Touch
2651,9773,201,Last-Touch
2652,9775,144,Last-Touch
2653,9781,129,Last-Touch
2654,9792,270,Last-Touch
2655,9798,459,Last-Touch
2656,9802,144,Last-Touch
2657,9804,214,Last-Touch
2658,9806,323,Last-Touch
2659,9811,492,Last-Touch
2660,9812,454,Last-Touch
2661,9813,314,Last-Touch
2662,9814,429,Last-Touch
2663,9819,178,Last-Touch
2664,9820,92,Last-Touch
2665,9823,399,Last-Touch
2666,9824,476,Last-Touch
2667,9825,17,Last-Touch
2668,9827,380,Last-Touch
2669,9830,192,Last-Touch
2670,9833,472,Last-Touch
2671,9838,482,Last-Touch
2672,9845,397,Last-Touch
2673,9847,9,Last-Touch
2674,9865,24,Last-Touch
2675,9868,281,Last-Touch
2676,9880,52,Last-Touch
2677,9881,446,Last-Touch
2678,9888,292,Last-Touch
2679,9892,341,Last-Touch
2680,9894,124,Last-Touch
2681,9903,416,Last-Touch
2682,9904,369,Last-Touch
2683,9905,448,Last-Touch
2684,9909,19,Last-Touch
2685,9926,74,Last-Touch
2686,9928,434,Last-Touch
2687,9939,117,Last-Touch
2688,9947,228,Last-Touch
2689,9950,323,Last-Touch
2690,9951,405,Last-Touch
2691,9956,461,Last-Touch
2692,9957,496,Last-Touch
2693,9971,250,Last-Touch
2694,9977,72,Last-Touch
2695,9978,13,Last-Touch
2696,9983,298,Last-Touch
2697,9984,85,Last-Touch
2698,9989,112,Last-Touch
2699,9992,87,Last-Touch
2700,9993,343,Last-Touch
2701,9997,280,Last-Touch
2702,10001,193,Last-Touch
2703,10003,398,Last-Touch
2704,10023,376,Last-Touch
2705,10025,448,Last-Touch
2706,10032,320,Last-Touch
2707,10033,66,Last-Touch
2708,10034,378,Last-Touch
2709,10036,149,Last-Touch
2710,10040,23,Last-Touch
2711,10046,150,Last-Touch
2712,10048,340,Last-Touch
2713,10051,124,Last-Touch
2714,10056,353,Last-Touch
2715,10060,89,Last-Touch
2716,10062,278,Last-Touch
2717,10076,337,Last-Touch
2718,10086,166,Last-Touch
2719,10090,454,Last-Touch
2720,10092,178,Last-Touch
2721,10094,38,Last-Touch
2722,10098,213,Last-Touch
2723,10103,470,Last-Touch
2724,10106,137,Last-Touch
2725,10107,274,Last-Touch
2726,10108,420,Last-Touch
2727,10109,427,Last-Touch
2728,10120,195,Last-Touch
2729,10123,311,Last-Touch
2730,10128,452,Last-Touch
2731,10133,189,Last-Touch
2732,10134,172,Last-Touch
2733,10136,470,Last-Touch
2734,10137,42,Last-Touch
2735,10138,334,Last-Touch
2736,10150,487,Last-Touch
2737,10154,310,Last-Touch
2738,10155,286,Last-Touch
2739,10156,471,Last-Touch
2740,10157,263,Last-Touch
2741,10164,299,Last-Touch
2742,10178,92,Last-Touch
2743,10179,55,Last-Touch
2744,10185,496,Last-Touch
2745,10187,467,Last-Touch
2746,10188,291,Last-Touch
2747,10191,72,Last-Touch
2748,10195,83,Last-Touch
2749,10198,305,Last-Touch
2750,10200,232,Last-Touch
2751,10205,70,Last-Touch
2752,10207,374,Last-Touch
2753,10209,204,Last-Touch
2754,10214,352,Last-Touch
2755,10228,24,Last-Touch
2756,10238,218,Last-Touch
2757,10241,379,Last-Touch
2758,10243,376,Last-Touch
2759,10245,227,Last-Touch
2760,10255,6,Last-Touch
2761,10258,344,Last-Touch
2762,10265,264,Last-Touch
2763,10268,251,Last-Touch
2764,10276,376,Last-Touch
2765,10277,343,Last-Touch
2766,10278,262,Last-Touch
2767,10283,208,Last-Touch
2768,10287,334,Last-Touch
2769,10292,448,Last-Touch
2770,10293,321,Last-Touch
2771,10297,493,Last-Touch
2772,10300,413,Last-Touch
2773,10306,320,Last-Touch
2774,10308,157,Last-Touch
2775,10315,376,Last-Touch
2776,10318,382,Last-Touch
2777,10319,251,Last-Touch
2778,10320,280,Last-Touch
2779,10321,321,Last-Touch
2780,10323,487,Last-Touch
2781,10325,274,Last-Touch
2782,10329,26,Last-Touch
2783,10333,95,Last-Touch
2784,10339,127,Last-Touch
2785,10351,200,Last-Touch
2786,10353,462,Last-Touch
2787,10359,251,Last-Touch
2788,10362,406,Last-Touch
2789,10372,15,Last-Touch
2790,10377,464,Last-Touch
2791,10380,295,Last-Touch
2792,10383,156,Last-Touch
2793,10387,429,Last-Touch
2794,10391,136,Last-Touch
2795,10393,402,Last-Touch
2796,10402,295,Last-Touch
2797,10404,50,Last-Touch
2798,10408,337,Last-Touch
2799,10416,466,Last-Touch
2800,10424,338,Last-Touch
2801,10436,124,Last-Touch
2802,10449,410,Last-Touch
2803,10453,405,Last-Touch
2804,10454,56,Last-Touch
2805,10457,254,Last-Touch
2806,10458,233,Last-Touch
2807,10468,246,Last-Touch
2808,10474,282,Last-Touch
2809,10478,254,Last-Touch
2810,10482,217,Last-Touch
2811,10484,100,Last-Touch
2812,10486,13,Last-Touch
2813,10488,233,Last-Touch
2814,10503,484,Last-Touch
2815,10504,10,Last-Touch
2816,10505,310,Last-Touch
2817,10508,108,Last-Touch
2818,10509,431,Last-Touch
2819,10511,410,Last-Touch
2820,10512,329,Last-Touch
2821,10517,366,Last-Touch
2822,10523,418,Last-Touch
2823,10528,306,Last-Touch
2824,10529,389,Last-Touch
2825,10531,272,Last-Touch
2826,10532,262,Last-Touch
2827,10533,432,Last-Touch
2828,10538,311,Last-Touch
2829,10541,223,Last-Touch
2830,10547,433,Last-Touch
2831,10552,376,Last-Touch
2832,10556,50,Last-Touch
2833,10557,371,Last-Touch
2834,10559,84,Last-Touch
2835,10560,73,Last-Touch
2836,10564,6,Last-Touch
2837,10565,184,Last-Touch
2838,10566,15,Last-Touch
2839,10568,420,Last-Touch
2840,10569,72,Last-Touch
2841,10573,127,Last-Touch
2842,10574,279,Last-Touch
2843,10579,306,Last-Touch
2844,10581,131,Last-Touch
2845,10586,377,Last-Touch
2846,10587,239,Last-Touch
2847,10588,315,Last-Touch
2848,10589,52,Last-Touch
2849,10590,373,Last-Touch
2850,10592,389,Last-Touch
2851,10594,482,Last-Touch
2852,10600,425,Last-Touch
2853,10603,460,Last-Touch
2854,10605,301,Last-Touch
2855,10606,311,Last-Touch
2856,10607,495,Last-Touch
2857,10614,311,Last-Touch
2858,10618,46,Last-Touch
2859,10626,101,Last-Touch
2860,10629,318,Last-Touch
2861,10630,342,Last-Touch
2862,10631,128,Last-Touch
2863,10633,263,Last-Touch
2864,10639,156,Last-Touch
2865,10642,380,Last-Touch
2866,10644,360,Last-Touch
2867,10651,153,Last-Touch
2868,10654,416,Last-Touch
2869,10662,298,Last-Touch
2870,10663,127,Last-Touch
2871,10664,285,Last-Touch
2872,10667,392,Last-Touch
2873,10668,429,Last-Touch
2874,10671,247,Last-Touch
2875,10675,393,Last-Touch
2876,10677,24,Last-Touch
2877,10681,364,Last-Touch
2878,10683,373,Last-Touch
2879,10686,465,Last-Touch
2880,10693,364,Last-Touch
2881,10699,67,Last-Touch
2882,10700,244,Last-Touch
2883,10703,254,Last-Touch
2884,10704,115,Last-Touch
2885,10709,479,Last-Touch
2886,10719,40,Last-Touch
2887,10724,380,Last-Touch
2888,10741,282,Last-Touch
2889,10742,369,Last-Touch
2890,10744,295,Last-Touch
2891,10746,89,Last-Touch
2892,10753,134,Last-Touch
2893,10755,173,Last-Touch
2894,10763,264,Last-Touch
2895,10766,260,Last-Touch
2896,10768,13,Last-Touch
2897,10770,252,Last-Touch
2898,10772,262,Last-Touch
2899,10785,73,Last-Touch
2900,10790,440,Last-Touch
2901,10791,341,Last-Touch
2902,10792,217,Last-Touch
2903,10795,282,Last-Touch
2904,10800,263,Last-Touch
2905,10810,120,Last-Touch
2906,10814,292,Last-Touch
2907,10815,426,Last-Touch
2908,10816,391,Last-Touch
2909,10826,67,Last-Touch
2910,10827,109,Last-Touch
2911,10833,310,Last-Touch
2912,10835,151,Last-Touch
2913,10836,96,Last-Touch
2914,10837,240,Last-Touch
2915,10838,65,Last-Touch
2916,10850,436,Last-Touch
2917,10852,483,Last-Touch
2918,10854,265,Last-Touch
2919,10860,106,Last-Touch
2920,10868,182,Last-Touch
2921,10870,184,Last-Touch
2922,10871,364,Last-Touch
2923,10872,298,Last-Touch
2924,10878,136,Last-Touch
2925,10880,130,Last-Touch
2926,10882,64,Last-Touch
2927,10887,60,Last-Touch
2928,10889,324,Last-Touch
2929,10891,467,Last-Touch
2930,10893,362,Last-Touch
2931,10895,406,Last-Touch
2932,10899,382,Last-Touch
2933,10900,485,Last-Touch
2934,10909,402,Last-Touch
2935,10915,443,Last-Touch
2936,10920,58,Last-Touch
2937,10922,270,Last-Touch
2938,10925,340,Last-Touch
2939,10928,423,Last-Touch
2940,10932,469,Last-Touch
2941,10935,104,Last-Touch
2942,10937,327,Last-Touch
2943,10938,252,Last-Touch
2944,10939,356,Last-Touch
2945,10940,59,Last-Touch
2946,10944,53,Last-Touch
2947,10947,465,Last-Touch
2948,10949,144,Last-Touch
2949,10951,103,Last-Touch
2950,10959,121,Last-Touch
2951,10962,333,Last-Touch
2952,10963,492,Last-Touch
2953,10964,343,Last-Touch
2954,10967,284,Last-Touch
2955,10970,126,Last-Touch
2956,10973,338,Last-Touch
2957,10975,229,Last-Touch
2958,10984,150,Last-Touch
2959,10989,418,Last-Touch
2960,10990,454,Last-Touch
2961,10992,206,Last-Touch
2962,10997,96,Last-Touch
2963,10998,309,Last-Touch
2964,10999,117,Last-Touch
2965,11003,311,Last-Touch
2966,11005,149,Last-Touch
2967,11010,233,Last-Touch
2968,11012,289,Last-Touch
2969,11015,164,Last-Touch
2970,11021,406,Last-Touch
2971,11026,433,Last-Touch
2972,11028,449,Last-Touch
2973,11030,449,Last-Touch
2974,11037,194,Last-Touch
2975,11038,15,Last-Touch
2976,11039,485,Last-Touch
2977,11041,301,Last-Touch
2978,11042,333,Last-Touch
2979,11048,440,Last-Touch
2980,11049,326,Last-Touch
2981,11050,399,Last-Touch
2982,11051,286,Last-Touch
2983,11053,11,Last-Touch
2984,11056,117,Last-Touch
2985,11057,352,Last-Touch
2986,11058,296,Last-Touch
2987,11072,305,Last-Touch
2988,11073,342,Last-Touch
2989,11074,410,Last-Touch
2990,11079,235,Last-Touch
2991,11096,414,Last-Touch
2992,11100,274,Last-Touch
2993,11106,279,Last-Touch
2994,11108,23,Last-Touch
2995,11112,140,Last-Touch
2996,11115,362,Last-Touch
2997,11118,388,Last-Touch
2998,11119,13,Last-Touch
2999,11121,364,Last-Touch
3000,11122,61,Last-Touch
3001,11124,229,Last-Touch
3002,11128,356,Last-Touch
3003,11129,129,Last-Touch
3004,11138,346,Last-Touch
3005,11140,340,Last-Touch
3006,11141,254,Last-Touch
3007,11155,172,Last-Touch
3008,11158,106,Last-Touch
3009,11163,432,Last-Touch
3010,11166,87,Last-Touch
3011,11178,156,Last-Touch
3012,11179,106,Last-Touch
3013,11181,392,Last-Touch
3014,11182,421,Last-Touch
3015,11187,77,Last-Touch
3016,11188,86,Last-Touch
3017,11190,192,Last-Touch
3018,11191,18,Last-Touch
3019,11193,391,Last-Touch
3020,11194,281,Last-Touch
3021,11195,157,Last-Touch
3022,11197,264,Last-Touch
3023,11199,254,Last-Touch
3024,11208,117,Last-Touch
3025,11212,129,Last-Touch
3026,11218,450,Last-Touch
3027,11219,301,Last-Touch
3028,11223,93,Last-Touch
3029,11224,23,Last-Touch
3030,11225,338,Last-Touch
3031,11226,262,Last-Touch
3032,11227,49,Last-Touch
3033,11231,156,Last-Touch
3034,11232,46,Last-Touch
3035,11233,144,Last-Touch
3036,11234,13,Last-Touch
3037,11237,231,Last-Touch
3038,11242,208,Last-Touch
3039,11243,371,Last-Touch
3040,11244,189,Last-Touch
3041,11247,159,Last-Touch
3042,11256,425,Last-Touch
3043,11261,375,Last-Touch
3044,11262,239,Last-Touch
3045,11264,450,Last-Touch
3046,11272,242,Last-Touch
3047,11276,218,Last-Touch
3048,11277,272,Last-Touch
3049,11278,118,Last-Touch
3050,11279,37,Last-Touch
3051,11283,331,Last-Touch
3052,11286,227,Last-Touch
3053,11287,382,Last-Touch
3054,11293,319,Last-Touch
3055,11295,331,Last-Touch
3056,11298,397,Last-Touch
3057,11299,168,Last-Touch
3058,11301,24,Last-Touch
3059,11302,482,Last-Touch
3060,11309,337,Last-Touch
3061,11313,72,Last-Touch
3062,11321,162,Last-Touch
3063,11323,312,Last-Touch
3064,11324,192,Last-Touch
3065,11326,17,Last-Touch
3066,11327,354,Last-Touch
3067,11335,352,Last-Touch
3068,11341,119,Last-Touch
3069,11345,254,Last-Touch
3070,11346,162,Last-Touch
3071,11356,380,Last-Touch
3072,11366,235,Last-Touch
3073,11368,401,Last-Touch
3074,11381,264,Last-Touch
3075,11382,446,Last-Touch
3076,11392,354,Last-Touch
3077,11399,309,Last-Touch
3078,11405,199,Last-Touch
3079,11406,348,Last-Touch
3080,11407,374,Last-Touch
3081,11416,84,Last-Touch
3082,11417,83,Last-Touch
3083,11419,270,Last-Touch
3084,11422,340,Last-Touch
3085,11425,131,Last-Touch
3086,11426,279,Last-Touch
3087,11428,467,Last-Touch
3088,11430,380,Last-Touch
3089,11432,92,Last-Touch
3090,11434,185,Last-Touch
3091,11435,130,Last-Touch
3092,11442,432,Last-Touch
3093,11448,388,Last-Touch
3094,11451,458,Last-Touch
3095,11454,129,Last-Touch
3096,11456,315,Last-Touch
3097,11457,12,Last-Touch
3098,11469,239,Last-Touch
3099,11470,366,Last-Touch
3100,11474,232,Last-Touch
3101,11476,173,Last-Touch
3102,11478,119,Last-Touch
3103,11479,424,Last-Touch
3104,11486,157,Last-Touch
3105,11501,413,Last-Touch
3106,11504,88,Last-Touch
3107,11507,235,Last-Touch
3108,11513,434,Last-Touch
3109,11514,320,Last-Touch
3110,11516,365,Last-Touch
3111,11521,20,Last-Touch
3112,11522,496,Last-Touch
3113,11527,348,Last-Touch
3114,11530,80,Last-Touch
3115,11535,119,Last-Touch
3116,11536,363,Last-Touch
3117,11538,406,Last-Touch
3118,11541,276,Last-Touch
3119,11546,141,Last-Touch
3120,11549,344,Last-Touch
3121,11552,314,Last-Touch
3122,11558,479,Last-Touch
3123,11562,399,Last-Touch
3124,11564,201,Last-Touch
3125,11565,490,Last-Touch
3126,11569,395,Last-Touch
3127,11573,459,Last-Touch
3128,11575,405,Last-Touch
3129,11580,263,Last-Touch
3130,11582,295,Last-Touch
3131,11587,85,Last-Touch
3132,11588,226,Last-Touch
3133,11591,427,Last-Touch
3134,11592,229,Last-Touch
3135,11595,421,Last-Touch
3136,11596,5,Last-Touch
3137,11600,386,Last-Touch
3138,11602,133,Last-Touch
3139,11606,76,Last-Touch
3140,11607,457,Last-Touch
3141,11618,357,Last-Touch
3142,11634,442,Last-Touch
3143,11636,141,Last-Touch
3144,11660,487,Last-Touch
3145,11662,281,Last-Touch
3146,11663,141,Last-Touch
3147,11667,391,Last-Touch
3148,11671,448,Last-Touch
3149,11681,337,Last-Touch
3150,11683,37,Last-Touch
3151,11685,198,Last-Touch
3152,11687,427,Last-Touch
3153,11689,449,Last-Touch
3154,11690,455,Last-Touch
3155,11692,323,Last-Touch
3156,11693,4,Last-Touch
3157,11699,347,Last-Touch
3158,11707,335,Last-Touch
3159,11716,86,Last-Touch
3160,11719,101,Last-Touch
3161,11722,363,Last-Touch
3162,11728,142,Last-Touch
3163,11736,309,Last-Touch
3164,11737,435,Last-Touch
3165,11739,353,Last-Touch
3166,11742,53,Last-Touch
3167,11744,301,Last-Touch
3168,11748,442,Last-Touch
3169,11751,444,Last-Touch
3170,11756,345,Last-Touch
3171,11757,393,Last-Touch
3172,11759,101,Last-Touch
3173,11763,254,Last-Touch
3174,11769,120,Last-Touch
3175,11770,459,Last-Touch
3176,11781,373,Last-Touch
3177,11784,233,Last-Touch
3178,11788,150,Last-Touch
3179,11789,237,Last-Touch
3180,11797,306,Last-Touch
3181,11808,325,Last-Touch
3182,11811,102,Last-Touch
3183,11812,249,Last-Touch
3184,11813,289,Last-Touch
3185,11817,96,Last-Touch
3186,11818,23,Last-Touch
3187,11820,382,Last-Touch
3188,11821,75,Last-Touch
3189,11825,177,Last-Touch
3190,11826,92,Last-Touch
3191,11827,156,Last-Touch
3192,11830,272,Last-Touch
3193,11831,342,Last-Touch
3194,11837,117,Last-Touch
3195,11847,229,Last-Touch
3196,11848,69,Last-Touch
3197,11851,375,Last-Touch
3198,11853,258,Last-Touch
3199,11854,278,Last-Touch
3200,11859,457,Last-Touch
3201,11863,157,Last-Touch
3202,11867,218,Last-Touch
3203,11868,465,Last-Touch
3204,11870,461,Last-Touch
3205,11877,161,Last-Touch
3206,11879,124,Last-Touch
3207,11880,459,Last-Touch
3208,11882,233,Last-Touch
3209,11884,416,Last-Touch
3210,11887,306,Last-Touch
3211,11893,459,Last-Touch
3212,11894,163,Last-Touch
3213,11900,356,Last-Touch
3214,11911,298,Last-Touch
3215,11914,318,Last-Touch
3216,11915,336,Last-Touch
3217,11920,185,Last-Touch
3218,11922,435,Last-Touch
3219,11930,165,Last-Touch
3220,11932,455,Last-Touch
3221,11939,203,Last-Touch
3222,11942,278,Last-Touch
3223,11943,322,Last-Touch
3224,11952,310,Last-Touch
3225,11955,13,Last-Touch
3226,11957,264,Last-Touch
3227,11963,487,Last-Touch
3228,11971,77,Last-Touch
3229,11973,19,Last-Touch
3230,11977,453,Last-Touch
3231,11982,286,Last-Touch
3232,11984,348,Last-Touch
3233,11991,49,Last-Touch
3234,11992,453,Last-Touch
3235,11995,174,Last-Touch
3236,11997,294,Last-Touch
3237,11998,309,Last-Touch
3238,12003,306,Last-Touch
3239,12010,470,Last-Touch
3240,12011,302,Last-Touch
3241,12016,282,Last-Touch
3242,12023,117,Last-Touch
3243,12024,38,Last-Touch
3244,12025,379,Last-Touch
3245,12030,378,Last-Touch
3246,12036,22,Last-Touch
3247,12040,333,Last-Touch
3248,12050,17,Last-Touch
3249,12057,50,Last-Touch
3250,12069,215,Last-Touch
3251,12071,391,Last-Touch
3252,12077,52,Last-Touch
3253,12079,178,Last-Touch
3254,12087,98,Last-Touch
3255,12090,240,Last-Touch
3256,12094,217,Last-Touch
3257,12100,221,Last-Touch
3258,12103,336,Last-Touch
3259,12105,335,Last-Touch
3260,12108,289,Last-Touch
3261,12110,492,Last-Touch
3262,12120,467,Last-Touch
3263,12123,274,Last-Touch
3264,12125,104,Last-Touch
3265,12126,42,Last-Touch
3266,12127,417,Last-Touch
3267,12128,418,Last-Touch
3268,12129,406,Last-Touch
3269,12132,347,Last-Touch
3270,12133,208,Last-Touch
3271,12137,86,Last-Touch
3272,12146,281,Last-Touch
3273,12157,109,Last-Touch
3274,12169,124,Last-Touch
3275,12171,157,Last-Touch
3276,12172,36,Last-Touch
3277,12175,412,Last-Touch
3278,12181,168,Last-Touch
3279,12182,440,Last-Touch
3280,12188,491,Last-Touch
3281,12199,390,Last-Touch
3282,12201,452,Last-Touch
3283,12205,424,Last-Touch
3284,12207,337,Last-Touch
3285,12208,486,Last-Touch
3286,12215,360,Last-Touch
3287,12221,440,Last-Touch
3288,12224,274,Last-Touch
3289,12225,334,Last-Touch
3290,12229,430,Last-Touch
3291,12230,433,Last-Touch
3292,12233,296,Last-Touch
3293,12235,452,Last-Touch
3294,12238,345,Last-Touch
3295,12240,52,Last-Touch
3296,12249,300,Last-Touch
3297,12250,144,Last-Touch
3298,12251,471,Last-Touch
3299,12255,130,Last-Touch
3300,12262,286,Last-Touch
3301,12263,229,Last-Touch
3302,12274,377,Last-Touch
3303,12276,404,Last-Touch
3304,12279,147,Last-Touch
3305,12285,459,Last-Touch
3306,12290,286,Last-Touch
3307,12291,186,Last-Touch
3308,12293,60,Last-Touch
3309,12297,292,Last-Touch
3310,12309,371,Last-Touch
3311,12310,321,Last-Touch
3312,12320,120,Last-Touch
3313,12324,353,Last-Touch
3314,12327,415,Last-Touch
3315,12334,123,Last-Touch
3316,12339,279,Last-Touch
3317,12340,181,Last-Touch
3318,12349,478,Last-Touch
3319,12352,19,Last-Touch
3320,12358,174,Last-Touch
3321,12360,58,Last-Touch
3322,12363,333,Last-Touch
3323,12367,227,Last-Touch
3324,12373,231,Last-Touch
3325,12376,43,Last-Touch
3326,12377,122,Last-Touch
3327,12378,425,Last-Touch
3328,12383,107,Last-Touch
3329,12386,281,Last-Touch
3330,12388,46,Last-Touch
3331,12392,331,Last-Touch
3332,12396,447,Last-Touch
3333,12399,257,Last-Touch
3334,12411,445,Last-Touch
3335,12412,450,Last-Touch
3336,12413,52,Last-Touch
3337,12418,486,Last-Touch
3338,12421,473,Last-Touch
3339,12426,333,Last-Touch
3340,12428,174,Last-Touch
3341,12438,336,Last-Touch
3342,12439,416,Last-Touch
3343,12446,86,Last-Touch
3344,12447,229,Last-Touch
3345,12448,281,Last-Touch
3346,12452,427,Last-Touch
3347,12453,57,Last-Touch
3348,12455,234,Last-Touch
3349,12456,185,Last-Touch
3350,12459,189,Last-Touch
3351,12463,333,Last-Touch
3352,12469,13,Last-Touch
3353,12479,229,Last-Touch
3354,12480,185,Last-Touch
3355,12486,89,Last-Touch
3356,12489,133,Last-Touch
3357,12494,338,Last-Touch
3358,12495,155,Last-Touch
3359,12500,178,Last-Touch
3360,12503,335,Last-Touch
3361,12504,286,Last-Touch
3362,12510,371,Last-Touch
3363,12511,217,Last-Touch
3364,12516,492,Last-Touch
3365,12518,383,Last-Touch
3366,12519,53,Last-Touch
3367,12524,67,Last-Touch
3368,12525,284,Last-Touch
3369,12527,297,Last-Touch
3370,12530,460,Last-Touch
3371,12539,85,Last-Touch
3372,12541,322,Last-Touch
3373,12548,431,Last-Touch
3374,12549,339,Last-Touch
3375,12550,224,Last-Touch
3376,12555,130,Last-Touch
3377,12556,402,Last-Touch
3378,12559,101,Last-Touch
3379,12562,129,Last-Touch
3380,12567,155,Last-Touch
3381,12568,218,Last-Touch
3382,12575,337,Last-Touch
3383,12592,84,Last-Touch
3384,12597,397,Last-Touch
3385,12606,75,Last-Touch
3386,12607,421,Last-Touch
3387,12610,306,Last-Touch
3388,12611,227,Last-Touch
3389,12612,157,Last-Touch
3390,12618,297,Last-Touch
3391,12619,498,Last-Touch
3392,12622,172,Last-Touch
3393,12623,50,Last-Touch
3394,12625,344,Last-Touch
3395,12629,466,Last-Touch
3396,12630,114,Last-Touch
3397,12631,13,Last-Touch
3398,12635,482,Last-Touch
3399,12640,267,Last-Touch
3400,12641,114,Last-Touch
3401,12647,104,Last-Touch
3402,12658,101,Last-Touch
3403,12672,171,Last-Touch
3404,12674,337,Last-Touch
3405,12677,65,Last-Touch
3406,12697,338,Last-Touch
3407,12698,12,Last-Touch
3408,12699,157,Last-Touch
3409,12704,239,Last-Touch
3410,12709,65,Last-Touch
3411,12710,457,Last-Touch
3412,12712,448,Last-Touch
3413,12717,428,Last-Touch
3414,12721,201,Last-Touch
3415,12726,20,Last-Touch
3416,12729,126,Last-Touch
3417,12733,469,Last-Touch
3418,12743,52,Last-Touch
3419,12744,454,Last-Touch
3420,12749,398,Last-Touch
3421,12752,91,Last-Touch
3422,12753,486,Last-Touch
3423,12757,386,Last-Touch
3424,12759,252,Last-Touch
3425,12763,157,Last-Touch
3426,12764,454,Last-Touch
3427,12765,320,Last-Touch
3428,12771,51,Last-Touch
3429,12775,446,Last-Touch
3430,12779,46,Last-Touch
3431,12780,383,Last-Touch
3432,12781,467,Last-Touch
3433,12789,227,Last-Touch
3434,12790,279,Last-Touch
3435,12794,214,Last-Touch
3436,12796,30,Last-Touch
3437,12797,90,Last-Touch
3438,12800,472,Last-Touch
3439,12802,211,Last-Touch
3440,12805,462,Last-Touch
3441,12808,53,Last-Touch
3442,12813,435,Last-Touch
3443,12815,44,Last-Touch
3444,12819,414,Last-Touch
3445,12823,350,Last-Touch
3446,12824,313,Last-Touch
3447,12829,252,Last-Touch
3448,12830,404,Last-Touch
3449,12834,371,Last-Touch
3450,12841,282,Last-Touch
3451,12843,69,Last-Touch
3452,12844,467,Last-Touch
3453,12848,443,Last-Touch
3454,12849,429,Last-Touch
3455,12852,471,Last-Touch
3456,12853,310,Last-Touch
3457,12855,7,Last-Touch
3458,12858,453,Last-Touch
3459,12861,45,Last-Touch
3460,12862,150,Last-Touch
3461,12866,492,Last-Touch
3462,12867,410,Last-Touch
3463,12874,46,Last-Touch
3464,12878,352,Last-Touch
3465,12884,372,Last-Touch
3466,12885,286,Last-Touch
3467,12886,268,Last-Touch
3468,12887,489,Last-Touch
3469,12888,284,Last-Touch
3470,12890,140,Last-Touch
3471,12892,306,Last-Touch
3472,12893,384,Last-Touch
3473,12894,273,Last-Touch
3474,12900,51,Last-Touch
3475,12903,277,Last-Touch
3476,12908,89,Last-Touch
3477,12911,57,Last-Touch
3478,12914,396,Last-Touch
3479,12915,493,Last-Touch
3480,12916,148,Last-Touch
3481,12920,136,Last-Touch
3482,12921,425,Last-Touch
3483,12923,67,Last-Touch
3484,12930,277,Last-Touch
3485,12931,77,Last-Touch
3486,12933,262,Last-Touch
3487,12936,111,Last-Touch
3488,12938,227,Last-Touch
3489,12943,487,Last-Touch
3490,12947,460,Last-Touch
3491,12948,89,Last-Touch
3492,12957,231,Last-Touch
3493,12966,92,Last-Touch
3494,12968,295,Last-Touch
3495,12970,72,Last-Touch
3496,12978,156,Last-Touch
3497,12979,19,Last-Touch
3498,12980,395,Last-Touch
3499,12984,77,Last-Touch
3500,12989,74,Last-Touch
3501,12990,262,Last-Touch
3502,12996,440,Last-Touch
3503,12998,409,Last-Touch
3504,13005,334,Last-Touch
3505,13008,252,Last-Touch
3506,13014,210,Last-Touch
3507,13015,80,Last-Touch
3508,13020,239,Last-Touch
3509,13021,310,Last-Touch
3510,13025,390,Last-Touch
3511,13027,124,Last-Touch
3512,13030,154,Last-Touch
3513,13034,59,Last-Touch
3514,13035,356,Last-Touch
3515,13038,281,Last-Touch
3516,13040,395,Last-Touch
3517,13044,435,Last-Touch
3518,13050,429,Last-Touch
3519,13053,410,Last-Touch
3520,13054,13,Last-Touch
3521,13059,63,Last-Touch
3522,13061,271,Last-Touch
3523,13062,249,Last-Touch
3524,13064,144,Last-Touch
3525,13067,391,Last-Touch
3526,13075,418,Last-Touch
3527,13080,277,Last-Touch
3528,13083,262,Last-Touch
3529,13084,299,Last-Touch
3530,13093,93,Last-Touch
3531,13094,169,Last-Touch
3532,13098,300,Last-Touch
3533,13099,412,Last-Touch
3534,13102,46,Last-Touch
3535,13105,159,Last-Touch
3536,13108,89,Last-Touch
3537,13116,233,Last-Touch
3538,13118,266,Last-Touch
3539,13122,19,Last-Touch
3540,13125,478,Last-Touch
3541,13127,98,Last-Touch
3542,13131,374,Last-Touch
3543,13133,337,Last-Touch
3544,13135,329,Last-Touch
3545,13138,53,Last-Touch
3546,13139,306,Last-Touch
3547,13144,262,Last-Touch
3548,13147,466,Last-Touch
3549,13162,97,Last-Touch
3550,13163,448,Last-Touch
3551,13169,292,Last-Touch
3552,13171,174,Last-Touch
3553,13172,19,Last-Touch
3554,13187,163,Last-Touch
3555,13189,311,Last-Touch
3556,13190,207,Last-Touch
3557,13197,163,Last-Touch
3558,13200,397,Last-Touch
3559,13203,429,Last-Touch
3560,13207,34,Last-Touch
3561,13232,171,Last-Touch
3562,13236,459,Last-Touch
3563,13238,428,Last-Touch
3564,13243,366,Last-Touch
3565,13245,279,Last-Touch
3566,13248,341,Last-Touch
3567,13249,40,Last-Touch
3568,13251,448,Last-Touch
3569,13259,38,Last-Touch
3570,13260,240,Last-Touch
3571,13262,219,Last-Touch
3572,13264,433,Last-Touch
3573,13267,144,Last-Touch
3574,13268,231,Last-Touch
3575,13270,209,Last-Touch
3576,13271,247,Last-Touch
3577,13275,239,Last-Touch
3578,13278,267,Last-Touch
3579,13282,352,Last-Touch
3580,13283,455,Last-Touch
3581,13285,216,Last-Touch
3582,13287,495,Last-Touch
3583,13297,391,Last-Touch
3584,13300,282,Last-Touch
3585,13306,483,Last-Touch
3586,13307,364,Last-Touch
3587,13308,137,Last-Touch
3588,13311,382,Last-Touch
3589,13312,10,Last-Touch
3590,13317,310,Last-Touch
3591,13318,433,Last-Touch
3592,13325,6,Last-Touch
3593,13330,389,Last-Touch
3594,13333,274,Last-Touch
3595,13339,31,Last-Touch
3596,13342,266,Last-Touch
3597,13346,262,Last-Touch
3598,13355,416,Last-Touch
3599,13356,410,Last-Touch
3600,13357,338,Last-Touch
3601,13359,331,Last-Touch
3602,13360,437,Last-Touch
3603,13361,306,Last-Touch
3604,13366,452,Last-Touch
3605,13367,386,Last-Touch
3606,13368,148,Last-Touch
3607,13369,428,Last-Touch
3608,13370,131,Last-Touch
3609,13375,179,Last-Touch
3610,13376,40,Last-Touch
3611,13378,334,Last-Touch
3612,13382,35,Last-Touch
3613,13390,291,Last-Touch
3614,13399,499,Last-Touch
3615,13405,460,Last-Touch
3616,13406,78,Last-Touch
3617,13407,462,Last-Touch
3618,13410,233,Last-Touch
3619,13415,49,Last-Touch
3620,13417,284,Last-Touch
3621,13424,350,Last-Touch
3622,13425,350,Last-Touch
3623,13433,209,Last-Touch
3624,13434,308,Last-Touch
3625,13444,470,Last-Touch
3626,13452,403,Last-Touch
3627,13453,446,Last-Touch
3628,13455,281,Last-Touch
3629,13456,210,Last-Touch
3630,13457,457,Last-Touch
3631,13467,452,Last-Touch
3632,13475,13,Last-Touch
3633,13476,372,Last-Touch
3634,13477,264,Last-Touch
3635,13482,49,Last-Touch
3636,13484,331,Last-Touch
3637,13489,114,Last-Touch
3638,13509,19,Last-Touch
3639,13511,217,Last-Touch
3640,13515,72,Last-Touch
3641,13518,219,Last-Touch
3642,13521,352,Last-Touch
3643,13522,233,Last-Touch
3644,13530,58,Last-Touch
3645,13532,379,Last-Touch
3646,13537,447,Last-Touch
3647,13539,493,Last-Touch
3648,13541,310,Last-Touch
3649,13542,52,Last-Touch
3650,13543,378,Last-Touch
3651,13545,397,Last-Touch
3652,13547,491,Last-Touch
3653,13548,103,Last-Touch
3654,13549,52,Last-Touch
3655,13557,86,Last-Touch
3656,13559,8,Last-Touch
3657,13565,477,Last-Touch
3658,13568,70,Last-Touch
3659,13569,46,Last-Touch
3660,13570,237,Last-Touch
3661,13571,223,Last-Touch
3662,13577,73,Last-Touch
3663,13579,184,Last-Touch
3664,13585,163,Last-Touch
3665,13587,429,Last-Touch
3666,13588,302,Last-Touch
3667,13590,416,Last-Touch
3668,13591,40,Last-Touch
3669,13595,405,Last-Touch
3670,13602,336,Last-Touch
3671,13603,14,Last-Touch
3672,13614,49,Last-Touch
3673,13621,337,Last-Touch
3674,13624,311,Last-Touch
3675,13625,396,Last-Touch
3676,13632,392,Last-Touch
3677,13635,323,Last-Touch
3678,13636,457,Last-Touch
3679,13639,309,Last-Touch
3680,13641,232,Last-Touch
3681,13646,397,Last-Touch
3682,13647,482,Last-Touch
3683,13648,429,Last-Touch
3684,13650,38,Last-Touch
3685,13651,444,Last-Touch
3686,13660,106,Last-Touch
3687,13662,92,Last-Touch
3688,13666,71,Last-Touch
3689,13671,383,Last-Touch
3690,13673,366,Last-Touch
3691,13675,391,Last-Touch
3692,13677,299,Last-Touch
3693,13678,174,Last-Touch
3694,13680,309,Last-Touch
3695,13686,306,Last-Touch
3696,13687,8,Last-Touch
3697,13688,350,Last-Touch
3698,13689,37,Last-Touch
3699,13690,134,Last-Touch
3700,13695,455,Last-Touch
3701,13696,124,Last-Touch
3702,13699,309,Last-Touch
3703,13704,411,Last-Touch
3704,13705,56,Last-Touch
3705,13710,235,Last-Touch
3706,13715,284,Last-Touch
3707,13723,52,Last-Touch
3708,13728,482,Last-Touch
3709,13741,333,Last-Touch
3710,13747,362,Last-Touch
3711,13754,8,Last-Touch
3712,13758,60,Last-Touch
3713,13760,362,Last-Touch
3714,13764,85,Last-Touch
3715,13770,304,Last-Touch
3716,13772,467,Last-Touch
3717,13777,233,Last-Touch
3718,13799,273,Last-Touch
3719,13800,455,Last-Touch
3720,13807,457,Last-Touch
3721,13808,400,Last-Touch
3722,13812,155,Last-Touch
3723,13815,122,Last-Touch
3724,13819,150,Last-Touch
3725,13829,478,Last-Touch
3726,13830,38,Last-Touch
3727,13831,289,Last-Touch
3728,13833,155,Last-Touch
3729,13838,219,Last-Touch
3730,13841,127,Last-Touch
3731,13845,162,Last-Touch
3732,13847,48,Last-Touch
3733,13848,459,Last-Touch
3734,13851,95,Last-Touch
3735,13852,326,Last-Touch
3736,13853,418,Last-Touch
3737,13859,482,Last-Touch
3738,13860,69,Last-Touch
3739,13863,57,Last-Touch
3740,13864,346,Last-Touch
3741,13866,83,Last-Touch
3742,13869,119,Last-Touch
3743,13871,485,Last-Touch
3744,13874,432,Last-Touch
3745,13876,153,Last-Touch
3746,13886,333,Last-Touch
3747,13894,78,Last-Touch
3748,13899,162,Last-Touch
3749,13900,95,Last-Touch
3750,13901,129,Last-Touch
3751,13902,250,Last-Touch
3752,13908,373,Last-Touch
3753,13919,292,Last-Touch
3754,13921,101,Last-Touch
3755,13922,102,Last-Touch
3756,13924,467,Last-Touch
3757,13926,166,Last-Touch
3758,13939,344,Last-Touch
3759,13948,333,Last-Touch
3760,13955,487,Last-Touch
3761,13956,229,Last-Touch
3762,13957,336,Last-Touch
3763,13959,325,Last-Touch
3764,13960,121,Last-Touch
3765,13962,459,Last-Touch
3766,13971,354,Last-Touch
3767,13973,393,Last-Touch
3768,13974,240,Last-Touch
3769,13983,59,Last-Touch
3770,13990,435,Last-Touch
3771,13998,286,Last-Touch
3772,14002,462,Last-Touch
3773,14004,223,Last-Touch
3774,14009,215,Last-Touch
3775,14014,472,Last-Touch
3776,14019,470,Last-Touch
3777,14020,483,Last-Touch
3778,14021,192,Last-Touch
3779,14028,359,Last-Touch
3780,14029,434,Last-Touch
3781,14035,500,Last-Touch
3782,14036,333,Last-Touch
3783,14041,474,Last-Touch
3784,14042,371,Last-Touch
3785,14043,15,Last-Touch
3786,14047,486,Last-Touch
3787,14055,489,Last-Touch
3788,14059,231,Last-Touch
3789,14060,72,Last-Touch
3790,14067,338,Last-Touch
3791,14069,67,Last-Touch
3792,14071,332,Last-Touch
3793,14072,374,Last-Touch
3794,14074,367,Last-Touch
3795,14075,235,Last-Touch
3796,14076,396,Last-Touch
3797,14078,404,Last-Touch
3798,14086,306,Last-Touch
3799,14097,409,Last-Touch
3800,14099,442,Last-Touch
3801,14100,362,Last-Touch
3802,14110,208,Last-Touch
3803,14115,418,Last-Touch
3804,14121,278,Last-Touch
3805,14123,87,Last-Touch
3806,14127,114,Last-Touch
3807,14131,120,Last-Touch
3808,14132,398,Last-Touch
3809,14133,404,Last-Touch
3810,14137,119,Last-Touch
3811,14139,134,Last-Touch
3812,14144,424,Last-Touch
3813,14145,356,Last-Touch
3814,14146,55,Last-Touch
3815,14148,356,Last-Touch
3816,14156,492,Last-Touch
3817,14167,205,Last-Touch
3818,14169,371,Last-Touch
3819,14172,391,Last-Touch
3820,14175,154,Last-Touch
3821,14178,469,Last-Touch
3822,14183,70,Last-Touch
3823,14185,233,Last-Touch
3824,14190,33,Last-Touch
3825,14192,383,Last-Touch
3826,14198,142,Last-Touch
3827,14202,428,Last-Touch
3828,14204,386,Last-Touch
3829,14205,258,Last-Touch
3830,14212,498,Last-Touch
3831,14215,274,Last-Touch
3832,14225,47,Last-Touch
3833,14226,257,Last-Touch
3834,14229,136,Last-Touch
3835,14232,119,Last-Touch
3836,14235,198,Last-Touch
3837,14237,146,Last-Touch
3838,14238,411,Last-Touch
3839,14241,1,Last-Touch
3840,14243,85,Last-Touch
3841,14247,112,Last-Touch
3842,14248,489,Last-Touch
3843,14250,127,Last-Touch
3844,14253,468,Last-Touch
3845,14257,254,Last-Touch
3846,14258,28,Last-Touch
3847,14260,112,Last-Touch
3848,14264,278,Last-Touch
3849,14266,371,Last-Touch
3850,14267,468,Last-Touch
3851,14268,443,Last-Touch
3852,14270,155,Last-Touch
3853,14271,464,Last-Touch
3854,14272,288,Last-Touch
3855,14273,97,Last-Touch
3856,14278,98,Last-Touch
3857,14279,310,Last-Touch
3858,14280,243,Last-Touch
3859,14281,496,Last-Touch
3860,14282,391,Last-Touch
3861,14283,350,Last-Touch
3862,14285,374,Last-Touch
3863,14289,284,Last-Touch
3864,14293,374,Last-Touch
3865,14297,55,Last-Touch
3866,14309,223,Last-Touch
3867,14317,106,Last-Touch
3868,14321,184,Last-Touch
3869,14322,348,Last-Touch
3870,14326,30,Last-Touch
3871,14329,278,Last-Touch
3872,14334,356,Last-Touch
3873,14335,370,Last-Touch
3874,14336,424,Last-Touch
3875,14342,64,Last-Touch
3876,14355,184,Last-Touch
3877,14361,361,Last-Touch
3878,14364,162,Last-Touch
3879,14365,73,Last-Touch
3880,14366,373,Last-Touch
3881,14378,133,Last-Touch
3882,14379,20,Last-Touch
3883,14381,8,Last-Touch
3884,14383,165,Last-Touch
3885,14390,90,Last-Touch
3886,14391,252,Last-Touch
3887,14395,197,Last-Touch
3888,14399,278,Last-Touch
3889,14410,310,Last-Touch
3890,14411,482,Last-Touch
3891,14416,272,Last-Touch
3892,14419,351,Last-Touch
3893,14427,449,Last-Touch
3894,14428,201,Last-Touch
3895,14431,201,Last-Touch
3896,14434,142,Last-Touch
3897,14437,282,Last-Touch
3898,14440,425,Last-Touch
3899,14442,314,Last-Touch
3900,14444,70,Last-Touch
3901,14445,19,Last-Touch
3902,14452,235,Last-Touch
3903,14453,86,Last-Touch
3904,14454,240,Last-Touch
3905,14456,291,Last-Touch
3906,14457,77,Last-Touch
3907,14458,350,Last-Touch
3908,14464,364,Last-Touch
3909,14467,446,Last-Touch
3910,14476,169,Last-Touch
3911,14479,98,Last-Touch
3912,14485,121,Last-Touch
3913,14490,232,Last-Touch
3914,14491,24,Last-Touch
3915,14496,309,Last-Touch
3916,14498,362,Last-Touch
3917,14500,43,Last-Touch
3918,14505,98,Last-Touch
3919,14507,241,Last-Touch
3920,14513,203,Last-Touch
3921,14517,178,Last-Touch
3922,14524,60,Last-Touch
3923,14527,119,Last-Touch
3924,14530,5,Last-Touch
3925,14531,91,Last-Touch
3926,14534,366,Last-Touch
3927,14536,217,Last-Touch
3928,14539,233,Last-Touch
3929,14540,208,Last-Touch
3930,14544,52,Last-Touch
3931,14546,460,Last-Touch
3932,14558,57,Last-Touch
3933,14561,338,Last-Touch
3934,14565,57,Last-Touch
3935,14568,14,Last-Touch
3936,14569,353,Last-Touch
3937,14571,413,Last-Touch
3938,14572,136,Last-Touch
3939,14574,311,Last-Touch
3940,14575,123,Last-Touch
3941,14577,140,Last-Touch
3942,14582,430,Last-Touch
3943,14583,380,Last-Touch
3944,14598,227,Last-Touch
3945,14600,418,Last-Touch
3946,14606,38,Last-Touch
3947,14608,30,Last-Touch
3948,14609,366,Last-Touch
3949,14614,148,Last-Touch
3950,14615,452,Last-Touch
3951,14621,336,Last-Touch
3952,14627,89,Last-Touch
3953,14637,455,Last-Touch
3954,14638,227,Last-Touch
3955,14640,247,Last-Touch
3956,14641,353,Last-Touch
3957,14642,155,Last-Touch
3958,14647,338,Last-Touch
3959,14650,207,Last-Touch
3960,14652,324,Last-Touch
3961,14653,244,Last-Touch
3962,14654,77,Last-Touch
3963,14655,389,Last-Touch
3964,14659,155,Last-Touch
3965,14661,364,Last-Touch
3966,14665,69,Last-Touch
3967,14670,489,Last-Touch
3968,14681,456,Last-Touch
3969,14686,4,Last-Touch
3970,14692,380,Last-Touch
3971,14698,140,Last-Touch
3972,14699,431,Last-Touch
3973,14701,378,Last-Touch
3974,14702,215,Last-Touch
3975,14710,482,Last-Touch
3976,14712,311,Last-Touch
3977,14714,485,Last-Touch
3978,14715,231,Last-Touch
3979,14728,254,Last-Touch
3980,14732,231,Last-Touch
3981,14734,342,Last-Touch
3982,14736,418,Last-Touch
3983,14738,254,Last-Touch
3984,14741,58,Last-Touch
3985,14742,57,Last-Touch
3986,14743,367,Last-Touch
3987,14745,480,Last-Touch
3988,14749,6,Last-Touch
3989,14751,470,Last-Touch
3990,14752,203,Last-Touch
3991,14753,173,Last-Touch
3992,14754,418,Last-Touch
3993,14755,163,Last-Touch
3994,14757,404,Last-Touch
3995,14759,452,Last-Touch
3996,14761,390,Last-Touch
3997,14763,218,Last-Touch
3998,14767,38,Last-Touch
3999,14768,87,Last-Touch
4000,14777,229,Last-Touch
4001,14778,453,Last-Touch
4002,14779,225,Last-Touch
4003,14782,428,Last-Touch
4004,14787,364,Last-Touch
4005,14792,128,Last-Touch
4006,14795,493,Last-Touch
4007,14796,460,Last-Touch
4008,14798,336,Last-Touch
4009,14803,85,Last-Touch
4010,14819,162,Last-Touch
4011,14823,282,Last-Touch
4012,14824,6,Last-Touch
4013,14826,44,Last-Touch
4014,14830,452,Last-Touch
4015,14831,154,Last-Touch
4016,14837,392,Last-Touch
4017,14839,326,Last-Touch
4018,14841,379,Last-Touch
4019,14843,486,Last-Touch
4020,14854,402,Last-Touch
4021,14856,155,Last-Touch
4022,14858,483,Last-Touch
4023,14860,376,Last-Touch
4024,14869,428,Last-Touch
4025,14871,237,Last-Touch
4026,14872,36,Last-Touch
4027,14875,144,Last-Touch
4028,14882,286,Last-Touch
4029,14886,235,Last-Touch
4030,14893,431,Last-Touch
4031,14895,317,Last-Touch
4032,14897,55,Last-Touch
4033,14900,290,Last-Touch
4034,14912,53,Last-Touch
4035,14921,36,Last-Touch
4036,14924,452,Last-Touch
4037,14926,448,Last-Touch
4038,14931,355,Last-Touch
4039,14932,43,Last-Touch
4040,14933,190,Last-Touch
4041,14938,101,Last-Touch
4042,14946,447,Last-Touch
4043,14947,80,Last-Touch
4044,14948,218,Last-Touch
4045,14949,104,Last-Touch
4046,14953,24,Last-Touch
4047,14956,30,Last-Touch
4048,14957,372,Last-Touch
4049,14958,429,Last-Touch
4050,14963,248,Last-Touch
4051,14969,233,Last-Touch
4052,14970,140,Last-Touch
4053,14971,479,Last-Touch
4054,14975,386,Last-Touch
4055,14979,72,Last-Touch
4056,14980,64,Last-Touch
4057,14982,48,Last-Touch
4058,14988,46,Last-Touch
4059,14992,112,Last-Touch
4060,14999,365,Last-Touch
4061,15007,101,Last-Touch
4062,15008,89,Last-Touch
4063,15012,299,Last-Touch
4064,15021,425,Last-Touch
4065,15027,100,Last-Touch
4066,15037,410,Last-Touch
4067,15041,225,Last-Touch
4068,15042,55,Last-Touch
4069,15043,353,Last-Touch
4070,15049,162,Last-Touch
4071,15054,137,Last-Touch
4072,15055,291,Last-Touch
4073,15057,54,Last-Touch
4074,15067,353,Last-Touch
4075,15069,53,Last-Touch
4076,15070,43,Last-Touch
4077,15072,240,Last-Touch
4078,15076,328,Last-Touch
4079,15077,53,Last-Touch
4080,15081,281,Last-Touch
4081,15089,5,Last-Touch
4082,15093,17,Last-Touch
4083,15094,405,Last-Touch
4084,15096,414,Last-Touch
4085,15099,48,Last-Touch
4086,15100,104,Last-Touch
4087,15101,479,Last-Touch
4088,15102,452,Last-Touch
4089,15103,38,Last-Touch
4090,15105,195,Last-Touch
4091,15109,46,Last-Touch
4092,15110,239,Last-Touch
4093,15111,36,Last-Touch
4094,15120,362,Last-Touch
4095,15122,228,Last-Touch
4096,15124,37,Last-Touch
4097,15132,478,Last-Touch
4098,15135,87,Last-Touch
4099,15138,431,Last-Touch
4100,15141,465,Last-Touch
4101,15142,465,Last-Touch
4102,15143,244,Last-Touch
4103,15144,85,Last-Touch
4104,15145,41,Last-Touch
4105,15147,55,Last-Touch
4106,15157,232,Last-Touch
4107,15159,275,Last-Touch
4108,15161,47,Last-Touch
4109,15166,69,Last-Touch
4110,15168,217,Last-Touch
4111,15170,319,Last-Touch
4112,15173,447,Last-Touch
4113,15179,177,Last-Touch
4114,15184,386,Last-Touch
4115,15193,471,Last-Touch
4116,15194,344,Last-Touch
4117,15196,150,Last-Touch
4118,15197,182,Last-Touch
4119,15198,434,Last-Touch
4120,15199,493,Last-Touch
4121,15202,459,Last-Touch
4122,15207,308,Last-Touch
4123,15214,178,Last-Touch
4124,15215,382,Last-Touch
4125,15219,306,Last-Touch
4126,15220,429,Last-Touch
4127,15229,282,Last-Touch
4128,15231,333,Last-Touch
4129,15235,386,Last-Touch
4130,15240,445,Last-Touch
4131,15241,178,Last-Touch
4132,15245,168,Last-Touch
4133,15255,38,Last-Touch
4134,15262,353,Last-Touch
4135,15267,201,Last-Touch
4136,15269,376,Last-Touch
4137,15270,200,Last-Touch
4138,15271,440,Last-Touch
4139,15279,201,Last-Touch
4140,15286,52,Last-Touch
4141,15292,56,Last-Touch
4142,15296,311,Last-Touch
4143,15298,325,Last-Touch
4144,15299,100,Last-Touch
4145,15301,309,Last-Touch
4146,15314,410,Last-Touch
4147,15319,323,Last-Touch
4148,15323,455,Last-Touch
4149,15325,413,Last-Touch
4150,15328,378,Last-Touch
4151,15335,351,Last-Touch
4152,15336,223,Last-Touch
4153,15341,280,Last-Touch
4154,15347,79,Last-Touch
4155,15352,428,Last-Touch
4156,15359,136,Last-Touch
4157,15364,328,Last-Touch
4158,15369,171,Last-Touch
4159,15372,144,Last-Touch
4160,15378,378,Last-Touch
4161,15380,434,Last-Touch
4162,15397,79,Last-Touch
4163,15403,428,Last-Touch
4164,15406,48,Last-Touch
4165,15412,80,Last-Touch
4166,15422,19,Last-Touch
4167,15424,284,Last-Touch
4168,15427,20,Last-Touch
4169,15436,38,Last-Touch
4170,15440,294,Last-Touch
4171,15444,403,Last-Touch
4172,15448,169,Last-Touch
4173,15451,110,Last-Touch
4174,15452,470,Last-Touch
4175,15455,10,Last-Touch
4176,15460,240,Last-Touch
4177,15477,479,Last-Touch
4178,15481,63,Last-Touch
4179,15482,414,Last-Touch
4180,15487,166,Last-Touch
4181,15489,383,Last-Touch
4182,15495,64,Last-Touch
4183,15500,85,Last-Touch
4184,15509,338,Last-Touch
4185,15514,53,Last-Touch
4186,15519,272,Last-Touch
4187,15522,67,Last-Touch
4188,15524,113,Last-Touch
4189,15525,251,Last-Touch
4190,15527,498,Last-Touch
4191,15528,60,Last-Touch
4192,15533,274,Last-Touch
4193,15541,342,Last-Touch
4194,15542,366,Last-Touch
4195,15546,58,Last-Touch
4196,15547,284,Last-Touch
4197,15550,110,Last-Touch
4198,15551,413,Last-Touch
4199,15553,153,Last-Touch
4200,15554,487,Last-Touch
4201,15558,386,Last-Touch
4202,15559,217,Last-Touch
4203,15564,424,Last-Touch
4204,15568,338,Last-Touch
4205,15573,403,Last-Touch
4206,15579,192,Last-Touch
4207,15591,378,Last-Touch
4208,15597,156,Last-Touch
4209,15601,30,Last-Touch
4210,15606,333,Last-Touch
4211,15607,485,Last-Touch
4212,15609,23,Last-Touch
4213,15612,280,Last-Touch
4214,15616,110,Last-Touch
4215,15617,347,Last-Touch
4216,15624,252,Last-Touch
4217,15626,340,Last-Touch
4218,15627,349,Last-Touch
4219,15629,418,Last-Touch
4220,15633,281,Last-Touch
4221,15634,70,Last-Touch
4222,15645,402,Last-Touch
4223,15649,373,Last-Touch
4224,15653,147,Last-Touch
4225,15654,75,Last-Touch
4226,15663,389,Last-Touch
4227,15665,132,Last-Touch
4228,15680,280,Last-Touch
4229,15684,40,Last-Touch
4230,15689,434,Last-Touch
4231,15691,259,Last-Touch
4232,15692,417,Last-Touch
4233,15694,351,Last-Touch
4234,15695,132,Last-Touch
4235,15697,492,Last-Touch
4236,15698,174,Last-Touch
4237,15700,174,Last-Touch
4238,15704,421,Last-Touch
4239,15706,287,Last-Touch
4240,15707,162,Last-Touch
4241,15711,488,Last-Touch
4242,15712,126,Last-Touch
4243,15723,262,Last-Touch
4244,15728,372,Last-Touch
4245,15730,264,Last-Touch
4246,15733,386,Last-Touch
4247,15734,51,Last-Touch
4248,15735,9,Last-Touch
4249,15737,362,Last-Touch
4250,15740,344,Last-Touch
4251,15745,56,Last-Touch
4252,15748,185,Last-Touch
4253,15756,277,Last-Touch
4254,15765,6,Last-Touch
4255,15770,467,Last-Touch
4256,15778,470,Last-Touch
4257,15786,433,Last-Touch
4258,15787,413,Last-Touch
4259,15790,46,Last-Touch
4260,15793,217,Last-Touch
4261,15797,87,Last-Touch
4262,15799,453,Last-Touch
4263,15812,148,Last-Touch
4264,15815,426,Last-Touch
4265,15820,316,Last-Touch
4266,15825,404,Last-Touch
4267,15828,409,Last-Touch
4268,15829,189,Last-Touch
4269,15830,162,Last-Touch
4270,15831,108,Last-Touch
4271,15834,402,Last-Touch
4272,15835,308,Last-Touch
4273,15836,190,Last-Touch
4274,15843,154,Last-Touch
4275,15846,138,Last-Touch
4276,15847,229,Last-Touch
4277,15850,274,Last-Touch
4278,15857,73,Last-Touch
4279,15859,177,Last-Touch
4280,15863,130,Last-Touch
4281,15865,347,Last-Touch
4282,15869,335,Last-Touch
4283,15871,309,Last-Touch
4284,15873,177,Last-Touch
4285,15877,108,Last-Touch
4286,15879,205,Last-Touch
4287,15881,34,Last-Touch
4288,15882,79,Last-Touch
4289,15883,231,Last-Touch
4290,15885,478,Last-Touch
4291,15887,388,Last-Touch
4292,15888,86,Last-Touch
4293,15891,356,Last-Touch
4294,15893,389,Last-Touch
4295,15898,217,Last-Touch
4296,15901,311,Last-Touch
4297,15906,44,Last-Touch
4298,15907,263,Last-Touch
4299,15914,337,Last-Touch
4300,15916,207,Last-Touch
4301,15917,38,Last-Touch
4302,15924,374,Last-Touch
4303,15926,489,Last-Touch
4304,15927,254,Last-Touch
4305,15928,9,Last-Touch
4306,15930,241,Last-Touch
4307,15936,112,Last-Touch
4308,15947,101,Last-Touch
4309,15955,378,Last-Touch
4310,15963,363,Last-Touch
4311,15965,391,Last-Touch
4312,15970,410,Last-Touch
4313,15972,371,Last-Touch
4314,15977,252,Last-Touch
4315,15982,140,Last-Touch
4316,15987,247,Last-Touch
4317,15993,106,Last-Touch
4318,15994,52,Last-Touch
4319,15996,23,Last-Touch
4320,15999,382,Last-Touch
4321,16000,337,Last-Touch
4322,16006,409,Last-Touch
4323,16015,181,Last-Touch
4324,16021,207,Last-Touch
4325,16023,491,Last-Touch
4326,16024,114,Last-Touch
4327,16025,60,Last-Touch
4328,16028,362,Last-Touch
4329,16035,240,Last-Touch
4330,16039,59,Last-Touch
4331,16042,282,Last-Touch
4332,16043,335,Last-Touch
4333,16051,335,Last-Touch
4334,16054,352,Last-Touch
4335,16055,75,Last-Touch
4336,16058,36,Last-Touch
4337,16059,325,Last-Touch
4338,16061,470,Last-Touch
4339,16062,104,Last-Touch
4340,16063,447,Last-Touch
4341,16064,100,Last-Touch
4342,16071,360,Last-Touch
4343,16073,201,Last-Touch
4344,16075,140,Last-Touch
4345,16076,446,Last-Touch
4346,16079,380,Last-Touch
4347,16087,362,Last-Touch
4348,16089,209,Last-Touch
4349,16096,60,Last-Touch
4350,16099,229,Last-Touch
4351,16105,84,Last-Touch
4352,16112,393,Last-Touch
4353,16115,110,Last-Touch
4354,16116,389,Last-Touch
4355,16119,102,Last-Touch
4356,16123,243,Last-Touch
4357,16126,162,Last-Touch
4358,16129,396,Last-Touch
4359,16134,312,Last-Touch
4360,16135,361,Last-Touch
4361,16138,78,Last-Touch
4362,16139,175,Last-Touch
4363,16142,274,Last-Touch
4364,16145,5,Last-Touch
4365,16153,362,Last-Touch
4366,16155,464,Last-Touch
4367,16156,104,Last-Touch
4368,16161,111,Last-Touch
4369,16162,333,Last-Touch
4370,16166,306,Last-Touch
4371,16181,254,Last-Touch
4372,16185,306,Last-Touch
4373,16190,9,Last-Touch
4374,16196,6,Last-Touch
4375,16197,238,Last-Touch
4376,16200,174,Last-Touch
4377,16201,320,Last-Touch
4378,16206,443,Last-Touch
4379,16209,270,Last-Touch
4380,16213,175,Last-Touch
4381,16222,59,Last-Touch
4382,16224,487,Last-Touch
4383,16225,4,Last-Touch
4384,16227,195,Last-Touch
4385,16232,498,Last-Touch
4386,16238,413,Last-Touch
4387,16244,6,Last-Touch
4388,16251,278,Last-Touch
4389,16252,435,Last-Touch
4390,16256,70,Last-Touch
4391,16258,278,Last-Touch
4392,16261,28,Last-Touch
4393,16263,490,Last-Touch
4394,16270,58,Last-Touch
4395,16280,380,Last-Touch
4396,16299,83,Last-Touch
4397,16304,323,Last-Touch
4398,16315,425,Last-Touch
4399,16318,163,Last-Touch
4400,16322,360,Last-Touch
4401,16323,395,Last-Touch
4402,16327,421,Last-Touch
4403,16338,128,Last-Touch
4404,16340,404,Last-Touch
4405,16342,276,Last-Touch
4406,16344,163,Last-Touch
4407,16345,236,Last-Touch
4408,16350,118,Last-Touch
4409,16358,266,Last-Touch
4410,16360,460,Last-Touch
4411,16368,371,Last-Touch
4412,16375,169,Last-Touch
4413,16378,19,Last-Touch
4414,16380,450,Last-Touch
4415,16386,496,Last-Touch
4416,16393,268,Last-Touch
4417,16397,5,Last-Touch
4418,16400,483,Last-Touch
4419,16402,157,Last-Touch
4420,16407,272,Last-Touch
4421,16409,457,Last-Touch
4422,16410,176,Last-Touch
4423,16412,19,Last-Touch
4424,16415,317,Last-Touch
4425,16417,381,Last-Touch
4426,16418,128,Last-Touch
4427,16421,486,Last-Touch
4428,16422,333,Last-Touch
4429,16425,280,Last-Touch
4430,16431,310,Last-Touch
4431,16433,460,Last-Touch
4432,16435,176,Last-Touch
4433,16436,80,Last-Touch
4434,16439,367,Last-Touch
4435,16442,262,Last-Touch
4436,16444,454,Last-Touch
4437,16449,234,Last-Touch
4438,16462,189,Last-Touch
4439,16465,5,Last-Touch
4440,16469,33,Last-Touch
4441,16473,89,Last-Touch
4442,16477,51,Last-Touch
4443,16481,165,Last-Touch
4444,16485,429,Last-Touch
4445,16497,459,Last-Touch
4446,16502,48,Last-Touch
4447,16507,310,Last-Touch
4448,16514,78,Last-Touch
4449,16515,482,Last-Touch
4450,16516,306,Last-Touch
4451,16517,75,Last-Touch
4452,16520,325,Last-Touch
4453,16521,364,Last-Touch
4454,16522,379,Last-Touch
4455,16526,262,Last-Touch
4456,16528,313,Last-Touch
4457,16529,128,Last-Touch
4458,16530,337,Last-Touch
4459,16535,421,Last-Touch
4460,16537,93,Last-Touch
4461,16538,27,Last-Touch
4462,16547,264,Last-Touch
4463,16561,56,Last-Touch
4464,16563,337,Last-Touch
4465,16565,467,Last-Touch
4466,16567,386,Last-Touch
4467,16568,487,Last-Touch
4468,16572,100,Last-Touch
4469,16575,328,Last-Touch
4470,16578,343,Last-Touch
4471,16584,187,Last-Touch
4472,16585,318,Last-Touch
4473,16587,329,Last-Touch
4474,16588,102,Last-Touch
4475,16595,420,Last-Touch
4476,16596,325,Last-Touch
4477,16600,53,Last-Touch
4478,16603,479,Last-Touch
4479,16604,492,Last-Touch
4480,16609,340,Last-Touch
4481,16615,33,Last-Touch
4482,16616,143,Last-Touch
4483,16617,489,Last-Touch
4484,16619,470,Last-Touch
4485,16623,333,Last-Touch
4486,16624,487,Last-Touch
4487,16628,211,Last-Touch
4488,16629,391,Last-Touch
4489,16631,490,Last-Touch
4490,16632,37,Last-Touch
4491,16638,162,Last-Touch
4492,16640,461,Last-Touch
4493,16643,399,Last-Touch
4494,16645,277,Last-Touch
4495,16646,347,Last-Touch
4496,16651,185,Last-Touch
4497,16659,321,Last-Touch
4498,16661,72,Last-Touch
4499,16662,117,Last-Touch
4500,16668,49,Last-Touch
4501,16676,337,Last-Touch
4502,16677,284,Last-Touch
4503,16678,192,Last-Touch
4504,16682,231,Last-Touch
4505,16685,425,Last-Touch
4506,16693,268,Last-Touch
4507,16697,485,Last-Touch
4508,16700,491,Last-Touch
4509,16707,287,Last-Touch
4510,16710,422,Last-Touch
4511,16715,410,Last-Touch
4512,16716,339,Last-Touch
4513,16722,24,Last-Touch
4514,16723,262,Last-Touch
4515,16725,50,Last-Touch
4516,16732,466,Last-Touch
4517,16733,119,Last-Touch
4518,16734,244,Last-Touch
4519,16735,136,Last-Touch
4520,16736,39,Last-Touch
4521,16742,362,Last-Touch
4522,16748,260,Last-Touch
4523,16749,178,Last-Touch
4524,16761,465,Last-Touch
4525,16762,312,Last-Touch
4526,16764,324,Last-Touch
4527,16770,429,Last-Touch
4528,16772,392,Last-Touch
4529,16779,380,Last-Touch
4530,16781,71,Last-Touch
4531,16788,299,Last-Touch
4532,16794,410,Last-Touch
4533,16797,410,Last-Touch
4534,16800,403,Last-Touch
4535,16802,414,Last-Touch
4536,16803,36,Last-Touch
4537,16804,344,Last-Touch
4538,16807,274,Last-Touch
4539,16813,320,Last-Touch
4540,16815,366,Last-Touch
4541,16817,467,Last-Touch
4542,16819,189,Last-Touch
4543,16822,413,Last-Touch
4544,16824,70,Last-Touch
4545,16825,411,Last-Touch
4546,16828,58,Last-Touch
4547,16829,103,Last-Touch
4548,16830,69,Last-Touch
4549,16831,243,Last-Touch
4550,16834,174,Last-Touch
4551,16835,90,Last-Touch
4552,16838,272,Last-Touch
4553,16845,118,Last-Touch
4554,16847,139,Last-Touch
4555,16850,46,Last-Touch
4556,16852,100,Last-Touch
4557,16853,48,Last-Touch
4558,16856,67,Last-Touch
4559,16857,320,Last-Touch
4560,16860,310,Last-Touch
4561,16861,309,Last-Touch
4562,16865,362,Last-Touch
4563,16869,127,Last-Touch
4564,16877,247,Last-Touch
4565,16879,416,Last-Touch
4566,16880,102,Last-Touch
4567,16882,106,Last-Touch
4568,16885,338,Last-Touch
4569,16890,495,Last-Touch
4570,16904,69,Last-Touch
4571,16905,305,Last-Touch
4572,16909,321,Last-Touch
4573,16911,154,Last-Touch
4574,16912,431,Last-Touch
4575,16915,330,Last-Touch
4576,16920,403,Last-Touch
4577,16921,453,Last-Touch
4578,16922,259,Last-Touch
4579,16924,410,Last-Touch
4580,16929,366,Last-Touch
4581,16936,389,Last-Touch
4582,16946,89,Last-Touch
4583,16949,386,Last-Touch
4584,16954,244,Last-Touch
4585,16955,59,Last-Touch
4586,16957,411,Last-Touch
4587,16961,359,Last-Touch
4588,16966,129,Last-Touch
4589,16968,486,Last-Touch
4590,16971,496,Last-Touch
4591,16972,242,Last-Touch
4592,16975,174,Last-Touch
4593,16976,24,Last-Touch
4594,16977,391,Last-Touch
4595,16978,126,Last-Touch
4596,16980,182,Last-Touch
4597,16983,178,Last-Touch
4598,16989,467,Last-Touch
4599,16992,251,Last-Touch
4600,16994,344,Last-Touch
4601,17016,43,Last-Touch
4602,17018,364,Last-Touch
4603,17019,281,Last-Touch
4604,17021,356,Last-Touch
4605,17022,254,Last-Touch
4606,17024,371,Last-Touch
4607,17025,201,Last-Touch
4608,17031,428,Last-Touch
4609,17032,449,Last-Touch
4610,17034,84,Last-Touch
4611,17035,315,Last-Touch
4612,17042,189,Last-Touch
4613,17059,289,Last-Touch
4614,17068,463,Last-Touch
4615,17070,78,Last-Touch
4616,17075,444,Last-Touch
4617,17078,403,Last-Touch
4618,17087,432,Last-Touch
4619,17092,162,Last-Touch
4620,17098,477,Last-Touch
4621,17100,75,Last-Touch
4622,17108,268,Last-Touch
4623,17116,188,Last-Touch
4624,17117,132,Last-Touch
4625,17118,97,Last-Touch
4626,17121,126,Last-Touch
4627,17122,81,Last-Touch
4628,17129,330,Last-Touch
4629,17130,431,Last-Touch
4630,17134,89,Last-Touch
4631,17137,486,Last-Touch
4632,17141,364,Last-Touch
4633,17143,27,Last-Touch
4634,17151,342,Last-Touch
4635,17153,482,Last-Touch
4636,17154,60,Last-Touch
4637,17168,127,Last-Touch
4638,17169,333,Last-Touch
4639,17172,161,Last-Touch
4640,17173,145,Last-Touch
4641,17174,13,Last-Touch
4642,17180,21,Last-Touch
4643,17182,185,Last-Touch
4644,17185,478,Last-Touch
4645,17199,78,Last-Touch
4646,17200,203,Last-Touch
4647,17201,342,Last-Touch
4648,17202,58,Last-Touch
4649,17204,169,Last-Touch
4650,17205,334,Last-Touch
4651,17212,172,Last-Touch
4652,17213,81,Last-Touch
4653,17215,373,Last-Touch
4654,17217,347,Last-Touch
4655,17223,38,Last-Touch
4656,17225,168,Last-Touch
4657,17230,431,Last-Touch
4658,17236,286,Last-Touch
4659,17241,163,Last-Touch
4660,17244,142,Last-Touch
4661,17246,173,Last-Touch
4662,17248,235,Last-Touch
4663,17250,64,Last-Touch
4664,17251,7,Last-Touch
4665,17253,337,Last-Touch
4666,17256,254,Last-Touch
4667,17264,471,Last-Touch
4668,17265,69,Last-Touch
4669,17266,57,Last-Touch
4670,17271,344,Last-Touch
4671,17278,252,Last-Touch
4672,17279,450,Last-Touch
4673,17289,117,Last-Touch
4674,17296,32,Last-Touch
4675,17298,227,Last-Touch
4676,17301,371,Last-Touch
4677,17302,362,Last-Touch
4678,17303,314,Last-Touch
4679,17330,404,Last-Touch
4680,17334,414,Last-Touch
4681,17342,72,Last-Touch
4682,17345,418,Last-Touch
4683,17349,87,Last-Touch
4684,17354,74,Last-Touch
4685,17357,274,Last-Touch
4686,17358,468,Last-Touch
4687,17359,303,Last-Touch
4688,17361,153,Last-Touch
4689,17364,147,Last-Touch
4690,17370,267,Last-Touch
4691,17372,398,Last-Touch
4692,17373,442,Last-Touch
4693,17380,17,Last-Touch
4694,17381,392,Last-Touch
4695,17385,444,Last-Touch
4696,17386,35,Last-Touch
4697,17389,492,Last-Touch
4698,17392,334,Last-Touch
4699,17399,162,Last-Touch
4700,17401,172,Last-Touch
4701,17408,291,Last-Touch
4702,17411,282,Last-Touch
4703,17419,393,Last-Touch
4704,17423,6,Last-Touch
4705,17428,364,Last-Touch
4706,17446,281,Last-Touch
4707,17451,83,Last-Touch
4708,17457,478,Last-Touch
4709,17467,57,Last-Touch
4710,17468,69,Last-Touch
4711,17472,279,Last-Touch
4712,17474,455,Last-Touch
4713,17482,173,Last-Touch
4714,17491,139,Last-Touch
4715,17495,455,Last-Touch
4716,17498,467,Last-Touch
4717,17499,420,Last-Touch
4718,17507,399,Last-Touch
4719,17509,270,Last-Touch
4720,17515,57,Last-Touch
4721,17517,302,Last-Touch
4722,17529,399,Last-Touch
4723,17541,168,Last-Touch
4724,17545,119,Last-Touch
4725,17546,264,Last-Touch
4726,17549,141,Last-Touch
4727,17554,19,Last-Touch
4728,17555,127,Last-Touch
4729,17556,363,Last-Touch
4730,17560,63,Last-Touch
4731,17563,284,Last-Touch
4732,17565,96,Last-Touch
4733,17567,490,Last-Touch
4734,17569,492,Last-Touch
4735,17574,181,Last-Touch
4736,17587,172,Last-Touch
4737,17588,163,Last-Touch
4738,17589,279,Last-Touch
4739,17591,70,Last-Touch
4740,17592,355,Last-Touch
4741,17593,38,Last-Touch
4742,17595,410,Last-Touch
4743,17602,19,Last-Touch
4744,17603,67,Last-Touch
4745,17615,95,Last-Touch
4746,17618,343,Last-Touch
4747,17619,402,Last-Touch
4748,17633,157,Last-Touch
4749,17643,460,Last-Touch
4750,17648,247,Last-Touch
4751,17650,130,Last-Touch
4752,17651,379,Last-Touch
4753,17652,237,Last-Touch
4754,17653,102,Last-Touch
4755,17656,4,Last-Touch
4756,17662,340,Last-Touch
4757,17663,163,Last-Touch
4758,17664,176,Last-Touch
4759,17666,266,Last-Touch
4760,17669,334,Last-Touch
4761,17677,233,Last-Touch
4762,17683,207,Last-Touch
4763,17684,262,Last-Touch
4764,17687,337,Last-Touch
4765,17692,309,Last-Touch
4766,17694,140,Last-Touch
4767,17696,356,Last-Touch
4768,17697,232,Last-Touch
4769,17698,380,Last-Touch
4770,17703,337,Last-Touch
4771,17705,69,Last-Touch
4772,17708,130,Last-Touch
4773,17710,237,Last-Touch
4774,17719,491,Last-Touch
4775,17728,147,Last-Touch
4776,17736,390,Last-Touch
4777,17748,370,Last-Touch
4778,17754,262,Last-Touch
4779,17755,470,Last-Touch
4780,17760,470,Last-Touch
4781,17763,336,Last-Touch
4782,17767,228,Last-Touch
4783,17771,284,Last-Touch
4784,17776,446,Last-Touch
4785,17777,331,Last-Touch
4786,17778,134,Last-Touch
4787,17779,326,Last-Touch
4788,17782,156,Last-Touch
4789,17792,157,Last-Touch
4790,17793,420,Last-Touch
4791,17801,360,Last-Touch
4792,17807,227,Last-Touch
4793,17819,278,Last-Touch
4794,17822,124,Last-Touch
4795,17823,119,Last-Touch
4796,17825,348,Last-Touch
4797,17841,260,Last-Touch
4798,17851,100,Last-Touch
4799,17853,399,Last-Touch
4800,17867,120,Last-Touch
4801,17875,96,Last-Touch
4802,17877,297,Last-Touch
4803,17879,337,Last-Touch
4804,17881,278,Last-Touch
4805,17885,352,Last-Touch
4806,17887,113,Last-Touch
4807,17897,492,Last-Touch
4808,17903,450,Last-Touch
4809,17904,54,Last-Touch
4810,17909,234,Last-Touch
4811,17911,359,Last-Touch
4812,17917,144,Last-Touch
4813,17923,264,Last-Touch
4814,17924,378,Last-Touch
4815,17927,493,Last-Touch
4816,17928,112,Last-Touch
4817,17929,229,Last-Touch
4818,17930,411,Last-Touch
4819,17931,104,Last-Touch
4820,17935,414,Last-Touch
4821,17937,413,Last-Touch
4822,17940,115,Last-Touch
4823,17948,59,Last-Touch
4824,17951,5,Last-Touch
4825,17955,425,Last-Touch
4826,17956,329,Last-Touch
4827,17963,224,Last-Touch
4828,17964,303,Last-Touch
4829,17967,324,Last-Touch
4830,17971,493,Last-Touch
4831,17972,280,Last-Touch
4832,17974,70,Last-Touch
4833,17975,320,Last-Touch
4834,17982,106,Last-Touch
4835,17989,448,Last-Touch
4836,17998,306,Last-Touch
4837,17999,90,Last-Touch
4838,18000,346,Last-Touch
4839,18001,134,Last-Touch
4840,18003,343,Last-Touch
4841,18004,205,Last-Touch
4842,18006,64,Last-Touch
4843,18007,485,Last-Touch
4844,18012,106,Last-Touch
4845,18014,116,Last-Touch
4846,18015,62,Last-Touch
4847,18017,194,Last-Touch
4848,18018,262,Last-Touch
4849,18020,380,Last-Touch
4850,18022,337,Last-Touch
4851,18024,410,Last-Touch
4852,18025,329,Last-Touch
4853,18026,52,Last-Touch
4854,18028,52,Last-Touch
4855,18033,149,Last-Touch
4856,18046,60,Last-Touch
4857,18047,274,Last-Touch
4858,18058,459,Last-Touch
4859,18059,311,Last-Touch
4860,18060,128,Last-Touch
4861,18063,280,Last-Touch
4862,18065,487,Last-Touch
4863,18066,50,Last-Touch
4864,18079,59,Last-Touch
4865,18080,286,Last-Touch
4866,18085,17,Last-Touch
4867,18087,470,Last-Touch
4868,18088,333,Last-Touch
4869,18091,122,Last-Touch
4870,18092,480,Last-Touch
4871,18094,263,Last-Touch
4872,18102,90,Last-Touch
4873,18103,395,Last-Touch
4874,18104,118,Last-Touch
4875,18106,395,Last-Touch
4876,18112,389,Last-Touch
4877,18114,478,Last-Touch
4878,18115,48,Last-Touch
4879,18116,135,Last-Touch
4880,18132,448,Last-Touch
4881,18137,205,Last-Touch
4882,18142,235,Last-Touch
4883,18146,331,Last-Touch
4884,18150,276,Last-Touch
4885,18160,467,Last-Touch
4886,18168,310,Last-Touch
4887,18174,208,Last-Touch
4888,18177,14,Last-Touch
4889,18183,102,Last-Touch
4890,18186,342,Last-Touch
4891,18188,489,Last-Touch
4892,18190,20,Last-Touch
4893,18195,378,Last-Touch
4894,18196,100,Last-Touch
4895,18208,28,Last-Touch
4896,18213,306,Last-Touch
4897,18216,111,Last-Touch
4898,18219,339,Last-Touch
4899,18225,489,Last-Touch
4900,18226,272,Last-Touch
4901,18230,420,Last-Touch
4902,18237,125,Last-Touch
4903,18244,408,Last-Touch
4904,18248,281,Last-Touch
4905,18255,60,Last-Touch
4906,18256,235,Last-Touch
4907,18265,355,Last-Touch
4908,18267,24,Last-Touch
4909,18271,333,Last-Touch
4910,18272,453,Last-Touch
4911,18273,72,Last-Touch
4912,18274,110,Last-Touch
4913,18279,352,Last-Touch
4914,18280,416,Last-Touch
4915,18282,340,Last-Touch
4916,18286,286,Last-Touch
4917,18288,444,Last-Touch
4918,18290,377,Last-Touch
4919,18291,314,Last-Touch
4920,18295,157,Last-Touch
4921,18298,409,Last-Touch
4922,18300,247,Last-Touch
4923,18301,38,Last-Touch
4924,18304,44,Last-Touch
4925,18306,410,Last-Touch
4926,18319,306,Last-Touch
4927,18323,428,Last-Touch
4928,18324,489,Last-Touch
4929,18328,232,Last-Touch
4930,18331,272,Last-Touch
4931,18333,337,Last-Touch
4932,18337,299,Last-Touch
4933,18341,389,Last-Touch
4934,18343,70,Last-Touch
4935,18348,395,Last-Touch
4936,18352,337,Last-Touch
4937,18356,172,Last-Touch
4938,18357,186,Last-Touch
4939,18358,24,Last-Touch
4940,18360,247,Last-Touch
4941,18364,371,Last-Touch
4942,18367,494,Last-Touch
4943,18368,239,Last-Touch
4944,18370,84,Last-Touch
4945,18376,404,Last-Touch
4946,18377,209,Last-Touch
4947,18379,362,Last-Touch
4948,18383,38,Last-Touch
4949,18387,460,Last-Touch
4950,18392,495,Last-Touch
4951,18393,487,Last-Touch
4952,18404,421,Last-Touch
4953,18413,376,Last-Touch
4954,18419,460,Last-Touch
4955,18423,396,Last-Touch
4956,18430,91,Last-Touch
4957,18431,459,Last-Touch
4958,18437,60,Last-Touch
4959,18444,404,Last-Touch
4960,18445,45,Last-Touch
4961,18449,124,Last-Touch
4962,18453,282,Last-Touch
4963,18454,489,Last-Touch
4964,18457,278,Last-Touch
4965,18461,384,Last-Touch
4966,18465,472,Last-Touch
4967,18467,306,Last-Touch
4968,18468,367,Last-Touch
4969,18473,24,Last-Touch
4970,18474,389,Last-Touch
4971,18481,120,Last-Touch
4972,18490,70,Last-Touch
4973,18494,465,Last-Touch
4974,18498,157,Last-Touch
4975,18501,359,Last-Touch
4976,18506,343,Last-Touch
4977,18507,495,Last-Touch
4978,18519,492,Last-Touch
4979,18522,406,Last-Touch
4980,18523,28,Last-Touch
4981,18526,310,Last-Touch
4982,18527,87,Last-Touch
4983,18531,473,Last-Touch
4984,18541,36,Last-Touch
4985,18544,69,Last-Touch
4986,18546,142,Last-Touch
4987,18548,448,Last-Touch
4988,18555,321,Last-Touch
4989,18560,413,Last-Touch
4990,18563,262,Last-Touch
4991,18568,282,Last-Touch
4992,18573,26,Last-Touch
4993,18578,153,Last-Touch
4994,18580,107,Last-Touch
4995,18581,130,Last-Touch
4996,18583,228,Last-Touch
4997,18584,309,Last-Touch
4998,18585,315,Last-Touch
4999,18587,314,Last-Touch
5000,18589,77,Last-Touch
5001,18591,171,Last-Touch
5002,18594,314,Last-Touch
5003,18595,468,Last-Touch
5004,18605,362,Last-Touch
5005,18607,302,Last-Touch
5006,18615,232,Last-Touch
5007,18616,295,Last-Touch
5008,18617,179,Last-Touch
5009,18621,208,Last-Touch
5010,18626,7,Last-Touch
5011,18628,337,Last-Touch
5012,18633,142,Last-Touch
5013,18635,237,Last-Touch
5014,18640,182,Last-Touch
5015,18641,262,Last-Touch
5016,18642,381,Last-Touch
5017,18645,35,Last-Touch
5018,18655,124,Last-Touch
5019,18657,334,Last-Touch
5020,18660,485,Last-Touch
5021,18663,336,Last-Touch
5022,18666,235,Last-Touch
5023,18674,176,Last-Touch
5024,18677,279,Last-Touch
5025,18679,414,Last-Touch
5026,18683,386,Last-Touch
5027,18687,482,Last-Touch
5028,18690,150,Last-Touch
5029,18703,333,Last-Touch
5030,18704,435,Last-Touch
5031,18707,337,Last-Touch
5032,18709,233,Last-Touch
5033,18711,97,Last-Touch
5034,18714,162,Last-Touch
5035,18715,289,Last-Touch
5036,18717,481,Last-Touch
5037,18720,487,Last-Touch
5038,18722,429,Last-Touch
5039,18724,485,Last-Touch
5040,18734,141,Last-Touch
5041,18739,70,Last-Touch
5042,18750,69,Last-Touch
5043,18761,239,Last-Touch
5044,18762,270,Last-Touch
5045,18769,448,Last-Touch
5046,18771,252,Last-Touch
5047,18776,376,Last-Touch
5048,18782,247,Last-Touch
5049,18783,378,Last-Touch
5050,18785,190,Last-Touch
5051,18788,389,Last-Touch
5052,18795,228,Last-Touch
5053,18799,482,Last-Touch
5054,18801,379,Last-Touch
5055,18803,247,Last-Touch
5056,18806,347,Last-Touch
5057,18808,386,Last-Touch
5058,18812,75,Last-Touch
5059,18815,470,Last-Touch
5060,18816,487,Last-Touch
5061,18822,491,Last-Touch
5062,18831,471,Last-Touch
5063,18832,326,Last-Touch
5064,18843,351,Last-Touch
5065,18844,140,Last-Touch
5066,18847,314,Last-Touch
5067,18849,179,Last-Touch
5068,18852,79,Last-Touch
5069,18857,138,Last-Touch
5070,18864,189,Last-Touch
5071,18869,286,Last-Touch
5072,18870,101,Last-Touch
5073,18871,229,Last-Touch
5074,18872,235,Last-Touch
5075,18873,30,Last-Touch
5076,18877,84,Last-Touch
5077,18887,344,Last-Touch
5078,18888,386,Last-Touch
5079,18891,217,Last-Touch
5080,18896,278,Last-Touch
5081,18899,125,Last-Touch
5082,18901,467,Last-Touch
5083,18913,340,Last-Touch
5084,18915,406,Last-Touch
5085,18924,52,Last-Touch
5086,18925,247,Last-Touch
5087,18932,391,Last-Touch
5088,18934,77,Last-Touch
5089,18936,257,Last-Touch
5090,18937,130,Last-Touch
5091,18938,229,Last-Touch
5092,18940,92,Last-Touch
5093,18941,272,Last-Touch
5094,18943,55,Last-Touch
5095,18944,102,Last-Touch
5096,18949,414,Last-Touch
5097,18950,27,Last-Touch
5098,18952,262,Last-Touch
5099,18953,218,Last-Touch
5100,18959,358,Last-Touch
5101,18961,6,Last-Touch
5102,18963,479,Last-Touch
5103,18964,95,Last-Touch
5104,18966,83,Last-Touch
5105,18969,382,Last-Touch
5106,18971,172,Last-Touch
5107,18975,17,Last-Touch
5108,18985,272,Last-Touch
5109,18990,453,Last-Touch
5110,18992,77,Last-Touch
5111,18993,471,Last-Touch
5112,19006,138,Last-Touch
5113,19009,213,Last-Touch
5114,19011,493,Last-Touch
5115,19013,371,Last-Touch
5116,19015,364,Last-Touch
5117,19032,233,Last-Touch
5118,19033,252,Last-Touch
5119,19035,337,Last-Touch
5120,19038,419,Last-Touch
5121,19041,53,Last-Touch
5122,19046,184,Last-Touch
5123,19047,60,Last-Touch
5124,19050,232,Last-Touch
5125,19051,162,Last-Touch
5126,19054,361,Last-Touch
5127,19061,9,Last-Touch
5128,19066,413,Last-Touch
5129,19073,101,Last-Touch
5130,19075,362,Last-Touch
5131,19080,433,Last-Touch
5132,19084,286,Last-Touch
5133,19095,204,Last-Touch
5134,19098,280,Last-Touch
5135,19102,19,Last-Touch
5136,19115,89,Last-Touch
5137,19117,282,Last-Touch
5138,19121,335,Last-Touch
5139,19122,433,Last-Touch
5140,19128,453,Last-Touch
5141,19133,326,Last-Touch
5142,19138,485,Last-Touch
5143,19140,325,Last-Touch
5144,19149,97,Last-Touch
5145,19151,85,Last-Touch
5146,19152,138,Last-Touch
5147,19153,86,Last-Touch
5148,19157,485,Last-Touch
5149,19160,104,Last-Touch
5150,19161,329,Last-Touch
5151,19162,135,Last-Touch
5152,19179,497,Last-Touch
5153,19184,378,Last-Touch
5154,19188,6,Last-Touch
5155,19191,122,Last-Touch
5156,19192,482,Last-Touch
5157,19195,24,Last-Touch
5158,19197,422,Last-Touch
5159,19208,189,Last-Touch
5160,19209,175,Last-Touch
5161,19219,86,Last-Touch
5162,19221,50,Last-Touch
5163,19224,48,Last-Touch
5164,19225,370,Last-Touch
5165,19234,30,Last-Touch
5166,19237,414,Last-Touch
5167,19238,386,Last-Touch
5168,19239,189,Last-Touch
5169,19240,162,Last-Touch
5170,19241,142,Last-Touch
5171,19255,389,Last-Touch
5172,19257,382,Last-Touch
5173,19263,209,Last-Touch
5174,19273,5,Last-Touch
5175,19276,462,Last-Touch
5176,19279,435,Last-Touch
5177,19281,279,Last-Touch
5178,19282,440,Last-Touch
5179,19283,239,Last-Touch
5180,19284,121,Last-Touch
5181,19287,278,Last-Touch
5182,19288,134,Last-Touch
5183,19292,270,Last-Touch
5184,19300,493,Last-Touch
5185,19304,337,Last-Touch
5186,19313,334,Last-Touch
5187,19317,452,Last-Touch
5188,19318,391,Last-Touch
5189,19330,157,Last-Touch
5190,19331,289,Last-Touch
5191,19337,292,Last-Touch
5192,19344,248,Last-Touch
5193,19346,349,Last-Touch
5194,19347,264,Last-Touch
5195,19358,197,Last-Touch
5196,19360,308,Last-Touch
5197,19362,254,Last-Touch
5198,19370,129,Last-Touch
5199,19376,80,Last-Touch
5200,19379,110,Last-Touch
5201,19380,23,Last-Touch
5202,19383,323,Last-Touch
5203,19388,384,Last-Touch
5204,19393,337,Last-Touch
5205,19394,235,Last-Touch
5206,19398,193,Last-Touch
5207,19403,254,Last-Touch
5208,19404,352,Last-Touch
5209,19409,470,Last-Touch
5210,19415,355,Last-Touch
5211,19421,467,Last-Touch
5212,19428,116,Last-Touch
5213,19435,139,Last-Touch
5214,19438,429,Last-Touch
5215,19443,5,Last-Touch
5216,19444,126,Last-Touch
5217,19448,153,Last-Touch
5218,19458,311,Last-Touch
5219,19462,333,Last-Touch
5220,19467,463,Last-Touch
5221,19472,142,Last-Touch
5222,19473,363,Last-Touch
5223,19476,257,Last-Touch
5224,19480,442,Last-Touch
5225,19483,383,Last-Touch
5226,19489,83,Last-Touch
5227,19491,289,Last-Touch
5228,19492,174,Last-Touch
5229,19494,442,Last-Touch
5230,19496,343,Last-Touch
5231,19498,15,Last-Touch
5232,19506,459,Last-Touch
5233,19508,276,Last-Touch
5234,19510,101,Last-Touch
5235,19512,46,Last-Touch
5236,19513,254,Last-Touch
5237,19520,85,Last-Touch
5238,19521,262,Last-Touch
5239,19523,265,Last-Touch
5240,19525,22,Last-Touch
5241,19526,389,Last-Touch
5242,19529,174,Last-Touch
5243,19535,178,Last-Touch
5244,19537,244,Last-Touch
5245,19539,168,Last-Touch
5246,19540,445,Last-Touch
5247,19541,252,Last-Touch
5248,19544,389,Last-Touch
5249,19545,88,Last-Touch
5250,19551,247,Last-Touch
5251,19556,229,Last-Touch
5252,19560,40,Last-Touch
5253,19562,313,Last-Touch
5254,19563,394,Last-Touch
5255,19566,333,Last-Touch
5256,19567,395,Last-Touch
5257,19568,62,Last-Touch
5258,19569,48,Last-Touch
5259,19571,97,Last-Touch
5260,19576,114,Last-Touch
5261,19580,336,Last-Touch
5262,19584,192,Last-Touch
5263,19586,175,Last-Touch
5264,19587,493,Last-Touch
5265,19588,456,Last-Touch
5266,19592,20,Last-Touch
5267,19595,467,Last-Touch
5268,19602,371,Last-Touch
5269,19603,244,Last-Touch
5270,19604,26,Last-Touch
5271,19607,35,Last-Touch
5272,19610,478,Last-Touch
5273,19612,104,Last-Touch
5274,19614,320,Last-Touch
5275,19615,235,Last-Touch
5276,19618,119,Last-Touch
5277,19631,284,Last-Touch
5278,19632,291,Last-Touch
5279,19635,397,Last-Touch
5280,19647,445,Last-Touch
5281,19649,175,Last-Touch
5282,19659,106,Last-Touch
5283,19663,291,Last-Touch
5284,19679,371,Last-Touch
5285,19680,52,Last-Touch
5286,19687,433,Last-Touch
5287,19692,128,Last-Touch
5288,19695,49,Last-Touch
5289,19701,444,Last-Touch
5290,19702,455,Last-Touch
5291,19705,433,Last-Touch
5292,19707,311,Last-Touch
5293,19708,275,Last-Touch
5294,19711,337,Last-Touch
5295,19712,46,Last-Touch
5296,19715,70,Last-Touch
5297,19717,405,Last-Touch
5298,19718,370,Last-Touch
5299,19719,352,Last-Touch
5300,19720,5,Last-Touch
5301,19723,339,Last-Touch
5302,19724,274,Last-Touch
5303,19726,309,Last-Touch
5304,19732,190,Last-Touch
5305,19734,13,Last-Touch
5306,19735,416,Last-Touch
5307,19739,235,Last-Touch
5308,19744,257,Last-Touch
5309,19747,445,Last-Touch
5310,19756,153,Last-Touch
5311,19762,466,Last-Touch
5312,19765,444,Last-Touch
5313,19767,299,Last-Touch
5314,19772,229,Last-Touch
5315,19786,216,Last-Touch
5316,19791,251,Last-Touch
5317,19792,456,Last-Touch
5318,19796,56,Last-Touch
5319,19801,169,Last-Touch
5320,19804,38,Last-Touch
5321,19806,380,Last-Touch
5322,19809,85,Last-Touch
5323,19811,73,Last-Touch
5324,19814,428,Last-Touch
5325,19822,352,Last-Touch
5326,19823,294,Last-Touch
5327,19824,360,Last-Touch
5328,19833,448,Last-Touch
5329,19835,80,Last-Touch
5330,19840,89,Last-Touch
5331,19844,404,Last-Touch
5332,19849,489,Last-Touch
5333,19850,296,Last-Touch
5334,19852,106,Last-Touch
5335,19861,126,Last-Touch
5336,19862,13,Last-Touch
5337,19863,357,Last-Touch
5338,19871,19,Last-Touch
5339,19877,171,Last-Touch
5340,19881,172,Last-Touch
5341,19889,15,Last-Touch
5342,19900,372,Last-Touch
5343,19902,13,Last-Touch
5344,19907,445,Last-Touch
5345,19911,48,Last-Touch
5346,19917,106,Last-Touch
5347,19918,119,Last-Touch
5348,19930,9,Last-Touch
5349,19932,351,Last-Touch
5350,19936,286,Last-Touch
5351,19937,360,Last-Touch
5352,19938,262,Last-Touch
5353,19940,357,Last-Touch
5354,19946,352,Last-Touch
5355,19949,282,Last-Touch
5356,19952,402,Last-Touch
5357,19965,235,Last-Touch
5358,19966,7,Last-Touch
5359,19969,281,Last-Touch
5360,19970,168,Last-Touch
5361,19973,87,Last-Touch
5362,19975,282,Last-Touch
5363,19983,306,Last-Touch
5364,19987,90,Last-Touch
5365,19991,164,Last-Touch
5366,19996,329,Last-Touch
5367,20002,410,Last-Touch
5368,20006,76,Last-Touch
5369,20010,301,Last-Touch
5370,20014,470,Last-Touch
5371,20018,178,Last-Touch
5372,20019,406,Last-Touch
5373,20020,333,Last-Touch
5374,20021,338,Last-Touch
5375,20025,291,Last-Touch
5376,20033,420,Last-Touch
5377,20037,43,Last-Touch
5378,20043,496,Last-Touch
5379,20050,457,Last-Touch
5380,20053,56,Last-Touch
5381,20054,101,Last-Touch
5382,20055,218,Last-Touch
5383,20061,288,Last-Touch
5384,20062,334,Last-Touch
5385,20064,153,Last-Touch
5386,20071,118,Last-Touch
5387,20072,378,Last-Touch
5388,20073,457,Last-Touch
5389,20087,382,Last-Touch
5390,20089,53,Last-Touch
5391,20090,413,Last-Touch
5392,20092,153,Last-Touch
5393,20094,34,Last-Touch
5394,20100,86,Last-Touch
5395,20102,353,Last-Touch
5396,20103,114,Last-Touch
5397,20109,66,Last-Touch
5398,20110,358,Last-Touch
5399,20112,75,Last-Touch
5400,20118,399,Last-Touch
5401,20127,218,Last-Touch
5402,20129,80,Last-Touch
5403,20134,219,Last-Touch
5404,20139,359,Last-Touch
5405,20144,306,Last-Touch
5406,20158,201,Last-Touch
5407,20159,387,Last-Touch
5408,20162,89,Last-Touch
5409,20164,500,Last-Touch
5410,20167,91,Last-Touch
5411,20171,263,Last-Touch
5412,20175,55,Last-Touch
5413,20190,229,Last-Touch
5414,20192,457,Last-Touch
5415,20194,216,Last-Touch
5416,20197,395,Last-Touch
5417,20202,312,Last-Touch
5418,20204,298,Last-Touch
5419,20206,429,Last-Touch
5420,20209,121,Last-Touch
5421,20214,342,Last-Touch
5422,20217,38,Last-Touch
5423,20220,233,Last-Touch
5424,20222,299,Last-Touch
5425,20235,196,Last-Touch
5426,20236,409,Last-Touch
5427,20246,58,Last-Touch
5428,20249,444,Last-Touch
5429,20250,263,Last-Touch
5430,20260,483,Last-Touch
5431,20262,286,Last-Touch
5432,20272,239,Last-Touch
5433,20276,112,Last-Touch
5434,20277,342,Last-Touch
5435,20279,453,Last-Touch
5436,20280,15,Last-Touch
5437,20288,242,Last-Touch
5438,20291,239,Last-Touch
5439,20295,378,Last-Touch
5440,20296,483,Last-Touch
5441,20297,458,Last-Touch
5442,20300,461,Last-Touch
5443,20302,102,Last-Touch
5444,20303,352,Last-Touch
5445,20304,35,Last-Touch
5446,20306,363,Last-Touch
5447,20307,112,Last-Touch
5448,20308,201,Last-Touch
5449,20315,150,Last-Touch
5450,20316,199,Last-Touch
5451,20321,364,Last-Touch
5452,20322,364,Last-Touch
5453,20327,59,Last-Touch
5454,20328,389,Last-Touch
5455,20334,470,Last-Touch
5456,20337,306,Last-Touch
5457,20339,131,Last-Touch
5458,20340,312,Last-Touch
5459,20343,254,Last-Touch
5460,20346,148,Last-Touch
5461,20354,172,Last-Touch
5462,20363,498,Last-Touch
5463,20364,257,Last-Touch
5464,20365,492,Last-Touch
5465,20366,484,Last-Touch
5466,20368,362,Last-Touch
5467,20369,254,Last-Touch
5468,20370,112,Last-Touch
5469,20372,393,Last-Touch
5470,20377,386,Last-Touch
5471,20378,87,Last-Touch
5472,20381,26,Last-Touch
5473,20387,402,Last-Touch
5474,20390,309,Last-Touch
5475,20391,110,Last-Touch
5476,20392,453,Last-Touch
5477,20396,428,Last-Touch
5478,20398,380,Last-Touch
5479,20403,79,Last-Touch
5480,20406,267,Last-Touch
5481,20408,157,Last-Touch
5482,20412,172,Last-Touch
5483,20416,136,Last-Touch
5484,20420,348,Last-Touch
5485,20425,443,Last-Touch
5486,20430,308,Last-Touch
5487,20431,70,Last-Touch
5488,20432,427,Last-Touch
5489,20435,489,Last-Touch
5490,20438,122,Last-Touch
5491,20443,245,Last-Touch
5492,20448,221,Last-Touch
5493,20449,386,Last-Touch
5494,20453,291,Last-Touch
5495,20456,399,Last-Touch
5496,20459,159,Last-Touch
5497,20460,48,Last-Touch
5498,20468,122,Last-Touch
5499,20478,496,Last-Touch
5500,20482,353,Last-Touch
5501,20484,190,Last-Touch
5502,20486,351,Last-Touch
5503,20487,70,Last-Touch
5504,20490,67,Last-Touch
5505,20500,393,Last-Touch
5506,20502,215,Last-Touch
5507,20504,94,Last-Touch
5508,20505,416,Last-Touch
5509,20506,157,Last-Touch
5510,20508,353,Last-Touch
5511,20511,475,Last-Touch
5512,20517,433,Last-Touch
5513,20519,239,Last-Touch
5514,20520,364,Last-Touch
5515,20523,296,Last-Touch
5516,20525,173,Last-Touch
5517,20527,31,Last-Touch
5518,20529,175,Last-Touch
5519,20533,103,Last-Touch
5520,20534,201,Last-Touch
5521,20535,432,Last-Touch
5522,20540,157,Last-Touch
5523,20543,311,Last-Touch
5524,20546,448,Last-Touch
5525,20548,334,Last-Touch
5526,20549,141,Last-Touch
5527,20550,150,Last-Touch
5528,20553,140,Last-Touch
5529,20559,169,Last-Touch
5530,20561,227,Last-Touch
5531,20562,150,Last-Touch
5532,20570,364,Last-Touch
5533,20571,203,Last-Touch
5534,20574,386,Last-Touch
5535,20580,181,Last-Touch
5536,20581,491,Last-Touch
5537,20587,471,Last-Touch
5538,20590,140,Last-Touch
5539,20597,37,Last-Touch
5540,20598,85,Last-Touch
5541,20604,24,Last-Touch
5542,20608,139,Last-Touch
5543,20610,404,Last-Touch
5544,20612,395,Last-Touch
5545,20613,69,Last-Touch
5546,20618,83,Last-Touch
5547,20624,231,Last-Touch
5548,20636,83,Last-Touch
5549,20640,289,Last-Touch
5550,20648,70,Last-Touch
5551,20650,459,Last-Touch
5552,20666,391,Last-Touch
5553,20673,108,Last-Touch
5554,20675,229,Last-Touch
5555,20676,95,Last-Touch
5556,20678,393,Last-Touch
5557,20694,166,Last-Touch
5558,20695,72,Last-Touch
5559,20697,312,Last-Touch
5560,20698,434,Last-Touch
5561,20705,184,Last-Touch
5562,20708,426,Last-Touch
5563,20711,333,Last-Touch
5564,20713,373,Last-Touch
5565,20721,19,Last-Touch
5566,20722,237,Last-Touch
5567,20724,102,Last-Touch
5568,20725,499,Last-Touch
5569,20726,366,Last-Touch
5570,20738,70,Last-Touch
5571,20740,274,Last-Touch
5572,20742,239,Last-Touch
5573,20746,93,Last-Touch
5574,20748,231,Last-Touch
5575,20754,379,Last-Touch
5576,20755,129,Last-Touch
5577,20761,363,Last-Touch
5578,20765,156,Last-Touch
5579,20766,442,Last-Touch
5580,20768,51,Last-Touch
5581,20769,386,Last-Touch
5582,20774,282,Last-Touch
5583,20779,371,Last-Touch
5584,20780,494,Last-Touch
5585,20781,207,Last-Touch
5586,20783,496,Last-Touch
5587,20786,212,Last-Touch
5588,20797,39,Last-Touch
5589,20798,298,Last-Touch
5590,20800,372,Last-Touch
5591,20801,334,Last-Touch
5592,20812,229,Last-Touch
5593,20814,128,Last-Touch
5594,20815,301,Last-Touch
5595,20826,185,Last-Touch
5596,20828,19,Last-Touch
5597,20833,162,Last-Touch
5598,20842,341,Last-Touch
5599,20844,404,Last-Touch
5600,20851,281,Last-Touch
5601,20859,136,Last-Touch
5602,20871,106,Last-Touch
5603,20876,168,Last-Touch
5604,20880,452,Last-Touch
5605,20883,294,Last-Touch
5606,20884,493,Last-Touch
5607,20891,395,Last-Touch
5608,20903,476,Last-Touch
5609,20912,245,Last-Touch
5610,20919,389,Last-Touch
5611,20921,340,Last-Touch
5612,20923,282,Last-Touch
5613,20924,306,Last-Touch
5614,20925,248,Last-Touch
5615,20932,326,Last-Touch
5616,20936,192,Last-Touch
5617,20940,254,Last-Touch
5618,20946,377,Last-Touch
5619,20947,435,Last-Touch
5620,20948,216,Last-Touch
5621,20962,434,Last-Touch
5622,20966,40,Last-Touch
5623,20968,371,Last-Touch
5624,20970,70,Last-Touch
5625,20979,371,Last-Touch
5626,20982,264,Last-Touch
5627,20983,483,Last-Touch
5628,20991,491,Last-Touch
5629,20992,460,Last-Touch
5630,20994,280,Last-Touch
5631,20995,454,Last-Touch
5632,20996,379,Last-Touch
5633,21003,89,Last-Touch
5634,21006,428,Last-Touch
5635,21008,431,Last-Touch
5636,21017,48,Last-Touch
5637,21019,335,Last-Touch
5638,21020,117,Last-Touch
5639,21021,328,Last-Touch
5640,21023,413,Last-Touch
5641,21030,114,Last-Touch
5642,21035,492,Last-Touch
5643,21040,31,Last-Touch
5644,21042,10,Last-Touch
5645,21046,335,Last-Touch
5646,21051,350,Last-Touch
5647,21053,194,Last-Touch
5648,21057,5,Last-Touch
5649,21060,376,Last-Touch
5650,21076,398,Last-Touch
5651,21077,364,Last-Touch
5652,21083,241,Last-Touch
5653,21086,306,Last-Touch
5654,21087,106,Last-Touch
5655,21088,170,Last-Touch
5656,21090,339,Last-Touch
5657,21091,344,Last-Touch
5658,21099,114,Last-Touch
5659,21115,483,Last-Touch
5660,21118,126,Last-Touch
5661,21124,193,Last-Touch
5662,21127,434,Last-Touch
5663,21134,20,Last-Touch
5664,21135,50,Last-Touch
5665,21139,281,Last-Touch
5666,21140,407,Last-Touch
5667,21142,69,Last-Touch
5668,21144,19,Last-Touch
5669,21145,119,Last-Touch
5670,21146,356,Last-Touch
5671,21147,341,Last-Touch
5672,21148,159,Last-Touch
5673,21152,399,Last-Touch
5674,21154,328,Last-Touch
5675,21162,334,Last-Touch
5676,21163,433,Last-Touch
5677,21164,344,Last-Touch
5678,21165,30,Last-Touch
5679,21166,377,Last-Touch
5680,21167,106,Last-Touch
5681,21168,344,Last-Touch
5682,21173,49,Last-Touch
5683,21178,396,Last-Touch
5684,21180,427,Last-Touch
5685,21186,467,Last-Touch
5686,21189,450,Last-Touch
5687,21198,353,Last-Touch
5688,21201,410,Last-Touch
5689,21203,63,Last-Touch
5690,21204,278,Last-Touch
5691,21208,38,Last-Touch
5692,21209,217,Last-Touch
5693,21213,186,Last-Touch
5694,21214,402,Last-Touch
5695,21216,479,Last-Touch
5696,21217,287,Last-Touch
5697,21218,418,Last-Touch
5698,21219,303,Last-Touch
5699,21226,364,Last-Touch
5700,21227,365,Last-Touch
5701,21232,169,Last-Touch
5702,21242,314,Last-Touch
5703,21243,494,Last-Touch
5704,21248,310,Last-Touch
5705,21249,18,Last-Touch
5706,21251,237,Last-Touch
5707,21255,342,Last-Touch
5708,21256,350,Last-Touch
5709,21258,482,Last-Touch
5710,21263,333,Last-Touch
5711,21267,378,Last-Touch
5712,21270,113,Last-Touch
5713,21272,373,Last-Touch
5714,21277,379,Last-Touch
5715,21278,229,Last-Touch
5716,21279,277,Last-Touch
5717,21292,175,Last-Touch
5718,21294,164,Last-Touch
5719,21295,56,Last-Touch
5720,21297,86,Last-Touch
5721,21300,348,Last-Touch
5722,21308,237,Last-Touch
5723,21310,231,Last-Touch
5724,21313,87,Last-Touch
5725,21314,479,Last-Touch
5726,21318,321,Last-Touch
5727,21325,481,Last-Touch
5728,21326,420,Last-Touch
5729,21330,34,Last-Touch
5730,21333,469,Last-Touch
5731,21338,157,Last-Touch
5732,21341,162,Last-Touch
5733,21346,76,Last-Touch
5734,21354,106,Last-Touch
5735,21355,458,Last-Touch
5736,21359,16,Last-Touch
5737,21363,398,Last-Touch
5738,21366,77,Last-Touch
5739,21367,364,Last-Touch
5740,21369,85,Last-Touch
5741,21372,37,Last-Touch
5742,21380,411,Last-Touch
5743,21386,326,Last-Touch
5744,21387,44,Last-Touch
5745,21393,452,Last-Touch
5746,21395,355,Last-Touch
5747,21396,394,Last-Touch
5748,21397,479,Last-Touch
5749,21400,98,Last-Touch
5750,21403,22,Last-Touch
5751,21405,323,Last-Touch
5752,21409,440,Last-Touch
5753,21412,333,Last-Touch
5754,21419,69,Last-Touch
5755,21422,239,Last-Touch
5756,21428,187,Last-Touch
5757,21431,351,Last-Touch
5758,21433,231,Last-Touch
5759,21435,78,Last-Touch
5760,21444,459,Last-Touch
5761,21447,211,Last-Touch
5762,21450,386,Last-Touch
5763,21453,483,Last-Touch
5764,21455,262,Last-Touch
5765,21462,184,Last-Touch
5766,21464,239,Last-Touch
5767,21466,129,Last-Touch
5768,21467,150,Last-Touch
5769,21473,360,Last-Touch
5770,21476,431,Last-Touch
5771,21477,60,Last-Touch
5772,21478,257,Last-Touch
5773,21481,479,Last-Touch
5774,21483,172,Last-Touch
5775,21501,358,Last-Touch
5776,21502,282,Last-Touch
5777,21506,431,Last-Touch
5778,21507,329,Last-Touch
5779,21512,127,Last-Touch
5780,21515,97,Last-Touch
5781,21519,254,Last-Touch
5782,21522,395,Last-Touch
5783,21529,106,Last-Touch
5784,21536,466,Last-Touch
5785,21539,454,Last-Touch
5786,21541,38,Last-Touch
5787,21545,184,Last-Touch
5788,21555,31,Last-Touch
5789,21557,500,Last-Touch
5790,21560,455,Last-Touch
5791,21561,446,Last-Touch
5792,21570,414,Last-Touch
5793,21577,281,Last-Touch
5794,21580,87,Last-Touch
5795,21582,338,Last-Touch
5796,21583,427,Last-Touch
5797,21584,383,Last-Touch
5798,21585,465,Last-Touch
5799,21588,341,Last-Touch
5800,21595,354,Last-Touch
5801,21598,410,Last-Touch
5802,21602,350,Last-Touch
5803,21603,59,Last-Touch
5804,21604,342,Last-Touch
5805,21610,7,Last-Touch
5806,21611,427,Last-Touch
5807,21612,130,Last-Touch
5808,21614,276,Last-Touch
5809,21616,107,Last-Touch
5810,21622,235,Last-Touch
5811,21624,305,Last-Touch
5812,21627,386,Last-Touch
5813,21631,80,Last-Touch
5814,21633,467,Last-Touch
5815,21637,60,Last-Touch
5816,21643,45,Last-Touch
5817,21648,60,Last-Touch
5818,21655,142,Last-Touch
5819,21656,410,Last-Touch
5820,21657,482,Last-Touch
5821,21666,460,Last-Touch
5822,21669,209,Last-Touch
5823,21671,414,Last-Touch
5824,21681,124,Last-Touch
5825,21685,9,Last-Touch
5826,21706,75,Last-Touch
5827,21707,363,Last-Touch
5828,21710,132,Last-Touch
5829,21711,101,Last-Touch
5830,21716,174,Last-Touch
5831,21723,74,Last-Touch
5832,21734,425,Last-Touch
5833,21736,176,Last-Touch
5834,21742,313,Last-Touch
5835,21743,429,Last-Touch
5836,21751,399,Last-Touch
5837,21756,112,Last-Touch
5838,21758,338,Last-Touch
5839,21767,281,Last-Touch
5840,21774,334,Last-Touch
5841,21776,307,Last-Touch
5842,21780,450,Last-Touch
5843,21782,24,Last-Touch
5844,21787,487,Last-Touch
5845,21788,428,Last-Touch
5846,21790,201,Last-Touch
5847,21793,111,Last-Touch
5848,21796,372,Last-Touch
5849,21803,468,Last-Touch
5850,21804,169,Last-Touch
5851,21806,325,Last-Touch
5852,21809,245,Last-Touch
5853,21810,324,Last-Touch
5854,21812,478,Last-Touch
5855,21813,414,Last-Touch
5856,21816,189,Last-Touch
5857,21817,397,Last-Touch
5858,21820,200,Last-Touch
5859,21821,313,Last-Touch
5860,21836,200,Last-Touch
5861,21840,493,Last-Touch
5862,21844,229,Last-Touch
5863,21849,121,Last-Touch
5864,21853,150,Last-Touch
5865,21854,16,Last-Touch
5866,21863,84,Last-Touch
5867,21865,252,Last-Touch
5868,21867,226,Last-Touch
5869,21868,449,Last-Touch
5870,21870,53,Last-Touch
5871,21872,35,Last-Touch
5872,21873,389,Last-Touch
5873,21877,78,Last-Touch
5874,21879,198,Last-Touch
5875,21881,162,Last-Touch
5876,21882,177,Last-Touch
5877,21888,286,Last-Touch
5878,21892,342,Last-Touch
5879,21896,89,Last-Touch
5880,21897,467,Last-Touch
5881,21899,411,Last-Touch
5882,21900,329,Last-Touch
5883,21901,362,Last-Touch
5884,21903,189,Last-Touch
5885,21907,392,Last-Touch
5886,21909,133,Last-Touch
5887,21912,378,Last-Touch
5888,21914,386,Last-Touch
5889,21918,19,Last-Touch
5890,21919,195,Last-Touch
5891,21920,265,Last-Touch
5892,21921,487,Last-Touch
5893,21922,112,Last-Touch
5894,21923,142,Last-Touch
5895,21925,237,Last-Touch
5896,21928,122,Last-Touch
5897,21930,354,Last-Touch
5898,21932,494,Last-Touch
5899,21939,281,Last-Touch
5900,21942,487,Last-Touch
5901,21944,186,Last-Touch
5902,21945,44,Last-Touch
5903,21949,43,Last-Touch
5904,21950,37,Last-Touch
5905,21952,52,Last-Touch
5906,21957,306,Last-Touch
5907,21958,386,Last-Touch
5908,21960,318,Last-Touch
5909,21966,87,Last-Touch
5910,21969,97,Last-Touch
5911,21971,386,Last-Touch
5912,21974,48,Last-Touch
5913,21975,344,Last-Touch
5914,21982,30,Last-Touch
5915,21985,467,Last-Touch
5916,21986,281,Last-Touch
5917,21990,312,Last-Touch
5918,21992,340,Last-Touch
5919,21996,329,Last-Touch
5920,22003,278,Last-Touch
5921,22010,277,Last-Touch
5922,22019,188,Last-Touch
5923,22023,122,Last-Touch
5924,22026,134,Last-Touch
5925,22029,153,Last-Touch
5926,22030,11,Last-Touch
5927,22032,313,Last-Touch
5928,22033,84,Last-Touch
5929,22034,460,Last-Touch
5930,22035,231,Last-Touch
5931,22039,485,Last-Touch
5932,22042,95,Last-Touch
5933,22046,173,Last-Touch
5934,22047,150,Last-Touch
5935,22048,337,Last-Touch
5936,22054,319,Last-Touch
5937,22055,49,Last-Touch
5938,22059,392,Last-Touch
5939,22065,264,Last-Touch
5940,22066,337,Last-Touch
5941,22070,491,Last-Touch
5942,22078,19,Last-Touch
5943,22079,9,Last-Touch
5944,22097,333,Last-Touch
5945,22105,105,Last-Touch
5946,22112,213,Last-Touch
5947,22116,162,Last-Touch
5948,22123,118,Last-Touch
5949,22127,366,Last-Touch
5950,22128,483,Last-Touch
5951,22133,137,Last-Touch
5952,22136,344,Last-Touch
5953,22138,411,Last-Touch
5954,22144,70,Last-Touch
5955,22153,217,Last-Touch
5956,22159,43,Last-Touch
5957,22164,84,Last-Touch
5958,22166,459,Last-Touch
5959,22168,366,Last-Touch
5960,22176,433,Last-Touch
5961,22179,49,Last-Touch
5962,22182,50,Last-Touch
5963,22184,347,Last-Touch
5964,22185,286,Last-Touch
5965,22197,135,Last-Touch
5966,22201,67,Last-Touch
5967,22204,121,Last-Touch
5968,22206,346,Last-Touch
5969,22213,478,Last-Touch
5970,22214,247,Last-Touch
5971,22215,406,Last-Touch
5972,22217,360,Last-Touch
5973,22221,105,Last-Touch
5974,22222,246,Last-Touch
5975,22223,110,Last-Touch
5976,22234,48,Last-Touch
5977,22236,291,Last-Touch
5978,22243,150,Last-Touch
5979,22254,3,Last-Touch
5980,22257,19,Last-Touch
5981,22265,464,Last-Touch
5982,22269,101,Last-Touch
5983,22272,117,Last-Touch
5984,22292,124,Last-Touch
5985,22294,445,Last-Touch
5986,22297,378,Last-Touch
5987,22303,73,Last-Touch
5988,22306,439,Last-Touch
5989,22308,130,Last-Touch
5990,22313,370,Last-Touch
5991,22314,122,Last-Touch
5992,22315,157,Last-Touch
5993,22318,93,Last-Touch
5994,22320,434,Last-Touch
5995,22322,291,Last-Touch
5996,22323,356,Last-Touch
5997,22324,389,Last-Touch
5998,22328,140,Last-Touch
5999,22330,496,Last-Touch
6000,22333,314,Last-Touch
6001,22334,156,Last-Touch
6002,22336,286,Last-Touch
6003,22337,124,Last-Touch
6004,22338,462,Last-Touch
6005,22342,297,Last-Touch
6006,22344,452,Last-Touch
6007,22349,221,Last-Touch
6008,22366,32,Last-Touch
6009,22367,124,Last-Touch
6010,22370,254,Last-Touch
6011,22375,350,Last-Touch
6012,22376,9,Last-Touch
6013,22378,402,Last-Touch
6014,22383,498,Last-Touch
6015,22384,338,Last-Touch
6016,22387,95,Last-Touch
6017,22391,265,Last-Touch
6018,22395,294,Last-Touch
6019,22400,218,Last-Touch
6020,22404,30,Last-Touch
6021,22412,132,Last-Touch
6022,22418,226,Last-Touch
6023,22419,426,Last-Touch
6024,22424,46,Last-Touch
6025,22425,96,Last-Touch
6026,22427,367,Last-Touch
6027,22429,492,Last-Touch
6028,22434,272,Last-Touch
6029,22440,262,Last-Touch
6030,22441,302,Last-Touch
6031,22444,69,Last-Touch
6032,22448,386,Last-Touch
6033,22451,338,Last-Touch
6034,22456,264,Last-Touch
6035,22459,191,Last-Touch
6036,22468,78,Last-Touch
6037,22469,356,Last-Touch
6038,22471,72,Last-Touch
6039,22473,232,Last-Touch
6040,22474,278,Last-Touch
6041,22481,347,Last-Touch
6042,22487,186,Last-Touch
6043,22490,186,Last-Touch
6044,22491,429,Last-Touch
6045,22494,277,Last-Touch
6046,22498,406,Last-Touch
6047,22499,207,Last-Touch
6048,22502,114,Last-Touch
6049,22505,91,Last-Touch
6050,22506,189,Last-Touch
6051,22507,479,Last-Touch
6052,22511,174,Last-Touch
6053,22512,151,Last-Touch
6054,22516,350,Last-Touch
6055,22519,471,Last-Touch
6056,22520,187,Last-Touch
6057,22522,396,Last-Touch
6058,22526,391,Last-Touch
6059,22536,280,Last-Touch
6060,22543,333,Last-Touch
6061,22544,448,Last-Touch
6062,22545,477,Last-Touch
6063,22546,387,Last-Touch
6064,22549,494,Last-Touch
6065,22550,274,Last-Touch
6066,22551,59,Last-Touch
6067,22553,401,Last-Touch
6068,22555,281,Last-Touch
6069,22557,413,Last-Touch
6070,22561,149,Last-Touch
6071,22563,150,Last-Touch
6072,22564,217,Last-Touch
6073,22576,217,Last-Touch
6074,22577,311,Last-Touch
6075,22579,162,Last-Touch
6076,22581,393,Last-Touch
6077,22582,278,Last-Touch
6078,22584,203,Last-Touch
6079,22594,227,Last-Touch
6080,22600,440,Last-Touch
6081,22601,402,Last-Touch
6082,22608,254,Last-Touch
6083,22611,174,Last-Touch
6084,22613,19,Last-Touch
6085,22614,59,Last-Touch
6086,22618,19,Last-Touch
6087,22631,141,Last-Touch
6088,22634,214,Last-Touch
6089,22635,341,Last-Touch
6090,22636,64,Last-Touch
6091,22644,452,Last-Touch
6092,22645,443,Last-Touch
6093,22646,296,Last-Touch
6094,22652,331,Last-Touch
6095,22663,106,Last-Touch
6096,22664,296,Last-Touch
6097,22665,235,Last-Touch
6098,22670,56,Last-Touch
6099,22675,452,Last-Touch
6100,22691,500,Last-Touch
6101,22694,92,Last-Touch
6102,22695,30,Last-Touch
6103,22696,281,Last-Touch
6104,22701,122,Last-Touch
6105,22715,59,Last-Touch
6106,22717,392,Last-Touch
6107,22725,383,Last-Touch
6108,22727,459,Last-Touch
6109,22734,457,Last-Touch
6110,22738,201,Last-Touch
6111,22739,326,Last-Touch
6112,22740,465,Last-Touch
6113,22743,170,Last-Touch
6114,22745,43,Last-Touch
6115,22754,312,Last-Touch
6116,22756,383,Last-Touch
6117,22764,280,Last-Touch
6118,22768,219,Last-Touch
6119,22769,87,Last-Touch
6120,22779,227,Last-Touch
6121,22790,373,Last-Touch
6122,22791,178,Last-Touch
6123,22794,70,Last-Touch
6124,22795,217,Last-Touch
6125,22808,348,Last-Touch
6126,22810,69,Last-Touch
6127,22815,179,Last-Touch
6128,22819,280,Last-Touch
6129,22820,178,Last-Touch
6130,22826,20,Last-Touch
6131,22835,252,Last-Touch
6132,22836,40,Last-Touch
6133,22842,254,Last-Touch
6134,22849,453,Last-Touch
6135,22853,448,Last-Touch
6136,22855,26,Last-Touch
6137,22856,344,Last-Touch
6138,22857,190,Last-Touch
6139,22858,379,Last-Touch
6140,22860,100,Last-Touch
6141,22862,189,Last-Touch
6142,22865,77,Last-Touch
6143,22868,38,Last-Touch
6144,22880,55,Last-Touch
6145,22881,265,Last-Touch
6146,22884,208,Last-Touch
6147,22890,50,Last-Touch
6148,22899,366,Last-Touch
6149,22901,51,Last-Touch
6150,22904,136,Last-Touch
6151,22906,19,Last-Touch
6152,22912,132,Last-Touch
6153,22915,434,Last-Touch
6154,22918,427,Last-Touch
6155,22924,403,Last-Touch
6156,22927,184,Last-Touch
6157,22929,398,Last-Touch
6158,22930,178,Last-Touch
6159,22931,23,Last-Touch
6160,22936,389,Last-Touch
6161,22939,201,Last-Touch
6162,22944,147,Last-Touch
6163,22951,351,Last-Touch
6164,22952,439,Last-Touch
6165,22954,492,Last-Touch
6166,22957,275,Last-Touch
6167,22961,58,Last-Touch
6168,22963,185,Last-Touch
6169,22967,31,Last-Touch
6170,22970,383,Last-Touch
6171,22972,393,Last-Touch
6172,22973,439,Last-Touch
6173,22977,495,Last-Touch
6174,22979,230,Last-Touch
6175,22980,49,Last-Touch
6176,22982,380,Last-Touch
6177,22990,319,Last-Touch
6178,22991,319,Last-Touch
6179,22992,142,Last-Touch
6180,23006,467,Last-Touch
6181,23008,350,Last-Touch
6182,23012,278,Last-Touch
6183,23014,347,Last-Touch
6184,23017,177,Last-Touch
6185,23025,314,Last-Touch
6186,23029,36,Last-Touch
6187,23031,335,Last-Touch
6188,23032,314,Last-Touch
6189,23037,157,Last-Touch
6190,23051,371,Last-Touch
6191,23055,101,Last-Touch
6192,23063,262,Last-Touch
6193,23069,335,Last-Touch
6194,23070,262,Last-Touch
6195,23073,345,Last-Touch
6196,23074,319,Last-Touch
6197,23077,453,Last-Touch
6198,23078,6,Last-Touch
6199,23080,360,Last-Touch
6200,23091,428,Last-Touch
6201,23094,278,Last-Touch
6202,23097,208,Last-Touch
6203,23104,362,Last-Touch
6204,23110,373,Last-Touch
6205,23114,266,Last-Touch
6206,23115,350,Last-Touch
6207,23116,72,Last-Touch
6208,23127,264,Last-Touch
6209,23136,75,Last-Touch
6210,23142,257,Last-Touch
6211,23148,77,Last-Touch
6212,23151,128,Last-Touch
6213,23152,470,Last-Touch
6214,23156,11,Last-Touch
6215,23159,179,Last-Touch
6216,23165,323,Last-Touch
6217,23175,414,Last-Touch
6218,23186,450,Last-Touch
6219,23189,48,Last-Touch
6220,23191,367,Last-Touch
6221,23193,63,Last-Touch
6222,23196,192,Last-Touch
6223,23199,237,Last-Touch
6224,23200,70,Last-Touch
6225,23201,339,Last-Touch
6226,23202,60,Last-Touch
6227,23206,28,Last-Touch
6228,23217,414,Last-Touch
6229,23220,340,Last-Touch
6230,23228,252,Last-Touch
6231,23232,65,Last-Touch
6232,23242,217,Last-Touch
6233,23245,152,Last-Touch
6234,23247,198,Last-Touch
6235,23252,329,Last-Touch
6236,23265,282,Last-Touch
6237,23268,120,Last-Touch
6238,23273,121,Last-Touch
6239,23279,455,Last-Touch
6240,23284,121,Last-Touch
6241,23289,291,Last-Touch
6242,23296,321,Last-Touch
6243,23314,120,Last-Touch
6244,23316,157,Last-Touch
6245,23318,188,Last-Touch
6246,23319,254,Last-Touch
6247,23330,351,Last-Touch
6248,23331,53,Last-Touch
6249,23333,163,Last-Touch
6250,23334,355,Last-Touch
6251,23336,399,Last-Touch
6252,23337,197,Last-Touch
6253,23338,423,Last-Touch
6254,23341,182,Last-Touch
6255,23342,353,Last-Touch
6256,23345,51,Last-Touch
6257,23354,26,Last-Touch
6258,23355,48,Last-Touch
6259,23356,483,Last-Touch
6260,23358,307,Last-Touch
6261,23363,307,Last-Touch
6262,23365,94,Last-Touch
6263,23375,461,Last-Touch
6264,23377,432,Last-Touch
6265,23382,462,Last-Touch
6266,23393,494,Last-Touch
6267,23394,389,Last-Touch
6268,23396,37,Last-Touch
6269,23402,68,Last-Touch
6270,23408,17,Last-Touch
6271,23409,312,Last-Touch
6272,23411,399,Last-Touch
6273,23419,215,Last-Touch
6274,23438,166,Last-Touch
6275,23439,107,Last-Touch
6276,23444,336,Last-Touch
6277,23445,209,Last-Touch
6278,23446,119,Last-Touch
6279,23447,272,Last-Touch
6280,23450,19,Last-Touch
6281,23455,342,Last-Touch
6282,23460,389,Last-Touch
6283,23463,31,Last-Touch
6284,23464,142,Last-Touch
6285,23466,46,Last-Touch
6286,23474,329,Last-Touch
6287,23478,267,Last-Touch
6288,23479,207,Last-Touch
6289,23482,464,Last-Touch
6290,23487,492,Last-Touch
6291,23488,106,Last-Touch
6292,23489,282,Last-Touch
6293,23490,371,Last-Touch
6294,23496,495,Last-Touch
6295,23506,291,Last-Touch
6296,23511,35,Last-Touch
6297,23513,172,Last-Touch
6298,23516,142,Last-Touch
6299,23520,31,Last-Touch
6300,23523,356,Last-Touch
6301,23524,195,Last-Touch
6302,23526,87,Last-Touch
6303,23527,130,Last-Touch
6304,23529,178,Last-Touch
6305,23530,306,Last-Touch
6306,23534,244,Last-Touch
6307,23535,7,Last-Touch
6308,23539,320,Last-Touch
6309,23541,6,Last-Touch
6310,23542,389,Last-Touch
6311,23545,34,Last-Touch
6312,23547,104,Last-Touch
6313,23548,254,Last-Touch
6314,23552,434,Last-Touch
6315,23553,38,Last-Touch
6316,23554,478,Last-Touch
6317,23559,324,Last-Touch
6318,23561,434,Last-Touch
6319,23575,389,Last-Touch
6320,23580,281,Last-Touch
6321,23581,218,Last-Touch
6322,23584,80,Last-Touch
6323,23585,268,Last-Touch
6324,23589,309,Last-Touch
6325,23590,9,Last-Touch
6326,23598,391,Last-Touch
6327,23604,404,Last-Touch
6328,23606,60,Last-Touch
6329,23611,331,Last-Touch
6330,23613,124,Last-Touch
6331,23614,84,Last-Touch
6332,23617,36,Last-Touch
6333,23622,492,Last-Touch
6334,23631,93,Last-Touch
6335,23632,50,Last-Touch
6336,23634,28,Last-Touch
6337,23636,386,Last-Touch
6338,23637,278,Last-Touch
6339,23641,308,Last-Touch
6340,23643,129,Last-Touch
6341,23645,178,Last-Touch
6342,23655,213,Last-Touch
6343,23663,389,Last-Touch
6344,23664,326,Last-Touch
6345,23665,311,Last-Touch
6346,23669,486,Last-Touch
6347,23675,443,Last-Touch
6348,23678,168,Last-Touch
6349,23679,112,Last-Touch
6350,23685,381,Last-Touch
6351,23690,267,Last-Touch
6352,23691,413,Last-Touch
6353,23694,60,Last-Touch
6354,23699,352,Last-Touch
6355,23705,153,Last-Touch
6356,23709,279,Last-Touch
6357,23715,357,Last-Touch
6358,23717,369,Last-Touch
6359,23721,471,Last-Touch
6360,23722,248,Last-Touch
6361,23728,418,Last-Touch
6362,23734,466,Last-Touch
6363,23739,56,Last-Touch
6364,23740,70,Last-Touch
6365,23743,378,Last-Touch
6366,23744,190,Last-Touch
6367,23749,429,Last-Touch
6368,23756,282,Last-Touch
6369,23758,144,Last-Touch
6370,23760,163,Last-Touch
6371,23764,85,Last-Touch
6372,23774,69,Last-Touch
6373,23781,492,Last-Touch
6374,23784,96,Last-Touch
6375,23785,350,Last-Touch
6376,23790,381,Last-Touch
6377,23795,19,Last-Touch
6378,23801,340,Last-Touch
6379,23804,89,Last-Touch
6380,23806,232,Last-Touch
6381,23807,395,Last-Touch
6382,23809,10,Last-Touch
6383,23813,449,Last-Touch
6384,23817,97,Last-Touch
6385,23821,289,Last-Touch
6386,23822,314,Last-Touch
6387,23823,252,Last-Touch
6388,23827,348,Last-Touch
6389,23829,129,Last-Touch
6390,23830,491,Last-Touch
6391,23831,106,Last-Touch
6392,23836,395,Last-Touch
6393,23841,223,Last-Touch
6394,23848,117,Last-Touch
6395,23852,119,Last-Touch
6396,23870,382,Last-Touch
6397,23871,482,Last-Touch
6398,23872,442,Last-Touch
6399,23875,408,Last-Touch
6400,23878,270,Last-Touch
6401,23882,184,Last-Touch
6402,23885,38,Last-Touch
6403,23889,213,Last-Touch
6404,23896,227,Last-Touch
6405,23900,235,Last-Touch
6406,23901,169,Last-Touch
6407,23903,306,Last-Touch
6408,23928,338,Last-Touch
6409,23929,47,Last-Touch
6410,23934,67,Last-Touch
6411,23935,374,Last-Touch
6412,23939,397,Last-Touch
6413,23942,254,Last-Touch
6414,23945,432,Last-Touch
6415,23951,296,Last-Touch
6416,23953,314,Last-Touch
6417,23971,112,Last-Touch
6418,23984,19,Last-Touch
6419,23988,413,Last-Touch
6420,23989,106,Last-Touch
6421,23993,333,Last-Touch
6422,23997,122,Last-Touch
6423,24002,282,Last-Touch
6424,24004,280,Last-Touch
6425,24007,169,Last-Touch
6426,24010,284,Last-Touch
6427,24012,37,Last-Touch
6428,24023,376,Last-Touch
6429,24025,391,Last-Touch
6430,24032,404,Last-Touch
6431,24042,450,Last-Touch
6432,24044,284,Last-Touch
6433,24047,426,Last-Touch
6434,24049,431,Last-Touch
6435,24058,141,Last-Touch
6436,24065,281,Last-Touch
6437,24073,402,Last-Touch
6438,24074,7,Last-Touch
6439,24075,333,Last-Touch
6440,24085,218,Last-Touch
6441,24089,327,Last-Touch
6442,24108,455,Last-Touch
6443,24110,434,Last-Touch
6444,24118,338,Last-Touch
6445,24122,86,Last-Touch
6446,24124,59,Last-Touch
6447,24125,448,Last-Touch
6448,24130,482,Last-Touch
6449,24134,38,Last-Touch
6450,24138,86,Last-Touch
6451,24144,237,Last-Touch
6452,24150,109,Last-Touch
6453,24157,362,Last-Touch
6454,24168,478,Last-Touch
6455,24173,8,Last-Touch
6456,24174,85,Last-Touch
6457,24179,46,Last-Touch
6458,24180,107,Last-Touch
6459,24182,117,Last-Touch
6460,24185,121,Last-Touch
6461,24191,228,Last-Touch
6462,24192,208,Last-Touch
6463,24194,290,Last-Touch
6464,24201,332,Last-Touch
6465,24203,174,Last-Touch
6466,24206,31,Last-Touch
6467,24211,168,Last-Touch
6468,24213,310,Last-Touch
6469,24218,342,Last-Touch
6470,24230,161,Last-Touch
6471,24231,391,Last-Touch
6472,24243,418,Last-Touch
6473,24244,274,Last-Touch
6474,24245,461,Last-Touch
6475,24246,100,Last-Touch
6476,24247,175,Last-Touch
6477,24248,180,Last-Touch
6478,24258,371,Last-Touch
6479,24262,71,Last-Touch
6480,24264,341,Last-Touch
6481,24267,144,Last-Touch
6482,24273,150,Last-Touch
6483,24278,121,Last-Touch
6484,24280,376,Last-Touch
6485,24287,440,Last-Touch
6486,24288,309,Last-Touch
6487,24289,402,Last-Touch
6488,24290,335,Last-Touch
6489,24296,458,Last-Touch
6490,24297,467,Last-Touch
6491,24298,169,Last-Touch
6492,24301,394,Last-Touch
6493,24307,172,Last-Touch
6494,24313,282,Last-Touch
6495,24316,104,Last-Touch
6496,24318,353,Last-Touch
6497,24319,142,Last-Touch
6498,24321,365,Last-Touch
6499,24322,43,Last-Touch
6500,24328,402,Last-Touch
6501,24329,383,Last-Touch
6502,24338,323,Last-Touch
6503,24340,37,Last-Touch
6504,24341,366,Last-Touch
6505,24343,342,Last-Touch
6506,24347,351,Last-Touch
6507,24348,157,Last-Touch
6508,24350,20,Last-Touch
6509,24352,323,Last-Touch
6510,24356,316,Last-Touch
6511,24357,482,Last-Touch
6512,24360,470,Last-Touch
6513,24368,101,Last-Touch
6514,24372,326,Last-Touch
6515,24374,25,Last-Touch
6516,24375,500,Last-Touch
6517,24376,130,Last-Touch
6518,24378,32,Last-Touch
6519,24379,495,Last-Touch
6520,24381,215,Last-Touch
6521,24383,457,Last-Touch
6522,24386,162,Last-Touch
6523,24389,98,Last-Touch
6524,24390,31,Last-Touch
6525,24392,289,Last-Touch
6526,24393,32,Last-Touch
6527,24405,396,Last-Touch
6528,24407,261,Last-Touch
6529,24412,107,Last-Touch
6530,24415,487,Last-Touch
6531,24416,49,Last-Touch
6532,24417,254,Last-Touch
6533,24421,396,Last-Touch
6534,24427,306,Last-Touch
6535,24430,431,Last-Touch
6536,24435,405,Last-Touch
6537,24436,278,Last-Touch
6538,24439,91,Last-Touch
6539,24441,309,Last-Touch
6540,24442,457,Last-Touch
6541,24443,353,Last-Touch
6542,24448,144,Last-Touch
6543,24450,247,Last-Touch
6544,24451,144,Last-Touch
6545,24453,189,Last-Touch
6546,24454,52,Last-Touch
6547,24459,232,Last-Touch
6548,24463,498,Last-Touch
6549,24464,189,Last-Touch
6550,24470,31,Last-Touch
6551,24475,216,Last-Touch
6552,24478,231,Last-Touch
6553,24480,171,Last-Touch
6554,24483,239,Last-Touch
6555,24484,364,Last-Touch
6556,24487,129,Last-Touch
6557,24489,366,Last-Touch
6558,24498,485,Last-Touch
6559,24500,110,Last-Touch
6560,24501,229,Last-Touch
6561,24506,180,Last-Touch
6562,24509,278,Last-Touch
6563,24513,311,Last-Touch
6564,24515,304,Last-Touch
6565,24520,279,Last-Touch
6566,24524,192,Last-Touch
6567,24525,79,Last-Touch
6568,24527,265,Last-Touch
6569,24529,79,Last-Touch
6570,24532,38,Last-Touch
6571,24533,446,Last-Touch
6572,24538,43,Last-Touch
6573,24543,59,Last-Touch
6574,24544,463,Last-Touch
6575,24545,140,Last-Touch
6576,24549,292,Last-Touch
6577,24553,358,Last-Touch
6578,24556,337,Last-Touch
6579,24558,130,Last-Touch
6580,24562,309,Last-Touch
6581,24567,470,Last-Touch
6582,24574,163,Last-Touch
6583,24575,23,Last-Touch
6584,24586,373,Last-Touch
6585,24587,122,Last-Touch
6586,24588,333,Last-Touch
6587,24600,87,Last-Touch
6588,24602,260,Last-Touch
6589,24605,118,Last-Touch
6590,24612,366,Last-Touch
6591,24615,50,Last-Touch
6592,24616,270,Last-Touch
6593,24618,1,Last-Touch
6594,24619,175,Last-Touch
6595,24623,168,Last-Touch
6596,24628,157,Last-Touch
6597,24633,462,Last-Touch
6598,24636,278,Last-Touch
6599,24645,189,Last-Touch
6600,24649,60,Last-Touch
6601,24661,428,Last-Touch
6602,24664,309,Last-Touch
6603,24666,418,Last-Touch
6604,24673,395,Last-Touch
6605,24681,376,Last-Touch
6606,24684,408,Last-Touch
6607,24685,209,Last-Touch
6608,24686,24,Last-Touch
6609,24690,180,Last-Touch
6610,24691,208,Last-Touch
6611,24692,305,Last-Touch
6612,24693,478,Last-Touch
6613,24694,247,Last-Touch
6614,24696,232,Last-Touch
6615,24697,15,Last-Touch
6616,24705,156,Last-Touch
6617,24707,137,Last-Touch
6618,24711,424,Last-Touch
6619,24718,461,Last-Touch
6620,24721,459,Last-Touch
6621,24732,434,Last-Touch
6622,24736,196,Last-Touch
6623,24737,455,Last-Touch
6624,24739,85,Last-Touch
6625,24744,194,Last-Touch
6626,24746,450,Last-Touch
6627,24749,229,Last-Touch
6628,24751,155,Last-Touch
6629,24753,275,Last-Touch
6630,24756,4,Last-Touch
6631,24768,450,Last-Touch
6632,24773,382,Last-Touch
6633,24775,433,Last-Touch
6634,24778,482,Last-Touch
6635,24779,115,Last-Touch
6636,24782,15,Last-Touch
6637,24783,333,Last-Touch
6638,24784,11,Last-Touch
6639,24787,108,Last-Touch
6640,24791,50,Last-Touch
6641,24796,350,Last-Touch
6642,24801,329,Last-Touch
6643,24806,156,Last-Touch
6644,24808,106,Last-Touch
6645,24812,396,Last-Touch
6646,24813,156,Last-Touch
6647,24817,36,Last-Touch
6648,24818,450,Last-Touch
6649,24820,402,Last-Touch
6650,24824,320,Last-Touch
6651,24829,231,Last-Touch
6652,24830,440,Last-Touch
6653,24841,239,Last-Touch
6654,24844,240,Last-Touch
6655,24845,331,Last-Touch
6656,24850,70,Last-Touch
6657,24863,69,Last-Touch
6658,24865,371,Last-Touch
6659,24867,431,Last-Touch
6660,24872,371,Last-Touch
6661,24876,333,Last-Touch
6662,24877,470,Last-Touch
6663,24878,34,Last-Touch
6664,24879,446,Last-Touch
6665,24880,356,Last-Touch
6666,24881,95,Last-Touch
6667,24883,329,Last-Touch
6668,24887,132,Last-Touch
6669,24896,373,Last-Touch
6670,24898,75,Last-Touch
6671,24903,440,Last-Touch
6672,24914,310,Last-Touch
6673,24916,454,Last-Touch
6674,24919,484,Last-Touch
6675,24922,9,Last-Touch
6676,24923,362,Last-Touch
6677,24924,130,Last-Touch
6678,24932,137,Last-Touch
6679,24936,127,Last-Touch
6680,24939,356,Last-Touch
6681,24947,430,Last-Touch
6682,24948,120,Last-Touch
6683,24959,382,Last-Touch
6684,24961,443,Last-Touch
6685,24965,427,Last-Touch
6686,24967,491,Last-Touch
6687,24972,446,Last-Touch
6688,24973,311,Last-Touch
6689,24978,3,Last-Touch
6690,24983,297,Last-Touch
6691,24984,321,Last-Touch
6692,24994,414,Last-Touch
6693,24995,340,Last-Touch
6694,25004,456,Last-Touch
6695,25022,200,Last-Touch
6696,25029,119,Last-Touch
6697,25031,218,Last-Touch
6698,25046,219,Last-Touch
6699,25049,410,Last-Touch
6700,25050,469,Last-Touch
6701,25051,282,Last-Touch
6702,25057,164,Last-Touch
6703,25066,70,Last-Touch
6704,25067,282,Last-Touch
6705,25071,325,Last-Touch
6706,25076,157,Last-Touch
6707,25082,295,Last-Touch
6708,25083,100,Last-Touch
6709,25085,333,Last-Touch
6710,25089,130,Last-Touch
6711,25092,72,Last-Touch
6712,25098,152,Last-Touch
6713,25102,410,Last-Touch
6714,25105,20,Last-Touch
6715,25107,122,Last-Touch
6716,25112,46,Last-Touch
6717,25113,59,Last-Touch
6718,25115,362,Last-Touch
6719,25117,93,Last-Touch
6720,25122,72,Last-Touch
6721,25125,485,Last-Touch
6722,25126,188,Last-Touch
6723,25128,125,Last-Touch
6724,25131,492,Last-Touch
6725,25133,119,Last-Touch
6726,25142,84,Last-Touch
6727,25145,254,Last-Touch
6728,25148,6,Last-Touch
6729,25155,372,Last-Touch
6730,25157,89,Last-Touch
6731,25159,291,Last-Touch
6732,25160,16,Last-Touch
6733,25166,386,Last-Touch
6734,25175,92,Last-Touch
6735,25176,119,Last-Touch
6736,25181,333,Last-Touch
6737,25187,391,Last-Touch
6738,25190,204,Last-Touch
6739,25191,189,Last-Touch
6740,25194,466,Last-Touch
6741,25196,218,Last-Touch
6742,25197,47,Last-Touch
6743,25198,231,Last-Touch
6744,25209,352,Last-Touch
6745,25210,218,Last-Touch
6746,25212,127,Last-Touch
6747,25216,228,Last-Touch
6748,25223,402,Last-Touch
6749,25225,460,Last-Touch
6750,25230,7,Last-Touch
6751,25231,356,Last-Touch
6752,25238,240,Last-Touch
6753,25241,20,Last-Touch
6754,25245,6,Last-Touch
6755,25246,31,Last-Touch
6756,25251,301,Last-Touch
6757,25252,232,Last-Touch
6758,25256,382,Last-Touch
6759,25257,281,Last-Touch
6760,25259,49,Last-Touch
6761,25262,362,Last-Touch
6762,25269,289,Last-Touch
6763,25271,278,Last-Touch
6764,25272,109,Last-Touch
6765,25276,179,Last-Touch
6766,25277,240,Last-Touch
6767,25278,215,Last-Touch
6768,25279,63,Last-Touch
6769,25280,182,Last-Touch
6770,25282,391,Last-Touch
6771,25283,410,Last-Touch
6772,25286,56,Last-Touch
6773,25288,247,Last-Touch
6774,25292,401,Last-Touch
6775,25293,342,Last-Touch
6776,25295,333,Last-Touch
6777,25296,252,Last-Touch
6778,25304,424,Last-Touch
6779,25315,320,Last-Touch
6780,25317,232,Last-Touch
6781,25320,284,Last-Touch
6782,25327,230,Last-Touch
6783,25333,454,Last-Touch
6784,25336,121,Last-Touch
6785,25338,178,Last-Touch
6786,25340,278,Last-Touch
6787,25341,232,Last-Touch
6788,25344,366,Last-Touch
6789,25346,232,Last-Touch
6790,25354,10,Last-Touch
6791,25360,59,Last-Touch
6792,25361,174,Last-Touch
6793,25363,48,Last-Touch
6794,25370,490,Last-Touch
6795,25373,13,Last-Touch
6796,25377,133,Last-Touch
6797,25381,206,Last-Touch
6798,25382,189,Last-Touch
6799,25387,13,Last-Touch
6800,25389,288,Last-Touch
6801,25394,157,Last-Touch
6802,25397,467,Last-Touch
6803,25408,223,Last-Touch
6804,25410,369,Last-Touch
6805,25413,6,Last-Touch
6806,25419,150,Last-Touch
6807,25421,174,Last-Touch
6808,25426,100,Last-Touch
6809,25429,306,Last-Touch
6810,25430,72,Last-Touch
6811,25432,313,Last-Touch
6812,25436,416,Last-Touch
6813,25439,197,Last-Touch
6814,25442,346,Last-Touch
6815,25448,51,Last-Touch
6816,25450,329,Last-Touch
6817,25451,30,Last-Touch
6818,25452,186,Last-Touch
6819,25453,5,Last-Touch
6820,25459,209,Last-Touch
6821,25461,141,Last-Touch
6822,25462,281,Last-Touch
6823,25465,45,Last-Touch
6824,25466,194,Last-Touch
6825,25467,322,Last-Touch
6826,25468,364,Last-Touch
6827,25471,147,Last-Touch
6828,25479,172,Last-Touch
6829,25490,254,Last-Touch
6830,25491,390,Last-Touch
6831,25499,251,Last-Touch
6832,25505,162,Last-Touch
6833,25508,372,Last-Touch
6834,25509,113,Last-Touch
6835,25511,384,Last-Touch
6836,25515,485,Last-Touch
6837,25519,295,Last-Touch
6838,25525,150,Last-Touch
6839,25530,100,Last-Touch
6840,25534,140,Last-Touch
6841,25537,229,Last-Touch
6842,25543,354,Last-Touch
6843,25557,398,Last-Touch
6844,25560,113,Last-Touch
6845,25563,333,Last-Touch
6846,25565,77,Last-Touch
6847,25567,86,Last-Touch
6848,25572,369,Last-Touch
6849,25573,498,Last-Touch
6850,25574,98,Last-Touch
6851,25582,162,Last-Touch
6852,25583,96,Last-Touch
6853,25588,254,Last-Touch
6854,25594,184,Last-Touch
6855,25596,482,Last-Touch
6856,25599,150,Last-Touch
6857,25600,160,Last-Touch
6858,25601,477,Last-Touch
6859,25603,450,Last-Touch
6860,25607,114,Last-Touch
6861,25610,219,Last-Touch
6862,25618,334,Last-Touch
6863,25621,104,Last-Touch
6864,25628,173,Last-Touch
6865,25629,352,Last-Touch
6866,25637,281,Last-Touch
6867,25640,137,Last-Touch
6868,25641,71,Last-Touch
6869,25646,80,Last-Touch
6870,25648,8,Last-Touch
6871,25651,485,Last-Touch
6872,25652,173,Last-Touch
6873,25657,492,Last-Touch
6874,25658,192,Last-Touch
6875,25661,384,Last-Touch
6876,25663,132,Last-Touch
6877,25670,61,Last-Touch
6878,25674,292,Last-Touch
6879,25680,77,Last-Touch
6880,25681,386,Last-Touch
6881,25685,92,Last-Touch
6882,25689,264,Last-Touch
6883,25695,405,Last-Touch
6884,25697,278,Last-Touch
6885,25699,312,Last-Touch
6886,25700,333,Last-Touch
6887,25711,272,Last-Touch
6888,25714,1,Last-Touch
6889,25716,311,Last-Touch
6890,25719,126,Last-Touch
6891,25720,359,Last-Touch
6892,25721,402,Last-Touch
6893,25726,383,Last-Touch
6894,25732,248,Last-Touch
6895,25738,283,Last-Touch
6896,25739,252,Last-Touch
6897,25740,398,Last-Touch
6898,25744,13,Last-Touch
6899,25750,355,Last-Touch
6900,25751,124,Last-Touch
6901,25754,337,Last-Touch
6902,25755,432,Last-Touch
6903,25756,48,Last-Touch
6904,25763,24,Last-Touch
6905,25768,320,Last-Touch
6906,25774,252,Last-Touch
6907,25780,462,Last-Touch
6908,25784,346,Last-Touch
6909,25788,399,Last-Touch
6910,25790,86,Last-Touch
6911,25791,132,Last-Touch
6912,25792,46,Last-Touch
6913,25797,179,Last-Touch
6914,25798,278,Last-Touch
6915,25800,193,Last-Touch
6916,25802,157,Last-Touch
6917,25807,364,Last-Touch
6918,25813,184,Last-Touch
6919,25815,186,Last-Touch
6920,25817,297,Last-Touch
6921,25821,244,Last-Touch
6922,25823,335,Last-Touch
6923,25824,462,Last-Touch
6924,25833,341,Last-Touch
6925,25835,189,Last-Touch
6926,25836,134,Last-Touch
6927,25840,492,Last-Touch
6928,25841,85,Last-Touch
6929,25843,467,Last-Touch
6930,25844,352,Last-Touch
6931,25845,252,Last-Touch
6932,25848,395,Last-Touch
6933,25851,134,Last-Touch
6934,25855,112,Last-Touch
6935,25865,454,Last-Touch
6936,25866,284,Last-Touch
6937,25873,296,Last-Touch
6938,25887,150,Last-Touch
6939,25889,86,Last-Touch
6940,25891,33,Last-Touch
6941,25894,414,Last-Touch
6942,25908,372,Last-Touch
6943,25911,299,Last-Touch
6944,25914,229,Last-Touch
6945,25915,454,Last-Touch
6946,25923,489,Last-Touch
6947,25927,181,Last-Touch
6948,25928,72,Last-Touch
6949,25929,114,Last-Touch
6950,25933,367,Last-Touch
6951,25937,124,Last-Touch
6952,25946,262,Last-Touch
6953,25949,488,Last-Touch
6954,25952,115,Last-Touch
6955,25954,89,Last-Touch
6956,25957,214,Last-Touch
6957,25958,282,Last-Touch
6958,25965,144,Last-Touch
6959,25970,347,Last-Touch
6960,25971,482,Last-Touch
6961,25977,53,Last-Touch
6962,25980,153,Last-Touch
6963,25981,292,Last-Touch
6964,25983,433,Last-Touch
6965,25985,467,Last-Touch
6966,25986,432,Last-Touch
6967,25993,36,Last-Touch
6968,26000,406,Last-Touch
6969,26007,372,Last-Touch
6970,26010,367,Last-Touch
6971,26018,364,Last-Touch
6972,26026,431,Last-Touch
6973,26030,89,Last-Touch
6974,26035,396,Last-Touch
6975,26036,74,Last-Touch
6976,26042,201,Last-Touch
6977,26047,106,Last-Touch
6978,26050,435,Last-Touch
6979,26051,133,Last-Touch
6980,26054,47,Last-Touch
6981,26055,13,Last-Touch
6982,26058,57,Last-Touch
6983,26060,325,Last-Touch
6984,26062,279,Last-Touch
6985,26064,353,Last-Touch
6986,26065,110,Last-Touch
6987,26067,389,Last-Touch
6988,26073,201,Last-Touch
6989,26080,134,Last-Touch
6990,26084,69,Last-Touch
6991,26085,163,Last-Touch
6992,26087,257,Last-Touch
6993,26094,364,Last-Touch
6994,26095,399,Last-Touch
6995,26098,119,Last-Touch
6996,26100,237,Last-Touch
6997,26101,201,Last-Touch
6998,26102,139,Last-Touch
6999,26106,386,Last-Touch
7000,26111,83,Last-Touch
7001,26112,106,Last-Touch
7002,26125,7,Last-Touch
7003,26126,46,Last-Touch
7004,26129,235,Last-Touch
7005,26130,156,Last-Touch
7006,26131,171,Last-Touch
7007,26136,310,Last-Touch
7008,26137,448,Last-Touch
7009,26138,125,Last-Touch
7010,26140,280,Last-Touch
7011,26146,19,Last-Touch
7012,26149,358,Last-Touch
7013,26151,454,Last-Touch
7014,26153,383,Last-Touch
7015,26155,460,Last-Touch
7016,26165,478,Last-Touch
7017,26166,235,Last-Touch
7018,26171,67,Last-Touch
7019,26178,209,Last-Touch
7020,26180,313,Last-Touch
7021,26181,26,Last-Touch
7022,26187,226,Last-Touch
7023,26188,378,Last-Touch
7024,26192,49,Last-Touch
7025,26194,320,Last-Touch
7026,26197,429,Last-Touch
7027,26198,391,Last-Touch
7028,26199,335,Last-Touch
7029,26210,174,Last-Touch
7030,26211,172,Last-Touch
7031,26220,265,Last-Touch
7032,26223,371,Last-Touch
7033,26224,48,Last-Touch
7034,26227,461,Last-Touch
7035,26231,156,Last-Touch
7036,26232,439,Last-Touch
7037,26234,414,Last-Touch
7038,26241,450,Last-Touch
7039,26242,85,Last-Touch
7040,26243,319,Last-Touch
7041,26245,123,Last-Touch
7042,26246,429,Last-Touch
7043,26249,149,Last-Touch
7044,26261,144,Last-Touch
7045,26263,431,Last-Touch
7046,26264,119,Last-Touch
7047,26265,486,Last-Touch
7048,26274,189,Last-Touch
7049,26277,51,Last-Touch
7050,26278,493,Last-Touch
7051,26279,13,Last-Touch
7052,26281,467,Last-Touch
7053,26286,446,Last-Touch
7054,26287,450,Last-Touch
7055,26289,369,Last-Touch
7056,26290,53,Last-Touch
7057,26291,200,Last-Touch
7058,26294,30,Last-Touch
7059,26297,18,Last-Touch
7060,26298,184,Last-Touch
7061,26307,113,Last-Touch
7062,26316,85,Last-Touch
7063,26320,418,Last-Touch
7064,26329,286,Last-Touch
7065,26330,453,Last-Touch
7066,26334,289,Last-Touch
7067,26340,452,Last-Touch
7068,26347,36,Last-Touch
7069,26352,376,Last-Touch
7070,26362,389,Last-Touch
7071,26374,148,Last-Touch
7072,26375,333,Last-Touch
7073,26382,174,Last-Touch
7074,26392,373,Last-Touch
7075,26393,90,Last-Touch
7076,26396,72,Last-Touch
7077,26399,126,Last-Touch
7078,26402,12,Last-Touch
7079,26406,482,Last-Touch
7080,26409,19,Last-Touch
7081,26412,73,Last-Touch
7082,26419,470,Last-Touch
7083,26420,54,Last-Touch
7084,26427,326,Last-Touch
7085,26431,37,Last-Touch
7086,26436,461,Last-Touch
7087,26444,159,Last-Touch
7088,26445,312,Last-Touch
7089,26447,38,Last-Touch
7090,26449,185,Last-Touch
7091,26458,295,Last-Touch
7092,26460,74,Last-Touch
7093,26462,294,Last-Touch
7094,26466,72,Last-Touch
7095,26467,312,Last-Touch
7096,26471,145,Last-Touch
7097,26476,455,Last-Touch
7098,26481,43,Last-Touch
7099,26488,469,Last-Touch
7100,26492,371,Last-Touch
7101,26496,196,Last-Touch
7102,26497,399,Last-Touch
7103,26501,136,Last-Touch
7104,26505,281,Last-Touch
7105,26507,329,Last-Touch
7106,26510,232,Last-Touch
7107,26511,398,Last-Touch
7108,26512,232,Last-Touch
7109,26514,54,Last-Touch
7110,26515,232,Last-Touch
7111,26516,353,Last-Touch
7112,26520,7,Last-Touch
7113,26525,325,Last-Touch
7114,26526,45,Last-Touch
7115,26528,6,Last-Touch
7116,26530,150,Last-Touch
7117,26538,24,Last-Touch
7118,26545,67,Last-Touch
7119,26546,247,Last-Touch
7120,26548,13,Last-Touch
7121,26552,101,Last-Touch
7122,26554,11,Last-Touch
7123,26557,452,Last-Touch
7124,26563,281,Last-Touch
7125,26567,19,Last-Touch
7126,26568,453,Last-Touch
7127,26574,48,Last-Touch
7128,26585,292,Last-Touch
7129,26597,344,Last-Touch
7130,26599,372,Last-Touch
7131,26600,164,Last-Touch
7132,26601,386,Last-Touch
7133,26607,19,Last-Touch
7134,26617,421,Last-Touch
7135,26623,347,Last-Touch
7136,26626,311,Last-Touch
7137,26627,100,Last-Touch
7138,26631,272,Last-Touch
7139,26633,97,Last-Touch
7140,26637,329,Last-Touch
7141,26639,57,Last-Touch
7142,26640,93,Last-Touch
7143,26642,240,Last-Touch
7144,26654,386,Last-Touch
7145,26663,497,Last-Touch
7146,26666,27,Last-Touch
7147,26668,88,Last-Touch
7148,26670,333,Last-Touch
7149,26674,194,Last-Touch
7150,26680,357,Last-Touch
7151,26681,118,Last-Touch
7152,26682,462,Last-Touch
7153,26683,168,Last-Touch
7154,26689,455,Last-Touch
7155,26695,144,Last-Touch
7156,26700,429,Last-Touch
7157,26702,311,Last-Touch
7158,26708,83,Last-Touch
7159,26715,429,Last-Touch
7160,26720,60,Last-Touch
7161,26724,26,Last-Touch
7162,26725,247,Last-Touch
7163,26732,440,Last-Touch
7164,26741,429,Last-Touch
7165,26749,337,Last-Touch
7166,26751,24,Last-Touch
7167,26753,382,Last-Touch
7168,26759,374,Last-Touch
7169,26765,376,Last-Touch
7170,26767,413,Last-Touch
7171,26770,121,Last-Touch
7172,26771,80,Last-Touch
7173,26774,367,Last-Touch
7174,26775,342,Last-Touch
7175,26781,452,Last-Touch
7176,26783,306,Last-Touch
7177,26791,132,Last-Touch
7178,26795,338,Last-Touch
7179,26801,174,Last-Touch
7180,26804,157,Last-Touch
7181,26807,67,Last-Touch
7182,26813,31,Last-Touch
7183,26815,336,Last-Touch
7184,26817,192,Last-Touch
7185,26821,402,Last-Touch
7186,26822,384,Last-Touch
7187,26827,24,Last-Touch
7188,26833,53,Last-Touch
7189,26836,37,Last-Touch
7190,26847,115,Last-Touch
7191,26852,350,Last-Touch
7192,26857,284,Last-Touch
7193,26860,382,Last-Touch
7194,26867,150,Last-Touch
7195,26873,366,Last-Touch
7196,26874,301,Last-Touch
7197,26879,56,Last-Touch
7198,26886,477,Last-Touch
7199,26888,63,Last-Touch
7200,26889,289,Last-Touch
7201,26894,48,Last-Touch
7202,26895,281,Last-Touch
7203,26898,412,Last-Touch
7204,26901,164,Last-Touch
7205,26905,171,Last-Touch
7206,26911,331,Last-Touch
7207,26912,410,Last-Touch
7208,26924,140,Last-Touch
7209,26925,70,Last-Touch
7210,26933,329,Last-Touch
7211,26934,331,Last-Touch
7212,26937,413,Last-Touch
7213,26942,370,Last-Touch
7214,26947,89,Last-Touch
7215,26952,235,Last-Touch
7216,26953,375,Last-Touch
7217,26954,329,Last-Touch
7218,26966,425,Last-Touch
7219,26967,299,Last-Touch
7220,26968,491,Last-Touch
7221,26981,340,Last-Touch
7222,26983,474,Last-Touch
7223,26986,281,Last-Touch
7224,26988,76,Last-Touch
7225,26992,14,Last-Touch
7226,26998,299,Last-Touch
7227,27000,262,Last-Touch
7228,27011,491,Last-Touch
7229,27018,190,Last-Touch
7230,27021,142,Last-Touch
7231,27027,26,Last-Touch
7232,27035,316,Last-Touch
7233,27044,455,Last-Touch
7234,27050,458,Last-Touch
7235,27052,139,Last-Touch
7236,27065,49,Last-Touch
7237,27067,178,Last-Touch
7238,27078,14,Last-Touch
7239,27081,196,Last-Touch
7240,27084,277,Last-Touch
7241,27089,16,Last-Touch
7242,27095,215,Last-Touch
7243,27101,133,Last-Touch
7244,27104,135,Last-Touch
7245,27105,136,Last-Touch
7246,27106,427,Last-Touch
7247,27115,339,Last-Touch
7248,27118,275,Last-Touch
7249,27119,50,Last-Touch
7250,27126,53,Last-Touch
7251,27133,40,Last-Touch
7252,27134,378,Last-Touch
7253,27141,174,Last-Touch
7254,27143,365,Last-Touch
7255,27145,466,Last-Touch
7256,27153,156,Last-Touch
7257,27154,163,Last-Touch
7258,27157,164,Last-Touch
7259,27165,492,Last-Touch
7260,27172,106,Last-Touch
7261,27173,49,Last-Touch
7262,27175,495,Last-Touch
7263,27177,240,Last-Touch
7264,27178,386,Last-Touch
7265,27180,455,Last-Touch
7266,27183,162,Last-Touch
7267,27185,51,Last-Touch
7268,27191,196,Last-Touch
7269,27203,465,Last-Touch
7270,27209,335,Last-Touch
7271,27214,118,Last-Touch
7272,27216,460,Last-Touch
7273,27228,194,Last-Touch
7274,27230,373,Last-Touch
7275,27232,181,Last-Touch
7276,27239,56,Last-Touch
7277,27240,212,Last-Touch
7278,27246,231,Last-Touch
7279,27252,418,Last-Touch
7280,27256,281,Last-Touch
7281,27257,460,Last-Touch
7282,27262,178,Last-Touch
7283,27263,9,Last-Touch
7284,27267,85,Last-Touch
7285,27270,142,Last-Touch
7286,27272,455,Last-Touch
7287,27273,13,Last-Touch
7288,27274,40,Last-Touch
7289,27276,224,Last-Touch
7290,27278,69,Last-Touch
7291,27288,49,Last-Touch
7292,27297,344,Last-Touch
7293,27298,273,Last-Touch
7294,27302,340,Last-Touch
7295,27305,413,Last-Touch
7296,27306,132,Last-Touch
7297,27311,72,Last-Touch
7298,27312,286,Last-Touch
7299,27316,362,Last-Touch
7300,27320,323,Last-Touch
7301,27326,91,Last-Touch
7302,27339,28,Last-Touch
7303,27340,286,Last-Touch
7304,27343,138,Last-Touch
7305,27348,344,Last-Touch
7306,27349,238,Last-Touch
7307,27350,156,Last-Touch
7308,27352,374,Last-Touch
7309,27355,60,Last-Touch
7310,27358,352,Last-Touch
7311,27362,27,Last-Touch
7312,27367,7,Last-Touch
7313,27381,364,Last-Touch
7314,27383,35,Last-Touch
7315,27384,494,Last-Touch
7316,27389,30,Last-Touch
7317,27394,128,Last-Touch
7318,27395,236,Last-Touch
7319,27398,145,Last-Touch
7320,27405,467,Last-Touch
7321,27407,239,Last-Touch
7322,27409,399,Last-Touch
7323,27414,104,Last-Touch
7324,27416,359,Last-Touch
7325,27418,450,Last-Touch
7326,27423,455,Last-Touch
7327,27426,195,Last-Touch
7328,27430,435,Last-Touch
7329,27435,314,Last-Touch
7330,27436,334,Last-Touch
7331,27441,164,Last-Touch
7332,27452,147,Last-Touch
7333,27454,359,Last-Touch
7334,27456,461,Last-Touch
7335,27459,301,Last-Touch
7336,27461,430,Last-Touch
7337,27462,279,Last-Touch
7338,27467,367,Last-Touch
7339,27469,30,Last-Touch
7340,27473,494,Last-Touch
7341,27478,306,Last-Touch
7342,27479,435,Last-Touch
7343,27481,229,Last-Touch
7344,27482,124,Last-Touch
7345,27491,208,Last-Touch
7346,27492,443,Last-Touch
7347,27496,87,Last-Touch
7348,27501,339,Last-Touch
7349,27509,119,Last-Touch
7350,27513,364,Last-Touch
7351,27518,32,Last-Touch
7352,27524,458,Last-Touch
7353,27527,496,Last-Touch
7354,27534,421,Last-Touch
7355,27537,424,Last-Touch
7356,27539,149,Last-Touch
7357,27541,459,Last-Touch
7358,27542,217,Last-Touch
7359,27544,348,Last-Touch
7360,27546,333,Last-Touch
7361,27547,404,Last-Touch
7362,27553,389,Last-Touch
7363,27558,470,Last-Touch
7364,27563,110,Last-Touch
7365,27564,391,Last-Touch
7366,27565,354,Last-Touch
7367,27570,8,Last-Touch
7368,27574,386,Last-Touch
7369,27578,418,Last-Touch
7370,27585,381,Last-Touch
7371,27591,382,Last-Touch
7372,27597,87,Last-Touch
7373,27604,69,Last-Touch
7374,27606,341,Last-Touch
7375,27607,231,Last-Touch
7376,27609,321,Last-Touch
7377,27617,398,Last-Touch
7378,27624,500,Last-Touch
7379,27628,141,Last-Touch
7380,27633,72,Last-Touch
7381,27635,485,Last-Touch
7382,27640,248,Last-Touch
7383,27642,243,Last-Touch
7384,27644,492,Last-Touch
7385,27646,419,Last-Touch
7386,27649,204,Last-Touch
7387,27658,102,Last-Touch
7388,27661,496,Last-Touch
7389,27672,149,Last-Touch
7390,27673,389,Last-Touch
7391,27675,36,Last-Touch
7392,27680,64,Last-Touch
7393,27691,106,Last-Touch
7394,27693,461,Last-Touch
7395,27695,404,Last-Touch
7396,27699,402,Last-Touch
7397,27700,282,Last-Touch
7398,27703,468,Last-Touch
7399,27706,298,Last-Touch
7400,27708,262,Last-Touch
7401,27719,387,Last-Touch
7402,27723,107,Last-Touch
7403,27725,21,Last-Touch
7404,27730,150,Last-Touch
7405,27735,233,Last-Touch
7406,27741,108,Last-Touch
7407,27749,208,Last-Touch
7408,27752,291,Last-Touch
7409,27754,59,Last-Touch
7410,27757,190,Last-Touch
7411,27764,144,Last-Touch
7412,27767,73,Last-Touch
7413,27769,460,Last-Touch
7414,27776,312,Last-Touch
7415,27778,446,Last-Touch
7416,27779,487,Last-Touch
7417,27781,254,Last-Touch
7418,27782,247,Last-Touch
7419,27787,232,Last-Touch
7420,27790,355,Last-Touch
7421,27794,127,Last-Touch
7422,27797,406,Last-Touch
7423,27798,158,Last-Touch
7424,27802,363,Last-Touch
7425,27825,320,Last-Touch
7426,27829,93,Last-Touch
7427,27830,40,Last-Touch
7428,27831,361,Last-Touch
7429,27836,67,Last-Touch
7430,27843,465,Last-Touch
7431,27844,233,Last-Touch
7432,27845,126,Last-Touch
7433,27846,335,Last-Touch
7434,27847,275,Last-Touch
7435,27849,454,Last-Touch
7436,27858,36,Last-Touch
7437,27862,454,Last-Touch
7438,27867,86,Last-Touch
7439,27875,251,Last-Touch
7440,27881,176,Last-Touch
7441,27888,197,Last-Touch
7442,27890,217,Last-Touch
7443,27891,340,Last-Touch
7444,27897,264,Last-Touch
7445,27900,150,Last-Touch
7446,27904,410,Last-Touch
7447,27906,311,Last-Touch
7448,27911,478,Last-Touch
7449,27912,458,Last-Touch
7450,27913,153,Last-Touch
7451,27915,69,Last-Touch
7452,27916,453,Last-Touch
7453,27917,338,Last-Touch
7454,27922,282,Last-Touch
7455,27927,257,Last-Touch
7456,27929,112,Last-Touch
7457,27930,340,Last-Touch
7458,27933,73,Last-Touch
7459,27945,373,Last-Touch
7460,27952,389,Last-Touch
7461,27955,232,Last-Touch
7462,27958,27,Last-Touch
7463,27959,126,Last-Touch
7464,27964,466,Last-Touch
7465,27975,303,Last-Touch
7466,27976,344,Last-Touch
7467,27980,127,Last-Touch
7468,27981,373,Last-Touch
7469,27988,84,Last-Touch
7470,27996,386,Last-Touch
7471,28011,381,Last-Touch
7472,28016,373,Last-Touch
7473,28017,479,Last-Touch
7474,28021,237,Last-Touch
7475,28022,420,Last-Touch
7476,28024,17,Last-Touch
7477,28029,254,Last-Touch
7478,28031,251,Last-Touch
7479,28032,46,Last-Touch
7480,28033,396,Last-Touch
7481,28036,479,Last-Touch
7482,28039,32,Last-Touch
7483,28041,333,Last-Touch
7484,28050,339,Last-Touch
7485,28055,492,Last-Touch
7486,28057,270,Last-Touch
7487,28059,334,Last-Touch
7488,28061,43,Last-Touch
7489,28067,150,Last-Touch
7490,28068,153,Last-Touch
7491,28070,96,Last-Touch
7492,28073,418,Last-Touch
7493,28074,297,Last-Touch
7494,28081,289,Last-Touch
7495,28083,339,Last-Touch
7496,28086,391,Last-Touch
7497,28088,325,Last-Touch
7498,28096,85,Last-Touch
7499,28097,107,Last-Touch
7500,28098,114,Last-Touch
7501,28107,188,Last-Touch
7502,28111,487,Last-Touch
7503,28116,301,Last-Touch
7504,28119,227,Last-Touch
7505,28120,296,Last-Touch
7506,28121,384,Last-Touch
7507,28123,395,Last-Touch
7508,28129,400,Last-Touch
7509,28132,371,Last-Touch
7510,28133,420,Last-Touch
7511,28145,117,Last-Touch
7512,28165,480,Last-Touch
7513,28168,194,Last-Touch
7514,28169,150,Last-Touch
7515,28170,450,Last-Touch
7516,28171,110,Last-Touch
7517,28175,371,Last-Touch
7518,28178,72,Last-Touch
7519,28180,96,Last-Touch
7520,28182,126,Last-Touch
7521,28185,20,Last-Touch
7522,28186,75,Last-Touch
7523,28191,157,Last-Touch
7524,28193,364,Last-Touch
7525,28194,298,Last-Touch
7526,28196,278,Last-Touch
7527,28197,289,Last-Touch
7528,28198,35,Last-Touch
7529,28202,38,Last-Touch
7530,28207,126,Last-Touch
7531,28211,235,Last-Touch
7532,28212,391,Last-Touch
7533,28214,232,Last-Touch
7534,28216,240,Last-Touch
7535,28217,28,Last-Touch
7536,28218,440,Last-Touch
7537,28224,367,Last-Touch
7538,28228,233,Last-Touch
7539,28229,50,Last-Touch
7540,28231,215,Last-Touch
7541,28235,17,Last-Touch
7542,28236,46,Last-Touch
7543,28238,203,Last-Touch
7544,28240,380,Last-Touch
7545,28243,344,Last-Touch
7546,28244,306,Last-Touch
7547,28246,233,Last-Touch
7548,28250,405,Last-Touch
7549,28251,168,Last-Touch
7550,28264,85,Last-Touch
7551,28265,366,Last-Touch
7552,28274,445,Last-Touch
7553,28276,112,Last-Touch
7554,28281,135,Last-Touch
7555,28285,306,Last-Touch
7556,28289,296,Last-Touch
7557,28293,312,Last-Touch
7558,28299,428,Last-Touch
7559,28300,38,Last-Touch
7560,28301,338,Last-Touch
7561,28306,389,Last-Touch
7562,28308,37,Last-Touch
7563,28311,482,Last-Touch
7564,28341,364,Last-Touch
7565,28342,392,Last-Touch
7566,28347,50,Last-Touch
7567,28349,37,Last-Touch
7568,28350,107,Last-Touch
7569,28359,367,Last-Touch
7570,28360,281,Last-Touch
7571,28362,130,Last-Touch
7572,28370,496,Last-Touch
7573,28378,75,Last-Touch
7574,28379,455,Last-Touch
7575,28382,445,Last-Touch
7576,28392,237,Last-Touch
7577,28395,59,Last-Touch
7578,28398,232,Last-Touch
7579,28400,146,Last-Touch
7580,28407,36,Last-Touch
7581,28411,274,Last-Touch
7582,28413,138,Last-Touch
7583,28423,447,Last-Touch
7584,28424,268,Last-Touch
7585,28425,185,Last-Touch
7586,28428,31,Last-Touch
7587,28438,274,Last-Touch
7588,28439,109,Last-Touch
7589,28442,360,Last-Touch
7590,28449,120,Last-Touch
7591,28452,124,Last-Touch
7592,28453,297,Last-Touch
7593,28454,85,Last-Touch
7594,28459,353,Last-Touch
7595,28461,343,Last-Touch
7596,28467,150,Last-Touch
7597,28472,13,Last-Touch
7598,28475,207,Last-Touch
7599,28477,275,Last-Touch
7600,28478,38,Last-Touch
7601,28483,492,Last-Touch
7602,28495,421,Last-Touch
7603,28496,6,Last-Touch
7604,28503,458,Last-Touch
7605,28509,112,Last-Touch
7606,28510,429,Last-Touch
7607,28516,38,Last-Touch
7608,28521,313,Last-Touch
7609,28522,372,Last-Touch
7610,28527,427,Last-Touch
7611,28535,114,Last-Touch
7612,28546,87,Last-Touch
7613,28547,422,Last-Touch
7614,28550,133,Last-Touch
7615,28551,300,Last-Touch
7616,28561,201,Last-Touch
7617,28573,440,Last-Touch
7618,28583,134,Last-Touch
7619,28586,386,Last-Touch
7620,28591,107,Last-Touch
7621,28594,353,Last-Touch
7622,28596,270,Last-Touch
7623,28609,101,Last-Touch
7624,28611,132,Last-Touch
7625,28616,355,Last-Touch
7626,28618,306,Last-Touch
7627,28620,162,Last-Touch
7628,28623,92,Last-Touch
7629,28627,50,Last-Touch
7630,28633,284,Last-Touch
7631,28642,128,Last-Touch
7632,28645,338,Last-Touch
7633,28646,308,Last-Touch
7634,28649,119,Last-Touch
7635,28651,125,Last-Touch
7636,28653,277,Last-Touch
7637,28658,150,Last-Touch
7638,28661,112,Last-Touch
7639,28664,405,Last-Touch
7640,28668,342,Last-Touch
7641,28670,44,Last-Touch
7642,28672,254,Last-Touch
7643,28673,20,Last-Touch
7644,28674,362,Last-Touch
7645,28675,162,Last-Touch
7646,28683,95,Last-Touch
7647,28685,494,Last-Touch
7648,28686,223,Last-Touch
7649,28687,13,Last-Touch
7650,28688,380,Last-Touch
7651,28695,233,Last-Touch
7652,28696,328,Last-Touch
7653,28697,450,Last-Touch
7654,28699,433,Last-Touch
7655,28700,51,Last-Touch
7656,28703,247,Last-Touch
7657,28705,309,Last-Touch
7658,28706,28,Last-Touch
7659,28709,187,Last-Touch
7660,28710,231,Last-Touch
7661,28715,280,Last-Touch
7662,28716,380,Last-Touch
7663,28719,296,Last-Touch
7664,28723,89,Last-Touch
7665,28725,306,Last-Touch
7666,28729,251,Last-Touch
7667,28730,218,Last-Touch
7668,28732,126,Last-Touch
7669,28738,428,Last-Touch
7670,28748,356,Last-Touch
7671,28753,20,Last-Touch
7672,28755,292,Last-Touch
7673,28758,481,Last-Touch
7674,28759,48,Last-Touch
7675,28760,19,Last-Touch
7676,28766,232,Last-Touch
7677,28767,459,Last-Touch
7678,28772,400,Last-Touch
7679,28777,369,Last-Touch
7680,28785,244,Last-Touch
7681,28787,454,Last-Touch
7682,28789,229,Last-Touch
7683,28798,153,Last-Touch
7684,28801,221,Last-Touch
7685,28802,459,Last-Touch
7686,28805,126,Last-Touch
7687,28816,344,Last-Touch
7688,28820,268,Last-Touch
7689,28822,448,Last-Touch
7690,28825,135,Last-Touch
7691,28827,235,Last-Touch
7692,28830,133,Last-Touch
7693,28834,335,Last-Touch
7694,28838,323,Last-Touch
7695,28841,208,Last-Touch
7696,28845,230,Last-Touch
7697,28847,473,Last-Touch
7698,28849,292,Last-Touch
7699,28850,162,Last-Touch
7700,28851,317,Last-Touch
7701,28854,453,Last-Touch
7702,28855,232,Last-Touch
7703,28857,371,Last-Touch
7704,28863,264,Last-Touch
7705,28870,8,Last-Touch
7706,28871,347,Last-Touch
7707,28872,296,Last-Touch
7708,28873,106,Last-Touch
7709,28874,77,Last-Touch
7710,28875,278,Last-Touch
7711,28879,454,Last-Touch
7712,28888,482,Last-Touch
7713,28893,497,Last-Touch
7714,28894,56,Last-Touch
7715,28910,177,Last-Touch
7716,28914,91,Last-Touch
7717,28917,282,Last-Touch
7718,28934,342,Last-Touch
7719,28941,411,Last-Touch
7720,28946,478,Last-Touch
7721,28948,177,Last-Touch
7722,28951,435,Last-Touch
7723,28961,72,Last-Touch
7724,28965,116,Last-Touch
7725,28968,70,Last-Touch
7726,28985,22,Last-Touch
7727,28986,339,Last-Touch
7728,28995,30,Last-Touch
7729,28997,49,Last-Touch
7730,28998,177,Last-Touch
7731,28999,343,Last-Touch
7732,29008,56,Last-Touch
7733,29014,50,Last-Touch
7734,29021,51,Last-Touch
7735,29024,321,Last-Touch
7736,29026,155,Last-Touch
7737,29027,144,Last-Touch
7738,29028,83,Last-Touch
7739,29031,455,Last-Touch
7740,29033,207,Last-Touch
7741,29045,239,Last-Touch
7742,29047,94,Last-Touch
7743,29049,102,Last-Touch
7744,29050,483,Last-Touch
7745,29053,265,Last-Touch
7746,29061,155,Last-Touch
7747,29063,288,Last-Touch
7748,29067,366,Last-Touch
7749,29068,450,Last-Touch
7750,29074,14,Last-Touch
7751,29075,279,Last-Touch
7752,29080,333,Last-Touch
7753,29082,317,Last-Touch
7754,29083,483,Last-Touch
7755,29088,358,Last-Touch
7756,29103,19,Last-Touch
7757,29106,75,Last-Touch
7758,29107,493,Last-Touch
7759,29114,240,Last-Touch
7760,29123,410,Last-Touch
7761,29127,117,Last-Touch
7762,29128,433,Last-Touch
7763,29133,298,Last-Touch
7764,29135,391,Last-Touch
7765,29136,112,Last-Touch
7766,29139,153,Last-Touch
7767,29145,71,Last-Touch
7768,29146,477,Last-Touch
7769,29148,309,Last-Touch
7770,29149,12,Last-Touch
7771,29150,366,Last-Touch
7772,29151,173,Last-Touch
7773,29154,17,Last-Touch
7774,29156,399,Last-Touch
7775,29164,442,Last-Touch
7776,29165,218,Last-Touch
7777,29171,388,Last-Touch
7778,29172,60,Last-Touch
7779,29175,262,Last-Touch
7780,29180,395,Last-Touch
7781,29184,215,Last-Touch
7782,29187,106,Last-Touch
7783,29190,494,Last-Touch
7784,29192,282,Last-Touch
7785,29195,92,Last-Touch
7786,29199,354,Last-Touch
7787,29201,470,Last-Touch
7788,29214,202,Last-Touch
7789,29215,105,Last-Touch
7790,29216,209,Last-Touch
7791,29221,101,Last-Touch
7792,29226,495,Last-Touch
7793,29230,311,Last-Touch
7794,29231,278,Last-Touch
7795,29232,132,Last-Touch
7796,29233,281,Last-Touch
7797,29237,397,Last-Touch
7798,29239,440,Last-Touch
7799,29255,453,Last-Touch
7800,29261,20,Last-Touch
7801,29262,295,Last-Touch
7802,29263,86,Last-Touch
7803,29264,17,Last-Touch
7804,29266,381,Last-Touch
7805,29269,38,Last-Touch
7806,29274,107,Last-Touch
7807,29277,333,Last-Touch
7808,29280,399,Last-Touch
7809,29281,18,Last-Touch
7810,29283,454,Last-Touch
7811,29287,142,Last-Touch
7812,29294,200,Last-Touch
7813,29295,282,Last-Touch
7814,29299,329,Last-Touch
7815,29302,427,Last-Touch
7816,29303,369,Last-Touch
7817,29308,281,Last-Touch
7818,29309,157,Last-Touch
7819,29314,162,Last-Touch
7820,29315,455,Last-Touch
7821,29320,366,Last-Touch
7822,29331,150,Last-Touch
7823,29338,315,Last-Touch
7824,29339,90,Last-Touch
7825,29341,60,Last-Touch
7826,29342,379,Last-Touch
7827,29356,427,Last-Touch
7828,29363,373,Last-Touch
7829,29368,362,Last-Touch
7830,29371,278,Last-Touch
7831,29376,481,Last-Touch
7832,29384,306,Last-Touch
7833,29392,353,Last-Touch
7834,29397,147,Last-Touch
7835,29399,379,Last-Touch
7836,29400,232,Last-Touch
7837,29401,282,Last-Touch
7838,29404,485,Last-Touch
7839,29405,342,Last-Touch
7840,29412,452,Last-Touch
7841,29413,399,Last-Touch
7842,29415,292,Last-Touch
7843,29422,480,Last-Touch
7844,29423,414,Last-Touch
7845,29426,389,Last-Touch
7846,29430,83,Last-Touch
7847,29432,187,Last-Touch
7848,29442,483,Last-Touch
7849,29443,140,Last-Touch
7850,29452,410,Last-Touch
7851,29454,19,Last-Touch
7852,29461,278,Last-Touch
7853,29475,42,Last-Touch
7854,29478,144,Last-Touch
7855,29480,363,Last-Touch
7856,29482,254,Last-Touch
7857,29483,305,Last-Touch
7858,29485,367,Last-Touch
7859,29486,214,Last-Touch
7860,29488,366,Last-Touch
7861,29489,229,Last-Touch
7862,29492,496,Last-Touch
7863,29496,118,Last-Touch
7864,29500,175,Last-Touch
7865,29501,334,Last-Touch
7866,29502,410,Last-Touch
7867,29506,307,Last-Touch
7868,29510,106,Last-Touch
7869,29512,53,Last-Touch
7870,29516,284,Last-Touch
7871,29518,130,Last-Touch
7872,29520,111,Last-Touch
7873,29521,335,Last-Touch
7874,29529,119,Last-Touch
7875,29530,37,Last-Touch
7876,29532,410,Last-Touch
7877,29534,144,Last-Touch
7878,29536,466,Last-Touch
7879,29541,144,Last-Touch
7880,29543,356,Last-Touch
7881,29554,180,Last-Touch
7882,29555,184,Last-Touch
7883,29558,215,Last-Touch
7884,29568,23,Last-Touch
7885,29592,388,Last-Touch
7886,29614,19,Last-Touch
7887,29623,444,Last-Touch
7888,29624,396,Last-Touch
7889,29625,447,Last-Touch
7890,29626,186,Last-Touch
7891,29628,155,Last-Touch
7892,29634,13,Last-Touch
7893,29635,340,Last-Touch
7894,29640,51,Last-Touch
7895,29644,21,Last-Touch
7896,29645,38,Last-Touch
7897,29651,175,Last-Touch
7898,29653,344,Last-Touch
7899,29656,140,Last-Touch
7900,29662,276,Last-Touch
7901,29665,336,Last-Touch
7902,29666,326,Last-Touch
7903,29668,72,Last-Touch
7904,29673,163,Last-Touch
7905,29676,208,Last-Touch
7906,29678,274,Last-Touch
7907,29680,93,Last-Touch
7908,29684,145,Last-Touch
7909,29685,268,Last-Touch
7910,29686,413,Last-Touch
7911,29687,189,Last-Touch
7912,29690,459,Last-Touch
7913,29691,233,Last-Touch
7914,29710,463,Last-Touch
7915,29718,195,Last-Touch
7916,29720,110,Last-Touch
7917,29722,338,Last-Touch
7918,29727,150,Last-Touch
7919,29732,462,Last-Touch
7920,29737,95,Last-Touch
7921,29740,87,Last-Touch
7922,29743,7,Last-Touch
7923,29744,207,Last-Touch
7924,29749,96,Last-Touch
7925,29752,186,Last-Touch
7926,29763,287,Last-Touch
7927,29768,49,Last-Touch
7928,29770,11,Last-Touch
7929,29771,455,Last-Touch
7930,29777,31,Last-Touch
7931,29781,392,Last-Touch
7932,29782,70,Last-Touch
7933,29785,487,Last-Touch
7934,29792,292,Last-Touch
7935,29799,49,Last-Touch
7936,29807,203,Last-Touch
7937,29809,96,Last-Touch
7938,29818,157,Last-Touch
7939,29821,416,Last-Touch
7940,29822,360,Last-Touch
7941,29823,410,Last-Touch
7942,29824,240,Last-Touch
7943,29828,207,Last-Touch
7944,29829,406,Last-Touch
7945,29830,259,Last-Touch
7946,29843,78,Last-Touch
7947,29844,101,Last-Touch
7948,29846,286,Last-Touch
7949,29848,365,Last-Touch
7950,29851,252,Last-Touch
7951,29854,323,Last-Touch
7952,29856,382,Last-Touch
7953,29868,481,Last-Touch
7954,29870,71,Last-Touch
7955,29871,162,Last-Touch
7956,29875,404,Last-Touch
7957,29877,386,Last-Touch
7958,29881,203,Last-Touch
7959,29890,431,Last-Touch
7960,29894,433,Last-Touch
7961,29896,172,Last-Touch
7962,29900,467,Last-Touch
7963,29901,144,Last-Touch
7964,29905,89,Last-Touch
7965,29908,321,Last-Touch
7966,29910,178,Last-Touch
7967,29912,304,Last-Touch
7968,29914,450,Last-Touch
7969,29917,248,Last-Touch
7970,29918,254,Last-Touch
7971,29926,344,Last-Touch
7972,29936,389,Last-Touch
7973,29939,46,Last-Touch
7974,29942,418,Last-Touch
7975,29947,380,Last-Touch
7976,29949,241,Last-Touch
7977,29951,297,Last-Touch
7978,29957,124,Last-Touch
7979,29966,391,Last-Touch
7980,29969,487,Last-Touch
7981,29976,458,Last-Touch
7982,29978,162,Last-Touch
7983,29982,426,Last-Touch
7984,29983,492,Last-Touch
7985,29986,227,Last-Touch
7986,29995,150,Last-Touch
7987,29997,449,Last-Touch
7988,29999,340,Last-Touch
7989,30001,292,Last-Touch
7990,30002,292,Last-Touch
7991,30004,112,Last-Touch
7992,30007,190,Last-Touch
7993,30008,470,Last-Touch
7994,30014,410,Last-Touch
7995,30018,444,Last-Touch
7996,30033,263,Last-Touch
7997,30035,120,Last-Touch
7998,30036,124,Last-Touch
7999,30037,372,Last-Touch
8000,30041,147,Last-Touch
8001,30044,300,Last-Touch
8002,30045,70,Last-Touch
8003,30050,212,Last-Touch
8004,30054,114,Last-Touch
8005,30060,338,Last-Touch
8006,30062,186,Last-Touch
8007,30064,115,Last-Touch
8008,30065,48,Last-Touch
8009,30068,231,Last-Touch
8010,30073,103,Last-Touch
8011,30080,84,Last-Touch
8012,30083,231,Last-Touch
8013,30084,485,Last-Touch
8014,30094,104,Last-Touch
8015,30095,75,Last-Touch
8016,30097,91,Last-Touch
8017,30099,279,Last-Touch
8018,30104,48,Last-Touch
8019,30105,39,Last-Touch
8020,30115,351,Last-Touch
8021,30119,106,Last-Touch
8022,30125,429,Last-Touch
8023,30128,112,Last-Touch
8024,30131,395,Last-Touch
8025,30136,219,Last-Touch
8026,30140,209,Last-Touch
8027,30141,433,Last-Touch
8028,30142,306,Last-Touch
8029,30145,18,Last-Touch
8030,30149,52,Last-Touch
8031,30154,121,Last-Touch
8032,30156,76,Last-Touch
8033,30157,240,Last-Touch
8034,30162,36,Last-Touch
8035,30165,85,Last-Touch
8036,30170,248,Last-Touch
8037,30173,123,Last-Touch
8038,30175,107,Last-Touch
8039,30180,369,Last-Touch
8040,30182,354,Last-Touch
8041,30183,147,Last-Touch
8042,30184,162,Last-Touch
8043,30186,18,Last-Touch
8044,30189,431,Last-Touch
8045,30194,263,Last-Touch
8046,30196,424,Last-Touch
8047,30197,398,Last-Touch
8048,30199,306,Last-Touch
8049,30204,495,Last-Touch
8050,30207,461,Last-Touch
8051,30211,343,Last-Touch
8052,30215,378,Last-Touch
8053,30220,425,Last-Touch
8054,30224,370,Last-Touch
8055,30226,268,Last-Touch
8056,30230,467,Last-Touch
8057,30231,104,Last-Touch
8058,30232,140,Last-Touch
8059,30234,466,Last-Touch
8060,30237,402,Last-Touch
8061,30238,389,Last-Touch
8062,30246,333,Last-Touch
8063,30255,421,Last-Touch
8064,30257,68,Last-Touch
8065,30258,189,Last-Touch
8066,30259,201,Last-Touch
8067,30268,415,Last-Touch
8068,30270,217,Last-Touch
8069,30271,74,Last-Touch
8070,30273,410,Last-Touch
8071,30274,262,Last-Touch
8072,30275,274,Last-Touch
8073,30277,86,Last-Touch
8074,30279,453,Last-Touch
8075,30281,458,Last-Touch
8076,30287,150,Last-Touch
8077,30292,450,Last-Touch
8078,30295,203,Last-Touch
8079,30297,340,Last-Touch
8080,30298,487,Last-Touch
8081,30302,272,Last-Touch
8082,30303,122,Last-Touch
8083,30308,295,Last-Touch
8084,30311,323,Last-Touch
8085,30314,257,Last-Touch
8086,30315,414,Last-Touch
8087,30316,13,Last-Touch
8088,30323,144,Last-Touch
8089,30324,469,Last-Touch
8090,30325,121,Last-Touch
8091,30329,280,Last-Touch
8092,30330,464,Last-Touch
8093,30331,19,Last-Touch
8094,30332,399,Last-Touch
8095,30335,226,Last-Touch
8096,30344,356,Last-Touch
8097,30348,89,Last-Touch
8098,30350,383,Last-Touch
8099,30352,441,Last-Touch
8100,30353,278,Last-Touch
8101,30354,401,Last-Touch
8102,30361,114,Last-Touch
8103,30363,399,Last-Touch
8104,30367,386,Last-Touch
8105,30369,214,Last-Touch
8106,30371,469,Last-Touch
8107,30377,306,Last-Touch
8108,30378,383,Last-Touch
8109,30385,350,Last-Touch
8110,30389,130,Last-Touch
8111,30393,46,Last-Touch
8112,30394,494,Last-Touch
8113,30405,179,Last-Touch
8114,30406,386,Last-Touch
8115,30409,248,Last-Touch
8116,30417,413,Last-Touch
8117,30420,167,Last-Touch
8118,30427,229,Last-Touch
8119,30438,67,Last-Touch
8120,30440,455,Last-Touch
8121,30446,112,Last-Touch
8122,30451,356,Last-Touch
8123,30457,129,Last-Touch
8124,30466,112,Last-Touch
8125,30467,489,Last-Touch
8126,30469,418,Last-Touch
8127,30471,429,Last-Touch
8128,30472,189,Last-Touch
8129,30473,112,Last-Touch
8130,30479,370,Last-Touch
8131,30480,323,Last-Touch
8132,30481,313,Last-Touch
8133,30489,354,Last-Touch
8134,30497,413,Last-Touch
8135,30499,330,Last-Touch
8136,30500,241,Last-Touch
8137,30501,13,Last-Touch
8138,30503,278,Last-Touch
8139,30509,360,Last-Touch
8140,30513,257,Last-Touch
8141,30519,122,Last-Touch
8142,30521,442,Last-Touch
8143,30522,406,Last-Touch
8144,30526,188,Last-Touch
8145,30533,499,Last-Touch
8146,30536,119,Last-Touch
8147,30541,23,Last-Touch
8148,30542,172,Last-Touch
8149,30543,254,Last-Touch
8150,30546,433,Last-Touch
8151,30547,380,Last-Touch
8152,30548,379,Last-Touch
8153,30549,310,Last-Touch
8154,30557,470,Last-Touch
8155,30559,376,Last-Touch
8156,30569,295,Last-Touch
8157,30577,238,Last-Touch
8158,30578,223,Last-Touch
8159,30580,448,Last-Touch
8160,30582,353,Last-Touch
8161,30583,337,Last-Touch
8162,30590,162,Last-Touch
8163,30597,314,Last-Touch
8164,30604,470,Last-Touch
8165,30612,72,Last-Touch
8166,30613,309,Last-Touch
8167,30614,479,Last-Touch
8168,30616,231,Last-Touch
8169,30619,348,Last-Touch
8170,30624,208,Last-Touch
8171,30638,8,Last-Touch
8172,30639,165,Last-Touch
8173,30641,5,Last-Touch
8174,30644,482,Last-Touch
8175,30647,405,Last-Touch
8176,30649,172,Last-Touch
8177,30654,329,Last-Touch
8178,30655,404,Last-Touch
8179,30664,391,Last-Touch
8180,30666,365,Last-Touch
8181,30676,309,Last-Touch
8182,30681,292,Last-Touch
8183,30686,372,Last-Touch
8184,30687,434,Last-Touch
8185,30688,347,Last-Touch
8186,30691,362,Last-Touch
8187,30703,56,Last-Touch
8188,30706,222,Last-Touch
8189,30708,261,Last-Touch
8190,30717,111,Last-Touch
8191,30721,267,Last-Touch
8192,30722,418,Last-Touch
8193,30724,256,Last-Touch
8194,30725,50,Last-Touch
8195,30726,177,Last-Touch
8196,30730,185,Last-Touch
8197,30731,485,Last-Touch
8198,30732,103,Last-Touch
8199,30735,471,Last-Touch
8200,30745,291,Last-Touch
8201,30746,102,Last-Touch
8202,30752,363,Last-Touch
8203,30755,275,Last-Touch
8204,30756,90,Last-Touch
8205,30763,379,Last-Touch
8206,30764,301,Last-Touch
8207,30765,278,Last-Touch
8208,30778,23,Last-Touch
8209,30780,281,Last-Touch
8210,30783,429,Last-Touch
8211,30784,201,Last-Touch
8212,30786,352,Last-Touch
8213,30787,70,Last-Touch
8214,30796,492,Last-Touch
8215,30797,233,Last-Touch
8216,30798,19,Last-Touch
8217,30801,61,Last-Touch
8218,30805,370,Last-Touch
8219,30808,45,Last-Touch
8220,30810,52,Last-Touch
8221,30816,157,Last-Touch
8222,30817,7,Last-Touch
8223,30821,399,Last-Touch
8224,30822,333,Last-Touch
8225,30825,78,Last-Touch
8226,30828,163,Last-Touch
8227,30830,267,Last-Touch
8228,30836,124,Last-Touch
8229,30840,77,Last-Touch
8230,30841,141,Last-Touch
8231,30847,275,Last-Touch
8232,30850,177,Last-Touch
8233,30856,162,Last-Touch
8234,30857,355,Last-Touch
8235,30858,30,Last-Touch
8236,30862,89,Last-Touch
8237,30866,292,Last-Touch
8238,30867,362,Last-Touch
8239,30870,138,Last-Touch
8240,30872,248,Last-Touch
8241,30874,185,Last-Touch
8242,30877,467,Last-Touch
8243,30880,278,Last-Touch
8244,30883,492,Last-Touch
8245,30887,281,Last-Touch
8246,30892,445,Last-Touch
8247,30896,157,Last-Touch
8248,30897,182,Last-Touch
8249,30899,203,Last-Touch
8250,30900,208,Last-Touch
8251,30901,84,Last-Touch
8252,30903,49,Last-Touch
8253,30904,328,Last-Touch
8254,30908,490,Last-Touch
8255,30913,324,Last-Touch
8256,30915,418,Last-Touch
8257,30920,208,Last-Touch
8258,30930,13,Last-Touch
8259,30932,281,Last-Touch
8260,30933,342,Last-Touch
8261,30934,457,Last-Touch
8262,30946,353,Last-Touch
8263,30948,88,Last-Touch
8264,30950,483,Last-Touch
8265,30954,87,Last-Touch
8266,30958,356,Last-Touch
8267,30962,352,Last-Touch
8268,30964,495,Last-Touch
8269,30965,449,Last-Touch
8270,30967,104,Last-Touch
8271,30970,140,Last-Touch
8272,30981,252,Last-Touch
8273,31010,336,Last-Touch
8274,31013,289,Last-Touch
8275,31023,413,Last-Touch
8276,31031,391,Last-Touch
8277,31042,298,Last-Touch
8278,31044,410,Last-Touch
8279,31048,15,Last-Touch
8280,31052,434,Last-Touch
8281,31057,154,Last-Touch
8282,31061,336,Last-Touch
8283,31065,340,Last-Touch
8284,31071,223,Last-Touch
8285,31072,215,Last-Touch
8286,31075,111,Last-Touch
8287,31077,354,Last-Touch
8288,31079,244,Last-Touch
8289,31080,432,Last-Touch
8290,31086,386,Last-Touch
8291,31087,352,Last-Touch
8292,31101,431,Last-Touch
8293,31104,381,Last-Touch
8294,31107,38,Last-Touch
8295,31112,24,Last-Touch
8296,31113,128,Last-Touch
8297,31117,278,Last-Touch
8298,31119,348,Last-Touch
8299,31122,459,Last-Touch
8300,31129,223,Last-Touch
8301,31131,381,Last-Touch
8302,31137,127,Last-Touch
8303,31142,286,Last-Touch
8304,31143,110,Last-Touch
8305,31144,449,Last-Touch
8306,31146,27,Last-Touch
8307,31152,38,Last-Touch
8308,31160,460,Last-Touch
8309,31167,434,Last-Touch
8310,31177,399,Last-Touch
8311,31181,287,Last-Touch
8312,31185,378,Last-Touch
8313,31189,360,Last-Touch
8314,31196,70,Last-Touch
8315,31203,422,Last-Touch
8316,31206,38,Last-Touch
8317,31216,63,Last-Touch
8318,31224,371,Last-Touch
8319,31226,142,Last-Touch
8320,31227,38,Last-Touch
8321,31230,467,Last-Touch
8322,31236,433,Last-Touch
8323,31241,26,Last-Touch
8324,31245,481,Last-Touch
8325,31256,72,Last-Touch
8326,31261,126,Last-Touch
8327,31264,320,Last-Touch
8328,31266,434,Last-Touch
8329,31271,278,Last-Touch
8330,31273,298,Last-Touch
8331,31279,106,Last-Touch
8332,31283,180,Last-Touch
8333,31284,352,Last-Touch
8334,31292,112,Last-Touch
8335,31295,323,Last-Touch
8336,31298,65,Last-Touch
8337,31299,119,Last-Touch
8338,31307,280,Last-Touch
8339,31309,69,Last-Touch
8340,31312,346,Last-Touch
8341,31319,267,Last-Touch
8342,31320,383,Last-Touch
8343,31325,272,Last-Touch
8344,31328,286,Last-Touch
8345,31331,19,Last-Touch
8346,31332,198,Last-Touch
8347,31334,262,Last-Touch
8348,31336,388,Last-Touch
8349,31345,229,Last-Touch
8350,31347,42,Last-Touch
8351,31352,7,Last-Touch
8352,31359,119,Last-Touch
8353,31363,2,Last-Touch
8354,31364,229,Last-Touch
8355,31366,208,Last-Touch
8356,31368,106,Last-Touch
8357,31372,142,Last-Touch
8358,31373,490,Last-Touch
8359,31377,92,Last-Touch
8360,31382,425,Last-Touch
8361,31385,83,Last-Touch
8362,31386,281,Last-Touch
8363,31394,410,Last-Touch
8364,31403,194,Last-Touch
8365,31414,278,Last-Touch
8366,31417,177,Last-Touch
8367,31421,211,Last-Touch
8368,31423,465,Last-Touch
8369,31426,167,Last-Touch
8370,31428,486,Last-Touch
8371,31429,106,Last-Touch
8372,31430,391,Last-Touch
8373,31434,454,Last-Touch
8374,31437,333,Last-Touch
8375,31440,86,Last-Touch
8376,31444,129,Last-Touch
8377,31457,431,Last-Touch
8378,31467,462,Last-Touch
8379,31471,208,Last-Touch
8380,31472,393,Last-Touch
8381,31482,379,Last-Touch
8382,31485,367,Last-Touch
8383,31486,235,Last-Touch
8384,31490,420,Last-Touch
8385,31492,489,Last-Touch
8386,31497,420,Last-Touch
8387,31498,414,Last-Touch
8388,31501,13,Last-Touch
8389,31504,470,Last-Touch
8390,31505,478,Last-Touch
8391,31508,297,Last-Touch
8392,31509,286,Last-Touch
8393,31510,189,Last-Touch
8394,31511,71,Last-Touch
8395,31517,329,Last-Touch
8396,31519,262,Last-Touch
8397,31521,51,Last-Touch
8398,31522,174,Last-Touch
8399,31523,156,Last-Touch
8400,31525,127,Last-Touch
8401,31532,245,Last-Touch
8402,31535,314,Last-Touch
8403,31537,334,Last-Touch
8404,31542,38,Last-Touch
8405,31547,56,Last-Touch
8406,31548,56,Last-Touch
8407,31552,83,Last-Touch
8408,31554,488,Last-Touch
8409,31562,197,Last-Touch
8410,31566,178,Last-Touch
8411,31570,104,Last-Touch
8412,31571,118,Last-Touch
8413,31573,389,Last-Touch
8414,31578,35,Last-Touch
8415,31581,72,Last-Touch
8416,31582,333,Last-Touch
8417,31584,322,Last-Touch
8418,31585,459,Last-Touch
8419,31592,144,Last-Touch
8420,31593,75,Last-Touch
8421,31594,163,Last-Touch
8422,31597,286,Last-Touch
8423,31598,254,Last-Touch
8424,31607,431,Last-Touch
8425,31608,262,Last-Touch
8426,31610,306,Last-Touch
8427,31612,168,Last-Touch
8428,31614,119,Last-Touch
8429,31618,155,Last-Touch
8430,31622,27,Last-Touch
8431,31623,295,Last-Touch
8432,31628,46,Last-Touch
8433,31633,335,Last-Touch
8434,31637,34,Last-Touch
8435,31638,189,Last-Touch
8436,31640,431,Last-Touch
8437,31641,119,Last-Touch
8438,31655,114,Last-Touch
8439,31657,140,Last-Touch
8440,31658,338,Last-Touch
8441,31659,387,Last-Touch
8442,31661,73,Last-Touch
8443,31664,44,Last-Touch
8444,31666,308,Last-Touch
8445,31687,49,Last-Touch
8446,31689,427,Last-Touch
8447,31690,174,Last-Touch
8448,31694,38,Last-Touch
8449,31696,389,Last-Touch
8450,31697,312,Last-Touch
8451,31700,186,Last-Touch
8452,31704,488,Last-Touch
8453,31714,497,Last-Touch
8454,31715,348,Last-Touch
8455,31718,85,Last-Touch
8456,31720,60,Last-Touch
8457,31726,449,Last-Touch
8458,31728,403,Last-Touch
8459,31729,38,Last-Touch
8460,31732,399,Last-Touch
8461,31737,429,Last-Touch
8462,31748,386,Last-Touch
8463,31749,155,Last-Touch
8464,31754,348,Last-Touch
8465,31756,126,Last-Touch
8466,31758,121,Last-Touch
8467,31761,279,Last-Touch
8468,31764,483,Last-Touch
8469,31767,389,Last-Touch
8470,31770,171,Last-Touch
8471,31772,413,Last-Touch
8472,31773,440,Last-Touch
8473,31775,240,Last-Touch
8474,31777,223,Last-Touch
8475,31781,391,Last-Touch
8476,31783,6,Last-Touch
8477,31787,14,Last-Touch
8478,31789,379,Last-Touch
8479,31791,179,Last-Touch
8480,31795,391,Last-Touch
8481,31797,49,Last-Touch
8482,31798,108,Last-Touch
8483,31801,55,Last-Touch
8484,31806,15,Last-Touch
8485,31809,257,Last-Touch
8486,31811,81,Last-Touch
8487,31813,233,Last-Touch
8488,31814,17,Last-Touch
8489,31816,395,Last-Touch
8490,31821,254,Last-Touch
8491,31822,404,Last-Touch
8492,31827,395,Last-Touch
8493,31828,418,Last-Touch
8494,31829,301,Last-Touch
8495,31835,89,Last-Touch
8496,31836,24,Last-Touch
8497,31840,40,Last-Touch
8498,31841,382,Last-Touch
8499,31848,72,Last-Touch
8500,31849,393,Last-Touch
8501,31851,359,Last-Touch
8502,31854,235,Last-Touch
8503,31857,233,Last-Touch
8504,31858,429,Last-Touch
8505,31860,461,Last-Touch
8506,31863,15,Last-Touch
8507,31865,136,Last-Touch
8508,31867,354,Last-Touch
8509,31872,120,Last-Touch
8510,31875,431,Last-Touch
8511,31881,278,Last-Touch
8512,31883,131,Last-Touch
8513,31887,344,Last-Touch
8514,31889,109,Last-Touch
8515,31894,121,Last-Touch
8516,31895,77,Last-Touch
8517,31896,311,Last-Touch
8518,31901,157,Last-Touch
8519,31903,433,Last-Touch
8520,31908,24,Last-Touch
8521,31909,65,Last-Touch
8522,31911,117,Last-Touch
8523,31919,112,Last-Touch
8524,31921,251,Last-Touch
8525,31923,198,Last-Touch
8526,31931,1,Last-Touch
8527,31932,292,Last-Touch
8528,31937,221,Last-Touch
8529,31939,418,Last-Touch
8530,31944,93,Last-Touch
8531,31948,106,Last-Touch
8532,31952,335,Last-Touch
8533,31953,53,Last-Touch
8534,31954,433,Last-Touch
8535,31963,429,Last-Touch
8536,31968,430,Last-Touch
8537,31969,395,Last-Touch
8538,31973,310,Last-Touch
8539,31974,112,Last-Touch
8540,31978,133,Last-Touch
8541,31979,153,Last-Touch
8542,31980,70,Last-Touch
8543,31981,299,Last-Touch
8544,31983,55,Last-Touch
8545,31989,268,Last-Touch
8546,31990,366,Last-Touch
8547,31996,208,Last-Touch
8548,32003,349,Last-Touch
8549,32006,380,Last-Touch
8550,32017,351,Last-Touch
8551,32020,267,Last-Touch
8552,32021,386,Last-Touch
8553,32022,139,Last-Touch
8554,32027,325,Last-Touch
8555,32028,469,Last-Touch
8556,32030,425,Last-Touch
8557,32033,100,Last-Touch
8558,32035,478,Last-Touch
8559,32038,142,Last-Touch
8560,32041,13,Last-Touch
8561,32052,413,Last-Touch
8562,32054,461,Last-Touch
8563,32059,150,Last-Touch
8564,32067,43,Last-Touch
8565,32071,109,Last-Touch
8566,32076,467,Last-Touch
8567,32087,179,Last-Touch
8568,32095,186,Last-Touch
8569,32097,174,Last-Touch
8570,32101,254,Last-Touch
8571,32104,127,Last-Touch
8572,32105,254,Last-Touch
8573,32106,101,Last-Touch
8574,32108,354,Last-Touch
8575,32114,57,Last-Touch
8576,32115,254,Last-Touch
8577,32118,340,Last-Touch
8578,32124,83,Last-Touch
8579,32125,213,Last-Touch
8580,32131,294,Last-Touch
8581,32136,198,Last-Touch
8582,32137,215,Last-Touch
8583,32138,281,Last-Touch
8584,32143,232,Last-Touch
8585,32146,382,Last-Touch
8586,32149,27,Last-Touch
8587,32162,329,Last-Touch
8588,32163,343,Last-Touch
8589,32165,460,Last-Touch
8590,32171,172,Last-Touch
8591,32172,26,Last-Touch
8592,32174,279,Last-Touch
8593,32175,371,Last-Touch
8594,32177,57,Last-Touch
8595,32178,485,Last-Touch
8596,32180,320,Last-Touch
8597,32182,289,Last-Touch
8598,32190,367,Last-Touch
8599,32191,428,Last-Touch
8600,32198,252,Last-Touch
8601,32200,159,Last-Touch
8602,32201,413,Last-Touch
8603,32202,398,Last-Touch
8604,32203,231,Last-Touch
8605,32207,428,Last-Touch
8606,32210,70,Last-Touch
8607,32211,448,Last-Touch
8608,32216,414,Last-Touch
8609,32219,364,Last-Touch
8610,32220,295,Last-Touch
8611,32221,365,Last-Touch
8612,32230,372,Last-Touch
8613,32235,184,Last-Touch
8614,32236,55,Last-Touch
8615,32241,395,Last-Touch
8616,32242,171,Last-Touch
8617,32244,46,Last-Touch
8618,32247,428,Last-Touch
8619,32248,467,Last-Touch
8620,32258,38,Last-Touch
8621,32261,431,Last-Touch
8622,32262,352,Last-Touch
8623,32266,353,Last-Touch
8624,32270,310,Last-Touch
8625,32275,459,Last-Touch
8626,32277,232,Last-Touch
8627,32280,157,Last-Touch
8628,32281,333,Last-Touch
8629,32282,306,Last-Touch
8630,32283,485,Last-Touch
8631,32285,63,Last-Touch
8632,32286,17,Last-Touch
8633,32293,86,Last-Touch
8634,32297,348,Last-Touch
8635,32299,394,Last-Touch
8636,32301,235,Last-Touch
8637,32302,395,Last-Touch
8638,32303,229,Last-Touch
8639,32304,352,Last-Touch
8640,32305,333,Last-Touch
8641,32306,227,Last-Touch
8642,32307,75,Last-Touch
8643,32308,78,Last-Touch
8644,32310,57,Last-Touch
8645,32311,72,Last-Touch
8646,32323,133,Last-Touch
8647,32324,240,Last-Touch
8648,32325,83,Last-Touch
8649,32327,223,Last-Touch
8650,32334,433,Last-Touch
8651,32335,262,Last-Touch
8652,32341,284,Last-Touch
8653,32345,491,Last-Touch
8654,32350,418,Last-Touch
8655,32354,306,Last-Touch
8656,32358,209,Last-Touch
8657,32359,413,Last-Touch
8658,32361,365,Last-Touch
8659,32371,340,Last-Touch
8660,32376,445,Last-Touch
8661,32378,329,Last-Touch
8662,32383,413,Last-Touch
8663,32388,401,Last-Touch
8664,32389,70,Last-Touch
8665,32397,237,Last-Touch
8666,32399,141,Last-Touch
8667,32401,387,Last-Touch
8668,32405,83,Last-Touch
8669,32408,335,Last-Touch
8670,32411,110,Last-Touch
8671,32414,431,Last-Touch
8672,32417,247,Last-Touch
8673,32427,300,Last-Touch
8674,32429,491,Last-Touch
8675,32430,302,Last-Touch
8676,32434,52,Last-Touch
8677,32438,487,Last-Touch
8678,32441,489,Last-Touch
8679,32445,233,Last-Touch
8680,32448,164,Last-Touch
8681,32450,136,Last-Touch
8682,32454,467,Last-Touch
8683,32456,145,Last-Touch
8684,32460,325,Last-Touch
8685,32464,138,Last-Touch
8686,32469,171,Last-Touch
8687,32473,104,Last-Touch
8688,32476,341,Last-Touch
8689,32479,168,Last-Touch
8690,32483,16,Last-Touch
8691,32486,496,Last-Touch
8692,32487,382,Last-Touch
8693,32489,169,Last-Touch
8694,32510,75,Last-Touch
8695,32515,173,Last-Touch
8696,32516,282,Last-Touch
8697,32521,357,Last-Touch
8698,32522,320,Last-Touch
8699,32523,459,Last-Touch
8700,32527,241,Last-Touch
8701,32530,370,Last-Touch
8702,32531,278,Last-Touch
8703,32536,35,Last-Touch
8704,32542,198,Last-Touch
8705,32544,130,Last-Touch
8706,32545,283,Last-Touch
8707,32550,333,Last-Touch
8708,32560,143,Last-Touch
8709,32567,69,Last-Touch
8710,32577,59,Last-Touch
8711,32582,223,Last-Touch
8712,32586,470,Last-Touch
8713,32587,314,Last-Touch
8714,32588,297,Last-Touch
8715,32591,15,Last-Touch
8716,32598,92,Last-Touch
8717,32610,376,Last-Touch
8718,32613,378,Last-Touch
8719,32622,56,Last-Touch
8720,32625,395,Last-Touch
8721,32626,215,Last-Touch
8722,32629,410,Last-Touch
8723,32633,338,Last-Touch
8724,32645,144,Last-Touch
8725,32647,278,Last-Touch
8726,32648,174,Last-Touch
8727,32649,46,Last-Touch
8728,32652,312,Last-Touch
8729,32670,499,Last-Touch
8730,32677,312,Last-Touch
8731,32679,316,Last-Touch
8732,32682,428,Last-Touch
8733,32684,195,Last-Touch
8734,32686,252,Last-Touch
8735,32688,42,Last-Touch
8736,32689,362,Last-Touch
8737,32694,16,Last-Touch
8738,32703,338,Last-Touch
8739,32706,392,Last-Touch
8740,32710,338,Last-Touch
8741,32715,334,Last-Touch
8742,32723,60,Last-Touch
8743,32725,389,Last-Touch
8744,32728,371,Last-Touch
8745,32729,171,Last-Touch
8746,32734,337,Last-Touch
8747,32735,238,Last-Touch
8748,32736,13,Last-Touch
8749,32738,306,Last-Touch
8750,32743,282,Last-Touch
8751,32748,208,Last-Touch
8752,32749,386,Last-Touch
8753,32754,295,Last-Touch
8754,32758,219,Last-Touch
8755,32762,93,Last-Touch
8756,32766,221,Last-Touch
8757,32768,195,Last-Touch
8758,32776,49,Last-Touch
8759,32777,58,Last-Touch
8760,32778,495,Last-Touch
8761,32784,131,Last-Touch
8762,32789,48,Last-Touch
8763,32790,180,Last-Touch
8764,32798,179,Last-Touch
8765,32801,69,Last-Touch
8766,32809,329,Last-Touch
8767,32810,375,Last-Touch
8768,32811,217,Last-Touch
8769,32821,96,Last-Touch
8770,32823,353,Last-Touch
8771,32828,272,Last-Touch
8772,32831,50,Last-Touch
8773,32836,263,Last-Touch
8774,32837,106,Last-Touch
8775,32838,386,Last-Touch
8776,32850,129,Last-Touch
8777,32860,195,Last-Touch
8778,32868,338,Last-Touch
8779,32872,377,Last-Touch
8780,32883,393,Last-Touch
8781,32884,318,Last-Touch
8782,32886,127,Last-Touch
8783,32889,398,Last-Touch
8784,32892,364,Last-Touch
8785,32893,333,Last-Touch
8786,32901,17,Last-Touch
8787,32903,11,Last-Touch
8788,32904,30,Last-Touch
8789,32906,270,Last-Touch
8790,32909,399,Last-Touch
8791,32913,298,Last-Touch
8792,32915,49,Last-Touch
8793,32917,89,Last-Touch
8794,32921,19,Last-Touch
8795,32923,144,Last-Touch
8796,32924,340,Last-Touch
8797,32930,83,Last-Touch
8798,32931,464,Last-Touch
8799,32932,105,Last-Touch
8800,32938,163,Last-Touch
8801,32945,164,Last-Touch
8802,32947,89,Last-Touch
8803,32951,92,Last-Touch
8804,32953,70,Last-Touch
8805,32964,162,Last-Touch
8806,32965,15,Last-Touch
8807,32968,5,Last-Touch
8808,32970,267,Last-Touch
8809,32971,462,Last-Touch
8810,32973,380,Last-Touch
8811,32975,31,Last-Touch
8812,32978,23,Last-Touch
8813,32979,75,Last-Touch
8814,32984,397,Last-Touch
8815,32989,282,Last-Touch
8816,32990,344,Last-Touch
8817,32991,52,Last-Touch
8818,32994,203,Last-Touch
8819,32999,13,Last-Touch
8820,33009,312,Last-Touch
8821,33014,151,Last-Touch
8822,33018,37,Last-Touch
8823,33025,344,Last-Touch
8824,33030,185,Last-Touch
8825,33033,301,Last-Touch
8826,33034,353,Last-Touch
8827,33050,431,Last-Touch
8828,33055,363,Last-Touch
8829,33058,465,Last-Touch
8830,33064,63,Last-Touch
8831,33069,386,Last-Touch
8832,33072,333,Last-Touch
8833,33074,441,Last-Touch
8834,33078,339,Last-Touch
8835,33082,460,Last-Touch
8836,33088,247,Last-Touch
8837,33091,467,Last-Touch
8838,33093,243,Last-Touch
8839,33094,59,Last-Touch
8840,33098,284,Last-Touch
8841,33099,53,Last-Touch
8842,33109,371,Last-Touch
8843,33111,166,Last-Touch
8844,33118,57,Last-Touch
8845,33123,148,Last-Touch
8846,33124,46,Last-Touch
8847,33131,306,Last-Touch
8848,33147,198,Last-Touch
8849,33149,128,Last-Touch
8850,33155,84,Last-Touch
8851,33156,470,Last-Touch
8852,33159,72,Last-Touch
8853,33163,289,Last-Touch
8854,33165,126,Last-Touch
8855,33167,208,Last-Touch
8856,33169,81,Last-Touch
8857,33174,272,Last-Touch
8858,33175,150,Last-Touch
8859,33176,428,Last-Touch
8860,33178,117,Last-Touch
8861,33185,61,Last-Touch
8862,33187,59,Last-Touch
8863,33199,38,Last-Touch
8864,33201,382,Last-Touch
8865,33204,275,Last-Touch
8866,33207,275,Last-Touch
8867,33208,500,Last-Touch
8868,33211,295,Last-Touch
8869,33213,325,Last-Touch
8870,33214,455,Last-Touch
8871,33216,413,Last-Touch
8872,33219,400,Last-Touch
8873,33223,427,Last-Touch
8874,33226,215,Last-Touch
8875,33228,314,Last-Touch
8876,33229,450,Last-Touch
8877,33231,391,Last-Touch
8878,33233,144,Last-Touch
8879,33235,344,Last-Touch
8880,33243,17,Last-Touch
8881,33256,304,Last-Touch
8882,33257,370,Last-Touch
8883,33261,482,Last-Touch
8884,33271,77,Last-Touch
8885,33272,275,Last-Touch
8886,33277,48,Last-Touch
8887,33279,24,Last-Touch
8888,33280,470,Last-Touch
8889,33281,72,Last-Touch
8890,33282,156,Last-Touch
8891,33293,232,Last-Touch
8892,33295,425,Last-Touch
8893,33302,344,Last-Touch
8894,33304,94,Last-Touch
8895,33307,83,Last-Touch
8896,33318,267,Last-Touch
8897,33322,383,Last-Touch
8898,33325,329,Last-Touch
8899,33327,381,Last-Touch
8900,33328,380,Last-Touch
8901,33342,284,Last-Touch
8902,33343,87,Last-Touch
8903,33345,391,Last-Touch
8904,33346,468,Last-Touch
8905,33356,132,Last-Touch
8906,33357,313,Last-Touch
8907,33360,168,Last-Touch
8908,33363,251,Last-Touch
8909,33369,205,Last-Touch
8910,33370,389,Last-Touch
8911,33377,282,Last-Touch
8912,33381,113,Last-Touch
8913,33382,334,Last-Touch
8914,33384,430,Last-Touch
8915,33386,167,Last-Touch
8916,33387,131,Last-Touch
8917,33397,344,Last-Touch
8918,33398,71,Last-Touch
8919,33400,398,Last-Touch
8920,33409,406,Last-Touch
8921,33412,110,Last-Touch
8922,33413,298,Last-Touch
8923,33424,134,Last-Touch
8924,33426,73,Last-Touch
8925,33431,374,Last-Touch
8926,33440,324,Last-Touch
8927,33443,231,Last-Touch
8928,33445,157,Last-Touch
8929,33448,309,Last-Touch
8930,33452,50,Last-Touch
8931,33460,418,Last-Touch
8932,33461,425,Last-Touch
8933,33463,190,Last-Touch
8934,33464,278,Last-Touch
8935,33465,95,Last-Touch
8936,33471,378,Last-Touch
8937,33474,162,Last-Touch
8938,33476,126,Last-Touch
8939,33481,13,Last-Touch
8940,33483,382,Last-Touch
8941,33487,229,Last-Touch
8942,33491,53,Last-Touch
8943,33492,470,Last-Touch
8944,33495,386,Last-Touch
8945,33500,320,Last-Touch
8946,33508,239,Last-Touch
8947,33511,459,Last-Touch
8948,33514,279,Last-Touch
8949,33519,171,Last-Touch
8950,33525,252,Last-Touch
8951,33526,262,Last-Touch
8952,33529,295,Last-Touch
8953,33535,271,Last-Touch
8954,33544,327,Last-Touch
8955,33548,70,Last-Touch
8956,33554,356,Last-Touch
8957,33555,218,Last-Touch
8958,33557,500,Last-Touch
8959,33559,185,Last-Touch
8960,33562,235,Last-Touch
8961,33565,42,Last-Touch
8962,33566,228,Last-Touch
8963,33567,251,Last-Touch
8964,33569,300,Last-Touch
8965,33570,162,Last-Touch
8966,33572,164,Last-Touch
8967,33573,433,Last-Touch
8968,33577,399,Last-Touch
8969,33582,448,Last-Touch
8970,33586,221,Last-Touch
8971,33587,444,Last-Touch
8972,33588,248,Last-Touch
8973,33591,216,Last-Touch
8974,33593,119,Last-Touch
8975,33598,434,Last-Touch
8976,33599,130,Last-Touch
8977,33601,352,Last-Touch
8978,33603,132,Last-Touch
8979,33604,101,Last-Touch
8980,33607,482,Last-Touch
8981,33609,190,Last-Touch
8982,33610,354,Last-Touch
8983,33612,445,Last-Touch
8984,33613,485,Last-Touch
8985,33615,439,Last-Touch
8986,33620,281,Last-Touch
8987,33621,265,Last-Touch
8988,33625,106,Last-Touch
8989,33626,126,Last-Touch
8990,33630,401,Last-Touch
8991,33633,323,Last-Touch
8992,33634,369,Last-Touch
8993,33635,279,Last-Touch
8994,33637,392,Last-Touch
8995,33640,50,Last-Touch
8996,33641,284,Last-Touch
8997,33643,174,Last-Touch
8998,33645,413,Last-Touch
8999,33652,235,Last-Touch
9000,33659,80,Last-Touch
9001,33662,286,Last-Touch
9002,33663,362,Last-Touch
9003,33665,380,Last-Touch
9004,33667,140,Last-Touch
9005,33670,19,Last-Touch
9006,33671,84,Last-Touch
9007,33675,74,Last-Touch
9008,33677,314,Last-Touch
9009,33678,352,Last-Touch
9010,33680,47,Last-Touch
9011,33682,85,Last-Touch
9012,33683,278,Last-Touch
9013,33688,75,Last-Touch
9014,33690,440,Last-Touch
9015,33696,203,Last-Touch
9016,33698,71,Last-Touch
9017,33704,467,Last-Touch
9018,33709,330,Last-Touch
9019,33718,378,Last-Touch
9020,33722,333,Last-Touch
9021,33724,284,Last-Touch
9022,33725,7,Last-Touch
9023,33737,27,Last-Touch
9024,33739,201,Last-Touch
9025,33741,446,Last-Touch
9026,33742,435,Last-Touch
9027,33754,367,Last-Touch
9028,33756,432,Last-Touch
9029,33757,85,Last-Touch
9030,33764,5,Last-Touch
9031,33766,162,Last-Touch
9032,33768,178,Last-Touch
9033,33773,106,Last-Touch
9034,33774,418,Last-Touch
9035,33778,13,Last-Touch
9036,33780,254,Last-Touch
9037,33784,491,Last-Touch
9038,33785,386,Last-Touch
9039,33791,37,Last-Touch
9040,33793,52,Last-Touch
9041,33795,500,Last-Touch
9042,33803,26,Last-Touch
9043,33808,310,Last-Touch
9044,33810,238,Last-Touch
9045,33811,386,Last-Touch
9046,33814,431,Last-Touch
9047,33816,397,Last-Touch
9048,33817,50,Last-Touch
9049,33818,9,Last-Touch
9050,33824,234,Last-Touch
9051,33825,392,Last-Touch
9052,33828,57,Last-Touch
9053,33831,254,Last-Touch
9054,33838,340,Last-Touch
9055,33840,388,Last-Touch
9056,33844,260,Last-Touch
9057,33845,441,Last-Touch
9058,33848,19,Last-Touch
9059,33852,75,Last-Touch
9060,33857,440,Last-Touch
9061,33861,273,Last-Touch
9062,33863,110,Last-Touch
9063,33876,471,Last-Touch
9064,33877,360,Last-Touch
9065,33879,7,Last-Touch
9066,33880,326,Last-Touch
9067,33887,141,Last-Touch
9068,33896,355,Last-Touch
9069,33897,489,Last-Touch
9070,33906,115,Last-Touch
9071,33913,278,Last-Touch
9072,33914,23,Last-Touch
9073,33920,339,Last-Touch
9074,33922,329,Last-Touch
9075,33927,392,Last-Touch
9076,33931,84,Last-Touch
9077,33932,97,Last-Touch
9078,33939,168,Last-Touch
9079,33942,224,Last-Touch
9080,33943,410,Last-Touch
9081,33945,355,Last-Touch
9082,33946,278,Last-Touch
9083,33949,50,Last-Touch
9084,33951,320,Last-Touch
9085,33952,13,Last-Touch
9086,33954,350,Last-Touch
9087,33957,289,Last-Touch
9088,33959,268,Last-Touch
9089,33963,337,Last-Touch
9090,33969,231,Last-Touch
9091,33970,457,Last-Touch
9092,33971,310,Last-Touch
9093,33973,399,Last-Touch
9094,33976,56,Last-Touch
9095,33981,334,Last-Touch
9096,33987,452,Last-Touch
9097,33988,156,Last-Touch
9098,33990,215,Last-Touch
9099,33993,186,Last-Touch
9100,33995,151,Last-Touch
9101,33998,376,Last-Touch
9102,34001,427,Last-Touch
9103,34002,51,Last-Touch
9104,34004,386,Last-Touch
9105,34005,231,Last-Touch
9106,34006,167,Last-Touch
9107,34009,476,Last-Touch
9108,34011,364,Last-Touch
9109,34012,373,Last-Touch
9110,34013,7,Last-Touch
9111,34017,334,Last-Touch
9112,34018,399,Last-Touch
9113,34019,383,Last-Touch
9114,34020,473,Last-Touch
9115,34021,158,Last-Touch
9116,34023,150,Last-Touch
9117,34024,157,Last-Touch
9118,34027,359,Last-Touch
9119,34036,487,Last-Touch
9120,34042,182,Last-Touch
9121,34048,239,Last-Touch
9122,34051,19,Last-Touch
9123,34053,149,Last-Touch
9124,34059,353,Last-Touch
9125,34061,302,Last-Touch
9126,34063,59,Last-Touch
9127,34071,195,Last-Touch
9128,34076,118,Last-Touch
9129,34085,338,Last-Touch
9130,34098,425,Last-Touch
9131,34102,263,Last-Touch
9132,34104,7,Last-Touch
9133,34110,364,Last-Touch
9134,34117,129,Last-Touch
9135,34120,231,Last-Touch
9136,34121,272,Last-Touch
9137,34129,273,Last-Touch
9138,34130,180,Last-Touch
9139,34131,342,Last-Touch
9140,34136,231,Last-Touch
9141,34141,398,Last-Touch
9142,34142,237,Last-Touch
9143,34144,440,Last-Touch
9144,34145,55,Last-Touch
9145,34149,442,Last-Touch
9146,34150,226,Last-Touch
9147,34152,239,Last-Touch
9148,34153,241,Last-Touch
9149,34155,198,Last-Touch
9150,34158,191,Last-Touch
9151,34167,373,Last-Touch
9152,34172,344,Last-Touch
9153,34173,159,Last-Touch
9154,34175,121,Last-Touch
9155,34181,483,Last-Touch
9156,34184,258,Last-Touch
9157,34190,355,Last-Touch
9158,34195,335,Last-Touch
9159,34206,487,Last-Touch
9160,34210,320,Last-Touch
9161,34213,77,Last-Touch
9162,34221,329,Last-Touch
9163,34223,69,Last-Touch
9164,34228,254,Last-Touch
9165,34238,355,Last-Touch
9166,34241,461,Last-Touch
9167,34246,184,Last-Touch
9168,34248,420,Last-Touch
9169,34256,51,Last-Touch
9170,34257,7,Last-Touch
9171,34259,440,Last-Touch
9172,34265,119,Last-Touch
9173,34266,46,Last-Touch
9174,34277,435,Last-Touch
9175,34285,190,Last-Touch
9176,34290,409,Last-Touch
9177,34299,390,Last-Touch
9178,34302,186,Last-Touch
9179,34303,241,Last-Touch
9180,34304,75,Last-Touch
9181,34307,331,Last-Touch
9182,34310,492,Last-Touch
9183,34312,142,Last-Touch
9184,34314,306,Last-Touch
9185,34315,209,Last-Touch
9186,34318,388,Last-Touch
9187,34332,69,Last-Touch
9188,34333,197,Last-Touch
9189,34344,364,Last-Touch
9190,34345,362,Last-Touch
9191,34346,235,Last-Touch
9192,34350,104,Last-Touch
9193,34354,50,Last-Touch
9194,34365,75,Last-Touch
9195,34371,52,Last-Touch
9196,34378,36,Last-Touch
9197,34380,9,Last-Touch
9198,34387,227,Last-Touch
9199,34395,164,Last-Touch
9200,34396,65,Last-Touch
9201,34401,353,Last-Touch
9202,34406,345,Last-Touch
9203,34412,331,Last-Touch
9204,34417,337,Last-Touch
9205,34420,286,Last-Touch
9206,34423,150,Last-Touch
9207,34432,19,Last-Touch
9208,34434,496,Last-Touch
9209,34435,281,Last-Touch
9210,34443,410,Last-Touch
9211,34444,374,Last-Touch
9212,34445,447,Last-Touch
9213,34448,335,Last-Touch
9214,34453,326,Last-Touch
9215,34454,70,Last-Touch
9216,34459,357,Last-Touch
9217,34460,340,Last-Touch
9218,34463,142,Last-Touch
9219,34466,311,Last-Touch
9220,34467,74,Last-Touch
9221,34470,200,Last-Touch
9222,34471,59,Last-Touch
9223,34472,162,Last-Touch
9224,34475,306,Last-Touch
9225,34477,278,Last-Touch
9226,34478,144,Last-Touch
9227,34483,154,Last-Touch
9228,34484,101,Last-Touch
9229,34486,380,Last-Touch
9230,34491,454,Last-Touch
9231,34493,363,Last-Touch
9232,34496,85,Last-Touch
9233,34502,30,Last-Touch
9234,34505,24,Last-Touch
9235,34511,470,Last-Touch
9236,34514,186,Last-Touch
9237,34516,229,Last-Touch
9238,34519,231,Last-Touch
9239,34521,110,Last-Touch
9240,34525,121,Last-Touch
9241,34526,192,Last-Touch
9242,34528,237,Last-Touch
9243,34529,192,Last-Touch
9244,34530,7,Last-Touch
9245,34531,53,Last-Touch
9246,34532,211,Last-Touch
9247,34535,295,Last-Touch
9248,34537,289,Last-Touch
9249,34538,446,Last-Touch
9250,34539,434,Last-Touch
9251,34544,297,Last-Touch
9252,34554,126,Last-Touch
9253,34558,281,Last-Touch
9254,34559,452,Last-Touch
9255,34563,273,Last-Touch
9256,34564,435,Last-Touch
9257,34570,410,Last-Touch
9258,34571,444,Last-Touch
9259,34576,32,Last-Touch
9260,34577,118,Last-Touch
9261,34584,385,Last-Touch
9262,34585,352,Last-Touch
9263,34587,299,Last-Touch
9264,34589,120,Last-Touch
9265,34592,237,Last-Touch
9266,34595,227,Last-Touch
9267,34599,70,Last-Touch
9268,34600,336,Last-Touch
9269,34611,51,Last-Touch
9270,34616,359,Last-Touch
9271,34623,224,Last-Touch
9272,34629,352,Last-Touch
9273,34633,272,Last-Touch
9274,34641,287,Last-Touch
9275,34642,342,Last-Touch
9276,34644,428,Last-Touch
9277,34649,478,Last-Touch
9278,34652,117,Last-Touch
9279,34654,257,Last-Touch
9280,34655,473,Last-Touch
9281,34662,410,Last-Touch
9282,34663,395,Last-Touch
9283,34665,333,Last-Touch
9284,34666,407,Last-Touch
9285,34670,485,Last-Touch
9286,34673,411,Last-Touch
9287,34678,489,Last-Touch
9288,34680,106,Last-Touch
9289,34684,159,Last-Touch
9290,34688,364,Last-Touch
9291,34695,120,Last-Touch
9292,34698,262,Last-Touch
9293,34700,389,Last-Touch
9294,34705,406,Last-Touch
9295,34712,215,Last-Touch
9296,34713,418,Last-Touch
9297,34716,310,Last-Touch
9298,34719,384,Last-Touch
9299,34722,425,Last-Touch
9300,34724,31,Last-Touch
9301,34725,334,Last-Touch
9302,34726,470,Last-Touch
9303,34735,445,Last-Touch
9304,34740,453,Last-Touch
9305,34747,254,Last-Touch
9306,34749,252,Last-Touch
9307,34759,75,Last-Touch
9308,34760,136,Last-Touch
9309,34765,374,Last-Touch
9310,34766,467,Last-Touch
9311,34781,314,Last-Touch
9312,34794,35,Last-Touch
9313,34802,40,Last-Touch
9314,34803,161,Last-Touch
9315,34807,292,Last-Touch
9316,34808,268,Last-Touch
9317,34809,106,Last-Touch
9318,34812,243,Last-Touch
9319,34815,19,Last-Touch
9320,34816,87,Last-Touch
9321,34822,389,Last-Touch
9322,34825,399,Last-Touch
9323,34826,312,Last-Touch
9324,34831,341,Last-Touch
9325,34835,97,Last-Touch
9326,34837,437,Last-Touch
9327,34838,404,Last-Touch
9328,34840,320,Last-Touch
9329,34842,122,Last-Touch
9330,34846,106,Last-Touch
9331,34851,53,Last-Touch
9332,34853,150,Last-Touch
9333,34854,356,Last-Touch
9334,34862,129,Last-Touch
9335,34864,470,Last-Touch
9336,34867,409,Last-Touch
9337,34871,69,Last-Touch
9338,34891,89,Last-Touch
9339,34892,235,Last-Touch
9340,34896,281,Last-Touch
9341,34898,295,Last-Touch
9342,34905,192,Last-Touch
9343,34909,153,Last-Touch
9344,34916,243,Last-Touch
9345,34918,134,Last-Touch
9346,34919,448,Last-Touch
9347,34920,254,Last-Touch
9348,34927,208,Last-Touch
9349,34928,333,Last-Touch
9350,34929,114,Last-Touch
9351,34932,289,Last-Touch
9352,34939,348,Last-Touch
9353,34946,399,Last-Touch
9354,34951,478,Last-Touch
9355,34958,16,Last-Touch
9356,34959,477,Last-Touch
9357,34964,7,Last-Touch
9358,34989,6,Last-Touch
9359,34994,322,Last-Touch
9360,34998,247,Last-Touch
9361,35009,175,Last-Touch
9362,35017,422,Last-Touch
9363,35021,168,Last-Touch
9364,35026,137,Last-Touch
9365,35029,189,Last-Touch
9366,35033,19,Last-Touch
9367,35037,108,Last-Touch
9368,35040,61,Last-Touch
9369,35044,329,Last-Touch
9370,35045,30,Last-Touch
9371,35050,167,Last-Touch
9372,35057,84,Last-Touch
9373,35063,138,Last-Touch
9374,35066,140,Last-Touch
9375,35069,73,Last-Touch
9376,35074,67,Last-Touch
9377,35075,278,Last-Touch
9378,35085,269,Last-Touch
9379,35087,164,Last-Touch
9380,35089,190,Last-Touch
9381,35099,291,Last-Touch
9382,35100,86,Last-Touch
9383,35103,295,Last-Touch
9384,35104,246,Last-Touch
9385,35105,338,Last-Touch
9386,35111,7,Last-Touch
9387,35117,58,Last-Touch
9388,35118,309,Last-Touch
9389,35121,110,Last-Touch
9390,35131,306,Last-Touch
9391,35132,372,Last-Touch
9392,35144,43,Last-Touch
9393,35145,305,Last-Touch
9394,35150,384,Last-Touch
9395,35153,500,Last-Touch
9396,35158,409,Last-Touch
9397,35165,144,Last-Touch
9398,35170,302,Last-Touch
9399,35174,399,Last-Touch
9400,35176,278,Last-Touch
9401,35177,379,Last-Touch
9402,35182,470,Last-Touch
9403,35183,493,Last-Touch
9404,35186,262,Last-Touch
9405,35198,118,Last-Touch
9406,35200,333,Last-Touch
9407,35201,373,Last-Touch
9408,35202,63,Last-Touch
9409,35208,229,Last-Touch
9410,35217,330,Last-Touch
9411,35229,76,Last-Touch
9412,35232,416,Last-Touch
9413,35233,482,Last-Touch
9414,35235,118,Last-Touch
9415,35239,177,Last-Touch
9416,35242,215,Last-Touch
9417,35243,429,Last-Touch
9418,35245,114,Last-Touch
9419,35252,371,Last-Touch
9420,35254,121,Last-Touch
9421,35260,281,Last-Touch
9422,35263,53,Last-Touch
9423,35267,148,Last-Touch
9424,35271,396,Last-Touch
9425,35277,115,Last-Touch
9426,35280,104,Last-Touch
9427,35287,383,Last-Touch
9428,35290,207,Last-Touch
9429,35296,424,Last-Touch
9430,35297,119,Last-Touch
9431,35298,56,Last-Touch
9432,35302,150,Last-Touch
9433,35305,74,Last-Touch
9434,35310,175,Last-Touch
9435,35316,239,Last-Touch
9436,35317,186,Last-Touch
9437,35318,318,Last-Touch
9438,35333,122,Last-Touch
9439,35336,304,Last-Touch
9440,35341,150,Last-Touch
9441,35343,124,Last-Touch
9442,35352,447,Last-Touch
9443,35353,82,Last-Touch
9444,35354,348,Last-Touch
9445,35355,183,Last-Touch
9446,35361,229,Last-Touch
9447,35362,353,Last-Touch
9448,35366,278,Last-Touch
9449,35367,204,Last-Touch
9450,35372,470,Last-Touch
9451,35373,119,Last-Touch
9452,35376,352,Last-Touch
9453,35394,27,Last-Touch
9454,35400,19,Last-Touch
9455,35401,111,Last-Touch
9456,35405,16,Last-Touch
9457,35406,459,Last-Touch
9458,35411,86,Last-Touch
9459,35416,207,Last-Touch
9460,35418,181,Last-Touch
9461,35421,411,Last-Touch
9462,35426,320,Last-Touch
9463,35427,167,Last-Touch
9464,35434,347,Last-Touch
9465,35438,80,Last-Touch
9466,35445,370,Last-Touch
9467,35449,434,Last-Touch
9468,35451,144,Last-Touch
9469,35454,492,Last-Touch
9470,35455,113,Last-Touch
9471,35456,449,Last-Touch
9472,35458,156,Last-Touch
9473,35466,372,Last-Touch
9474,35473,181,Last-Touch
9475,35478,306,Last-Touch
9476,35481,500,Last-Touch
9477,35482,385,Last-Touch
9478,35488,281,Last-Touch
9479,35501,265,Last-Touch
9480,35514,37,Last-Touch
9481,35517,410,Last-Touch
9482,35520,232,Last-Touch
9483,35522,233,Last-Touch
9484,35527,306,Last-Touch
9485,35533,413,Last-Touch
9486,35534,364,Last-Touch
9487,35540,63,Last-Touch
9488,35541,485,Last-Touch
9489,35542,231,Last-Touch
9490,35555,377,Last-Touch
9491,35560,428,Last-Touch
9492,35561,85,Last-Touch
9493,35567,136,Last-Touch
9494,35571,387,Last-Touch
9495,35573,338,Last-Touch
9496,35574,9,Last-Touch
9497,35578,486,Last-Touch
9498,35585,46,Last-Touch
9499,35587,118,Last-Touch
9500,35595,341,Last-Touch
9501,35596,465,Last-Touch
9502,35598,299,Last-Touch
9503,35610,72,Last-Touch
9504,35611,58,Last-Touch
9505,35612,311,Last-Touch
9506,35620,381,Last-Touch
9507,35623,157,Last-Touch
9508,35627,181,Last-Touch
9509,35628,157,Last-Touch
9510,35629,186,Last-Touch
9511,35630,16,Last-Touch
9512,35640,309,Last-Touch
9513,35654,32,Last-Touch
9514,35655,297,Last-Touch
9515,35656,431,Last-Touch
9516,35660,378,Last-Touch
9517,35664,112,Last-Touch
9518,35670,122,Last-Touch
9519,35679,282,Last-Touch
9520,35682,238,Last-Touch
9521,35689,101,Last-Touch
9522,35693,84,Last-Touch
9523,35695,118,Last-Touch
9524,35697,386,Last-Touch
9525,35702,7,Last-Touch
9526,35704,294,Last-Touch
9527,35709,489,Last-Touch
9528,35711,296,Last-Touch
9529,35717,136,Last-Touch
9530,35726,362,Last-Touch
9531,35730,381,Last-Touch
9532,35732,487,Last-Touch
9533,35733,272,Last-Touch
9534,35734,35,Last-Touch
9535,35738,83,Last-Touch
9536,35740,493,Last-Touch
9537,35753,108,Last-Touch
9538,35754,347,Last-Touch
9539,35755,238,Last-Touch
9540,35756,93,Last-Touch
9541,35761,193,Last-Touch
9542,35767,471,Last-Touch
9543,35768,67,Last-Touch
9544,35772,124,Last-Touch
9545,35774,144,Last-Touch
9546,35778,389,Last-Touch
9547,35779,431,Last-Touch
9548,35786,106,Last-Touch
9549,35792,281,Last-Touch
9550,35793,278,Last-Touch
9551,35795,335,Last-Touch
9552,35802,473,Last-Touch
9553,35805,86,Last-Touch
9554,35808,53,Last-Touch
9555,35812,150,Last-Touch
9556,35817,458,Last-Touch
9557,35821,85,Last-Touch
9558,35823,218,Last-Touch
9559,35825,7,Last-Touch
9560,35827,114,Last-Touch
9561,35831,95,Last-Touch
9562,35832,281,Last-Touch
9563,35844,264,Last-Touch
9564,35853,264,Last-Touch
9565,35859,5,Last-Touch
9566,35863,162,Last-Touch
9567,35864,413,Last-Touch
9568,35868,279,Last-Touch
9569,35874,312,Last-Touch
9570,35875,71,Last-Touch
9571,35877,434,Last-Touch
9572,35889,49,Last-Touch
9573,35898,469,Last-Touch
9574,35899,314,Last-Touch
9575,35902,366,Last-Touch
9576,35907,104,Last-Touch
9577,35910,67,Last-Touch
9578,35912,108,Last-Touch
9579,35914,271,Last-Touch
9580,35916,314,Last-Touch
9581,35920,459,Last-Touch
9582,35921,466,Last-Touch
9583,35925,407,Last-Touch
9584,35928,470,Last-Touch
9585,35930,153,Last-Touch
9586,35931,466,Last-Touch
9587,35932,452,Last-Touch
9588,35941,406,Last-Touch
9589,35942,413,Last-Touch
9590,35949,169,Last-Touch
9591,35957,413,Last-Touch
9592,35958,87,Last-Touch
9593,35959,424,Last-Touch
9594,35960,281,Last-Touch
9595,35966,87,Last-Touch
9596,35979,485,Last-Touch
9597,35981,199,Last-Touch
9598,35982,155,Last-Touch
9599,35987,362,Last-Touch
9600,35993,93,Last-Touch
9601,35997,218,Last-Touch
9602,36005,118,Last-Touch
9603,36015,434,Last-Touch
9604,36022,119,Last-Touch
9605,36025,383,Last-Touch
9606,36032,281,Last-Touch
9607,36033,373,Last-Touch
9608,36035,46,Last-Touch
9609,36036,141,Last-Touch
9610,36037,56,Last-Touch
9611,36039,154,Last-Touch
9612,36041,150,Last-Touch
9613,36043,496,Last-Touch
9614,36051,8,Last-Touch
9615,36059,386,Last-Touch
9616,36061,279,Last-Touch
9617,36070,35,Last-Touch
9618,36071,454,Last-Touch
9619,36074,364,Last-Touch
9620,36076,446,Last-Touch
9621,36079,398,Last-Touch
9622,36085,88,Last-Touch
9623,36089,360,Last-Touch
9624,36091,280,Last-Touch
9625,36098,154,Last-Touch
9626,36100,448,Last-Touch
9627,36103,136,Last-Touch
9628,36108,487,Last-Touch
9629,36111,128,Last-Touch
9630,36117,248,Last-Touch
9631,36120,172,Last-Touch
9632,36122,442,Last-Touch
9633,36127,286,Last-Touch
9634,36134,157,Last-Touch
9635,36136,313,Last-Touch
9636,36139,147,Last-Touch
9637,36149,11,Last-Touch
9638,36155,168,Last-Touch
9639,36163,186,Last-Touch
9640,36172,219,Last-Touch
9641,36173,284,Last-Touch
9642,36175,258,Last-Touch
9643,36182,89,Last-Touch
9644,36183,190,Last-Touch
9645,36186,37,Last-Touch
9646,36189,86,Last-Touch
9647,36196,464,Last-Touch
9648,36197,294,Last-Touch
9649,36204,52,Last-Touch
9650,36205,2,Last-Touch
9651,36207,481,Last-Touch
9652,36209,284,Last-Touch
9653,36212,269,Last-Touch
9654,36214,321,Last-Touch
9655,36218,428,Last-Touch
9656,36221,282,Last-Touch
9657,36222,85,Last-Touch
9658,36230,162,Last-Touch
9659,36237,112,Last-Touch
9660,36238,86,Last-Touch
9661,36240,6,Last-Touch
9662,36241,306,Last-Touch
9663,36245,75,Last-Touch
9664,36258,138,Last-Touch
9665,36259,333,Last-Touch
9666,36261,415,Last-Touch
9667,36269,90,Last-Touch
9668,36270,83,Last-Touch
9669,36272,306,Last-Touch
9670,36276,132,Last-Touch
9671,36278,416,Last-Touch
9672,36280,402,Last-Touch
9673,36281,432,Last-Touch
9674,36283,237,Last-Touch
9675,36289,112,Last-Touch
9676,36292,164,Last-Touch
9677,36296,456,Last-Touch
9678,36299,386,Last-Touch
9679,36303,386,Last-Touch
9680,36311,428,Last-Touch
9681,36312,171,Last-Touch
9682,36313,77,Last-Touch
9683,36321,485,Last-Touch
9684,36322,223,Last-Touch
9685,36326,101,Last-Touch
9686,36331,50,Last-Touch
9687,36332,129,Last-Touch
9688,36338,147,Last-Touch
9689,36340,345,Last-Touch
9690,36349,235,Last-Touch
9691,36355,489,Last-Touch
9692,36356,448,Last-Touch
9693,36361,455,Last-Touch
9694,36364,102,Last-Touch
9695,36365,275,Last-Touch
9696,36367,308,Last-Touch
9697,36370,364,Last-Touch
9698,36371,378,Last-Touch
9699,36373,133,Last-Touch
9700,36376,101,Last-Touch
9701,36386,377,Last-Touch
9702,36389,290,Last-Touch
9703,36395,343,Last-Touch
9704,36401,371,Last-Touch
9705,36406,301,Last-Touch
9706,36408,49,Last-Touch
9707,36410,286,Last-Touch
9708,36411,460,Last-Touch
9709,36414,50,Last-Touch
9710,36416,101,Last-Touch
9711,36418,50,Last-Touch
9712,36419,455,Last-Touch
9713,36420,391,Last-Touch
9714,36430,306,Last-Touch
9715,36431,395,Last-Touch
9716,36432,429,Last-Touch
9717,36437,8,Last-Touch
9718,36439,395,Last-Touch
9719,36445,120,Last-Touch
9720,36448,158,Last-Touch
9721,36449,106,Last-Touch
9722,36456,69,Last-Touch
9723,36457,446,Last-Touch
9724,36464,292,Last-Touch
9725,36465,178,Last-Touch
9726,36466,230,Last-Touch
9727,36472,89,Last-Touch
9728,36479,60,Last-Touch
9729,36481,401,Last-Touch
9730,36482,459,Last-Touch
9731,36483,292,Last-Touch
9732,36484,308,Last-Touch
9733,36487,35,Last-Touch
9734,36497,409,Last-Touch
9735,36502,241,Last-Touch
9736,36503,362,Last-Touch
9737,36504,213,Last-Touch
9738,36505,64,Last-Touch
9739,36512,281,Last-Touch
9740,36519,174,Last-Touch
9741,36521,44,Last-Touch
9742,36523,312,Last-Touch
9743,36526,174,Last-Touch
9744,36536,30,Last-Touch
9745,36539,235,Last-Touch
9746,36541,155,Last-Touch
9747,36548,383,Last-Touch
9748,36559,378,Last-Touch
9749,36566,440,Last-Touch
9750,36568,56,Last-Touch
9751,36579,429,Last-Touch
9752,36581,226,Last-Touch
9753,36582,418,Last-Touch
9754,36596,89,Last-Touch
9755,36598,119,Last-Touch
9756,36606,209,Last-Touch
9757,36612,353,Last-Touch
9758,36624,172,Last-Touch
9759,36626,332,Last-Touch
9760,36628,364,Last-Touch
9761,36629,254,Last-Touch
9762,36631,19,Last-Touch
9763,36635,114,Last-Touch
9764,36639,460,Last-Touch
9765,36640,229,Last-Touch
9766,36642,244,Last-Touch
9767,36644,161,Last-Touch
9768,36650,477,Last-Touch
9769,36658,178,Last-Touch
9770,36663,278,Last-Touch
9771,36666,299,Last-Touch
9772,36674,26,Last-Touch
9773,36676,86,Last-Touch
9774,36684,229,Last-Touch
9775,36685,492,Last-Touch
9776,36686,374,Last-Touch
9777,36688,201,Last-Touch
9778,36689,267,Last-Touch
9779,36692,106,Last-Touch
9780,36693,498,Last-Touch
9781,36696,413,Last-Touch
9782,36699,313,Last-Touch
9783,36703,81,Last-Touch
9784,36705,112,Last-Touch
9785,36708,174,Last-Touch
9786,36709,373,Last-Touch
9787,36710,413,Last-Touch
9788,36712,458,Last-Touch
9789,36715,338,Last-Touch
9790,36723,70,Last-Touch
9791,36726,337,Last-Touch
9792,36728,442,Last-Touch
9793,36735,134,Last-Touch
9794,36739,141,Last-Touch
9795,36742,206,Last-Touch
9796,36745,275,Last-Touch
9797,36751,294,Last-Touch
9798,36760,331,Last-Touch
9799,36762,304,Last-Touch
9800,36764,117,Last-Touch
9801,36765,47,Last-Touch
9802,36766,157,Last-Touch
9803,36769,72,Last-Touch
9804,36773,127,Last-Touch
9805,36777,321,Last-Touch
9806,36781,362,Last-Touch
9807,36786,359,Last-Touch
9808,36792,449,Last-Touch
9809,36793,60,Last-Touch
9810,36795,17,Last-Touch
9811,36797,254,Last-Touch
9812,36800,53,Last-Touch
9813,36801,101,Last-Touch
9814,36802,281,Last-Touch
9815,36807,24,Last-Touch
9816,36815,108,Last-Touch
9817,36818,439,Last-Touch
9818,36824,376,Last-Touch
9819,36825,457,Last-Touch
9820,36828,122,Last-Touch
9821,36832,219,Last-Touch
9822,36833,399,Last-Touch
9823,36834,16,Last-Touch
9824,36835,428,Last-Touch
9825,36841,340,Last-Touch
9826,36846,342,Last-Touch
9827,36849,431,Last-Touch
9828,36851,105,Last-Touch
9829,36852,337,Last-Touch
9830,36855,38,Last-Touch
9831,36858,30,Last-Touch
9832,36861,487,Last-Touch
9833,36863,41,Last-Touch
9834,36866,420,Last-Touch
9835,36867,252,Last-Touch
9836,36871,19,Last-Touch
9837,36872,271,Last-Touch
9838,36873,309,Last-Touch
9839,36875,286,Last-Touch
9840,36876,78,Last-Touch
9841,36880,257,Last-Touch
9842,36883,297,Last-Touch
9843,36887,251,Last-Touch
9844,36889,317,Last-Touch
9845,36891,11,Last-Touch
9846,36892,102,Last-Touch
9847,36898,459,Last-Touch
9848,36900,338,Last-Touch
9849,36902,493,Last-Touch
9850,36906,252,Last-Touch
9851,36908,368,Last-Touch
9852,36913,140,Last-Touch
9853,36920,494,Last-Touch
9854,36926,449,Last-Touch
9855,36928,381,Last-Touch
9856,36931,364,Last-Touch
9857,36933,239,Last-Touch
9858,36934,127,Last-Touch
9859,36939,340,Last-Touch
9860,36940,173,Last-Touch
9861,36943,38,Last-Touch
9862,36948,46,Last-Touch
9863,36956,489,Last-Touch
9864,36957,457,Last-Touch
9865,36959,382,Last-Touch
9866,36965,470,Last-Touch
9867,36967,488,Last-Touch
9868,36970,447,Last-Touch
9869,36972,278,Last-Touch
9870,36977,254,Last-Touch
9871,36982,118,Last-Touch
9872,36983,338,Last-Touch
9873,36988,120,Last-Touch
9874,36991,386,Last-Touch
9875,36992,200,Last-Touch
9876,36996,356,Last-Touch
9877,37005,106,Last-Touch
9878,37011,320,Last-Touch
9879,37012,49,Last-Touch
9880,37015,278,Last-Touch
9881,37016,450,Last-Touch
9882,37018,121,Last-Touch
9883,37019,319,Last-Touch
9884,37025,153,Last-Touch
9885,37027,112,Last-Touch
9886,37034,441,Last-Touch
9887,37035,373,Last-Touch
9888,37038,281,Last-Touch
9889,37039,455,Last-Touch
9890,37045,178,Last-Touch
9891,37047,189,Last-Touch
9892,37049,202,Last-Touch
9893,37050,179,Last-Touch
9894,37051,415,Last-Touch
9895,37053,240,Last-Touch
9896,37061,157,Last-Touch
9897,37062,26,Last-Touch
9898,37066,311,Last-Touch
9899,37069,162,Last-Touch
9900,37071,183,Last-Touch
9901,37073,313,Last-Touch
9902,37074,286,Last-Touch
9903,37078,49,Last-Touch
9904,37079,130,Last-Touch
9905,37084,56,Last-Touch
9906,37087,244,Last-Touch
9907,37090,104,Last-Touch
9908,37091,200,Last-Touch
9909,37093,150,Last-Touch
9910,37094,333,Last-Touch
9911,37097,49,Last-Touch
9912,37101,335,Last-Touch
9913,37102,191,Last-Touch
9914,37107,129,Last-Touch
9915,37109,232,Last-Touch
9916,37111,283,Last-Touch
9917,37114,371,Last-Touch
9918,37118,231,Last-Touch
9919,37126,19,Last-Touch
9920,37128,418,Last-Touch
9921,37129,356,Last-Touch
9922,37130,433,Last-Touch
9923,37136,366,Last-Touch
9924,37142,366,Last-Touch
9925,37143,157,Last-Touch
9926,37146,306,Last-Touch
9927,37149,446,Last-Touch
9928,37151,229,Last-Touch
9929,37152,310,Last-Touch
9930,37158,175,Last-Touch
9931,37164,126,Last-Touch
9932,37167,496,Last-Touch
9933,37168,281,Last-Touch
9934,37170,49,Last-Touch
9935,37176,164,Last-Touch
9936,37179,286,Last-Touch
9937,37184,55,Last-Touch
9938,37185,478,Last-Touch
9939,37186,38,Last-Touch
9940,37195,362,Last-Touch
9941,37197,119,Last-Touch
9942,37199,203,Last-Touch
9943,37200,58,Last-Touch
9944,37203,168,Last-Touch
9945,37205,340,Last-Touch
9946,37208,119,Last-Touch
9947,37212,493,Last-Touch
9948,37213,278,Last-Touch
9949,37218,289,Last-Touch
9950,37219,436,Last-Touch
9951,37225,483,Last-Touch
9952,37227,309,Last-Touch
9953,37229,144,Last-Touch
9954,37247,117,Last-Touch
9955,37251,5,Last-Touch
9956,37252,378,Last-Touch
9957,37257,310,Last-Touch
9958,37262,112,Last-Touch
9959,37272,380,Last-Touch
9960,37276,371,Last-Touch
9961,37277,168,Last-Touch
9962,37278,65,Last-Touch
9963,37282,239,Last-Touch
9964,37283,432,Last-Touch
9965,37284,343,Last-Touch
9966,37289,97,Last-Touch
9967,37292,493,Last-Touch
9968,37298,38,Last-Touch
9969,37300,364,Last-Touch
9970,37306,449,Last-Touch
9971,37323,433,Last-Touch
9972,37324,320,Last-Touch
9973,37326,467,Last-Touch
9974,37327,345,Last-Touch
9975,37328,192,Last-Touch
9976,37332,427,Last-Touch
9977,37334,336,Last-Touch
9978,37335,331,Last-Touch
9979,37336,433,Last-Touch
9980,37337,275,Last-Touch
9981,37340,285,Last-Touch
9982,37345,169,Last-Touch
9983,37352,320,Last-Touch
9984,37353,296,Last-Touch
9985,37355,154,Last-Touch
9986,37358,396,Last-Touch
9987,37360,382,Last-Touch
9988,37364,52,Last-Touch
9989,37366,19,Last-Touch
9990,37368,83,Last-Touch
9991,37371,238,Last-Touch
9992,37380,429,Last-Touch
9993,37382,127,Last-Touch
9994,37396,233,Last-Touch
9995,37397,233,Last-Touch
9996,37398,338,Last-Touch
9997,37399,444,Last-Touch
9998,37409,282,Last-Touch
9999,37413,367,Last-Touch
10000,37418,434,Last-Touch
10001,37422,487,Last-Touch
10002,37426,409,Last-Touch
10003,37431,350,Last-Touch
10004,37432,483,Last-Touch
10005,37437,167,Last-Touch
10006,37441,86,Last-Touch
10007,37443,335,Last-Touch
10008,37452,386,Last-Touch
10009,37454,379,Last-Touch
10010,37455,278,Last-Touch
10011,37460,350,Last-Touch
10012,37463,459,Last-Touch
10013,37466,372,Last-Touch
10014,37468,312,Last-Touch
10015,37470,429,Last-Touch
10016,37474,124,Last-Touch
10017,37480,316,Last-Touch
10018,37488,58,Last-Touch
10019,37489,150,Last-Touch
10020,37499,6,Last-Touch
10021,37502,359,Last-Touch
10022,37505,489,Last-Touch
10023,37507,36,Last-Touch
10024,37508,399,Last-Touch
10025,37512,418,Last-Touch
10026,37513,500,Last-Touch
10027,37515,205,Last-Touch
10028,37517,55,Last-Touch
10029,37519,465,Last-Touch
10030,37521,400,Last-Touch
10031,37522,120,Last-Touch
10032,37525,492,Last-Touch
10033,37529,459,Last-Touch
10034,37530,333,Last-Touch
10035,37533,413,Last-Touch
10036,37534,178,Last-Touch
10037,37548,141,Last-Touch
10038,37552,234,Last-Touch
10039,37554,373,Last-Touch
10040,37557,1,Last-Touch
10041,37561,106,Last-Touch
10042,37564,487,Last-Touch
10043,37566,467,Last-Touch
10044,37569,453,Last-Touch
10045,37578,329,Last-Touch
10046,37580,36,Last-Touch
10047,37589,344,Last-Touch
10048,37595,364,Last-Touch
10049,37600,353,Last-Touch
10050,37601,203,Last-Touch
10051,37602,272,Last-Touch
10052,37603,157,Last-Touch
10053,37604,284,Last-Touch
10054,37606,150,Last-Touch
10055,37610,403,Last-Touch
10056,37615,483,Last-Touch
10057,37616,9,Last-Touch
10058,37621,307,Last-Touch
10059,37626,399,Last-Touch
10060,37628,49,Last-Touch
10061,37630,50,Last-Touch
10062,37631,424,Last-Touch
10063,37635,426,Last-Touch
10064,37636,360,Last-Touch
10065,37637,95,Last-Touch
10066,37638,361,Last-Touch
10067,37649,399,Last-Touch
10068,37651,70,Last-Touch
10069,37653,181,Last-Touch
10070,37655,382,Last-Touch
10071,37663,464,Last-Touch
10072,37664,56,Last-Touch
10073,37671,389,Last-Touch
10074,37674,102,Last-Touch
10075,37675,221,Last-Touch
10076,37676,476,Last-Touch
10077,37681,186,Last-Touch
10078,37686,321,Last-Touch
10079,37687,157,Last-Touch
10080,37696,298,Last-Touch
10081,37697,483,Last-Touch
10082,37699,113,Last-Touch
10083,37703,28,Last-Touch
10084,37706,333,Last-Touch
10085,37710,114,Last-Touch
10086,37711,348,Last-Touch
10087,37713,248,Last-Touch
10088,37715,396,Last-Touch
10089,37717,306,Last-Touch
10090,37721,162,Last-Touch
10091,37725,379,Last-Touch
10092,37727,237,Last-Touch
10093,37734,492,Last-Touch
10094,37736,420,Last-Touch
10095,37740,488,Last-Touch
10096,37743,13,Last-Touch
10097,37749,150,Last-Touch
10098,37751,190,Last-Touch
10099,37757,360,Last-Touch
10100,37760,190,Last-Touch
10101,37761,86,Last-Touch
10102,37762,315,Last-Touch
10103,37764,189,Last-Touch
10104,37766,394,Last-Touch
10105,37771,399,Last-Touch
10106,37773,353,Last-Touch
10107,37782,189,Last-Touch
10108,37783,162,Last-Touch
10109,37785,485,Last-Touch
10110,37790,416,Last-Touch
10111,37791,454,Last-Touch
10112,37792,75,Last-Touch
10113,37800,321,Last-Touch
10114,37801,30,Last-Touch
10115,37802,487,Last-Touch
10116,37804,442,Last-Touch
10117,37809,495,Last-Touch
10118,37811,163,Last-Touch
10119,37814,290,Last-Touch
10120,37817,19,Last-Touch
10121,37818,70,Last-Touch
10122,37819,20,Last-Touch
10123,37821,325,Last-Touch
10124,37822,494,Last-Touch
10125,37825,349,Last-Touch
10126,37827,372,Last-Touch
10127,37830,237,Last-Touch
10128,37836,209,Last-Touch
10129,37838,235,Last-Touch
10130,37840,72,Last-Touch
10131,37841,316,Last-Touch
10132,37843,163,Last-Touch
10133,37854,117,Last-Touch
10134,37860,470,Last-Touch
10135,37863,275,Last-Touch
10136,37869,401,Last-Touch
10137,37871,208,Last-Touch
10138,37873,286,Last-Touch
10139,37879,350,Last-Touch
10140,37890,25,Last-Touch
10141,37891,360,Last-Touch
10142,37902,483,Last-Touch
10143,37903,363,Last-Touch
10144,37906,232,Last-Touch
10145,37909,30,Last-Touch
10146,37912,192,Last-Touch
10147,37921,56,Last-Touch
10148,37929,107,Last-Touch
10149,37939,373,Last-Touch
10150,37940,56,Last-Touch
10151,37942,133,Last-Touch
10152,37948,381,Last-Touch
10153,37952,245,Last-Touch
10154,37955,492,Last-Touch
10155,37960,78,Last-Touch
10156,37965,238,Last-Touch
10157,37969,277,Last-Touch
10158,37971,247,Last-Touch
10159,37974,33,Last-Touch
10160,37980,362,Last-Touch
10161,37983,359,Last-Touch
10162,37985,442,Last-Touch
10163,37988,489,Last-Touch
10164,37990,181,Last-Touch
10165,37995,14,Last-Touch
10166,38002,35,Last-Touch
10167,38015,478,Last-Touch
10168,38018,294,Last-Touch
10169,38037,416,Last-Touch
10170,38042,177,Last-Touch
10171,38055,353,Last-Touch
10172,38057,333,Last-Touch
10173,38061,7,Last-Touch
10174,38067,356,Last-Touch
10175,38075,19,Last-Touch
10176,38078,318,Last-Touch
10177,38082,114,Last-Touch
10178,38086,207,Last-Touch
10179,38087,439,Last-Touch
10180,38088,364,Last-Touch
10181,38089,172,Last-Touch
10182,38095,413,Last-Touch
10183,38101,242,Last-Touch
10184,38108,37,Last-Touch
10185,38109,492,Last-Touch
10186,38117,392,Last-Touch
10187,38121,78,Last-Touch
10188,38124,13,Last-Touch
10189,38125,19,Last-Touch
10190,38126,188,Last-Touch
10191,38129,85,Last-Touch
10192,38130,262,Last-Touch
10193,38134,89,Last-Touch
10194,38136,391,Last-Touch
10195,38137,196,Last-Touch
10196,38138,478,Last-Touch
10197,38141,10,Last-Touch
10198,38144,149,Last-Touch
10199,38146,50,Last-Touch
10200,38147,124,Last-Touch
10201,38148,396,Last-Touch
10202,38150,416,Last-Touch
10203,38155,104,Last-Touch
10204,38161,402,Last-Touch
10205,38174,286,Last-Touch
10206,38180,392,Last-Touch
10207,38184,147,Last-Touch
10208,38186,203,Last-Touch
10209,38188,134,Last-Touch
10210,38191,306,Last-Touch
10211,38194,235,Last-Touch
10212,38196,371,Last-Touch
10213,38197,360,Last-Touch
10214,38199,3,Last-Touch
10215,38202,482,Last-Touch
10216,38203,8,Last-Touch
10217,38205,488,Last-Touch
10218,38206,374,Last-Touch
10219,38210,179,Last-Touch
10220,38221,306,Last-Touch
10221,38226,37,Last-Touch
10222,38231,362,Last-Touch
10223,38232,27,Last-Touch
10224,38236,15,Last-Touch
10225,38242,211,Last-Touch
10226,38248,352,Last-Touch
10227,38250,193,Last-Touch
10228,38253,383,Last-Touch
10229,38264,118,Last-Touch
10230,38271,128,Last-Touch
10231,38277,285,Last-Touch
10232,38280,384,Last-Touch
10233,38289,449,Last-Touch
10234,38298,254,Last-Touch
10235,38300,386,Last-Touch
10236,38301,186,Last-Touch
10237,38302,448,Last-Touch
10238,38308,428,Last-Touch
10239,38310,237,Last-Touch
10240,38316,13,Last-Touch
10241,38319,353,Last-Touch
10242,38327,161,Last-Touch
10243,38333,78,Last-Touch
10244,38336,162,Last-Touch
10245,38340,126,Last-Touch
10246,38343,399,Last-Touch
10247,38350,356,Last-Touch
10248,38358,349,Last-Touch
10249,38359,310,Last-Touch
10250,38360,240,Last-Touch
10251,38362,9,Last-Touch
10252,38365,79,Last-Touch
10253,38366,122,Last-Touch
10254,38379,38,Last-Touch
10255,38384,414,Last-Touch
10256,38387,247,Last-Touch
10257,38390,5,Last-Touch
10258,38391,462,Last-Touch
10259,38392,126,Last-Touch
10260,38399,386,Last-Touch
10261,38405,350,Last-Touch
10262,38415,382,Last-Touch
10263,38418,479,Last-Touch
10264,38419,301,Last-Touch
10265,38420,56,Last-Touch
10266,38421,80,Last-Touch
10267,38425,31,Last-Touch
10268,38432,35,Last-Touch
10269,38435,229,Last-Touch
10270,38442,125,Last-Touch
10271,38444,96,Last-Touch
10272,38449,441,Last-Touch
10273,38453,119,Last-Touch
10274,38454,78,Last-Touch
10275,38460,297,Last-Touch
10276,38464,318,Last-Touch
10277,38474,72,Last-Touch
10278,38477,442,Last-Touch
10279,38481,136,Last-Touch
10280,38482,274,Last-Touch
10281,38488,447,Last-Touch
10282,38489,75,Last-Touch
10283,38491,445,Last-Touch
10284,38493,58,Last-Touch
10285,38496,395,Last-Touch
10286,38505,389,Last-Touch
10287,38507,121,Last-Touch
10288,38516,108,Last-Touch
10289,38517,91,Last-Touch
10290,38519,112,Last-Touch
10291,38521,499,Last-Touch
10292,38524,263,Last-Touch
10293,38527,38,Last-Touch
10294,38528,295,Last-Touch
10295,38532,470,Last-Touch
10296,38536,202,Last-Touch
10297,38537,106,Last-Touch
10298,38538,233,Last-Touch
10299,38539,485,Last-Touch
10300,38544,299,Last-Touch
10301,38546,497,Last-Touch
10302,38548,119,Last-Touch
10303,38549,122,Last-Touch
10304,38550,169,Last-Touch
10305,38551,124,Last-Touch
10306,38554,20,Last-Touch
10307,38555,348,Last-Touch
10308,38556,336,Last-Touch
10309,38558,8,Last-Touch
10310,38561,127,Last-Touch
10311,38562,11,Last-Touch
10312,38563,493,Last-Touch
10313,38564,14,Last-Touch
10314,38571,467,Last-Touch
10315,38574,380,Last-Touch
10316,38582,193,Last-Touch
10317,38583,27,Last-Touch
10318,38590,295,Last-Touch
10319,38592,415,Last-Touch
10320,38594,189,Last-Touch
10321,38596,198,Last-Touch
10322,38604,129,Last-Touch
10323,38605,159,Last-Touch
10324,38607,391,Last-Touch
10325,38608,321,Last-Touch
10326,38614,197,Last-Touch
10327,38623,479,Last-Touch
10328,38625,486,Last-Touch
10329,38628,213,Last-Touch
10330,38630,224,Last-Touch
10331,38631,450,Last-Touch
10332,38632,333,Last-Touch
10333,38634,435,Last-Touch
10334,38638,19,Last-Touch
10335,38639,63,Last-Touch
10336,38649,248,Last-Touch
10337,38663,219,Last-Touch
10338,38665,232,Last-Touch
10339,38667,75,Last-Touch
10340,38679,153,Last-Touch
10341,38681,247,Last-Touch
10342,38684,492,Last-Touch
10343,38685,352,Last-Touch
10344,38686,311,Last-Touch
10345,38689,458,Last-Touch
10346,38695,131,Last-Touch
10347,38702,177,Last-Touch
10348,38707,312,Last-Touch
10349,38710,30,Last-Touch
10350,38717,359,Last-Touch
10351,38724,491,Last-Touch
10352,38730,297,Last-Touch
10353,38734,344,Last-Touch
10354,38736,286,Last-Touch
10355,38742,134,Last-Touch
10356,38743,173,Last-Touch
10357,38746,141,Last-Touch
10358,38748,307,Last-Touch
10359,38750,313,Last-Touch
10360,38751,272,Last-Touch
10361,38752,350,Last-Touch
10362,38755,359,Last-Touch
10363,38758,164,Last-Touch
10364,38760,35,Last-Touch
10365,38769,278,Last-Touch
10366,38770,113,Last-Touch
10367,38771,150,Last-Touch
10368,38772,364,Last-Touch
10369,38785,193,Last-Touch
10370,38786,306,Last-Touch
10371,38793,261,Last-Touch
10372,38795,194,Last-Touch
10373,38801,306,Last-Touch
10374,38802,10,Last-Touch
10375,38809,378,Last-Touch
10376,38810,195,Last-Touch
10377,38818,460,Last-Touch
10378,38821,141,Last-Touch
10379,38823,278,Last-Touch
10380,38826,380,Last-Touch
10381,38835,87,Last-Touch
10382,38840,217,Last-Touch
10383,38842,248,Last-Touch
10384,38845,93,Last-Touch
10385,38848,114,Last-Touch
10386,38849,310,Last-Touch
10387,38852,487,Last-Touch
10388,38854,487,Last-Touch
10389,38860,197,Last-Touch
10390,38865,320,Last-Touch
10391,38869,141,Last-Touch
10392,38871,383,Last-Touch
10393,38877,201,Last-Touch
10394,38880,353,Last-Touch
10395,38889,395,Last-Touch
10396,38892,249,Last-Touch
10397,38893,173,Last-Touch
10398,38894,40,Last-Touch
10399,38895,223,Last-Touch
10400,38896,462,Last-Touch
10401,38904,275,Last-Touch
10402,38905,374,Last-Touch
10403,38908,472,Last-Touch
10404,38909,144,Last-Touch
10405,38912,150,Last-Touch
10406,38914,417,Last-Touch
10407,38915,454,Last-Touch
10408,38919,452,Last-Touch
10409,38922,119,Last-Touch
10410,38924,362,Last-Touch
10411,38928,85,Last-Touch
10412,38932,494,Last-Touch
10413,38936,284,Last-Touch
10414,38938,329,Last-Touch
10415,38939,121,Last-Touch
10416,38942,93,Last-Touch
10417,38950,482,Last-Touch
10418,38953,482,Last-Touch
10419,38959,440,Last-Touch
10420,38963,10,Last-Touch
10421,38966,272,Last-Touch
10422,38968,48,Last-Touch
10423,38969,163,Last-Touch
10424,38975,248,Last-Touch
10425,38976,338,Last-Touch
10426,38979,278,Last-Touch
10427,38981,482,Last-Touch
10428,38982,389,Last-Touch
10429,38984,233,Last-Touch
10430,38990,112,Last-Touch
10431,38995,231,Last-Touch
10432,38999,144,Last-Touch
10433,39000,320,Last-Touch
10434,39005,117,Last-Touch
10435,39015,346,Last-Touch
10436,39016,153,Last-Touch
10437,39017,70,Last-Touch
10438,39019,357,Last-Touch
10439,39023,77,Last-Touch
10440,39027,204,Last-Touch
10441,39030,145,Last-Touch
10442,39031,17,Last-Touch
10443,39034,119,Last-Touch
10444,39036,133,Last-Touch
10445,39039,45,Last-Touch
10446,39047,316,Last-Touch
10447,39049,19,Last-Touch
10448,39054,78,Last-Touch
10449,39056,364,Last-Touch
10450,39060,53,Last-Touch
10451,39062,352,Last-Touch
10452,39068,240,Last-Touch
10453,39072,466,Last-Touch
10454,39073,13,Last-Touch
10455,39075,66,Last-Touch
10456,39076,201,Last-Touch
10457,39078,101,Last-Touch
10458,39079,359,Last-Touch
10459,39081,338,Last-Touch
10460,39082,10,Last-Touch
10461,39087,223,Last-Touch
10462,39088,84,Last-Touch
10463,39094,310,Last-Touch
10464,39104,311,Last-Touch
10465,39108,386,Last-Touch
10466,39109,264,Last-Touch
10467,39113,128,Last-Touch
10468,39115,43,Last-Touch
10469,39120,391,Last-Touch
10470,39127,413,Last-Touch
10471,39128,376,Last-Touch
10472,39132,231,Last-Touch
10473,39134,281,Last-Touch
10474,39136,403,Last-Touch
10475,39142,362,Last-Touch
10476,39148,488,Last-Touch
10477,39149,300,Last-Touch
10478,39152,333,Last-Touch
10479,39153,446,Last-Touch
10480,39156,485,Last-Touch
10481,39157,467,Last-Touch
10482,39169,104,Last-Touch
10483,39173,197,Last-Touch
10484,39174,402,Last-Touch
10485,39177,383,Last-Touch
10486,39178,286,Last-Touch
10487,39182,71,Last-Touch
10488,39183,181,Last-Touch
10489,39190,239,Last-Touch
10490,39191,274,Last-Touch
10491,39192,203,Last-Touch
10492,39194,93,Last-Touch
10493,39199,292,Last-Touch
10494,39204,38,Last-Touch
10495,39205,478,Last-Touch
10496,39211,486,Last-Touch
10497,39212,364,Last-Touch
10498,39216,352,Last-Touch
10499,39217,471,Last-Touch
10500,39224,434,Last-Touch
10501,39225,142,Last-Touch
10502,39228,489,Last-Touch
10503,39232,334,Last-Touch
10504,39235,130,Last-Touch
10505,39238,222,Last-Touch
10506,39239,449,Last-Touch
10507,39246,129,Last-Touch
10508,39248,487,Last-Touch
10509,39254,466,Last-Touch
10510,39257,454,Last-Touch
10511,39258,262,Last-Touch
10512,39266,174,Last-Touch
10513,39270,460,Last-Touch
10514,39272,348,Last-Touch
10515,39275,395,Last-Touch
10516,39277,46,Last-Touch
10517,39279,399,Last-Touch
10518,39280,395,Last-Touch
10519,39281,3,Last-Touch
10520,39284,106,Last-Touch
10521,39285,138,Last-Touch
10522,39295,30,Last-Touch
10523,39298,75,Last-Touch
10524,39302,218,Last-Touch
10525,39304,455,Last-Touch
10526,39305,470,Last-Touch
10527,39307,275,Last-Touch
10528,39310,310,Last-Touch
10529,39313,312,Last-Touch
10530,39317,6,Last-Touch
10531,39321,386,Last-Touch
10532,39324,326,Last-Touch
10533,39330,51,Last-Touch
10534,39333,9,Last-Touch
10535,39341,193,Last-Touch
10536,39344,244,Last-Touch
10537,39347,254,Last-Touch
10538,39366,46,Last-Touch
10539,39369,114,Last-Touch
10540,39370,227,Last-Touch
10541,39375,376,Last-Touch
10542,39376,50,Last-Touch
10543,39383,323,Last-Touch
10544,39388,461,Last-Touch
10545,39393,84,Last-Touch
10546,39397,113,Last-Touch
10547,39398,93,Last-Touch
10548,39402,203,Last-Touch
10549,39409,52,Last-Touch
10550,39410,284,Last-Touch
10551,39413,302,Last-Touch
10552,39415,340,Last-Touch
10553,39416,419,Last-Touch
10554,39418,119,Last-Touch
10555,39423,272,Last-Touch
10556,39426,289,Last-Touch
10557,39427,427,Last-Touch
10558,39432,482,Last-Touch
10559,39433,264,Last-Touch
10560,39437,157,Last-Touch
10561,39439,133,Last-Touch
10562,39441,5,Last-Touch
10563,39442,490,Last-Touch
10564,39443,309,Last-Touch
10565,39451,44,Last-Touch
10566,39452,466,Last-Touch
10567,39454,262,Last-Touch
10568,39457,21,Last-Touch
10569,39460,322,Last-Touch
10570,39471,101,Last-Touch
10571,39472,439,Last-Touch
10572,39473,147,Last-Touch
10573,39476,215,Last-Touch
10574,39480,15,Last-Touch
10575,39486,157,Last-Touch
10576,39489,104,Last-Touch
10577,39492,186,Last-Touch
10578,39499,313,Last-Touch
10579,39507,281,Last-Touch
10580,39509,231,Last-Touch
10581,39513,451,Last-Touch
10582,39514,172,Last-Touch
10583,39515,411,Last-Touch
10584,39517,155,Last-Touch
10585,39520,219,Last-Touch
10586,39521,119,Last-Touch
10587,39522,38,Last-Touch
10588,39525,399,Last-Touch
10589,39526,137,Last-Touch
10590,39529,358,Last-Touch
10591,39530,378,Last-Touch
10592,39537,87,Last-Touch
10593,39543,272,Last-Touch
10594,39546,187,Last-Touch
10595,39561,79,Last-Touch
10596,39562,232,Last-Touch
10597,39565,46,Last-Touch
10598,39568,189,Last-Touch
10599,39572,149,Last-Touch
10600,39576,263,Last-Touch
10601,39581,384,Last-Touch
10602,39582,126,Last-Touch
10603,39589,455,Last-Touch
10604,39591,86,Last-Touch
10605,39594,289,Last-Touch
10606,39602,364,Last-Touch
10607,39603,159,Last-Touch
10608,39605,380,Last-Touch
10609,39606,363,Last-Touch
10610,39610,8,Last-Touch
10611,39613,157,Last-Touch
10612,39614,482,Last-Touch
10613,39627,117,Last-Touch
10614,39630,320,Last-Touch
10615,39634,241,Last-Touch
10616,39638,27,Last-Touch
10617,39643,183,Last-Touch
10618,39651,477,Last-Touch
10619,39653,329,Last-Touch
10620,39654,487,Last-Touch
10621,39657,431,Last-Touch
10622,39663,35,Last-Touch
10623,39664,373,Last-Touch
10624,39667,398,Last-Touch
10625,39668,211,Last-Touch
10626,39680,51,Last-Touch
10627,39682,96,Last-Touch
10628,39683,139,Last-Touch
10629,39684,78,Last-Touch
10630,39686,217,Last-Touch
10631,39688,392,Last-Touch
10632,39696,431,Last-Touch
10633,39703,348,Last-Touch
10634,39707,127,Last-Touch
10635,39708,418,Last-Touch
10636,39712,40,Last-Touch
10637,39714,483,Last-Touch
10638,39715,289,Last-Touch
10639,39716,428,Last-Touch
10640,39719,496,Last-Touch
10641,39724,354,Last-Touch
10642,39725,165,Last-Touch
10643,39728,413,Last-Touch
10644,39733,414,Last-Touch
10645,39742,326,Last-Touch
10646,39754,13,Last-Touch
10647,39756,174,Last-Touch
10648,39760,373,Last-Touch
10649,39762,126,Last-Touch
10650,39763,289,Last-Touch
10651,39766,126,Last-Touch
10652,39770,382,Last-Touch
10653,39774,186,Last-Touch
10654,39776,263,Last-Touch
10655,39783,453,Last-Touch
10656,39784,78,Last-Touch
10657,39788,406,Last-Touch
10658,39794,465,Last-Touch
10659,39796,70,Last-Touch
10660,39799,74,Last-Touch
10661,39802,321,Last-Touch
10662,39817,310,Last-Touch
10663,39822,279,Last-Touch
10664,39827,92,Last-Touch
10665,39830,313,Last-Touch
10666,39839,366,Last-Touch
10667,39846,265,Last-Touch
10668,39848,482,Last-Touch
10669,39852,191,Last-Touch
10670,39862,338,Last-Touch
10671,39871,485,Last-Touch
10672,39872,162,Last-Touch
10673,39874,389,Last-Touch
10674,39877,71,Last-Touch
10675,39880,389,Last-Touch
10676,39882,219,Last-Touch
10677,39886,140,Last-Touch
10678,39891,169,Last-Touch
10679,39894,443,Last-Touch
10680,39896,389,Last-Touch
10681,39899,386,Last-Touch
10682,39903,18,Last-Touch
10683,39904,333,Last-Touch
10684,39905,356,Last-Touch
10685,39907,364,Last-Touch
10686,39908,57,Last-Touch
10687,39912,284,Last-Touch
10688,39914,401,Last-Touch
10689,39918,325,Last-Touch
10690,39921,66,Last-Touch
10691,39925,395,Last-Touch
10692,39930,295,Last-Touch
10693,39933,75,Last-Touch
10694,39938,497,Last-Touch
10695,39942,182,Last-Touch
10696,39949,13,Last-Touch
10697,39952,464,Last-Touch
10698,39956,130,Last-Touch
10699,39958,40,Last-Touch
10700,39968,343,Last-Touch
10701,39973,108,Last-Touch
10702,39974,251,Last-Touch
10703,39981,367,Last-Touch
10704,39984,286,Last-Touch
10705,39988,167,Last-Touch
10706,39989,449,Last-Touch
10707,39991,267,Last-Touch
10708,39994,140,Last-Touch
10709,39995,75,Last-Touch
10710,39998,389,Last-Touch
10711,40004,244,Last-Touch
10712,40010,235,Last-Touch
10713,40013,19,Last-Touch
10714,40018,106,Last-Touch
10715,40022,344,Last-Touch
10716,40024,389,Last-Touch
10717,40027,238,Last-Touch
10718,40028,353,Last-Touch
10719,40035,177,Last-Touch
10720,40037,24,Last-Touch
10721,40042,122,Last-Touch
10722,40043,232,Last-Touch
10723,40045,185,Last-Touch
10724,40047,305,Last-Touch
10725,40049,291,Last-Touch
10726,40054,284,Last-Touch
10727,40055,227,Last-Touch
10728,40057,281,Last-Touch
10729,40063,431,Last-Touch
10730,40064,124,Last-Touch
10731,40068,496,Last-Touch
10732,40069,334,Last-Touch
10733,40070,479,Last-Touch
10734,40075,448,Last-Touch
10735,40081,49,Last-Touch
10736,40084,464,Last-Touch
10737,40086,244,Last-Touch
10738,40087,289,Last-Touch
10739,40103,50,Last-Touch
10740,40105,372,Last-Touch
10741,40109,492,Last-Touch
10742,40112,299,Last-Touch
10743,40116,378,Last-Touch
10744,40117,179,Last-Touch
10745,40119,53,Last-Touch
10746,40122,144,Last-Touch
10747,40128,275,Last-Touch
10748,40130,311,Last-Touch
10749,40133,78,Last-Touch
10750,40137,178,Last-Touch
10751,40138,73,Last-Touch
10752,40139,48,Last-Touch
10753,40141,51,Last-Touch
10754,40142,63,Last-Touch
10755,40143,380,Last-Touch
10756,40148,174,Last-Touch
10757,40154,299,Last-Touch
10758,40158,284,Last-Touch
10759,40168,372,Last-Touch
10760,40170,413,Last-Touch
10761,40171,265,Last-Touch
10762,40183,227,Last-Touch
10763,40184,117,Last-Touch
10764,40185,410,Last-Touch
10765,40186,479,Last-Touch
10766,40193,342,Last-Touch
10767,40199,391,Last-Touch
10768,40200,174,Last-Touch
10769,40202,229,Last-Touch
10770,40208,442,Last-Touch
10771,40210,372,Last-Touch
10772,40214,60,Last-Touch
10773,40218,418,Last-Touch
10774,40222,446,Last-Touch
10775,40229,397,Last-Touch
10776,40231,363,Last-Touch
10777,40233,360,Last-Touch
10778,40236,130,Last-Touch
10779,40238,164,Last-Touch
10780,40246,155,Last-Touch
10781,40248,262,Last-Touch
10782,40250,276,Last-Touch
10783,40252,195,Last-Touch
10784,40254,313,Last-Touch
10785,40255,458,Last-Touch
10786,40259,85,Last-Touch
10787,40261,10,Last-Touch
10788,40262,50,Last-Touch
10789,40264,63,Last-Touch
10790,40268,402,Last-Touch
10791,40271,311,Last-Touch
10792,40273,150,Last-Touch
10793,40274,176,Last-Touch
10794,40275,219,Last-Touch
10795,40277,174,Last-Touch
10796,40282,429,Last-Touch
10797,40284,43,Last-Touch
10798,40285,292,Last-Touch
10799,40286,202,Last-Touch
10800,40289,120,Last-Touch
10801,40290,5,Last-Touch
10802,40291,478,Last-Touch
10803,40298,348,Last-Touch
10804,40305,294,Last-Touch
10805,40309,413,Last-Touch
10806,40320,263,Last-Touch
10807,40322,372,Last-Touch
10808,40328,48,Last-Touch
10809,40335,286,Last-Touch
10810,40336,50,Last-Touch
10811,40337,38,Last-Touch
10812,40341,286,Last-Touch
10813,40342,435,Last-Touch
10814,40344,485,Last-Touch
10815,40348,38,Last-Touch
10816,40357,252,Last-Touch
10817,40362,52,Last-Touch
10818,40363,429,Last-Touch
10819,40365,323,Last-Touch
10820,40367,30,Last-Touch
10821,40372,19,Last-Touch
10822,40376,380,Last-Touch
10823,40380,195,Last-Touch
10824,40382,188,Last-Touch
10825,40398,38,Last-Touch
10826,40401,432,Last-Touch
10827,40402,171,Last-Touch
10828,40403,433,Last-Touch
10829,40404,500,Last-Touch
10830,40410,395,Last-Touch
10831,40412,175,Last-Touch
10832,40414,371,Last-Touch
10833,40416,482,Last-Touch
10834,40422,459,Last-Touch
10835,40427,459,Last-Touch
10836,40430,15,Last-Touch
10837,40432,380,Last-Touch
10838,40438,373,Last-Touch
10839,40442,382,Last-Touch
10840,40446,482,Last-Touch
10841,40452,38,Last-Touch
10842,40453,126,Last-Touch
10843,40454,8,Last-Touch
10844,40458,383,Last-Touch
10845,40461,50,Last-Touch
10846,40464,142,Last-Touch
10847,40468,356,Last-Touch
10848,40473,270,Last-Touch
10849,40474,50,Last-Touch
10850,40475,5,Last-Touch
10851,40476,55,Last-Touch
10852,40479,117,Last-Touch
10853,40483,226,Last-Touch
10854,40487,171,Last-Touch
10855,40496,493,Last-Touch
10856,40497,381,Last-Touch
10857,40498,429,Last-Touch
10858,40501,334,Last-Touch
10859,40502,27,Last-Touch
10860,40506,289,Last-Touch
10861,40507,42,Last-Touch
10862,40508,227,Last-Touch
10863,40509,352,Last-Touch
10864,40510,207,Last-Touch
10865,40521,272,Last-Touch
10866,40529,122,Last-Touch
10867,40530,216,Last-Touch
10868,40531,19,Last-Touch
10869,40539,360,Last-Touch
10870,40549,46,Last-Touch
10871,40551,391,Last-Touch
10872,40559,353,Last-Touch
10873,40564,75,Last-Touch
10874,40565,425,Last-Touch
10875,40578,433,Last-Touch
10876,40579,157,Last-Touch
10877,40584,43,Last-Touch
10878,40585,381,Last-Touch
10879,40586,49,Last-Touch
10880,40587,445,Last-Touch
10881,40588,89,Last-Touch
10882,40591,122,Last-Touch
10883,40595,455,Last-Touch
10884,40600,100,Last-Touch
10885,40607,389,Last-Touch
10886,40608,67,Last-Touch
10887,40610,201,Last-Touch
10888,40612,338,Last-Touch
10889,40622,364,Last-Touch
10890,40624,395,Last-Touch
10891,40625,218,Last-Touch
10892,40629,281,Last-Touch
10893,40630,272,Last-Touch
10894,40631,431,Last-Touch
10895,40634,36,Last-Touch
10896,40644,311,Last-Touch
10897,40646,24,Last-Touch
10898,40648,428,Last-Touch
10899,40650,384,Last-Touch
10900,40660,362,Last-Touch
10901,40662,413,Last-Touch
10902,40670,89,Last-Touch
10903,40672,245,Last-Touch
10904,40674,5,Last-Touch
10905,40678,410,Last-Touch
10906,40679,17,Last-Touch
10907,40681,72,Last-Touch
10908,40683,93,Last-Touch
10909,40693,229,Last-Touch
10910,40694,168,Last-Touch
10911,40695,208,Last-Touch
10912,40696,383,Last-Touch
10913,40703,65,Last-Touch
10914,40709,467,Last-Touch
10915,40714,3,Last-Touch
10916,40716,450,Last-Touch
10917,40720,298,Last-Touch
10918,40723,49,Last-Touch
10919,40730,265,Last-Touch
10920,40731,489,Last-Touch
10921,40734,348,Last-Touch
10922,40735,49,Last-Touch
10923,40736,489,Last-Touch
10924,40747,51,Last-Touch
10925,40749,334,Last-Touch
10926,40750,444,Last-Touch
10927,40755,456,Last-Touch
10928,40757,337,Last-Touch
10929,40758,69,Last-Touch
10930,40759,359,Last-Touch
10931,40760,228,Last-Touch
10932,40761,150,Last-Touch
10933,40762,352,Last-Touch
10934,40763,196,Last-Touch
10935,40765,260,Last-Touch
10936,40780,491,Last-Touch
10937,40789,51,Last-Touch
10938,40795,343,Last-Touch
10939,40796,61,Last-Touch
10940,40799,435,Last-Touch
10941,40805,84,Last-Touch
10942,40809,450,Last-Touch
10943,40814,171,Last-Touch
10944,40818,38,Last-Touch
10945,40823,280,Last-Touch
10946,40824,186,Last-Touch
10947,40825,148,Last-Touch
10948,40830,340,Last-Touch
10949,40836,237,Last-Touch
10950,40841,6,Last-Touch
10951,40848,366,Last-Touch
10952,40854,231,Last-Touch
10953,40855,30,Last-Touch
10954,40858,496,Last-Touch
10955,40860,50,Last-Touch
10956,40861,229,Last-Touch
10957,40870,58,Last-Touch
10958,40877,252,Last-Touch
10959,40879,75,Last-Touch
10960,40880,120,Last-Touch
10961,40885,48,Last-Touch
10962,40886,310,Last-Touch
10963,40890,363,Last-Touch
10964,40891,380,Last-Touch
10965,40894,238,Last-Touch
10966,40899,488,Last-Touch
10967,40900,292,Last-Touch
10968,40906,345,Last-Touch
10969,40910,352,Last-Touch
10970,40911,470,Last-Touch
10971,40913,485,Last-Touch
10972,40919,494,Last-Touch
10973,40922,334,Last-Touch
10974,40924,306,Last-Touch
10975,40925,174,Last-Touch
10976,40930,32,Last-Touch
10977,40933,38,Last-Touch
10978,40940,485,Last-Touch
10979,40944,120,Last-Touch
10980,40947,250,Last-Touch
10981,40948,239,Last-Touch
10982,40949,1,Last-Touch
10983,40952,272,Last-Touch
10984,40954,409,Last-Touch
10985,40955,362,Last-Touch
10986,40971,87,Last-Touch
10987,40974,50,Last-Touch
10988,40975,336,Last-Touch
10989,40977,491,Last-Touch
10990,40981,214,Last-Touch
10991,40982,212,Last-Touch
10992,40987,47,Last-Touch
10993,40991,46,Last-Touch
10994,40994,156,Last-Touch
10995,40997,94,Last-Touch
10996,40999,410,Last-Touch
10997,41001,249,Last-Touch
10998,41008,352,Last-Touch
10999,41011,93,Last-Touch
11000,41018,410,Last-Touch
11001,41022,337,Last-Touch
11002,41024,310,Last-Touch
11003,41025,312,Last-Touch
11004,41026,399,Last-Touch
11005,41029,155,Last-Touch
11006,41037,232,Last-Touch
11007,41038,229,Last-Touch
11008,41043,435,Last-Touch
11009,41045,334,Last-Touch
11010,41046,448,Last-Touch
11011,41051,332,Last-Touch
11012,41066,491,Last-Touch
11013,41067,53,Last-Touch
11014,41069,316,Last-Touch
11015,41072,201,Last-Touch
11016,41079,386,Last-Touch
11017,41081,329,Last-Touch
11018,41085,49,Last-Touch
11019,41087,338,Last-Touch
11020,41089,482,Last-Touch
11021,41094,223,Last-Touch
11022,41097,469,Last-Touch
11023,41098,467,Last-Touch
11024,41101,114,Last-Touch
11025,41111,38,Last-Touch
11026,41116,323,Last-Touch
11027,41122,353,Last-Touch
11028,41123,373,Last-Touch
11029,41127,373,Last-Touch
11030,41128,38,Last-Touch
11031,41131,338,Last-Touch
11032,41135,208,Last-Touch
11033,41138,413,Last-Touch
11034,41139,315,Last-Touch
11035,41143,92,Last-Touch
11036,41148,490,Last-Touch
11037,41150,180,Last-Touch
11038,41155,292,Last-Touch
11039,41163,121,Last-Touch
11040,41166,50,Last-Touch
11041,41179,263,Last-Touch
11042,41182,496,Last-Touch
11043,41192,21,Last-Touch
11044,41195,278,Last-Touch
11045,41201,458,Last-Touch
11046,41216,72,Last-Touch
11047,41220,403,Last-Touch
11048,41224,416,Last-Touch
11049,41225,85,Last-Touch
11050,41234,181,Last-Touch
11051,41240,435,Last-Touch
11052,41242,419,Last-Touch
11053,41246,265,Last-Touch
11054,41247,279,Last-Touch
11055,41255,201,Last-Touch
11056,41260,432,Last-Touch
11057,41261,239,Last-Touch
11058,41269,410,Last-Touch
11059,41272,91,Last-Touch
11060,41281,64,Last-Touch
11061,41283,162,Last-Touch
11062,41284,282,Last-Touch
11063,41287,352,Last-Touch
11064,41288,487,Last-Touch
11065,41289,418,Last-Touch
11066,41298,309,Last-Touch
11067,41302,118,Last-Touch
11068,41319,458,Last-Touch
11069,41324,101,Last-Touch
11070,41329,19,Last-Touch
11071,41331,191,Last-Touch
11072,41333,366,Last-Touch
11073,41339,268,Last-Touch
11074,41342,373,Last-Touch
11075,41348,223,Last-Touch
11076,41351,333,Last-Touch
11077,41356,15,Last-Touch
11078,41363,418,Last-Touch
11079,41367,86,Last-Touch
11080,41370,157,Last-Touch
11081,41373,461,Last-Touch
11082,41374,52,Last-Touch
11083,41378,468,Last-Touch
11084,41379,24,Last-Touch
11085,41380,272,Last-Touch
11086,41385,384,Last-Touch
11087,41387,105,Last-Touch
11088,41390,200,Last-Touch
11089,41392,229,Last-Touch
11090,41397,12,Last-Touch
11091,41403,447,Last-Touch
11092,41408,482,Last-Touch
11093,41410,31,Last-Touch
11094,41412,38,Last-Touch
11095,41416,429,Last-Touch
11096,41417,251,Last-Touch
11097,41423,177,Last-Touch
11098,41424,312,Last-Touch
11099,41429,281,Last-Touch
11100,41432,117,Last-Touch
11101,41433,343,Last-Touch
11102,41439,406,Last-Touch
11103,41445,335,Last-Touch
11104,41448,459,Last-Touch
11105,41452,43,Last-Touch
11106,41459,433,Last-Touch
11107,41460,450,Last-Touch
11108,41464,10,Last-Touch
11109,41468,122,Last-Touch
11110,41480,70,Last-Touch
11111,41483,497,Last-Touch
11112,41484,144,Last-Touch
11113,41486,183,Last-Touch
11114,41487,492,Last-Touch
11115,41488,27,Last-Touch
11116,41490,344,Last-Touch
11117,41495,55,Last-Touch
11118,41497,499,Last-Touch
11119,41499,231,Last-Touch
11120,41504,50,Last-Touch
11121,41512,333,Last-Touch
11122,41516,440,Last-Touch
11123,41523,17,Last-Touch
11124,41527,154,Last-Touch
11125,41536,329,Last-Touch
11126,41539,235,Last-Touch
11127,41540,272,Last-Touch
11128,41542,324,Last-Touch
11129,41546,121,Last-Touch
11130,41551,492,Last-Touch
11131,41552,131,Last-Touch
11132,41554,415,Last-Touch
11133,41555,182,Last-Touch
11134,41557,32,Last-Touch
11135,41558,362,Last-Touch
11136,41568,272,Last-Touch
11137,41570,254,Last-Touch
11138,41572,28,Last-Touch
11139,41573,441,Last-Touch
11140,41576,226,Last-Touch
11141,41580,207,Last-Touch
11142,41588,465,Last-Touch
11143,41592,350,Last-Touch
11144,41596,275,Last-Touch
11145,41597,434,Last-Touch
11146,41599,142,Last-Touch
11147,41602,163,Last-Touch
11148,41605,336,Last-Touch
11149,41606,284,Last-Touch
11150,41608,296,Last-Touch
11151,41611,440,Last-Touch
11152,41615,182,Last-Touch
11153,41620,103,Last-Touch
11154,41624,413,Last-Touch
11155,41626,342,Last-Touch
11156,41629,118,Last-Touch
11157,41633,5,Last-Touch
11158,41635,172,Last-Touch
11159,41636,487,Last-Touch
11160,41639,282,Last-Touch
11161,41641,318,Last-Touch
11162,41649,110,Last-Touch
11163,41651,77,Last-Touch
11164,41653,310,Last-Touch
11165,41655,85,Last-Touch
11166,41656,410,Last-Touch
11167,41657,181,Last-Touch
11168,41663,80,Last-Touch
11169,41666,17,Last-Touch
11170,41670,500,Last-Touch
11171,41675,84,Last-Touch
11172,41679,410,Last-Touch
11173,41686,363,Last-Touch
11174,41691,245,Last-Touch
11175,41693,466,Last-Touch
11176,41695,130,Last-Touch
11177,41699,347,Last-Touch
11178,41701,380,Last-Touch
11179,41703,342,Last-Touch
11180,41708,457,Last-Touch
11181,41712,382,Last-Touch
11182,41714,7,Last-Touch
11183,41715,172,Last-Touch
11184,41717,195,Last-Touch
11185,41721,80,Last-Touch
11186,41723,251,Last-Touch
11187,41732,338,Last-Touch
11188,41735,52,Last-Touch
11189,41738,208,Last-Touch
11190,41741,218,Last-Touch
11191,41746,500,Last-Touch
11192,41748,190,Last-Touch
11193,41752,132,Last-Touch
11194,41754,355,Last-Touch
11195,41755,442,Last-Touch
11196,41760,401,Last-Touch
11197,41762,402,Last-Touch
11198,41763,343,Last-Touch
11199,41764,179,Last-Touch
11200,41767,16,Last-Touch
11201,41782,114,Last-Touch
11202,41785,471,Last-Touch
11203,41788,329,Last-Touch
11204,41791,373,Last-Touch
11205,41792,440,Last-Touch
11206,41796,356,Last-Touch
11207,41798,455,Last-Touch
11208,41801,87,Last-Touch
11209,41802,132,Last-Touch
11210,41810,232,Last-Touch
11211,41814,337,Last-Touch
11212,41818,391,Last-Touch
11213,41819,155,Last-Touch
11214,41820,248,Last-Touch
11215,41828,68,Last-Touch
11216,41831,325,Last-Touch
11217,41834,421,Last-Touch
11218,41839,376,Last-Touch
11219,41848,299,Last-Touch
11220,41849,168,Last-Touch
11221,41850,333,Last-Touch
11222,41856,260,Last-Touch
11223,41859,334,Last-Touch
11224,41861,356,Last-Touch
11225,41862,150,Last-Touch
11226,41871,40,Last-Touch
11227,41875,141,Last-Touch
11228,41879,489,Last-Touch
11229,41889,84,Last-Touch
11230,41890,301,Last-Touch
11231,41897,497,Last-Touch
11232,41899,383,Last-Touch
11233,41901,429,Last-Touch
11234,41904,232,Last-Touch
11235,41905,94,Last-Touch
11236,41908,315,Last-Touch
11237,41911,306,Last-Touch
11238,41914,37,Last-Touch
11239,41918,35,Last-Touch
11240,41923,49,Last-Touch
11241,41925,245,Last-Touch
11242,41936,491,Last-Touch
11243,41942,404,Last-Touch
11244,41947,336,Last-Touch
11245,41949,239,Last-Touch
11246,41952,350,Last-Touch
11247,41955,467,Last-Touch
11248,41959,214,Last-Touch
11249,41965,16,Last-Touch
11250,41966,489,Last-Touch
11251,41967,217,Last-Touch
11252,41975,51,Last-Touch
11253,41979,319,Last-Touch
11254,41986,127,Last-Touch
11255,41987,19,Last-Touch
11256,41993,272,Last-Touch
11257,41994,311,Last-Touch
11258,41996,231,Last-Touch
11259,41999,124,Last-Touch
11260,42002,434,Last-Touch
11261,42008,104,Last-Touch
11262,42017,13,Last-Touch
11263,42020,285,Last-Touch
11264,42021,376,Last-Touch
11265,42023,91,Last-Touch
11266,42030,191,Last-Touch
11267,42033,140,Last-Touch
11268,42035,57,Last-Touch
11269,42038,150,Last-Touch
11270,42043,31,Last-Touch
11271,42045,180,Last-Touch
11272,42047,408,Last-Touch
11273,42054,208,Last-Touch
11274,42059,71,Last-Touch
11275,42062,350,Last-Touch
11276,42069,70,Last-Touch
11277,42072,132,Last-Touch
11278,42087,155,Last-Touch
11279,42088,294,Last-Touch
11280,42090,248,Last-Touch
11281,42092,309,Last-Touch
11282,42093,304,Last-Touch
11283,42096,133,Last-Touch
11284,42099,410,Last-Touch
11285,42100,20,Last-Touch
11286,42109,338,Last-Touch
11287,42113,38,Last-Touch
11288,42114,325,Last-Touch
11289,42118,209,Last-Touch
11290,42122,150,Last-Touch
11291,42128,380,Last-Touch
11292,42130,458,Last-Touch
11293,42133,393,Last-Touch
11294,42134,418,Last-Touch
11295,42135,173,Last-Touch
11296,42136,180,Last-Touch
11297,42140,410,Last-Touch
11298,42160,254,Last-Touch
11299,42164,93,Last-Touch
11300,42166,343,Last-Touch
11301,42169,27,Last-Touch
11302,42172,481,Last-Touch
11303,42175,380,Last-Touch
11304,42177,399,Last-Touch
11305,42180,288,Last-Touch
11306,42186,23,Last-Touch
11307,42187,314,Last-Touch
11308,42189,404,Last-Touch
11309,42190,485,Last-Touch
11310,42197,286,Last-Touch
11311,42199,247,Last-Touch
11312,42203,278,Last-Touch
11313,42208,371,Last-Touch
11314,42213,449,Last-Touch
11315,42215,31,Last-Touch
11316,42216,37,Last-Touch
11317,42227,396,Last-Touch
11318,42230,178,Last-Touch
11319,42239,17,Last-Touch
11320,42243,418,Last-Touch
11321,42247,336,Last-Touch
11322,42249,130,Last-Touch
11323,42254,75,Last-Touch
11324,42259,104,Last-Touch
11325,42265,189,Last-Touch
11326,42266,402,Last-Touch
11327,42269,390,Last-Touch
11328,42271,402,Last-Touch
11329,42272,347,Last-Touch
11330,42277,401,Last-Touch
11331,42279,281,Last-Touch
11332,42283,20,Last-Touch
11333,42290,373,Last-Touch
11334,42292,289,Last-Touch
11335,42301,371,Last-Touch
11336,42303,384,Last-Touch
11337,42305,375,Last-Touch
11338,42306,18,Last-Touch
11339,42312,496,Last-Touch
11340,42318,362,Last-Touch
11341,42319,84,Last-Touch
11342,42321,181,Last-Touch
11343,42334,354,Last-Touch
11344,42338,364,Last-Touch
11345,42345,18,Last-Touch
11346,42348,270,Last-Touch
11347,42349,9,Last-Touch
11348,42351,56,Last-Touch
11349,42354,161,Last-Touch
11350,42360,437,Last-Touch
11351,42361,301,Last-Touch
11352,42363,30,Last-Touch
11353,42370,119,Last-Touch
11354,42374,38,Last-Touch
11355,42377,265,Last-Touch
11356,42380,373,Last-Touch
11357,42382,280,Last-Touch
11358,42391,498,Last-Touch
11359,42397,430,Last-Touch
11360,42401,12,Last-Touch
11361,42413,219,Last-Touch
11362,42423,338,Last-Touch
11363,42425,83,Last-Touch
11364,42426,24,Last-Touch
11365,42431,58,Last-Touch
11366,42434,326,Last-Touch
11367,42438,93,Last-Touch
11368,42451,306,Last-Touch
11369,42455,227,Last-Touch
11370,42456,302,Last-Touch
11371,42457,402,Last-Touch
11372,42459,386,Last-Touch
11373,42460,418,Last-Touch
11374,42465,223,Last-Touch
11375,42467,142,Last-Touch
11376,42472,102,Last-Touch
11377,42481,28,Last-Touch
11378,42482,241,Last-Touch
11379,42483,237,Last-Touch
11380,42491,10,Last-Touch
11381,42498,311,Last-Touch
11382,42499,162,Last-Touch
11383,42503,180,Last-Touch
11384,42507,116,Last-Touch
11385,42508,108,Last-Touch
11386,42509,492,Last-Touch
11387,42514,309,Last-Touch
11388,42519,102,Last-Touch
11389,42520,254,Last-Touch
11390,42524,316,Last-Touch
11391,42530,31,Last-Touch
11392,42531,178,Last-Touch
11393,42532,331,Last-Touch
11394,42533,259,Last-Touch
11395,42534,448,Last-Touch
11396,42536,500,Last-Touch
11397,42537,85,Last-Touch
11398,42541,221,Last-Touch
11399,42552,15,Last-Touch
11400,42555,157,Last-Touch
11401,42562,118,Last-Touch
11402,42565,101,Last-Touch
11403,42572,272,Last-Touch
11404,42573,485,Last-Touch
11405,42574,489,Last-Touch
11406,42580,350,Last-Touch
11407,42583,264,Last-Touch
11408,42589,382,Last-Touch
11409,42597,1,Last-Touch
11410,42600,44,Last-Touch
11411,42602,110,Last-Touch
11412,42603,184,Last-Touch
11413,42609,110,Last-Touch
11414,42610,435,Last-Touch
11415,42615,366,Last-Touch
11416,42617,237,Last-Touch
11417,42621,344,Last-Touch
11418,42624,446,Last-Touch
11419,42627,157,Last-Touch
11420,42629,342,Last-Touch
11421,42636,302,Last-Touch
11422,42639,80,Last-Touch
11423,42641,261,Last-Touch
11424,42642,448,Last-Touch
11425,42651,227,Last-Touch
11426,42653,311,Last-Touch
11427,42657,492,Last-Touch
11428,42659,112,Last-Touch
11429,42660,282,Last-Touch
11430,42662,97,Last-Touch
11431,42673,278,Last-Touch
11432,42674,91,Last-Touch
11433,42678,352,Last-Touch
11434,42682,117,Last-Touch
11435,42694,282,Last-Touch
11436,42696,105,Last-Touch
11437,42699,364,Last-Touch
11438,42708,59,Last-Touch
11439,42712,130,Last-Touch
11440,42713,354,Last-Touch
11441,42715,229,Last-Touch
11442,42716,347,Last-Touch
11443,42718,240,Last-Touch
11444,42720,117,Last-Touch
11445,42723,299,Last-Touch
11446,42725,124,Last-Touch
11447,42727,153,Last-Touch
11448,42734,470,Last-Touch
11449,42744,77,Last-Touch
11450,42752,479,Last-Touch
11451,42756,86,Last-Touch
11452,42759,274,Last-Touch
11453,42760,186,Last-Touch
11454,42761,391,Last-Touch
11455,42766,252,Last-Touch
11456,42768,414,Last-Touch
11457,42772,286,Last-Touch
11458,42782,399,Last-Touch
11459,42783,448,Last-Touch
11460,42793,341,Last-Touch
11461,42799,269,Last-Touch
11462,42805,30,Last-Touch
11463,42807,219,Last-Touch
11464,42813,28,Last-Touch
11465,42815,295,Last-Touch
11466,42817,53,Last-Touch
11467,42818,153,Last-Touch
11468,42819,478,Last-Touch
11469,42821,370,Last-Touch
11470,42825,434,Last-Touch
11471,42834,399,Last-Touch
11472,42839,485,Last-Touch
11473,42840,448,Last-Touch
11474,42842,485,Last-Touch
11475,42844,254,Last-Touch
11476,42846,286,Last-Touch
11477,42847,244,Last-Touch
11478,42854,163,Last-Touch
11479,42858,323,Last-Touch
11480,42860,308,Last-Touch
11481,42863,294,Last-Touch
11482,42870,317,Last-Touch
11483,42878,309,Last-Touch
11484,42879,355,Last-Touch
11485,42882,333,Last-Touch
11486,42884,172,Last-Touch
11487,42886,87,Last-Touch
11488,42890,262,Last-Touch
11489,42896,466,Last-Touch
11490,42900,72,Last-Touch
11491,42906,489,Last-Touch
11492,42908,339,Last-Touch
11493,42910,240,Last-Touch
11494,42923,456,Last-Touch
11495,42924,496,Last-Touch
11496,42926,49,Last-Touch
11497,42931,192,Last-Touch
11498,42933,274,Last-Touch
11499,42934,168,Last-Touch
11500,42935,427,Last-Touch
11501,42941,395,Last-Touch
11502,42949,187,Last-Touch
11503,42950,223,Last-Touch
11504,42955,462,Last-Touch
11505,42961,434,Last-Touch
11506,42964,434,Last-Touch
11507,42966,450,Last-Touch
11508,42970,352,Last-Touch
11509,42973,142,Last-Touch
11510,42974,329,Last-Touch
11511,42981,362,Last-Touch
11512,42983,373,Last-Touch
11513,42988,460,Last-Touch
11514,42992,90,Last-Touch
11515,42996,294,Last-Touch
11516,43000,445,Last-Touch
11517,43007,102,Last-Touch
11518,43015,212,Last-Touch
11519,43018,444,Last-Touch
11520,43019,38,Last-Touch
11521,43022,292,Last-Touch
11522,43027,197,Last-Touch
11523,43041,466,Last-Touch
11524,43045,323,Last-Touch
11525,43046,291,Last-Touch
11526,43055,147,Last-Touch
11527,43058,406,Last-Touch
11528,43060,438,Last-Touch
11529,43061,129,Last-Touch
11530,43065,128,Last-Touch
11531,43067,350,Last-Touch
11532,43072,162,Last-Touch
11533,43075,251,Last-Touch
11534,43076,241,Last-Touch
11535,43083,37,Last-Touch
11536,43085,234,Last-Touch
11537,43086,364,Last-Touch
11538,43087,392,Last-Touch
11539,43090,18,Last-Touch
11540,43091,56,Last-Touch
11541,43092,126,Last-Touch
11542,43097,85,Last-Touch
11543,43100,378,Last-Touch
11544,43106,20,Last-Touch
11545,43112,333,Last-Touch
11546,43114,201,Last-Touch
11547,43117,387,Last-Touch
11548,43122,73,Last-Touch
11549,43125,389,Last-Touch
11550,43126,409,Last-Touch
11551,43131,112,Last-Touch
11552,43145,486,Last-Touch
11553,43149,251,Last-Touch
11554,43150,218,Last-Touch
11555,43152,454,Last-Touch
11556,43154,489,Last-Touch
11557,43163,389,Last-Touch
11558,43164,316,Last-Touch
11559,43170,282,Last-Touch
11560,43175,278,Last-Touch
11561,43178,247,Last-Touch
11562,43188,286,Last-Touch
11563,43191,224,Last-Touch
11564,43195,335,Last-Touch
11565,43202,117,Last-Touch
11566,43206,396,Last-Touch
11567,43208,404,Last-Touch
11568,43213,221,Last-Touch
11569,43219,355,Last-Touch
11570,43220,373,Last-Touch
11571,43229,286,Last-Touch
11572,43231,101,Last-Touch
11573,43234,75,Last-Touch
11574,43236,272,Last-Touch
11575,43237,157,Last-Touch
11576,43239,494,Last-Touch
11577,43241,221,Last-Touch
11578,43246,116,Last-Touch
11579,43247,24,Last-Touch
11580,43251,309,Last-Touch
11581,43262,280,Last-Touch
11582,43270,68,Last-Touch
11583,43272,183,Last-Touch
11584,43273,233,Last-Touch
11585,43275,391,Last-Touch
11586,43280,36,Last-Touch
11587,43281,108,Last-Touch
11588,43291,344,Last-Touch
11589,43294,436,Last-Touch
11590,43297,50,Last-Touch
11591,43298,354,Last-Touch
11592,43300,233,Last-Touch
11593,43301,498,Last-Touch
11594,43306,289,Last-Touch
11595,43308,380,Last-Touch
11596,43313,310,Last-Touch
11597,43314,92,Last-Touch
11598,43319,459,Last-Touch
11599,43327,495,Last-Touch
11600,43329,360,Last-Touch
11601,43330,185,Last-Touch
11602,43337,299,Last-Touch
11603,43339,85,Last-Touch
11604,43340,38,Last-Touch
11605,43344,237,Last-Touch
11606,43347,286,Last-Touch
11607,43348,393,Last-Touch
11608,43352,489,Last-Touch
11609,43356,235,Last-Touch
11610,43357,461,Last-Touch
11611,43359,103,Last-Touch
11612,43364,50,Last-Touch
11613,43367,12,Last-Touch
11614,43373,264,Last-Touch
11615,43375,367,Last-Touch
11616,43377,174,Last-Touch
11617,43380,399,Last-Touch
11618,43383,194,Last-Touch
11619,43385,333,Last-Touch
11620,43389,268,Last-Touch
11621,43393,201,Last-Touch
11622,43394,233,Last-Touch
11623,43396,366,Last-Touch
11624,43397,331,Last-Touch
11625,43398,414,Last-Touch
11626,43401,482,Last-Touch
11627,43403,38,Last-Touch
11628,43404,115,Last-Touch
11629,43405,233,Last-Touch
11630,43410,350,Last-Touch
11631,43414,36,Last-Touch
11632,43418,127,Last-Touch
11633,43421,470,Last-Touch
11634,43432,463,Last-Touch
11635,43437,298,Last-Touch
11636,43442,429,Last-Touch
11637,43447,83,Last-Touch
11638,43448,112,Last-Touch
11639,43450,306,Last-Touch
11640,43451,6,Last-Touch
11641,43452,306,Last-Touch
11642,43458,101,Last-Touch
11643,43466,87,Last-Touch
11644,43467,427,Last-Touch
11645,43469,479,Last-Touch
11646,43470,100,Last-Touch
11647,43472,459,Last-Touch
11648,43486,150,Last-Touch
11649,43488,172,Last-Touch
11650,43501,169,Last-Touch
11651,43502,48,Last-Touch
11652,43503,307,Last-Touch
11653,43509,278,Last-Touch
11654,43519,352,Last-Touch
11655,43521,216,Last-Touch
11656,43525,78,Last-Touch
11657,43526,144,Last-Touch
11658,43528,75,Last-Touch
11659,43532,112,Last-Touch
11660,43550,289,Last-Touch
11661,43560,174,Last-Touch
11662,43562,459,Last-Touch
11663,43572,483,Last-Touch
11664,43575,83,Last-Touch
11665,43577,164,Last-Touch
11666,43580,419,Last-Touch
11667,43582,493,Last-Touch
11668,43586,18,Last-Touch
11669,43590,401,Last-Touch
11670,43591,306,Last-Touch
11671,43593,450,Last-Touch
11672,43598,177,Last-Touch
11673,43600,278,Last-Touch
11674,43601,410,Last-Touch
11675,43602,46,Last-Touch
11676,43605,217,Last-Touch
11677,43606,489,Last-Touch
11678,43607,339,Last-Touch
11679,43608,106,Last-Touch
11680,43610,479,Last-Touch
11681,43611,334,Last-Touch
11682,43612,372,Last-Touch
11683,43616,459,Last-Touch
11684,43618,316,Last-Touch
11685,43622,379,Last-Touch
11686,43624,278,Last-Touch
11687,43626,71,Last-Touch
11688,43634,483,Last-Touch
11689,43635,36,Last-Touch
11690,43637,263,Last-Touch
11691,43638,491,Last-Touch
11692,43643,38,Last-Touch
11693,43646,433,Last-Touch
11694,43649,85,Last-Touch
11695,43650,453,Last-Touch
11696,43652,413,Last-Touch
11697,43654,252,Last-Touch
11698,43656,208,Last-Touch
11699,43666,320,Last-Touch
11700,43671,46,Last-Touch
11701,43684,204,Last-Touch
11702,43697,450,Last-Touch
11703,43698,333,Last-Touch
11704,43699,418,Last-Touch
11705,43702,49,Last-Touch
11706,43704,467,Last-Touch
11707,43706,232,Last-Touch
11708,43712,310,Last-Touch
11709,43717,195,Last-Touch
11710,43721,73,Last-Touch
11711,43723,186,Last-Touch
11712,43724,341,Last-Touch
11713,43731,278,Last-Touch
11714,43736,32,Last-Touch
11715,43740,315,Last-Touch
11716,43741,215,Last-Touch
11717,43749,413,Last-Touch
11718,43753,106,Last-Touch
11719,43756,181,Last-Touch
11720,43761,278,Last-Touch
11721,43762,464,Last-Touch
11722,43766,301,Last-Touch
11723,43767,373,Last-Touch
11724,43768,435,Last-Touch
11725,43769,272,Last-Touch
11726,43771,338,Last-Touch
11727,43773,366,Last-Touch
11728,43777,360,Last-Touch
11729,43783,281,Last-Touch
11730,43795,40,Last-Touch
11731,43799,63,Last-Touch
11732,43801,80,Last-Touch
11733,43802,350,Last-Touch
11734,43804,389,Last-Touch
11735,43808,141,Last-Touch
11736,43810,55,Last-Touch
11737,43816,333,Last-Touch
11738,43819,83,Last-Touch
11739,43825,446,Last-Touch
11740,43833,428,Last-Touch
11741,43836,492,Last-Touch
11742,43837,406,Last-Touch
11743,43840,461,Last-Touch
11744,43841,40,Last-Touch
11745,43844,498,Last-Touch
11746,43848,157,Last-Touch
11747,43850,500,Last-Touch
11748,43852,399,Last-Touch
11749,43858,117,Last-Touch
11750,43859,156,Last-Touch
11751,43862,162,Last-Touch
11752,43871,336,Last-Touch
11753,43873,336,Last-Touch
11754,43876,315,Last-Touch
11755,43879,71,Last-Touch
11756,43882,7,Last-Touch
11757,43884,140,Last-Touch
11758,43885,434,Last-Touch
11759,43886,14,Last-Touch
11760,43889,305,Last-Touch
11761,43890,352,Last-Touch
11762,43902,232,Last-Touch
11763,43907,387,Last-Touch
11764,43917,378,Last-Touch
11765,43920,127,Last-Touch
11766,43921,76,Last-Touch
11767,43925,450,Last-Touch
11768,43932,319,Last-Touch
11769,43935,38,Last-Touch
11770,43937,201,Last-Touch
11771,43954,183,Last-Touch
11772,43957,348,Last-Touch
11773,43962,309,Last-Touch
11774,43967,316,Last-Touch
11775,43970,37,Last-Touch
11776,43971,127,Last-Touch
11777,43977,470,Last-Touch
11778,43980,257,Last-Touch
11779,43982,197,Last-Touch
11780,43990,358,Last-Touch
11781,43993,77,Last-Touch
11782,43995,19,Last-Touch
11783,43997,61,Last-Touch
11784,44000,67,Last-Touch
11785,44002,316,Last-Touch
11786,44004,452,Last-Touch
11787,44013,455,Last-Touch
11788,44015,122,Last-Touch
11789,44017,190,Last-Touch
11790,44019,126,Last-Touch
11791,44028,486,Last-Touch
11792,44030,20,Last-Touch
11793,44032,374,Last-Touch
11794,44041,57,Last-Touch
11795,44043,492,Last-Touch
11796,44044,264,Last-Touch
11797,44048,343,Last-Touch
11798,44051,24,Last-Touch
11799,44054,35,Last-Touch
11800,44056,227,Last-Touch
11801,44060,57,Last-Touch
11802,44061,107,Last-Touch
11803,44064,313,Last-Touch
11804,44066,276,Last-Touch
11805,44067,432,Last-Touch
11806,44068,356,Last-Touch
11807,44070,227,Last-Touch
11808,44074,56,Last-Touch
11809,44076,141,Last-Touch
11810,44086,163,Last-Touch
11811,44087,351,Last-Touch
11812,44102,329,Last-Touch
11813,44103,281,Last-Touch
11814,44105,418,Last-Touch
11815,44107,279,Last-Touch
11816,44108,17,Last-Touch
11817,44110,348,Last-Touch
11818,44117,56,Last-Touch
11819,44129,391,Last-Touch
11820,44131,19,Last-Touch
11821,44132,254,Last-Touch
11822,44133,470,Last-Touch
11823,44135,411,Last-Touch
11824,44136,237,Last-Touch
11825,44137,221,Last-Touch
11826,44139,53,Last-Touch
11827,44146,150,Last-Touch
11828,44147,71,Last-Touch
11829,44149,314,Last-Touch
11830,44152,279,Last-Touch
11831,44165,257,Last-Touch
11832,44169,292,Last-Touch
11833,44170,254,Last-Touch
11834,44174,270,Last-Touch
11835,44177,467,Last-Touch
11836,44178,241,Last-Touch
11837,44179,144,Last-Touch
11838,44182,226,Last-Touch
11839,44183,58,Last-Touch
11840,44186,365,Last-Touch
11841,44187,350,Last-Touch
11842,44201,316,Last-Touch
11843,44206,147,Last-Touch
11844,44210,106,Last-Touch
11845,44215,482,Last-Touch
11846,44216,38,Last-Touch
11847,44227,482,Last-Touch
11848,44230,64,Last-Touch
11849,44231,38,Last-Touch
11850,44237,442,Last-Touch
11851,44238,195,Last-Touch
11852,44244,27,Last-Touch
11853,44246,260,Last-Touch
11854,44248,28,Last-Touch
11855,44255,106,Last-Touch
11856,44266,144,Last-Touch
11857,44269,413,Last-Touch
11858,44275,195,Last-Touch
11859,44276,445,Last-Touch
11860,44278,231,Last-Touch
11861,44287,240,Last-Touch
11862,44288,163,Last-Touch
11863,44293,350,Last-Touch
11864,44294,320,Last-Touch
11865,44299,455,Last-Touch
11866,44304,191,Last-Touch
11867,44307,235,Last-Touch
11868,44311,126,Last-Touch
11869,44313,251,Last-Touch
11870,44314,115,Last-Touch
11871,44315,450,Last-Touch
11872,44318,275,Last-Touch
11873,44320,378,Last-Touch
11874,44321,434,Last-Touch
11875,44330,20,Last-Touch
11876,44332,177,Last-Touch
11877,44335,402,Last-Touch
11878,44343,341,Last-Touch
11879,44345,410,Last-Touch
11880,44347,104,Last-Touch
11881,44350,68,Last-Touch
11882,44352,101,Last-Touch
11883,44356,190,Last-Touch
11884,44362,24,Last-Touch
11885,44369,211,Last-Touch
11886,44372,344,Last-Touch
11887,44374,179,Last-Touch
11888,44376,428,Last-Touch
11889,44377,346,Last-Touch
11890,44384,172,Last-Touch
11891,44387,320,Last-Touch
11892,44389,248,Last-Touch
11893,44394,240,Last-Touch
11894,44418,197,Last-Touch
11895,44422,123,Last-Touch
11896,44429,289,Last-Touch
11897,44431,262,Last-Touch
11898,44433,52,Last-Touch
11899,44435,395,Last-Touch
11900,44445,74,Last-Touch
11901,44446,166,Last-Touch
11902,44448,280,Last-Touch
11903,44455,231,Last-Touch
11904,44467,297,Last-Touch
11905,44468,208,Last-Touch
11906,44474,316,Last-Touch
11907,44476,323,Last-Touch
11908,44478,397,Last-Touch
11909,44479,71,Last-Touch
11910,44483,65,Last-Touch
11911,44486,391,Last-Touch
11912,44487,42,Last-Touch
11913,44491,243,Last-Touch
11914,44493,434,Last-Touch
11915,44495,195,Last-Touch
11916,44499,53,Last-Touch
11917,44506,201,Last-Touch
11918,44514,61,Last-Touch
11919,44517,442,Last-Touch
11920,44524,449,Last-Touch
11921,44525,178,Last-Touch
11922,44526,434,Last-Touch
11923,44528,175,Last-Touch
11924,44532,53,Last-Touch
11925,44533,35,Last-Touch
11926,44536,320,Last-Touch
11927,44539,479,Last-Touch
11928,44542,243,Last-Touch
11929,44546,153,Last-Touch
11930,44552,176,Last-Touch
11931,44558,46,Last-Touch
11932,44561,238,Last-Touch
11933,44565,22,Last-Touch
11934,44568,350,Last-Touch
11935,44573,379,Last-Touch
11936,44575,371,Last-Touch
11937,44578,285,Last-Touch
11938,44579,476,Last-Touch
11939,44581,104,Last-Touch
11940,44585,107,Last-Touch
11941,44589,470,Last-Touch
11942,44592,331,Last-Touch
11943,44600,174,Last-Touch
11944,44602,119,Last-Touch
11945,44609,106,Last-Touch
11946,44611,371,Last-Touch
11947,44617,444,Last-Touch
11948,44619,100,Last-Touch
11949,44620,489,Last-Touch
11950,44622,399,Last-Touch
11951,44632,373,Last-Touch
11952,44640,433,Last-Touch
11953,44641,207,Last-Touch
11954,44642,4,Last-Touch
11955,44645,456,Last-Touch
11956,44652,272,Last-Touch
11957,44653,362,Last-Touch
11958,44660,72,Last-Touch
11959,44662,375,Last-Touch
11960,44667,314,Last-Touch
11961,44671,248,Last-Touch
11962,44672,470,Last-Touch
11963,44675,254,Last-Touch
11964,44676,181,Last-Touch
11965,44680,399,Last-Touch
11966,44683,333,Last-Touch
11967,44691,197,Last-Touch
11968,44701,119,Last-Touch
11969,44702,275,Last-Touch
11970,44703,395,Last-Touch
11971,44723,465,Last-Touch
11972,44725,11,Last-Touch
11973,44734,297,Last-Touch
11974,44739,337,Last-Touch
11975,44741,148,Last-Touch
11976,44742,144,Last-Touch
11977,44747,324,Last-Touch
11978,44751,483,Last-Touch
11979,44759,183,Last-Touch
11980,44762,485,Last-Touch
11981,44766,397,Last-Touch
11982,44770,412,Last-Touch
11983,44771,172,Last-Touch
11984,44776,4,Last-Touch
11985,44780,19,Last-Touch
11986,44784,401,Last-Touch
11987,44786,466,Last-Touch
11988,44794,122,Last-Touch
11989,44797,27,Last-Touch
11990,44801,106,Last-Touch
11991,44820,100,Last-Touch
11992,44826,237,Last-Touch
11993,44827,470,Last-Touch
11994,44835,401,Last-Touch
11995,44838,49,Last-Touch
11996,44839,56,Last-Touch
11997,44842,471,Last-Touch
11998,44852,85,Last-Touch
11999,44857,425,Last-Touch
12000,44860,431,Last-Touch
12001,44861,165,Last-Touch
12002,44863,386,Last-Touch
12003,44864,353,Last-Touch
12004,44865,201,Last-Touch
12005,44866,296,Last-Touch
12006,44869,198,Last-Touch
12007,44872,289,Last-Touch
12008,44873,235,Last-Touch
12009,44874,376,Last-Touch
12010,44881,24,Last-Touch
12011,44882,98,Last-Touch
12012,44883,461,Last-Touch
12013,44884,280,Last-Touch
12014,44886,215,Last-Touch
12015,44887,108,Last-Touch
12016,44889,147,Last-Touch
12017,44893,126,Last-Touch
12018,44898,379,Last-Touch
12019,44910,289,Last-Touch
12020,44912,9,Last-Touch
12021,44917,77,Last-Touch
12022,44919,399,Last-Touch
12023,44920,157,Last-Touch
12024,44922,11,Last-Touch
12025,44924,364,Last-Touch
12026,44930,175,Last-Touch
12027,44936,252,Last-Touch
12028,44940,201,Last-Touch
12029,44941,219,Last-Touch
12030,44947,318,Last-Touch
12031,44948,410,Last-Touch
12032,44956,254,Last-Touch
12033,44959,104,Last-Touch
12034,44961,19,Last-Touch
12035,44966,101,Last-Touch
12036,44970,128,Last-Touch
12037,44977,77,Last-Touch
12038,44978,384,Last-Touch
12039,44981,350,Last-Touch
12040,44989,311,Last-Touch
12041,44994,127,Last-Touch
12042,44996,362,Last-Touch
12043,44998,35,Last-Touch
12044,45005,402,Last-Touch
12045,45007,174,Last-Touch
12046,45010,278,Last-Touch
12047,45011,342,Last-Touch
12048,45015,53,Last-Touch
12049,45020,389,Last-Touch
12050,45021,461,Last-Touch
12051,45022,362,Last-Touch
12052,45024,378,Last-Touch
12053,45038,56,Last-Touch
12054,45040,238,Last-Touch
12055,45044,51,Last-Touch
12056,45047,150,Last-Touch
12057,45051,488,Last-Touch
12058,45059,106,Last-Touch
12059,45060,157,Last-Touch
12060,45064,161,Last-Touch
12061,45065,392,Last-Touch
12062,45067,470,Last-Touch
12063,45070,112,Last-Touch
12064,45072,264,Last-Touch
12065,45073,191,Last-Touch
12066,45075,358,Last-Touch
12067,45076,32,Last-Touch
12068,45080,130,Last-Touch
12069,45083,154,Last-Touch
12070,45087,126,Last-Touch
12071,45090,494,Last-Touch
12072,45092,426,Last-Touch
12073,45093,38,Last-Touch
12074,45095,299,Last-Touch
12075,45096,286,Last-Touch
12076,45099,309,Last-Touch
12077,45100,53,Last-Touch
12078,45104,309,Last-Touch
12079,45106,142,Last-Touch
12080,45108,174,Last-Touch
12081,45110,453,Last-Touch
12082,45114,110,Last-Touch
12083,45117,112,Last-Touch
12084,45118,87,Last-Touch
12085,45120,354,Last-Touch
12086,45123,6,Last-Touch
12087,45125,353,Last-Touch
12088,45127,348,Last-Touch
12089,45128,354,Last-Touch
12090,45135,121,Last-Touch
12091,45140,217,Last-Touch
12092,45141,153,Last-Touch
12093,45142,15,Last-Touch
12094,45152,364,Last-Touch
12095,45155,493,Last-Touch
12096,45156,30,Last-Touch
12097,45161,465,Last-Touch
12098,45162,443,Last-Touch
12099,45172,287,Last-Touch
12100,45173,119,Last-Touch
12101,45175,84,Last-Touch
12102,45176,328,Last-Touch
12103,45177,142,Last-Touch
12104,45178,215,Last-Touch
12105,45183,329,Last-Touch
12106,45193,237,Last-Touch
12107,45194,13,Last-Touch
12108,45195,55,Last-Touch
12109,45200,312,Last-Touch
12110,45201,389,Last-Touch
12111,45204,121,Last-Touch
12112,45213,251,Last-Touch
12113,45216,196,Last-Touch
12114,45218,79,Last-Touch
12115,45219,104,Last-Touch
12116,45220,462,Last-Touch
12117,45221,164,Last-Touch
12118,45225,61,Last-Touch
12119,45227,278,Last-Touch
12120,45237,87,Last-Touch
12121,45252,14,Last-Touch
12122,45254,190,Last-Touch
12123,45256,352,Last-Touch
12124,45257,333,Last-Touch
12125,45258,163,Last-Touch
12126,45259,16,Last-Touch
12127,45269,275,Last-Touch
12128,45272,9,Last-Touch
12129,45277,198,Last-Touch
12130,45278,353,Last-Touch
12131,45283,410,Last-Touch
12132,45288,356,Last-Touch
12133,45290,270,Last-Touch
12134,45291,79,Last-Touch
12135,45293,233,Last-Touch
12136,45302,129,Last-Touch
12137,45304,460,Last-Touch
12138,45311,76,Last-Touch
12139,45316,337,Last-Touch
12140,45321,232,Last-Touch
12141,45328,77,Last-Touch
12142,45332,130,Last-Touch
12143,45334,465,Last-Touch
12144,45339,416,Last-Touch
12145,45341,326,Last-Touch
12146,45343,262,Last-Touch
12147,45344,40,Last-Touch
12148,45349,365,Last-Touch
12149,45350,348,Last-Touch
12150,45351,74,Last-Touch
12151,45353,83,Last-Touch
12152,45354,101,Last-Touch
12153,45355,174,Last-Touch
12154,45356,8,Last-Touch
12155,45358,189,Last-Touch
12156,45360,124,Last-Touch
12157,45361,259,Last-Touch
12158,45364,83,Last-Touch
12159,45370,144,Last-Touch
12160,45375,445,Last-Touch
12161,45376,459,Last-Touch
12162,45378,352,Last-Touch
12163,45379,124,Last-Touch
12164,45383,266,Last-Touch
12165,45385,289,Last-Touch
12166,45386,203,Last-Touch
12167,45391,432,Last-Touch
12168,45392,371,Last-Touch
12169,45393,59,Last-Touch
12170,45396,215,Last-Touch
12171,45399,38,Last-Touch
12172,45400,279,Last-Touch
12173,45401,121,Last-Touch
12174,45402,374,Last-Touch
12175,45403,264,Last-Touch
12176,45404,292,Last-Touch
12177,45408,281,Last-Touch
12178,45410,75,Last-Touch
12179,45423,176,Last-Touch
12180,45427,239,Last-Touch
12181,45428,373,Last-Touch
12182,45433,110,Last-Touch
12183,45435,395,Last-Touch
12184,45437,492,Last-Touch
12185,45438,207,Last-Touch
12186,45445,131,Last-Touch
12187,45450,425,Last-Touch
12188,45451,70,Last-Touch
12189,45452,7,Last-Touch
12190,45453,395,Last-Touch
12191,45454,281,Last-Touch
12192,45456,233,Last-Touch
12193,45457,31,Last-Touch
12194,45461,388,Last-Touch
12195,45470,49,Last-Touch
12196,45471,50,Last-Touch
12197,45473,282,Last-Touch
12198,45476,59,Last-Touch
12199,45479,491,Last-Touch
12200,45481,363,Last-Touch
12201,45485,454,Last-Touch
12202,45492,177,Last-Touch
12203,45500,279,Last-Touch
12204,45501,151,Last-Touch
12205,45506,380,Last-Touch
12206,45510,445,Last-Touch
12207,45520,344,Last-Touch
12208,45523,70,Last-Touch
12209,45532,391,Last-Touch
12210,45538,105,Last-Touch
12211,45549,156,Last-Touch
12212,45556,356,Last-Touch
12213,45559,492,Last-Touch
12214,45560,310,Last-Touch
12215,45563,478,Last-Touch
12216,45564,216,Last-Touch
12217,45565,384,Last-Touch
12218,45569,85,Last-Touch
12219,45574,49,Last-Touch
12220,45579,272,Last-Touch
12221,45585,391,Last-Touch
12222,45591,352,Last-Touch
12223,45596,445,Last-Touch
12224,45601,392,Last-Touch
12225,45603,399,Last-Touch
12226,45608,7,Last-Touch
12227,45611,132,Last-Touch
12228,45614,386,Last-Touch
12229,45615,232,Last-Touch
12230,45620,298,Last-Touch
12231,45625,142,Last-Touch
12232,45627,335,Last-Touch
12233,45632,140,Last-Touch
12234,45642,441,Last-Touch
12235,45644,133,Last-Touch
12236,45646,126,Last-Touch
12237,45647,232,Last-Touch
12238,45650,89,Last-Touch
12239,45651,57,Last-Touch
12240,45657,217,Last-Touch
12241,45660,92,Last-Touch
12242,45663,184,Last-Touch
12243,45664,49,Last-Touch
12244,45665,19,Last-Touch
12245,45676,452,Last-Touch
12246,45683,86,Last-Touch
12247,45684,56,Last-Touch
12248,45686,453,Last-Touch
12249,45687,310,Last-Touch
12250,45689,284,Last-Touch
12251,45690,55,Last-Touch
12252,45696,183,Last-Touch
12253,45704,11,Last-Touch
12254,45707,440,Last-Touch
12255,45708,229,Last-Touch
12256,45720,291,Last-Touch
12257,45721,427,Last-Touch
12258,45724,390,Last-Touch
12259,45729,124,Last-Touch
12260,45738,136,Last-Touch
12261,45739,453,Last-Touch
12262,45741,134,Last-Touch
12263,45752,418,Last-Touch
12264,45753,21,Last-Touch
12265,45754,39,Last-Touch
12266,45764,124,Last-Touch
12267,45768,186,Last-Touch
12268,45772,30,Last-Touch
12269,45773,458,Last-Touch
12270,45775,346,Last-Touch
12271,45777,492,Last-Touch
12272,45779,118,Last-Touch
12273,45780,153,Last-Touch
12274,45785,96,Last-Touch
12275,45790,231,Last-Touch
12276,45792,191,Last-Touch
12277,45793,342,Last-Touch
12278,45804,219,Last-Touch
12279,45805,356,Last-Touch
12280,45808,13,Last-Touch
12281,45809,156,Last-Touch
12282,45813,121,Last-Touch
12283,45817,201,Last-Touch
12284,45818,291,Last-Touch
12285,45823,329,Last-Touch
12286,45832,434,Last-Touch
12287,45834,458,Last-Touch
12288,45838,292,Last-Touch
12289,45843,413,Last-Touch
12290,45844,418,Last-Touch
12291,45846,380,Last-Touch
12292,45850,17,Last-Touch
12293,45853,105,Last-Touch
12294,45855,136,Last-Touch
12295,45856,491,Last-Touch
12296,45861,208,Last-Touch
12297,45864,341,Last-Touch
12298,45865,445,Last-Touch
12299,45866,9,Last-Touch
12300,45867,106,Last-Touch
12301,45869,413,Last-Touch
12302,45871,262,Last-Touch
12303,45877,1,Last-Touch
12304,45878,306,Last-Touch
12305,45884,308,Last-Touch
12306,45885,333,Last-Touch
12307,45894,238,Last-Touch
12308,45898,274,Last-Touch
12309,45904,460,Last-Touch
12310,45912,492,Last-Touch
12311,45916,368,Last-Touch
12312,45919,177,Last-Touch
12313,45921,333,Last-Touch
12314,45925,420,Last-Touch
12315,45928,459,Last-Touch
12316,45929,88,Last-Touch
12317,45933,344,Last-Touch
12318,45936,104,Last-Touch
12319,45939,297,Last-Touch
12320,45940,272,Last-Touch
12321,45943,491,Last-Touch
12322,45944,344,Last-Touch
12323,45946,413,Last-Touch
12324,45949,136,Last-Touch
12325,45953,454,Last-Touch
12326,45962,281,Last-Touch
12327,45964,54,Last-Touch
12328,45968,93,Last-Touch
12329,45970,193,Last-Touch
12330,45979,342,Last-Touch
12331,45980,158,Last-Touch
12332,45984,338,Last-Touch
12333,45985,104,Last-Touch
12334,45987,398,Last-Touch
12335,45993,252,Last-Touch
12336,45996,296,Last-Touch
12337,45998,204,Last-Touch
12338,46000,386,Last-Touch
12339,46001,451,Last-Touch
12340,46003,70,Last-Touch
12341,46012,16,Last-Touch
12342,46013,300,Last-Touch
12343,46014,397,Last-Touch
12344,46017,50,Last-Touch
12345,46022,190,Last-Touch
12346,46023,305,Last-Touch
12347,46024,294,Last-Touch
12348,46030,340,Last-Touch
12349,46031,130,Last-Touch
12350,46032,444,Last-Touch
12351,46033,316,Last-Touch
12352,46035,4,Last-Touch
12353,46042,372,Last-Touch
12354,46043,413,Last-Touch
12355,46056,114,Last-Touch
12356,46067,362,Last-Touch
12357,46068,140,Last-Touch
12358,46071,133,Last-Touch
12359,46072,312,Last-Touch
12360,46081,305,Last-Touch
12361,46082,467,Last-Touch
12362,46085,320,Last-Touch
12363,46091,414,Last-Touch
12364,46093,435,Last-Touch
12365,46095,19,Last-Touch
12366,46101,117,Last-Touch
12367,46112,364,Last-Touch
12368,46119,360,Last-Touch
12369,46127,410,Last-Touch
12370,46128,483,Last-Touch
12371,46135,286,Last-Touch
12372,46141,455,Last-Touch
12373,46143,186,Last-Touch
12374,46147,210,Last-Touch
12375,46148,168,Last-Touch
12376,46153,95,Last-Touch
12377,46154,141,Last-Touch
12378,46156,190,Last-Touch
12379,46158,272,Last-Touch
12380,46169,278,Last-Touch
12381,46171,464,Last-Touch
12382,46172,168,Last-Touch
12383,46174,325,Last-Touch
12384,46180,160,Last-Touch
12385,46183,190,Last-Touch
12386,46184,380,Last-Touch
12387,46185,232,Last-Touch
12388,46186,429,Last-Touch
12389,46187,347,Last-Touch
12390,46189,467,Last-Touch
12391,46195,60,Last-Touch
12392,46200,373,Last-Touch
12393,46220,171,Last-Touch
12394,46225,444,Last-Touch
12395,46231,297,Last-Touch
12396,46236,487,Last-Touch
12397,46238,174,Last-Touch
12398,46242,425,Last-Touch
12399,46246,73,Last-Touch
12400,46247,133,Last-Touch
12401,46249,184,Last-Touch
12402,46250,470,Last-Touch
12403,46254,149,Last-Touch
12404,46258,160,Last-Touch
12405,46266,365,Last-Touch
12406,46267,17,Last-Touch
12407,46272,106,Last-Touch
12408,46281,142,Last-Touch
12409,46284,114,Last-Touch
12410,46289,322,Last-Touch
12411,46290,74,Last-Touch
12412,46294,142,Last-Touch
12413,46299,51,Last-Touch
12414,46305,126,Last-Touch
12415,46306,93,Last-Touch
12416,46309,53,Last-Touch
12417,46313,340,Last-Touch
12418,46320,402,Last-Touch
12419,46329,208,Last-Touch
12420,46331,77,Last-Touch
12421,46335,175,Last-Touch
12422,46336,201,Last-Touch
12423,46348,428,Last-Touch
12424,46352,244,Last-Touch
12425,46353,8,Last-Touch
12426,46356,198,Last-Touch
12427,46359,475,Last-Touch
12428,46364,466,Last-Touch
12429,46365,26,Last-Touch
12430,46366,46,Last-Touch
12431,46371,442,Last-Touch
12432,46373,403,Last-Touch
12433,46377,237,Last-Touch
12434,46378,483,Last-Touch
12435,46386,321,Last-Touch
12436,46391,136,Last-Touch
12437,46393,295,Last-Touch
12438,46397,142,Last-Touch
12439,46398,264,Last-Touch
12440,46399,130,Last-Touch
12441,46403,132,Last-Touch
12442,46414,465,Last-Touch
12443,46423,383,Last-Touch
12444,46426,343,Last-Touch
12445,46429,144,Last-Touch
12446,46432,86,Last-Touch
12447,46437,201,Last-Touch
12448,46440,150,Last-Touch
12449,46441,265,Last-Touch
12450,46446,46,Last-Touch
12451,46449,353,Last-Touch
12452,46452,235,Last-Touch
12453,46453,344,Last-Touch
12454,46456,362,Last-Touch
12455,46457,270,Last-Touch
12456,46458,13,Last-Touch
12457,46464,337,Last-Touch
12458,46466,219,Last-Touch
12459,46473,298,Last-Touch
12460,46475,17,Last-Touch
12461,46476,130,Last-Touch
12462,46479,284,Last-Touch
12463,46488,386,Last-Touch
12464,46492,12,Last-Touch
12465,46497,159,Last-Touch
12466,46502,232,Last-Touch
12467,46503,294,Last-Touch
12468,46506,453,Last-Touch
12469,46512,350,Last-Touch
12470,46517,239,Last-Touch
12471,46526,192,Last-Touch
12472,46530,24,Last-Touch
12473,46532,126,Last-Touch
12474,46535,496,Last-Touch
12475,46536,494,Last-Touch
12476,46539,281,Last-Touch
12477,46542,208,Last-Touch
12478,46543,117,Last-Touch
12479,46549,248,Last-Touch
12480,46550,294,Last-Touch
12481,46554,399,Last-Touch
12482,46556,31,Last-Touch
12483,46560,13,Last-Touch
12484,46562,429,Last-Touch
12485,46567,306,Last-Touch
12486,46569,43,Last-Touch
12487,46570,198,Last-Touch
12488,46571,237,Last-Touch
12489,46575,344,Last-Touch
12490,46576,338,Last-Touch
12491,46577,499,Last-Touch
12492,46584,231,Last-Touch
12493,46596,229,Last-Touch
12494,46597,306,Last-Touch
12495,46599,280,Last-Touch
12496,46601,413,Last-Touch
12497,46603,490,Last-Touch
12498,46609,112,Last-Touch
12499,46616,413,Last-Touch
12500,46619,366,Last-Touch
12501,46624,217,Last-Touch
12502,46628,433,Last-Touch
12503,46630,52,Last-Touch
12504,46632,38,Last-Touch
12505,46634,85,Last-Touch
12506,46636,286,Last-Touch
12507,46637,497,Last-Touch
12508,46643,284,Last-Touch
12509,46644,173,Last-Touch
12510,46645,194,Last-Touch
12511,46647,171,Last-Touch
12512,46648,469,Last-Touch
12513,46650,159,Last-Touch
12514,46657,331,Last-Touch
12515,46659,353,Last-Touch
12516,46661,353,Last-Touch
12517,46662,13,Last-Touch
12518,46663,287,Last-Touch
12519,46670,340,Last-Touch
12520,46671,489,Last-Touch
12521,46672,467,Last-Touch
12522,46675,454,Last-Touch
12523,46678,281,Last-Touch
12524,46680,484,Last-Touch
12525,46681,383,Last-Touch
12526,46686,16,Last-Touch
12527,46691,342,Last-Touch
12528,46699,350,Last-Touch
12529,46701,321,Last-Touch
12530,46706,329,Last-Touch
12531,46712,100,Last-Touch
12532,46718,401,Last-Touch
12533,46719,278,Last-Touch
12534,46723,241,Last-Touch
12535,46726,110,Last-Touch
12536,46727,157,Last-Touch
12537,46729,156,Last-Touch
12538,46730,116,Last-Touch
12539,46737,100,Last-Touch
12540,46744,355,Last-Touch
12541,46746,151,Last-Touch
12542,46748,182,Last-Touch
12543,46749,43,Last-Touch
12544,46751,214,Last-Touch
12545,46752,11,Last-Touch
12546,46754,270,Last-Touch
12547,46755,380,Last-Touch
12548,46758,314,Last-Touch
12549,46759,150,Last-Touch
12550,46764,338,Last-Touch
12551,46766,390,Last-Touch
12552,46769,350,Last-Touch
12553,46770,418,Last-Touch
12554,46778,37,Last-Touch
12555,46780,69,Last-Touch
12556,46794,239,Last-Touch
12557,46797,52,Last-Touch
12558,46813,274,Last-Touch
12559,46823,240,Last-Touch
12560,46825,235,Last-Touch
12561,46831,156,Last-Touch
12562,46832,13,Last-Touch
12563,46835,278,Last-Touch
12564,46839,127,Last-Touch
12565,46840,439,Last-Touch
12566,46843,333,Last-Touch
12567,46850,256,Last-Touch
12568,46852,399,Last-Touch
12569,46853,309,Last-Touch
12570,46858,304,Last-Touch
12571,46862,229,Last-Touch
12572,46863,414,Last-Touch
12573,46868,254,Last-Touch
12574,46870,240,Last-Touch
12575,46871,174,Last-Touch
12576,46877,59,Last-Touch
12577,46884,186,Last-Touch
12578,46894,418,Last-Touch
12579,46903,477,Last-Touch
12580,46904,74,Last-Touch
12581,46908,302,Last-Touch
12582,46909,461,Last-Touch
12583,46910,453,Last-Touch
12584,46918,276,Last-Touch
12585,46924,483,Last-Touch
12586,46932,337,Last-Touch
12587,46933,413,Last-Touch
12588,46938,406,Last-Touch
12589,46943,320,Last-Touch
12590,46953,466,Last-Touch
12591,46958,106,Last-Touch
12592,46964,185,Last-Touch
12593,46968,363,Last-Touch
12594,46971,89,Last-Touch
12595,46976,450,Last-Touch
12596,46978,339,Last-Touch
12597,46982,183,Last-Touch
12598,46987,82,Last-Touch
12599,46988,27,Last-Touch
12600,46990,314,Last-Touch
12601,46994,200,Last-Touch
12602,46995,355,Last-Touch
12603,46998,77,Last-Touch
12604,47000,459,Last-Touch
12605,47003,281,Last-Touch
12606,47010,139,Last-Touch
12607,47011,207,Last-Touch
12608,47016,278,Last-Touch
12609,47025,31,Last-Touch
12610,47027,482,Last-Touch
12611,47033,85,Last-Touch
12612,47038,388,Last-Touch
12613,47046,340,Last-Touch
12614,47050,446,Last-Touch
12615,47053,383,Last-Touch
12616,47054,145,Last-Touch
12617,47058,163,Last-Touch
12618,47067,344,Last-Touch
12619,47068,280,Last-Touch
12620,47070,75,Last-Touch
12621,47073,218,Last-Touch
12622,47074,201,Last-Touch
12623,47081,371,Last-Touch
12624,47082,325,Last-Touch
12625,47083,470,Last-Touch
12626,47088,366,Last-Touch
12627,47089,426,Last-Touch
12628,47094,108,Last-Touch
12629,47096,35,Last-Touch
12630,47099,500,Last-Touch
12631,47100,383,Last-Touch
12632,47106,284,Last-Touch
12633,47119,42,Last-Touch
12634,47123,460,Last-Touch
12635,47125,244,Last-Touch
12636,47126,333,Last-Touch
12637,47128,458,Last-Touch
12638,47130,137,Last-Touch
12639,47131,463,Last-Touch
12640,47134,440,Last-Touch
12641,47137,347,Last-Touch
12642,47143,319,Last-Touch
12643,47153,12,Last-Touch
12644,47154,174,Last-Touch
12645,47155,413,Last-Touch
12646,47165,298,Last-Touch
12647,47170,426,Last-Touch
12648,47182,78,Last-Touch
12649,47188,463,Last-Touch
12650,47190,143,Last-Touch
12651,47196,396,Last-Touch
12652,47199,18,Last-Touch
12653,47205,275,Last-Touch
12654,47206,73,Last-Touch
12655,47208,223,Last-Touch
12656,47209,239,Last-Touch
12657,47210,254,Last-Touch
12658,47214,71,Last-Touch
12659,47215,367,Last-Touch
12660,47226,157,Last-Touch
12661,47228,328,Last-Touch
12662,47230,254,Last-Touch
12663,47240,192,Last-Touch
12664,47241,208,Last-Touch
12665,47243,189,Last-Touch
12666,47244,483,Last-Touch
12667,47245,487,Last-Touch
12668,47252,398,Last-Touch
12669,47260,312,Last-Touch
12670,47272,108,Last-Touch
12671,47273,53,Last-Touch
12672,47274,292,Last-Touch
12673,47278,278,Last-Touch
12674,47280,308,Last-Touch
12675,47281,130,Last-Touch
12676,47282,378,Last-Touch
12677,47286,43,Last-Touch
12678,47287,233,Last-Touch
12679,47290,471,Last-Touch
12680,47292,482,Last-Touch
12681,47294,201,Last-Touch
12682,47295,368,Last-Touch
12683,47296,235,Last-Touch
12684,47297,333,Last-Touch
12685,47302,231,Last-Touch
12686,47304,410,Last-Touch
12687,47308,389,Last-Touch
12688,47309,106,Last-Touch
12689,47315,244,Last-Touch
12690,47320,353,Last-Touch
12691,47323,306,Last-Touch
12692,47332,140,Last-Touch
12693,47337,416,Last-Touch
12694,47341,367,Last-Touch
12695,47346,19,Last-Touch
12696,47352,378,Last-Touch
12697,47358,89,Last-Touch
12698,47362,16,Last-Touch
12699,47365,178,Last-Touch
12700,47373,150,Last-Touch
12701,47378,223,Last-Touch
12702,47381,40,Last-Touch
12703,47384,87,Last-Touch
12704,47386,89,Last-Touch
12705,47389,347,Last-Touch
12706,47390,147,Last-Touch
12707,47392,180,Last-Touch
12708,47396,159,Last-Touch
12709,47399,173,Last-Touch
12710,47404,75,Last-Touch
12711,47414,441,Last-Touch
12712,47417,194,Last-Touch
12713,47418,174,Last-Touch
12714,47423,86,Last-Touch
12715,47426,356,Last-Touch
12716,47430,48,Last-Touch
12717,47436,240,Last-Touch
12718,47437,42,Last-Touch
12719,47438,495,Last-Touch
12720,47440,201,Last-Touch
12721,47443,79,Last-Touch
12722,47448,278,Last-Touch
12723,47449,328,Last-Touch
12724,47462,129,Last-Touch
12725,47463,344,Last-Touch
12726,47465,185,Last-Touch
12727,47469,38,Last-Touch
12728,47470,48,Last-Touch
12729,47473,50,Last-Touch
12730,47480,434,Last-Touch
12731,47484,247,Last-Touch
12732,47492,150,Last-Touch
12733,47495,434,Last-Touch
12734,47496,85,Last-Touch
12735,47500,365,Last-Touch
12736,47501,119,Last-Touch
12737,47508,106,Last-Touch
12738,47514,231,Last-Touch
12739,47516,134,Last-Touch
12740,47517,463,Last-Touch
12741,47519,441,Last-Touch
12742,47524,426,Last-Touch
12743,47525,153,Last-Touch
12744,47526,231,Last-Touch
12745,47530,295,Last-Touch
12746,47537,80,Last-Touch
12747,47545,109,Last-Touch
12748,47547,31,Last-Touch
12749,47548,446,Last-Touch
12750,47549,389,Last-Touch
12751,47553,10,Last-Touch
12752,47554,356,Last-Touch
12753,47560,56,Last-Touch
12754,47561,429,Last-Touch
12755,47563,287,Last-Touch
12756,47564,306,Last-Touch
12757,47569,329,Last-Touch
12758,47576,412,Last-Touch
12759,47577,356,Last-Touch
12760,47582,48,Last-Touch
12761,47584,145,Last-Touch
12762,47585,372,Last-Touch
12763,47596,23,Last-Touch
12764,47600,20,Last-Touch
12765,47602,210,Last-Touch
12766,47611,311,Last-Touch
12767,47614,369,Last-Touch
12768,47615,174,Last-Touch
12769,47621,488,Last-Touch
12770,47622,446,Last-Touch
12771,47628,50,Last-Touch
12772,47635,320,Last-Touch
12773,47638,163,Last-Touch
12774,47639,311,Last-Touch
12775,47658,40,Last-Touch
12776,47666,306,Last-Touch
12777,47676,60,Last-Touch
12778,47677,164,Last-Touch
12779,47685,354,Last-Touch
12780,47691,306,Last-Touch
12781,47692,43,Last-Touch
12782,47696,270,Last-Touch
12783,47698,426,Last-Touch
12784,47700,381,Last-Touch
12785,47702,360,Last-Touch
12786,47707,28,Last-Touch
12787,47710,333,Last-Touch
12788,47715,261,Last-Touch
12789,47716,280,Last-Touch
12790,47717,281,Last-Touch
12791,47718,232,Last-Touch
12792,47723,210,Last-Touch
12793,47726,310,Last-Touch
12794,47727,398,Last-Touch
12795,47729,92,Last-Touch
12796,47734,212,Last-Touch
12797,47737,15,Last-Touch
12798,47741,13,Last-Touch
12799,47743,265,Last-Touch
12800,47745,240,Last-Touch
12801,47747,198,Last-Touch
12802,47750,353,Last-Touch
12803,47757,69,Last-Touch
12804,47762,434,Last-Touch
12805,47765,421,Last-Touch
12806,47766,38,Last-Touch
12807,47767,70,Last-Touch
12808,47771,186,Last-Touch
12809,47773,355,Last-Touch
12810,47774,454,Last-Touch
12811,47778,376,Last-Touch
12812,47781,348,Last-Touch
12813,47782,105,Last-Touch
12814,47784,51,Last-Touch
12815,47785,232,Last-Touch
12816,47789,142,Last-Touch
12817,47793,36,Last-Touch
12818,47794,217,Last-Touch
12819,47795,382,Last-Touch
12820,47798,371,Last-Touch
12821,47800,89,Last-Touch
12822,47802,189,Last-Touch
12823,47805,428,Last-Touch
12824,47806,366,Last-Touch
12825,47808,32,Last-Touch
12826,47809,13,Last-Touch
12827,47811,254,Last-Touch
12828,47815,372,Last-Touch
12829,47816,177,Last-Touch
12830,47821,478,Last-Touch
12831,47822,340,Last-Touch
12832,47823,136,Last-Touch
12833,47824,374,Last-Touch
12834,47831,72,Last-Touch
12835,47835,66,Last-Touch
12836,47839,172,Last-Touch
12837,47841,11,Last-Touch
12838,47854,117,Last-Touch
12839,47858,338,Last-Touch
12840,47859,362,Last-Touch
12841,47860,352,Last-Touch
12842,47861,158,Last-Touch
12843,47862,22,Last-Touch
12844,47873,182,Last-Touch
12845,47874,299,Last-Touch
12846,47882,301,Last-Touch
12847,47892,329,Last-Touch
12848,47893,50,Last-Touch
12849,47895,235,Last-Touch
12850,47898,223,Last-Touch
12851,47901,110,Last-Touch
12852,47902,445,Last-Touch
12853,47903,418,Last-Touch
12854,47910,83,Last-Touch
12855,47914,47,Last-Touch
12856,47915,281,Last-Touch
12857,47919,281,Last-Touch
12858,47920,71,Last-Touch
12859,47921,265,Last-Touch
12860,47923,15,Last-Touch
12861,47924,241,Last-Touch
12862,47927,150,Last-Touch
12863,47929,305,Last-Touch
12864,47932,233,Last-Touch
12865,47933,182,Last-Touch
12866,47944,281,Last-Touch
12867,47945,139,Last-Touch
12868,47946,28,Last-Touch
12869,47954,399,Last-Touch
12870,47957,114,Last-Touch
12871,47958,338,Last-Touch
12872,47968,356,Last-Touch
12873,47970,482,Last-Touch
12874,47971,282,Last-Touch
12875,47972,292,Last-Touch
12876,47992,96,Last-Touch
12877,47993,122,Last-Touch
12878,48004,65,Last-Touch
12879,48008,224,Last-Touch
12880,48013,26,Last-Touch
12881,48019,216,Last-Touch
12882,48022,350,Last-Touch
12883,48034,178,Last-Touch
12884,48041,235,Last-Touch
12885,48042,189,Last-Touch
12886,48044,465,Last-Touch
12887,48053,281,Last-Touch
12888,48054,27,Last-Touch
12889,48066,201,Last-Touch
12890,48067,354,Last-Touch
12891,48071,487,Last-Touch
12892,48076,366,Last-Touch
12893,48078,10,Last-Touch
12894,48082,163,Last-Touch
12895,48083,175,Last-Touch
12896,48085,79,Last-Touch
12897,48086,122,Last-Touch
12898,48088,175,Last-Touch
12899,48090,289,Last-Touch
12900,48097,50,Last-Touch
12901,48101,112,Last-Touch
12902,48107,389,Last-Touch
12903,48109,207,Last-Touch
12904,48120,132,Last-Touch
12905,48122,410,Last-Touch
12906,48128,397,Last-Touch
12907,48129,491,Last-Touch
12908,48135,455,Last-Touch
12909,48136,399,Last-Touch
12910,48138,329,Last-Touch
12911,48140,99,Last-Touch
12912,48141,50,Last-Touch
12913,48146,140,Last-Touch
12914,48150,467,Last-Touch
12915,48155,402,Last-Touch
12916,48156,479,Last-Touch
12917,48157,241,Last-Touch
12918,48158,289,Last-Touch
12919,48167,151,Last-Touch
12920,48169,153,Last-Touch
12921,48171,354,Last-Touch
12922,48176,112,Last-Touch
12923,48177,391,Last-Touch
12924,48182,142,Last-Touch
12925,48184,130,Last-Touch
12926,48187,393,Last-Touch
12927,48191,363,Last-Touch
12928,48193,228,Last-Touch
12929,48195,37,Last-Touch
12930,48200,153,Last-Touch
12931,48203,46,Last-Touch
12932,48209,409,Last-Touch
12933,48211,378,Last-Touch
12934,48215,4,Last-Touch
12935,48218,280,Last-Touch
12936,48232,334,Last-Touch
12937,48234,359,Last-Touch
12938,48237,346,Last-Touch
12939,48239,257,Last-Touch
12940,48244,189,Last-Touch
12941,48256,166,Last-Touch
12942,48257,372,Last-Touch
12943,48259,380,Last-Touch
12944,48269,106,Last-Touch
12945,48271,449,Last-Touch
12946,48272,7,Last-Touch
12947,48277,326,Last-Touch
12948,48280,246,Last-Touch
12949,48281,278,Last-Touch
12950,48282,485,Last-Touch
12951,48287,54,Last-Touch
12952,48295,64,Last-Touch
12953,48302,205,Last-Touch
12954,48303,450,Last-Touch
12955,48304,201,Last-Touch
12956,48311,303,Last-Touch
12957,48313,136,Last-Touch
12958,48315,215,Last-Touch
12959,48316,413,Last-Touch
12960,48317,373,Last-Touch
12961,48322,316,Last-Touch
12962,48330,395,Last-Touch
12963,48336,251,Last-Touch
12964,48337,406,Last-Touch
12965,48346,186,Last-Touch
12966,48348,3,Last-Touch
12967,48357,429,Last-Touch
12968,48358,156,Last-Touch
12969,48361,90,Last-Touch
12970,48362,467,Last-Touch
12971,48369,89,Last-Touch
12972,48374,219,Last-Touch
12973,48384,231,Last-Touch
12974,48390,18,Last-Touch
12975,48394,353,Last-Touch
12976,48402,367,Last-Touch
12977,48403,44,Last-Touch
12978,48405,343,Last-Touch
12979,48406,464,Last-Touch
12980,48408,331,Last-Touch
12981,48416,392,Last-Touch
12982,48422,284,Last-Touch
12983,48424,331,Last-Touch
12984,48428,393,Last-Touch
12985,48430,148,Last-Touch
12986,48433,350,Last-Touch
12987,48439,33,Last-Touch
12988,48447,70,Last-Touch
12989,48448,124,Last-Touch
12990,48450,85,Last-Touch
12991,48451,412,Last-Touch
12992,48452,413,Last-Touch
12993,48453,217,Last-Touch
12994,48456,262,Last-Touch
12995,48457,383,Last-Touch
12996,48460,483,Last-Touch
12997,48465,26,Last-Touch
12998,48473,48,Last-Touch
12999,48479,237,Last-Touch
13000,48486,165,Last-Touch
13001,48487,405,Last-Touch
13002,48492,483,Last-Touch
13003,48500,434,Last-Touch
13004,48501,352,Last-Touch
13005,48504,445,Last-Touch
13006,48505,67,Last-Touch
13007,48511,448,Last-Touch
13008,48512,30,Last-Touch
13009,48517,212,Last-Touch
13010,48518,13,Last-Touch
13011,48519,264,Last-Touch
13012,48528,345,Last-Touch
13013,48537,126,Last-Touch
13014,48538,209,Last-Touch
13015,48542,19,Last-Touch
13016,48547,13,Last-Touch
13017,48557,69,Last-Touch
13018,48565,232,Last-Touch
13019,48569,395,Last-Touch
13020,48572,158,Last-Touch
13021,48588,38,Last-Touch
13022,48592,227,Last-Touch
13023,48594,391,Last-Touch
13024,48598,298,Last-Touch
13025,48599,233,Last-Touch
13026,48600,141,Last-Touch
13027,48603,56,Last-Touch
13028,48604,75,Last-Touch
13029,48605,217,Last-Touch
13030,48607,389,Last-Touch
13031,48611,357,Last-Touch
13032,48625,262,Last-Touch
13033,48628,91,Last-Touch
13034,48630,118,Last-Touch
13035,48631,89,Last-Touch
13036,48637,210,Last-Touch
13037,48640,62,Last-Touch
13038,48642,306,Last-Touch
13039,48647,174,Last-Touch
13040,48648,458,Last-Touch
13041,48651,151,Last-Touch
13042,48654,85,Last-Touch
13043,48656,469,Last-Touch
13044,48661,84,Last-Touch
13045,48666,135,Last-Touch
13046,48671,213,Last-Touch
13047,48677,150,Last-Touch
13048,48679,121,Last-Touch
13049,48684,81,Last-Touch
13050,48687,338,Last-Touch
13051,48688,335,Last-Touch
13052,48692,87,Last-Touch
13053,48694,128,Last-Touch
13054,48700,112,Last-Touch
13055,48702,421,Last-Touch
13056,48704,485,Last-Touch
13057,48705,107,Last-Touch
13058,48708,489,Last-Touch
13059,48717,281,Last-Touch
13060,48721,287,Last-Touch
13061,48723,394,Last-Touch
13062,48725,440,Last-Touch
13063,48728,326,Last-Touch
13064,48729,456,Last-Touch
13065,48731,159,Last-Touch
13066,48735,84,Last-Touch
13067,48745,305,Last-Touch
13068,48747,244,Last-Touch
13069,48753,157,Last-Touch
13070,48754,39,Last-Touch
13071,48760,196,Last-Touch
13072,48764,367,Last-Touch
13073,48766,399,Last-Touch
13074,48768,71,Last-Touch
13075,48771,37,Last-Touch
13076,48772,262,Last-Touch
13077,48777,272,Last-Touch
13078,48784,181,Last-Touch
13079,48790,87,Last-Touch
13080,48791,435,Last-Touch
13081,48792,56,Last-Touch
13082,48793,72,Last-Touch
13083,48794,74,Last-Touch
13084,48799,251,Last-Touch
13085,48801,484,Last-Touch
13086,48802,52,Last-Touch
13087,48806,479,Last-Touch
13088,48817,262,Last-Touch
13089,48823,96,Last-Touch
13090,48824,399,Last-Touch
13091,48828,36,Last-Touch
13092,48834,360,Last-Touch
13093,48836,357,Last-Touch
13094,48837,54,Last-Touch
13095,48841,455,Last-Touch
13096,48847,246,Last-Touch
13097,48848,231,Last-Touch
13098,48850,401,Last-Touch
13099,48852,89,Last-Touch
13100,48853,392,Last-Touch
13101,48854,424,Last-Touch
13102,48855,311,Last-Touch
13103,48858,130,Last-Touch
13104,48865,15,Last-Touch
13105,48866,174,Last-Touch
13106,48867,147,Last-Touch
13107,48871,168,Last-Touch
13108,48874,440,Last-Touch
13109,48875,251,Last-Touch
13110,48879,251,Last-Touch
13111,48882,432,Last-Touch
13112,48884,109,Last-Touch
13113,48886,429,Last-Touch
13114,48888,464,Last-Touch
13115,48891,83,Last-Touch
13116,48892,329,Last-Touch
13117,48895,443,Last-Touch
13118,48897,275,Last-Touch
13119,48898,279,Last-Touch
13120,48900,352,Last-Touch
13121,48903,182,Last-Touch
13122,48906,90,Last-Touch
13123,48912,124,Last-Touch
13124,48915,418,Last-Touch
13125,48920,11,Last-Touch
13126,48926,24,Last-Touch
13127,48934,271,Last-Touch
13128,48943,105,Last-Touch
13129,48949,373,Last-Touch
13130,48953,45,Last-Touch
13131,48955,413,Last-Touch
13132,48957,275,Last-Touch
13133,48963,155,Last-Touch
13134,48965,402,Last-Touch
13135,48967,75,Last-Touch
13136,48968,492,Last-Touch
13137,48971,124,Last-Touch
13138,48973,465,Last-Touch
13139,48974,161,Last-Touch
13140,48986,238,Last-Touch
13141,48987,24,Last-Touch
13142,48996,324,Last-Touch
13143,48998,309,Last-Touch
13144,48999,350,Last-Touch
13145,49001,337,Last-Touch
13146,49004,374,Last-Touch
13147,49005,397,Last-Touch
13148,49006,404,Last-Touch
13149,49019,470,Last-Touch
13150,49022,298,Last-Touch
13151,49025,461,Last-Touch
13152,49029,174,Last-Touch
13153,49031,89,Last-Touch
13154,49032,353,Last-Touch
13155,49039,55,Last-Touch
13156,49040,401,Last-Touch
13157,49046,98,Last-Touch
13158,49047,227,Last-Touch
13159,49048,364,Last-Touch
13160,49050,340,Last-Touch
13161,49051,21,Last-Touch
13162,49056,404,Last-Touch
13163,49057,364,Last-Touch
13164,49065,452,Last-Touch
13165,49067,87,Last-Touch
13166,49068,336,Last-Touch
13167,49074,445,Last-Touch
13168,49086,8,Last-Touch
13169,49089,119,Last-Touch
13170,49091,63,Last-Touch
13171,49095,47,Last-Touch
13172,49099,67,Last-Touch
13173,49104,84,Last-Touch
13174,49112,229,Last-Touch
13175,49115,370,Last-Touch
13176,49116,373,Last-Touch
13177,49122,418,Last-Touch
13178,49123,354,Last-Touch
13179,49128,295,Last-Touch
13180,49136,394,Last-Touch
13181,49138,232,Last-Touch
13182,49139,57,Last-Touch
13183,49144,17,Last-Touch
13184,49147,188,Last-Touch
13185,49154,203,Last-Touch
13186,49159,495,Last-Touch
13187,49160,393,Last-Touch
13188,49161,117,Last-Touch
13189,49186,163,Last-Touch
13190,49189,223,Last-Touch
13191,49197,262,Last-Touch
13192,49198,60,Last-Touch
13193,49200,408,Last-Touch
13194,49201,295,Last-Touch
13195,49208,203,Last-Touch
13196,49211,338,Last-Touch
13197,49215,343,Last-Touch
13198,49218,184,Last-Touch
13199,49226,33,Last-Touch
13200,49228,13,Last-Touch
13201,49231,493,Last-Touch
13202,49244,77,Last-Touch
13203,49245,189,Last-Touch
13204,49249,254,Last-Touch
13205,49250,17,Last-Touch
13206,49252,352,Last-Touch
13207,49256,460,Last-Touch
13208,49264,126,Last-Touch
13209,49267,85,Last-Touch
13210,49273,263,Last-Touch
13211,49274,268,Last-Touch
13212,49281,54,Last-Touch
13213,49282,492,Last-Touch
13214,49284,348,Last-Touch
13215,49286,118,Last-Touch
13216,49288,106,Last-Touch
13217,49290,56,Last-Touch
13218,49297,460,Last-Touch
13219,49299,371,Last-Touch
13220,49302,229,Last-Touch
13221,49304,136,Last-Touch
13222,49307,410,Last-Touch
13223,49311,209,Last-Touch
13224,49312,286,Last-Touch
13225,49314,84,Last-Touch
13226,49317,20,Last-Touch
13227,49321,77,Last-Touch
13228,49325,196,Last-Touch
13229,49326,171,Last-Touch
13230,49327,42,Last-Touch
13231,49328,450,Last-Touch
13232,49337,182,Last-Touch
13233,49338,134,Last-Touch
13234,49340,300,Last-Touch
13235,49341,192,Last-Touch
13236,49347,364,Last-Touch
13237,49356,488,Last-Touch
13238,49360,124,Last-Touch
13239,49363,282,Last-Touch
13240,49365,454,Last-Touch
13241,49369,130,Last-Touch
13242,49388,240,Last-Touch
13243,49392,101,Last-Touch
13244,49393,306,Last-Touch
13245,49395,7,Last-Touch
13246,49398,46,Last-Touch
13247,49399,189,Last-Touch
13248,49402,311,Last-Touch
13249,49408,227,Last-Touch
13250,49409,323,Last-Touch
13251,49411,363,Last-Touch
13252,49414,470,Last-Touch
13253,49418,356,Last-Touch
13254,49420,327,Last-Touch
13255,49425,153,Last-Touch
13256,49429,257,Last-Touch
13257,49430,396,Last-Touch
13258,49431,445,Last-Touch
13259,49435,348,Last-Touch
13260,49454,189,Last-Touch
13261,49455,150,Last-Touch
13262,49456,321,Last-Touch
13263,49457,416,Last-Touch
13264,49464,106,Last-Touch
13265,49465,86,Last-Touch
13266,49466,304,Last-Touch
13267,49467,153,Last-Touch
13268,49471,398,Last-Touch
13269,49474,201,Last-Touch
13270,49480,237,Last-Touch
13271,49483,367,Last-Touch
13272,49489,173,Last-Touch
13273,49494,239,Last-Touch
13274,49498,312,Last-Touch
13275,49499,454,Last-Touch
13276,49503,28,Last-Touch
13277,49517,48,Last-Touch
13278,49524,43,Last-Touch
13279,49526,410,Last-Touch
13280,49533,340,Last-Touch
13281,49536,309,Last-Touch
13282,49542,344,Last-Touch
13283,49548,48,Last-Touch
13284,49549,291,Last-Touch
13285,49552,128,Last-Touch
13286,49553,336,Last-Touch
13287,49558,185,Last-Touch
13288,49559,72,Last-Touch
13289,49564,155,Last-Touch
13290,49572,465,Last-Touch
13291,49574,89,Last-Touch
13292,49583,487,Last-Touch
13293,49590,181,Last-Touch
13294,49591,31,Last-Touch
13295,49593,406,Last-Touch
13296,49594,305,Last-Touch
13297,49595,310,Last-Touch
13298,49599,346,Last-Touch
13299,49604,238,Last-Touch
13300,49606,86,Last-Touch
13301,49613,23,Last-Touch
13302,49616,353,Last-Touch
13303,49617,281,Last-Touch
13304,49627,352,Last-Touch
13305,49629,354,Last-Touch
13306,49633,462,Last-Touch
13307,49640,339,Last-Touch
13308,49644,470,Last-Touch
13309,49647,273,Last-Touch
13310,49651,286,Last-Touch
13311,49656,449,Last-Touch
13312,49657,311,Last-Touch
13313,49658,100,Last-Touch
13314,49659,462,Last-Touch
13315,49662,266,Last-Touch
13316,49663,339,Last-Touch
13317,49664,119,Last-Touch
13318,49665,10,Last-Touch
13319,49667,131,Last-Touch
13320,49673,461,Last-Touch
13321,49683,223,Last-Touch
13322,49684,497,Last-Touch
13323,49687,252,Last-Touch
13324,49694,339,Last-Touch
13325,49696,342,Last-Touch
13326,49698,44,Last-Touch
13327,49699,391,Last-Touch
13328,49700,418,Last-Touch
13329,49702,380,Last-Touch
13330,49707,187,Last-Touch
13331,49711,178,Last-Touch
13332,49719,378,Last-Touch
13333,49727,100,Last-Touch
13334,49733,417,Last-Touch
13335,49735,273,Last-Touch
13336,49737,419,Last-Touch
13337,49743,371,Last-Touch
13338,49745,201,Last-Touch
13339,49747,284,Last-Touch
13340,49754,482,Last-Touch
13341,49769,234,Last-Touch
13342,49770,314,Last-Touch
13343,49773,174,Last-Touch
13344,49777,215,Last-Touch
13345,49778,171,Last-Touch
13346,49780,295,Last-Touch
13347,49781,411,Last-Touch
13348,49782,231,Last-Touch
13349,49784,347,Last-Touch
13350,49785,350,Last-Touch
13351,49787,86,Last-Touch
13352,49790,450,Last-Touch
13353,49791,105,Last-Touch
13354,49792,408,Last-Touch
13355,49798,231,Last-Touch
13356,49801,128,Last-Touch
13357,49803,435,Last-Touch
13358,49806,443,Last-Touch
13359,49808,309,Last-Touch
13360,49815,362,Last-Touch
13361,49816,446,Last-Touch
13362,49817,341,Last-Touch
13363,49818,477,Last-Touch
13364,49821,422,Last-Touch
13365,49827,362,Last-Touch
13366,49831,305,Last-Touch
13367,49835,298,Last-Touch
13368,49844,237,Last-Touch
13369,49845,488,Last-Touch
13370,49846,110,Last-Touch
13371,49848,161,Last-Touch
13372,49849,272,Last-Touch
13373,49851,61,Last-Touch
13374,49852,180,Last-Touch
13375,49853,7,Last-Touch
13376,49854,370,Last-Touch
13377,49857,14,Last-Touch
13378,49860,270,Last-Touch
13379,49862,75,Last-Touch
13380,49865,402,Last-Touch
13381,49868,470,Last-Touch
13382,49869,180,Last-Touch
13383,49870,168,Last-Touch
13384,49874,491,Last-Touch
13385,49875,331,Last-Touch
13386,49877,276,Last-Touch
13387,49878,344,Last-Touch
13388,49879,309,Last-Touch
13389,49887,157,Last-Touch
13390,49889,278,Last-Touch
13391,49890,27,Last-Touch
13392,49894,153,Last-Touch
13393,49895,13,Last-Touch
13394,49896,335,Last-Touch
13395,49911,378,Last-Touch
13396,49912,171,Last-Touch
13397,49922,487,Last-Touch
13398,49925,244,Last-Touch
13399,49930,248,Last-Touch
13400,49934,239,Last-Touch
13401,49937,323,Last-Touch
13402,49943,53,Last-Touch
13403,49951,378,Last-Touch
13404,49952,148,Last-Touch
13405,49956,353,Last-Touch
13406,49966,86,Last-Touch
13407,49969,471,Last-Touch
13408,49971,27,Last-Touch
13409,49977,63,Last-Touch
13410,49979,343,Last-Touch
13411,49980,272,Last-Touch
13412,49984,424,Last-Touch
13413,49986,314,Last-Touch
13414,49987,292,Last-Touch
13415,49991,485,Last-Touch
13416,49996,364,Last-Touch
13417,49998,404,Last-Touch
13418,49999,325,Last-Touch
