product_id,sku,barcode,product_name,department,brand,cost_price,selling_price,mrp,gst_percent,color,size,warranty_months,rating,review_count,status
1,SKU000001,963624212149,Puma Jeans,Fashion,Puma,8671,9748.99,10236.44,12,Black,L,22,4.1,4064,Active
2,SKU000002,329261827993,LG Storage Box,Home,LG,2890,3799.11,3989.07,18,Black,M,7,4.0,3181,Discontinued
3,SKU000003,189506389162,Puma Jeans,Fashion,Puma,44134,54241.22,56953.28,12,Red,S,22,3.7,3359,Discontinued
4,SKU000004,729679922232,Nike Shoes,Fashion,Nike,39300,49300.84,51765.88,12,White,L,1,4.1,1958,Discontinued
5,SKU000005,835395616928,LG Table,Home,LG,49755,68882.82,72326.96,18,Black,NA,17,4.3,2844,Discontinued
6,SKU000006,636446156512,Samsung Laptop,Electronics,Samsung,31548,39302.82,41267.96,18,White,NA,21,4.6,2786,Active
7,SKU000007,013244073259,Nike Jeans,Fashion,Nike,24386,32427.39,34048.76,12,Blue,S,9,4.3,3565,Active
8,SKU000008,438869091828,Amul Butter,Groceries,Amul,14625,20243.19,21255.35,5,Black,S,21,3.7,2889,Active
9,SKU000009,448270527273,Britannia Tea,Groceries,Britannia,12766,17725.83,18612.12,5,Black,M,22,4.8,4465,Active
10,SKU000010,341573244280,Apple Laptop,Electronics,Apple,27394,32745.9,34383.19,18,Blue,NA,22,3.7,478,Active
11,SKU000011,577786388719,IKEA Storage Box,Home,IKEA,47109,53014.0,55664.7,18,Blue,M,3,4.8,4341,Active
12,SKU000012,736399399794,Apple Laptop,Electronics,Apple,17529,21235.11,22296.87,18,Blue,L,16,4.3,4335,Discontinued
13,SKU000013,648085641808,Sony Cookware,Home,Sony,8110,9513.29,9988.95,18,Black,M,15,4.1,643,Active
14,SKU000014,759759520209,Amul Milk,Groceries,Amul,26845,32064.56,33667.79,5,Black,S,11,3.5,260,Discontinued
15,SKU000015,527501393167,Amul Butter,Groceries,Amul,38118,44732.4,46969.02,5,Blue,XL,10,4.5,2297,Active
16,SKU000016,498923405979,Puma T-Shirt,Fashion,Puma,18984,22300.31,23415.33,12,Black,S,9,3.9,1023,Discontinued
17,SKU000017,209405759366,Adidas Jeans,Fashion,Adidas,14611,16213.32,17023.99,12,White,L,0,4.8,1872,Active
18,SKU000018,533149664007,Britannia Cookies,Groceries,Britannia,1163,1568.75,1647.19,5,Blue,L,0,3.7,744,Discontinued
19,SKU000019,375537890258,LG Headphones,Electronics,LG,33359,46410.44,48730.96,18,White,M,22,4.3,3434,Discontinued
20,SKU000020,442256774911,LG Storage Box,Home,LG,49779,64594.68,67824.41,18,Blue,S,22,4.9,2800,Discontinued
21,SKU000021,359552277830,Apple Headphones,Electronics,Apple,34233,41549.83,43627.32,18,Blue,M,12,4.8,855,Discontinued
22,SKU000022,078198336099,LG Chair,Home,LG,43300,55986.12,58785.43,18,Black,L,11,4.0,592,Active
23,SKU000023,590298224924,Britannia Tea,Groceries,Britannia,405,501.5,526.58,5,White,L,3,4.4,4467,Active
24,SKU000024,748328737476,Apple Laptop,Electronics,Apple,10122,13095.68,13750.46,18,Black,L,5,3.6,1325,Active
25,SKU000025,902193052109,Adidas Jacket,Fashion,Adidas,31127,35057.02,36809.87,12,White,L,2,3.8,2521,Discontinued
26,SKU000026,335451038028,Samsung Laptop,Electronics,Samsung,3461,4487.02,4711.37,18,Black,L,21,4.8,3562,Discontinued
27,SKU000027,892532543423,Adidas Jeans,Fashion,Adidas,11229,15159.5,15917.48,12,Red,XL,9,3.6,544,Discontinued
28,SKU000028,816049398572,LG Storage Box,Home,LG,31151,35368.4,37136.82,18,White,XL,8,4.2,447,Discontinued
29,SKU000029,937511170752,IKEA Chair,Home,IKEA,42475,47295.93,49660.73,18,Blue,M,6,4.0,1821,Discontinued
30,SKU000030,065395742259,Sony Cookware,Home,Sony,20980,27011.39,28361.96,18,Red,XL,7,3.6,1859,Discontinued
31,SKU000031,717972207217,Britannia Milk,Groceries,Britannia,6791,8352.27,8769.88,5,Blue,NA,10,4.6,1807,Active
32,SKU000032,993180625048,Nike Shoes,Fashion,Nike,11066,12415.73,13036.52,12,Red,L,0,4.2,2071,Discontinued
33,SKU000033,277562191050,IKEA Chair,Home,IKEA,6623,7610.73,7991.27,18,Blue,M,2,4.0,2794,Discontinued
34,SKU000034,499661036340,Britannia Cookies,Groceries,Britannia,3031,3634.28,3815.99,5,Black,S,5,4.3,2730,Discontinued
35,SKU000035,276685840367,Adidas Shoes,Fashion,Adidas,3518,4538.04,4764.94,12,Blue,M,7,3.9,171,Active
36,SKU000036,134562728433,Puma Shoes,Fashion,Puma,49235,56140.82,58947.86,12,Black,M,16,3.9,1827,Active
37,SKU000037,371477492869,Puma Jacket,Fashion,Puma,17249,23645.3,24827.56,12,Blue,S,18,4.2,3051,Active
38,SKU000038,556452248690,Amul Milk,Groceries,Amul,21705,24651.16,25883.72,5,Blue,NA,2,3.9,4645,Discontinued
39,SKU000039,806794752790,IKEA Cookware,Home,IKEA,36904,49688.76,52173.2,18,Blue,XL,3,4.9,3905,Active
40,SKU000040,570852446424,LG Table,Home,LG,921,1170.16,1228.67,18,Black,S,2,3.5,1303,Discontinued
41,SKU000041,266365917701,Nike Jeans,Fashion,Nike,10575,13691.18,14375.74,12,White,XL,12,4.6,2008,Discontinued
42,SKU000042,423067752806,Adidas Jacket,Fashion,Adidas,34470,38203.28,40113.44,12,Blue,L,6,4.7,4436,Active
43,SKU000043,452394069750,Puma Shoes,Fashion,Puma,5499,6388.43,6707.85,12,White,XL,6,5.0,123,Active
44,SKU000044,744729405634,LG Cookware,Home,LG,30594,38554.45,40482.17,18,Red,S,15,3.9,54,Active
45,SKU000045,496483361661,Sony Headphones,Electronics,Sony,19671,24368.27,25586.68,18,Black,L,22,4.0,922,Active
46,SKU000046,012669777327,LG Chair,Home,LG,16026,20687.22,21721.58,18,White,M,1,4.2,270,Discontinued
47,SKU000047,865183059101,IKEA Table,Home,IKEA,42101,49006.37,51456.69,18,Black,S,22,3.5,2628,Active
48,SKU000048,449346391273,Amul Tea,Groceries,Amul,29244,35535.65,37312.43,5,Blue,S,13,4.1,3390,Active
49,SKU000049,586477844889,IKEA Table,Home,IKEA,45825,56151.32,58958.89,18,White,M,15,4.8,1565,Discontinued
50,SKU000050,543650464345,Apple Headphones,Electronics,Apple,46683,53592.43,56272.05,18,Red,XL,24,4.9,1030,Active
51,SKU000051,822984092187,Samsung Laptop,Electronics,Samsung,43214,50539.51,53066.49,18,Black,XL,19,4.3,2263,Discontinued
52,SKU000052,017103094397,Puma Jacket,Fashion,Puma,6614,7784.51,8173.74,12,Red,XL,19,3.7,2218,Discontinued
53,SKU000053,393889545864,Amul Milk,Groceries,Amul,18699,21216.19,22277.0,5,Red,NA,11,3.8,804,Active
54,SKU000054,185749554190,Nike T-Shirt,Fashion,Nike,23543,27781.02,29170.07,12,Red,XL,23,3.7,2579,Discontinued
55,SKU000055,437957784792,Nike Jeans,Fashion,Nike,15772,18870.82,19814.36,12,Blue,L,10,3.9,3354,Discontinued
56,SKU000056,645768373960,LG Storage Box,Home,LG,4545,5994.85,6294.59,18,White,M,9,4.5,125,Discontinued
57,SKU000057,840655829050,LG Smartphone,Electronics,LG,45051,61319.75,64385.74,18,Red,NA,24,3.8,1580,Discontinued
58,SKU000058,407110495659,Adidas Jeans,Fashion,Adidas,39933,50134.1,52640.81,12,Red,L,18,3.5,654,Active
59,SKU000059,277938311892,Sony Chair,Home,Sony,41347,47676.97,50060.82,18,Black,NA,10,4.8,1143,Active
60,SKU000060,541803219167,Britannia Cookies,Groceries,Britannia,7465,8215.81,8626.6,5,Red,XL,4,5.0,500,Active
61,SKU000061,750624008424,Sony Storage Box,Home,Sony,43039,58043.8,60945.99,18,Blue,S,16,3.7,2819,Discontinued
62,SKU000062,332991957050,Nike Shoes,Fashion,Nike,44248,60192.21,63201.82,12,Blue,L,6,3.7,4664,Discontinued
63,SKU000063,158922885090,Samsung Smart Watch,Electronics,Samsung,27206,32040.15,33642.16,18,Red,L,9,4.3,4166,Active
64,SKU000064,697889303059,Samsung Smart Watch,Electronics,Samsung,38785,46697.89,49032.78,18,Red,L,11,4.0,4411,Discontinued
65,SKU000065,195658819413,Amul Cookies,Groceries,Amul,25314,31520.08,33096.08,5,White,XL,20,4.3,2506,Active
66,SKU000066,764040448504,Sony Laptop,Electronics,Sony,3356,4085.59,4289.87,18,Blue,L,19,4.0,1515,Active
67,SKU000067,624308421691,LG Smart Watch,Electronics,LG,6461,7988.25,8387.66,18,Black,NA,17,3.9,4953,Active
68,SKU000068,721962132752,Nike T-Shirt,Fashion,Nike,8934,10722.41,11258.53,12,Red,XL,19,3.5,4246,Discontinued
69,SKU000069,712946367185,Sony Laptop,Electronics,Sony,9895,10916.95,11462.8,18,Black,L,3,4.9,3080,Discontinued
70,SKU000070,901602724207,Sony Cookware,Home,Sony,12364,14868.53,15611.96,18,Red,NA,8,4.8,4759,Discontinued
71,SKU000071,002554938067,Puma Jacket,Fashion,Puma,21339,29324.42,30790.64,12,Red,XL,8,4.1,2513,Discontinued
72,SKU000072,792388129564,Sony Storage Box,Home,Sony,20407,25986.89,27286.23,18,Black,M,24,3.9,1264,Active
73,SKU000073,150341632481,Amul Cookies,Groceries,Amul,46004,60785.61,63824.89,5,Red,S,0,4.0,1598,Active
74,SKU000074,508068738909,IKEA Cookware,Home,IKEA,7497,10260.47,10773.49,18,Black,L,10,4.3,1039,Discontinued
75,SKU000075,207869471355,Samsung Laptop,Electronics,Samsung,3191,3963.47,4161.64,18,Blue,NA,23,3.9,181,Active
76,SKU000076,689658968750,Samsung Smart Watch,Electronics,Samsung,34911,39537.4,41514.27,18,White,L,0,4.8,3493,Active
77,SKU000077,919775700334,LG Chair,Home,LG,39350,49269.28,51732.74,18,Black,S,2,4.6,145,Discontinued
78,SKU000078,743282864040,Amul Cookies,Groceries,Amul,13689,15060.47,15813.49,5,Black,XL,0,3.7,4182,Discontinued
79,SKU000079,403289031464,Apple Headphones,Electronics,Apple,3964,5183.67,5442.85,18,Blue,M,17,3.7,3860,Discontinued
80,SKU000080,601572977690,Apple Smart Watch,Electronics,Apple,20004,25257.35,26520.22,18,Blue,L,6,3.5,1495,Active
81,SKU000081,736957671489,IKEA Storage Box,Home,IKEA,5841,7061.26,7414.32,18,White,S,13,3.7,3387,Discontinued
82,SKU000082,265777947939,LG Headphones,Electronics,LG,44038,54289.34,57003.81,18,Black,L,13,3.8,178,Discontinued
83,SKU000083,217880643030,IKEA Storage Box,Home,IKEA,36986,44082.5,46286.62,18,White,XL,9,3.7,4559,Active
84,SKU000084,279997390676,Adidas Jeans,Fashion,Adidas,14809,19094.76,20049.5,12,Red,M,18,3.7,1554,Discontinued
85,SKU000085,429855016570,Apple Smartphone,Electronics,Apple,45008,61438.12,64510.03,18,Black,L,18,4.6,1891,Discontinued
86,SKU000086,563088463676,LG Laptop,Electronics,LG,12130,14008.13,14708.54,18,White,XL,13,4.3,2943,Discontinued
87,SKU000087,047468204178,IKEA Cookware,Home,IKEA,27168,33149.78,34807.27,18,White,XL,8,4.7,1426,Active
88,SKU000088,584284794107,Apple Headphones,Electronics,Apple,31776,36022.73,37823.87,18,Black,L,1,4.5,392,Discontinued
89,SKU000089,170137421195,LG Laptop,Electronics,LG,5636,6441.28,6763.34,18,Red,NA,10,4.9,4403,Active
90,SKU000090,183968198431,Britannia Cookies,Groceries,Britannia,4277,5805.78,6096.07,5,Black,M,2,3.6,1316,Discontinued
91,SKU000091,882415570360,LG Cookware,Home,LG,30661,36347.56,38164.94,18,White,L,4,4.3,3883,Active
92,SKU000092,387707051214,LG Chair,Home,LG,17828,19869.13,20862.59,18,Red,S,12,3.9,1122,Discontinued
93,SKU000093,715478337087,Apple Headphones,Electronics,Apple,28965,32292.13,33906.74,18,Blue,XL,11,4.6,3463,Discontinued
94,SKU000094,259626586368,Amul Tea,Groceries,Amul,8406,9536.65,10013.48,5,Red,M,18,4.4,3741,Active
95,SKU000095,091685696441,Puma Jeans,Fashion,Puma,11123,12634.24,13265.95,12,White,NA,0,4.9,1606,Discontinued
96,SKU000096,829966322325,Amul Cookies,Groceries,Amul,32670,45364.15,47632.36,5,White,NA,23,4.5,2630,Active
97,SKU000097,021428875962,IKEA Chair,Home,IKEA,7712,8619.61,9050.59,18,Red,NA,7,3.8,2016,Discontinued
98,SKU000098,288589219051,Britannia Butter,Groceries,Britannia,33078,41932.41,44029.03,5,Blue,L,7,4.1,3292,Discontinued
99,SKU000099,571870422705,Puma Jacket,Fashion,Puma,46030,58832.09,61773.69,12,Red,M,6,4.0,1505,Active
100,SKU000100,118268186102,LG Storage Box,Home,LG,39728,49725.75,52212.04,18,Blue,XL,3,3.8,1170,Discontinued
101,SKU000101,545230659781,Adidas Jeans,Fashion,Adidas,26718,37178.48,39037.4,12,Black,L,4,3.9,2649,Discontinued
102,SKU000102,008156420199,IKEA Storage Box,Home,IKEA,39724,50246.18,52758.49,18,Blue,XL,9,4.3,331,Discontinued
103,SKU000103,269316309213,Puma Jeans,Fashion,Puma,46167,58738.83,61675.77,12,White,M,0,3.7,1152,Discontinued
104,SKU000104,433394073420,Amul Tea,Groceries,Amul,20771,25216.99,26477.84,5,Red,M,20,4.2,4381,Active
105,SKU000105,882961480289,Puma Jacket,Fashion,Puma,37288,51338.62,53905.55,12,Red,S,12,4.5,586,Discontinued
106,SKU000106,943754474968,Amul Milk,Groceries,Amul,33195,43072.12,45225.73,5,Blue,NA,13,4.4,4611,Active
107,SKU000107,487557841155,Nike Jacket,Fashion,Nike,9541,12056.45,12659.27,12,White,M,8,4.3,2015,Active
108,SKU000108,433550781160,Samsung Smart Watch,Electronics,Samsung,13468,16065.82,16869.11,18,Black,NA,23,4.9,2023,Discontinued
109,SKU000109,826953592695,Adidas Jacket,Fashion,Adidas,49242,57298.12,60163.03,12,Blue,L,20,3.7,1044,Active
110,SKU000110,660077689085,Amul Milk,Groceries,Amul,25575,33829.53,35521.01,5,Blue,M,12,4.5,995,Discontinued
111,SKU000111,441661821116,Amul Milk,Groceries,Amul,12521,14598.83,15328.77,5,Red,NA,14,4.5,462,Discontinued
112,SKU000112,371111815973,Amul Butter,Groceries,Amul,48542,64614.29,67845.0,5,Black,NA,5,4.3,4316,Discontinued
113,SKU000113,439788801833,Amul Tea,Groceries,Amul,26946,37189.16,39048.62,5,Blue,NA,13,3.6,3174,Active
114,SKU000114,876145772631,Sony Smart Watch,Electronics,Sony,41567,57124.9,59981.15,18,White,S,17,4.4,1826,Discontinued
115,SKU000115,912477543156,Sony Cookware,Home,Sony,32686,37830.82,39722.36,18,Blue,M,10,4.3,82,Discontinued
116,SKU000116,904087452680,Amul Cookies,Groceries,Amul,43340,50845.28,53387.54,5,Blue,XL,3,4.6,4663,Discontinued
117,SKU000117,825906486511,IKEA Chair,Home,IKEA,22536,29388.58,30858.01,18,Blue,XL,21,5.0,4466,Discontinued
118,SKU000118,784101664700,Sony Smart Watch,Electronics,Sony,21681,26857.04,28199.89,18,Black,M,12,4.1,705,Active
119,SKU000119,105459923218,LG Headphones,Electronics,LG,26713,30472.81,31996.45,18,Black,L,17,4.9,10,Discontinued
120,SKU000120,750489475072,Amul Milk,Groceries,Amul,20373,26536.66,27863.49,5,White,L,7,4.1,192,Discontinued
121,SKU000121,404731916285,Adidas Jacket,Fashion,Adidas,7898,9607.66,10088.04,12,White,XL,12,4.6,3674,Discontinued
122,SKU000122,226433689045,Nike Jeans,Fashion,Nike,23456,28621.79,30052.88,12,Blue,NA,10,4.8,3744,Discontinued
123,SKU000123,485063556327,Nike Jeans,Fashion,Nike,3623,4277.87,4491.76,12,White,L,0,3.8,258,Active
124,SKU000124,304665108047,Nike Shoes,Fashion,Nike,1369,1852.68,1945.31,12,White,S,5,4.7,1450,Discontinued
125,SKU000125,905697133809,Apple Headphones,Electronics,Apple,49501,57442.76,60314.9,18,Red,L,18,3.6,3593,Active
126,SKU000126,792204302177,Britannia Cookies,Groceries,Britannia,38429,45288.42,47552.84,5,Black,M,19,4.8,3589,Active
127,SKU000127,381909946114,Adidas Jeans,Fashion,Adidas,20584,27836.39,29228.21,12,Black,S,18,3.9,4052,Discontinued
128,SKU000128,754636272893,IKEA Storage Box,Home,IKEA,33322,39335.16,41301.92,18,Black,NA,4,4.5,4711,Discontinued
129,SKU000129,124930719126,Adidas Jacket,Fashion,Adidas,7957,10356.71,10874.55,12,Black,NA,11,4.9,896,Discontinued
130,SKU000130,756128509839,IKEA Chair,Home,IKEA,18138,24395.13,25614.89,18,Blue,L,3,4.0,4696,Active
131,SKU000131,986454347132,LG Smartphone,Electronics,LG,23842,28428.71,29850.15,18,Red,L,11,4.1,1651,Active
132,SKU000132,731332313613,Samsung Laptop,Electronics,Samsung,33616,45674.73,47958.47,18,Red,S,2,4.8,4465,Discontinued
133,SKU000133,336501744636,Adidas T-Shirt,Fashion,Adidas,38332,52841.13,55483.19,12,Red,NA,20,4.6,86,Active
134,SKU000134,739791786967,Britannia Butter,Groceries,Britannia,975,1330.2,1396.71,5,Red,L,0,4.9,4400,Active
135,SKU000135,256701964276,Nike Jacket,Fashion,Nike,13233,16426.91,17248.26,12,Black,S,21,3.6,14,Discontinued
136,SKU000136,355950103189,Samsung Headphones,Electronics,Samsung,3799,4551.76,4779.35,18,White,NA,18,3.9,2949,Discontinued
137,SKU000137,348375198749,Britannia Tea,Groceries,Britannia,46031,55409.61,58180.09,5,Blue,S,19,4.8,3255,Discontinued
138,SKU000138,327388873468,Britannia Butter,Groceries,Britannia,17697,21855.72,22948.51,5,Red,XL,8,3.9,3003,Discontinued
139,SKU000139,510790300493,Sony Laptop,Electronics,Sony,4093,5086.12,5340.43,18,Red,NA,8,3.8,1291,Active
140,SKU000140,151559190460,Sony Storage Box,Home,Sony,7406,10359.28,10877.24,18,Red,M,20,4.3,2034,Active
141,SKU000141,991394197788,Apple Smart Watch,Electronics,Apple,4431,6156.18,6463.99,18,Black,M,13,4.3,1872,Discontinued
142,SKU000142,967436204109,Nike Jacket,Fashion,Nike,29458,36686.11,38520.42,12,Black,L,7,4.0,2663,Active
143,SKU000143,447450480415,LG Headphones,Electronics,LG,10185,14211.51,14922.09,18,Blue,M,5,3.6,1026,Active
144,SKU000144,118032530418,LG Table,Home,LG,9621,10790.26,11329.77,18,Red,S,9,3.6,4730,Active
145,SKU000145,898344381126,Puma Jeans,Fashion,Puma,8063,10801.19,11341.25,12,White,NA,22,4.6,4029,Discontinued
146,SKU000146,157329729057,Samsung Laptop,Electronics,Samsung,23142,27311.97,28677.57,18,Blue,L,4,3.7,307,Active
147,SKU000147,916508694776,Sony Table,Home,Sony,13643,18450.29,19372.8,18,Black,M,19,4.8,1780,Discontinued
148,SKU000148,804575476047,Adidas Shoes,Fashion,Adidas,9920,11646.59,12228.92,12,Blue,NA,7,4.3,2338,Discontinued
149,SKU000149,984138398468,Adidas Jeans,Fashion,Adidas,32198,36833.9,38675.6,12,White,L,11,4.4,2235,Active
150,SKU000150,133280905624,Amul Butter,Groceries,Amul,9852,13059.51,13712.49,5,Black,XL,12,4.4,3192,Discontinued
151,SKU000151,703822619085,IKEA Storage Box,Home,IKEA,31510,43431.52,45603.1,18,Black,NA,0,3.7,3415,Discontinued
152,SKU000152,332698784216,Britannia Milk,Groceries,Britannia,29429,34739.74,36476.73,5,Blue,NA,19,4.2,38,Discontinued
153,SKU000153,484738517947,Sony Storage Box,Home,Sony,43754,57179.02,60037.97,18,Black,L,3,3.7,994,Active
154,SKU000154,705771312205,Sony Smartphone,Electronics,Sony,11823,14692.89,15427.53,18,Red,XL,8,5.0,3680,Active
155,SKU000155,817120214159,Puma Jeans,Fashion,Puma,34946,42708.49,44843.91,12,Black,M,0,4.9,3716,Active
156,SKU000156,520120420253,Amul Tea,Groceries,Amul,15451,18472.67,19396.3,5,Blue,XL,22,4.9,3551,Discontinued
157,SKU000157,111155382593,Adidas Shoes,Fashion,Adidas,28077,32886.86,34531.2,12,Blue,M,21,4.2,4837,Discontinued
158,SKU000158,792760093546,Britannia Cookies,Groceries,Britannia,40339,51285.68,53849.96,5,Black,XL,15,4.8,3124,Discontinued
159,SKU000159,899899849274,Sony Laptop,Electronics,Sony,29876,36885.58,38729.86,18,Blue,NA,2,4.2,3261,Discontinued
160,SKU000160,559383323217,Nike Jacket,Fashion,Nike,42002,55580.88,58359.92,12,Black,NA,18,3.7,2674,Discontinued
161,SKU000161,196274540974,Britannia Butter,Groceries,Britannia,24898,30394.71,31914.45,5,Black,NA,0,3.8,3090,Active
162,SKU000162,541396222783,IKEA Cookware,Home,IKEA,11078,14522.87,15249.01,18,Red,XL,20,3.7,765,Active
163,SKU000163,825100088700,Nike Jeans,Fashion,Nike,10214,11644.81,12227.05,12,Red,L,8,3.6,1111,Discontinued
164,SKU000164,029710191214,Sony Table,Home,Sony,33185,42823.83,44965.02,18,Blue,XL,1,3.7,282,Active
165,SKU000165,970952314583,Britannia Milk,Groceries,Britannia,20549,23296.12,24460.93,5,Blue,S,19,4.0,3658,Discontinued
166,SKU000166,617433685152,Sony Smartphone,Electronics,Sony,5031,6269.21,6582.67,18,Red,L,10,4.6,4832,Discontinued
167,SKU000167,891424677227,IKEA Chair,Home,IKEA,15301,21096.21,22151.02,18,Black,NA,12,4.6,4688,Active
168,SKU000168,202664712540,Nike T-Shirt,Fashion,Nike,35617,44531.74,46758.33,12,White,S,5,3.7,587,Discontinued
169,SKU000169,732129907660,LG Headphones,Electronics,LG,30565,35786.23,37575.54,18,Blue,L,18,3.9,3241,Discontinued
170,SKU000170,389969427466,Nike Jeans,Fashion,Nike,31649,39144.24,41101.45,12,Blue,S,23,4.4,2295,Discontinued
171,SKU000171,197107766673,Britannia Cookies,Groceries,Britannia,14237,18137.28,19044.14,5,Black,NA,17,3.7,2255,Discontinued
172,SKU000172,923690943865,LG Cookware,Home,LG,11921,16146.59,16953.92,18,Black,XL,8,3.6,2451,Active
173,SKU000173,797778687890,Amul Milk,Groceries,Amul,41782,48008.81,50409.25,5,Red,M,22,4.6,7,Discontinued
174,SKU000174,535933384527,Sony Table,Home,Sony,46151,59946.86,62944.2,18,Blue,XL,21,3.9,3394,Active
175,SKU000175,381715894680,Samsung Smartphone,Electronics,Samsung,25913,30878.08,32421.98,18,Blue,S,6,4.9,3211,Active
176,SKU000176,241695079729,Adidas Jeans,Fashion,Adidas,31012,36844.25,38686.46,12,White,M,4,4.9,2859,Active
177,SKU000177,610925123501,Apple Headphones,Electronics,Apple,17823,23564.07,24742.27,18,Black,M,17,4.4,2586,Discontinued
178,SKU000178,086248695136,LG Storage Box,Home,LG,23175,26029.77,27331.26,18,Red,NA,17,4.7,4833,Discontinued
179,SKU000179,170882323060,Puma Shoes,Fashion,Puma,21700,29554.16,31031.87,12,Black,NA,17,4.7,2827,Active
180,SKU000180,076671379927,Nike Shoes,Fashion,Nike,24231,27198.33,28558.25,12,Blue,S,21,4.7,3749,Discontinued
181,SKU000181,566614714083,LG Table,Home,LG,33824,45257.27,47520.13,18,Red,L,8,3.7,2186,Discontinued
182,SKU000182,034855232378,Sony Chair,Home,Sony,8479,10681.4,11215.47,18,White,L,23,4.9,2877,Discontinued
183,SKU000183,719679422634,Britannia Milk,Groceries,Britannia,1063,1372.95,1441.6,5,White,M,7,3.8,3235,Discontinued
184,SKU000184,076781419981,Adidas T-Shirt,Fashion,Adidas,29157,33903.97,35599.17,12,Black,M,22,4.2,234,Discontinued
185,SKU000185,302903474708,Britannia Cookies,Groceries,Britannia,18520,24427.14,25648.5,5,Black,M,6,4.9,442,Active
186,SKU000186,317475910149,Samsung Smart Watch,Electronics,Samsung,16767,19507.96,20483.36,18,Black,S,5,4.2,3448,Discontinued
187,SKU000187,832289603098,Britannia Butter,Groceries,Britannia,25485,33024.42,34675.64,5,Blue,NA,9,3.7,2395,Active
188,SKU000188,963184116114,LG Cookware,Home,LG,29219,40137.94,42144.84,18,Red,S,7,3.9,3727,Discontinued
189,SKU000189,488390380279,Puma Jacket,Fashion,Puma,45251,52049.54,54652.02,12,Blue,S,12,3.9,2331,Active
190,SKU000190,285952296059,Sony Headphones,Electronics,Sony,3783,4366.14,4584.45,18,Red,S,24,4.9,2141,Discontinued
191,SKU000191,129695002941,Amul Milk,Groceries,Amul,10507,13043.26,13695.42,5,White,XL,22,3.9,3202,Discontinued
192,SKU000192,631971611322,Apple Laptop,Electronics,Apple,46189,61561.28,64639.34,18,Red,S,9,4.0,235,Active
193,SKU000193,609467418069,Amul Butter,Groceries,Amul,27514,35754.56,37542.29,5,Blue,M,8,3.8,4681,Discontinued
194,SKU000194,109981101692,Apple Headphones,Electronics,Apple,23686,26121.89,27427.98,18,Blue,NA,15,4.9,3688,Active
195,SKU000195,988391321994,LG Chair,Home,LG,16842,19410.66,20381.19,18,White,S,22,5.0,1018,Active
196,SKU000196,031959983235,Puma Jacket,Fashion,Puma,46939,54451.67,57174.25,12,Black,M,22,4.7,720,Active
197,SKU000197,508225876958,Samsung Smartphone,Electronics,Samsung,26282,32702.04,34337.14,18,White,S,18,3.6,3904,Active
198,SKU000198,672188433097,Britannia Milk,Groceries,Britannia,32993,42564.99,44693.24,5,Black,L,23,3.8,777,Discontinued
199,SKU000199,656921823257,Samsung Headphones,Electronics,Samsung,4211,5377.38,5646.25,18,Red,L,0,3.7,4430,Discontinued
200,SKU000200,578505983074,Sony Cookware,Home,Sony,27584,36643.7,38475.89,18,Blue,NA,17,4.0,3475,Active
201,SKU000201,745411887820,Nike T-Shirt,Fashion,Nike,37551,49924.4,52420.62,12,Blue,XL,19,4.1,213,Discontinued
202,SKU000202,276616363868,Puma T-Shirt,Fashion,Puma,33463,45571.03,47849.58,12,White,XL,7,3.7,3824,Discontinued
203,SKU000203,118699674734,Sony Smartphone,Electronics,Sony,41482,57434.6,60306.33,18,White,XL,15,4.0,790,Discontinued
204,SKU000204,437469183475,Britannia Butter,Groceries,Britannia,13290,15111.95,15867.55,5,Red,NA,7,4.3,2471,Discontinued
205,SKU000205,324513420472,Apple Headphones,Electronics,Apple,21854,24098.74,25303.68,18,Red,M,12,3.9,3466,Discontinued
206,SKU000206,238495021703,Amul Butter,Groceries,Amul,6157,8557.4,8985.27,5,Blue,NA,11,4.6,2896,Active
207,SKU000207,961419739858,Samsung Smartphone,Electronics,Samsung,6815,9454.41,9927.13,18,Black,S,10,4.0,3218,Active
208,SKU000208,292970597277,Amul Butter,Groceries,Amul,14716,19409.31,20379.78,5,Red,NA,4,4.8,3805,Discontinued
209,SKU000209,916850396654,Sony Chair,Home,Sony,38322,46323.43,48639.6,18,White,XL,7,4.4,1485,Active
210,SKU000210,435259357354,Britannia Tea,Groceries,Britannia,44462,55596.27,58376.08,5,Blue,S,13,3.6,2869,Active
211,SKU000211,201609666116,Amul Cookies,Groceries,Amul,25453,34991.63,36741.21,5,White,L,23,4.6,2159,Active
212,SKU000212,117356078564,Samsung Smartphone,Electronics,Samsung,13468,15958.72,16756.66,18,Red,XL,19,4.5,1392,Active
213,SKU000213,414226066434,Puma Shoes,Fashion,Puma,42429,48174.48,50583.2,12,Red,NA,11,4.5,1172,Discontinued
214,SKU000214,122338425466,Sony Storage Box,Home,Sony,2884,3268.47,3431.89,18,White,XL,12,3.9,3560,Active
215,SKU000215,577183757549,Sony Storage Box,Home,Sony,18237,21371.83,22440.42,18,White,L,17,3.8,2331,Active
216,SKU000216,038146050782,LG Laptop,Electronics,LG,9676,10769.07,11307.52,18,White,XL,7,4.6,3947,Active
217,SKU000217,819154015027,Adidas T-Shirt,Fashion,Adidas,45434,60122.96,63129.11,12,White,NA,3,3.7,4254,Active
218,SKU000218,367904658958,Britannia Tea,Groceries,Britannia,38026,43358.11,45526.02,5,Blue,NA,14,4.6,1337,Active
219,SKU000219,745555238081,Britannia Butter,Groceries,Britannia,28351,32223.52,33834.7,5,Red,M,0,4.2,2381,Active
220,SKU000220,208001998877,Apple Laptop,Electronics,Apple,7636,9516.66,9992.49,18,Red,NA,6,4.3,1925,Discontinued
221,SKU000221,187186492284,Sony Laptop,Electronics,Sony,4765,6534.91,6861.66,18,Blue,NA,5,4.6,3871,Discontinued
222,SKU000222,077768335520,Sony Table,Home,Sony,11363,13015.04,13665.79,18,Blue,S,4,4.6,4525,Active
223,SKU000223,596309868654,IKEA Storage Box,Home,IKEA,15465,20651.76,21684.35,18,Black,XL,6,4.7,368,Active
224,SKU000224,120393674061,Britannia Cookies,Groceries,Britannia,8609,10661.2,11194.26,5,Red,L,6,5.0,4827,Discontinued
225,SKU000225,037516480529,Nike T-Shirt,Fashion,Nike,44311,60594.56,63624.29,12,White,S,16,3.9,3330,Discontinued
226,SKU000226,264131004741,Britannia Cookies,Groceries,Britannia,29597,34712.17,36447.78,5,White,M,3,3.8,2329,Discontinued
227,SKU000227,548673386081,LG Headphones,Electronics,LG,44990,50175.7,52684.49,18,Blue,NA,3,4.3,4838,Discontinued
228,SKU000228,655957493103,Puma Jacket,Fashion,Puma,3585,4746.23,4983.54,12,Red,XL,24,3.9,1752,Discontinued
229,SKU000229,934850019936,Samsung Smart Watch,Electronics,Samsung,18067,22778.31,23917.23,18,Red,S,17,4.3,644,Discontinued
230,SKU000230,299378040045,Samsung Laptop,Electronics,Samsung,27794,35138.68,36895.61,18,Blue,XL,7,3.5,3632,Discontinued
231,SKU000231,217441546473,Adidas Jeans,Fashion,Adidas,35145,45244.19,47506.4,12,White,M,5,3.7,1135,Discontinued
232,SKU000232,404439796481,Adidas Jeans,Fashion,Adidas,717,796.0,835.8,12,Red,NA,24,4.8,4330,Active
233,SKU000233,631296911383,Nike Jeans,Fashion,Nike,35265,46165.59,48473.87,12,White,S,18,4.7,3947,Active
234,SKU000234,572660329911,Adidas Jeans,Fashion,Adidas,23560,27912.68,29308.31,12,Black,NA,16,4.6,1836,Active
235,SKU000235,865668479878,LG Chair,Home,LG,28438,37512.29,39387.9,18,Red,M,16,4.9,4012,Discontinued
236,SKU000236,504671429540,Sony Storage Box,Home,Sony,40017,46759.83,49097.82,18,Black,S,19,3.9,843,Active
237,SKU000237,163857370843,Amul Cookies,Groceries,Amul,35703,42719.9,44855.9,5,White,M,5,3.6,1014,Discontinued
238,SKU000238,225479909066,IKEA Storage Box,Home,IKEA,14045,16150.83,16958.37,18,Red,M,7,4.7,4260,Discontinued
239,SKU000239,507767745436,Sony Table,Home,Sony,35489,43502.59,45677.72,18,White,L,16,4.3,2170,Active
240,SKU000240,830870612747,Adidas Jeans,Fashion,Adidas,19356,24642.6,25874.73,12,Red,S,3,4.2,328,Discontinued
241,SKU000241,256301476980,LG Cookware,Home,LG,42237,56003.77,58803.96,18,Black,NA,2,4.1,2295,Discontinued
242,SKU000242,808375501297,Sony Laptop,Electronics,Sony,35205,39960.38,41958.4,18,Blue,S,7,4.2,4536,Active
243,SKU000243,567228111432,Amul Butter,Groceries,Amul,37128,47622.82,50003.96,5,White,NA,22,3.6,1774,Discontinued
244,SKU000244,603371255320,IKEA Table,Home,IKEA,10580,12907.08,13552.43,18,Red,M,8,4.0,3201,Active
245,SKU000245,873347601731,Britannia Cookies,Groceries,Britannia,49125,68754.67,72192.4,5,Red,NA,17,3.8,4059,Discontinued
246,SKU000246,795663791153,LG Laptop,Electronics,LG,38385,46209.94,48520.44,18,White,S,17,4.6,3164,Active
247,SKU000247,220085384638,Sony Storage Box,Home,Sony,25270,28095.66,29500.44,18,Red,S,3,3.9,4836,Active
248,SKU000248,136913910777,Sony Laptop,Electronics,Sony,22466,30200.32,31710.34,18,Black,L,9,3.6,4262,Discontinued
249,SKU000249,766174671386,Britannia Tea,Groceries,Britannia,37884,48134.59,50541.32,5,Blue,M,3,4.9,722,Discontinued
250,SKU000250,216127771283,IKEA Table,Home,IKEA,48043,57553.29,60430.95,18,White,S,9,4.3,1571,Discontinued
251,SKU000251,588440601612,Apple Smart Watch,Electronics,Apple,42387,53012.43,55663.05,18,Black,XL,2,4.8,2395,Discontinued
252,SKU000252,428093046871,IKEA Cookware,Home,IKEA,12423,15348.93,16116.38,18,Red,XL,15,4.3,4404,Discontinued
253,SKU000253,765720340604,Adidas Jeans,Fashion,Adidas,13738,15374.85,16143.59,12,Red,NA,3,3.6,1066,Active
254,SKU000254,851871106083,Britannia Milk,Groceries,Britannia,38562,44460.94,46683.99,5,Black,XL,24,4.1,4759,Discontinued
255,SKU000255,935170800958,Sony Table,Home,Sony,9934,11389.85,11959.34,18,Red,L,0,4.5,435,Active
256,SKU000256,579748823969,Amul Cookies,Groceries,Amul,44409,59152.72,62110.36,5,Black,M,20,4.0,2612,Active
257,SKU000257,636826135914,Apple Headphones,Electronics,Apple,25660,35565.34,37343.61,18,Red,NA,1,4.5,805,Active
258,SKU000258,201284639796,Nike T-Shirt,Fashion,Nike,23933,30227.83,31739.22,12,White,S,10,3.6,1287,Discontinued
259,SKU000259,084528247121,Sony Cookware,Home,Sony,10511,12089.62,12694.1,18,Red,M,5,4.6,4416,Discontinued
260,SKU000260,556472742816,LG Cookware,Home,LG,36650,46086.85,48391.19,18,Blue,L,2,4.2,95,Discontinued
261,SKU000261,062578456867,Nike Shoes,Fashion,Nike,38809,43386.96,45556.31,12,White,NA,16,4.5,3366,Active
262,SKU000262,303860523217,Puma Jacket,Fashion,Puma,45197,51182.59,53741.72,12,Red,M,1,4.1,266,Discontinued
263,SKU000263,056546090967,Amul Butter,Groceries,Amul,22384,30347.71,31865.1,5,White,L,21,4.2,1777,Discontinued
264,SKU000264,536474462937,Nike Shoes,Fashion,Nike,40477,45920.51,48216.54,12,Red,L,14,4.6,3076,Active
265,SKU000265,560971131015,Britannia Cookies,Groceries,Britannia,22447,27470.47,28843.99,5,Red,XL,15,3.7,4390,Active
266,SKU000266,497401269098,Amul Butter,Groceries,Amul,40150,46924.31,49270.53,5,White,XL,19,4.5,3205,Active
267,SKU000267,399613624243,IKEA Cookware,Home,IKEA,13290,18366.42,19284.74,18,Black,XL,3,4.9,2302,Active
268,SKU000268,058714114639,IKEA Table,Home,IKEA,34693,44256.13,46468.94,18,White,S,24,4.0,3682,Active
269,SKU000269,358405708940,Samsung Headphones,Electronics,Samsung,24283,28999.14,30449.1,18,Black,S,10,4.9,4749,Active
270,SKU000270,362733611066,Sony Chair,Home,Sony,37477,50570.78,53099.32,18,Black,S,6,3.8,288,Discontinued
271,SKU000271,358609930535,LG Cookware,Home,LG,12414,15506.94,16282.29,18,Blue,NA,3,4.7,2007,Discontinued
272,SKU000272,589667399765,Sony Headphones,Electronics,Sony,27689,37888.94,39783.39,18,Black,M,0,4.8,1372,Discontinued
273,SKU000273,092091421272,Nike T-Shirt,Fashion,Nike,29529,36557.32,38385.19,12,Black,S,3,4.7,828,Active
274,SKU000274,962541261540,LG Storage Box,Home,LG,39894,48374.78,50793.52,18,Black,S,0,4.9,4111,Discontinued
275,SKU000275,569093975797,Britannia Cookies,Groceries,Britannia,637,837.3,879.16,5,Red,S,4,4.0,1978,Active
276,SKU000276,000650090354,Adidas T-Shirt,Fashion,Adidas,4482,6158.0,6465.9,12,Blue,L,0,4.2,1567,Discontinued
277,SKU000277,170968467459,IKEA Table,Home,IKEA,19965,27895.34,29290.11,18,Red,S,2,3.9,511,Discontinued
278,SKU000278,105163555862,LG Storage Box,Home,LG,20994,25064.44,26317.66,18,Blue,M,4,4.2,1740,Active
279,SKU000279,391886082916,Sony Smartphone,Electronics,Sony,11263,14165.38,14873.65,18,Black,S,10,5.0,1126,Discontinued
280,SKU000280,158123774249,Sony Headphones,Electronics,Sony,8066,9404.99,9875.24,18,Blue,L,21,4.5,4134,Discontinued
281,SKU000281,837506116121,Sony Storage Box,Home,Sony,28510,32168.13,33776.54,18,Black,L,2,4.8,1880,Discontinued
282,SKU000282,800507185202,LG Headphones,Electronics,LG,36369,47706.41,50091.73,18,White,L,5,5.0,4334,Active
283,SKU000283,647018695092,Sony Laptop,Electronics,Sony,28811,33641.99,35324.09,18,Black,NA,23,4.9,1908,Active
284,SKU000284,663145960109,Puma Shoes,Fashion,Puma,19681,26851.43,28194.0,12,Red,L,18,3.6,855,Discontinued
285,SKU000285,488782480729,Puma T-Shirt,Fashion,Puma,21848,27348.5,28715.93,12,Blue,L,16,3.8,1234,Discontinued
286,SKU000286,412851598353,Britannia Tea,Groceries,Britannia,22461,28899.7,30344.69,5,Blue,L,6,4.4,555,Active
287,SKU000287,590194655122,LG Storage Box,Home,LG,12630,14832.92,15574.57,18,Black,XL,13,4.4,4623,Active
288,SKU000288,421711930961,Nike Jacket,Fashion,Nike,32968,40148.97,42156.42,12,Blue,M,18,4.1,4536,Active
289,SKU000289,263091137259,Nike Shoes,Fashion,Nike,34067,41900.16,43995.17,12,Black,XL,6,4.6,1637,Discontinued
290,SKU000290,656100303290,Amul Milk,Groceries,Amul,24073,31414.3,32985.01,5,Black,L,5,3.6,2343,Discontinued
291,SKU000291,182509669448,LG Laptop,Electronics,LG,43823,52716.26,55352.07,18,Red,NA,3,4.2,248,Active
292,SKU000292,120928512571,Britannia Cookies,Groceries,Britannia,40475,46727.97,49064.37,5,White,M,21,3.5,1076,Active
293,SKU000293,588543121090,Nike T-Shirt,Fashion,Nike,27391,33361.73,35029.82,12,Black,S,12,4.1,1855,Active
294,SKU000294,970572737524,Amul Tea,Groceries,Amul,21452,24935.73,26182.52,5,Red,XL,12,4.9,1519,Discontinued
295,SKU000295,626018805021,Britannia Milk,Groceries,Britannia,7101,8756.74,9194.58,5,Red,S,16,3.9,1196,Discontinued
296,SKU000296,978792842862,IKEA Chair,Home,IKEA,44528,53304.17,55969.38,18,Red,L,16,4.1,283,Active
297,SKU000297,851530028004,Samsung Laptop,Electronics,Samsung,44317,49277.26,51741.12,18,White,XL,1,5.0,1480,Discontinued
298,SKU000298,623528558721,Amul Cookies,Groceries,Amul,23264,30211.51,31722.09,5,Red,M,23,4.9,311,Discontinued
299,SKU000299,770606980605,LG Table,Home,LG,41328,53680.16,56364.17,18,White,NA,9,4.4,3053,Active
300,SKU000300,411866412544,LG Chair,Home,LG,29579,33456.09,35128.89,18,Red,NA,23,4.3,1747,Active
301,SKU000301,479702917310,Samsung Smartphone,Electronics,Samsung,10831,13781.89,14470.98,18,Blue,M,22,4.2,3041,Discontinued
302,SKU000302,217605335985,Puma Jeans,Fashion,Puma,11614,13500.26,14175.27,12,Red,XL,14,4.3,3306,Discontinued
303,SKU000303,742259751948,Sony Chair,Home,Sony,11956,15008.57,15759.0,18,Red,M,1,4.2,805,Active
304,SKU000304,485603083253,Adidas Jeans,Fashion,Adidas,14325,17880.92,18774.97,12,Blue,M,20,4.3,2013,Discontinued
305,SKU000305,837146319296,Britannia Butter,Groceries,Britannia,17607,22894.48,24039.2,5,White,XL,22,3.8,4130,Active
306,SKU000306,892567984467,Apple Smartphone,Electronics,Apple,14935,18516.9,19442.75,18,White,S,15,4.7,4501,Active
307,SKU000307,646013184057,Samsung Laptop,Electronics,Samsung,48328,53692.8,56377.44,18,White,M,16,4.3,4744,Active
308,SKU000308,881713318438,Puma Jacket,Fashion,Puma,20789,22888.46,24032.88,12,Black,S,4,3.7,3195,Discontinued
309,SKU000309,506081423492,Nike Jacket,Fashion,Nike,23050,28191.72,29601.31,12,White,NA,24,4.1,3410,Discontinued
310,SKU000310,925583658082,Amul Cookies,Groceries,Amul,16024,22040.31,23142.33,5,White,XL,15,3.9,3343,Discontinued
311,SKU000311,574296444320,Adidas Shoes,Fashion,Adidas,22741,26534.32,27861.04,12,Blue,NA,19,4.8,2200,Discontinued
312,SKU000312,916175833420,IKEA Storage Box,Home,IKEA,35804,48453.45,50876.12,18,Black,XL,3,3.5,3819,Discontinued
313,SKU000313,062701583002,LG Headphones,Electronics,LG,14193,15693.37,16478.04,18,Blue,XL,9,3.9,694,Active
314,SKU000314,498333729532,Britannia Milk,Groceries,Britannia,3057,3372.21,3540.82,5,White,XL,17,3.7,3572,Active
315,SKU000315,903128833482,Puma T-Shirt,Fashion,Puma,2202,2593.67,2723.35,12,Blue,M,9,4.2,3473,Discontinued
316,SKU000316,593249101491,IKEA Storage Box,Home,IKEA,34829,47875.24,50269.0,18,Blue,L,18,4.4,3347,Active
317,SKU000317,177101685063,Samsung Headphones,Electronics,Samsung,47005,54925.81,57672.1,18,Black,M,15,3.6,779,Discontinued
318,SKU000318,182206947702,LG Laptop,Electronics,LG,49090,62983.68,66132.86,18,Blue,XL,15,3.6,3994,Discontinued
319,SKU000319,678609967857,LG Storage Box,Home,LG,41921,51454.27,54026.98,18,Red,M,20,4.8,2138,Discontinued
320,SKU000320,475431836113,IKEA Cookware,Home,IKEA,29501,35824.85,37616.09,18,Blue,S,22,3.5,4184,Discontinued
321,SKU000321,347629977740,IKEA Chair,Home,IKEA,46106,63574.36,66753.08,18,Blue,NA,11,5.0,4771,Active
322,SKU000322,510881481707,Samsung Laptop,Electronics,Samsung,6196,7328.28,7694.69,18,Red,L,11,4.1,1258,Active
323,SKU000323,619794804894,IKEA Table,Home,IKEA,13084,15080.57,15834.6,18,Black,S,8,4.9,3455,Discontinued
324,SKU000324,845545283986,Puma T-Shirt,Fashion,Puma,3203,3790.8,3980.34,12,White,S,4,4.6,1298,Active
325,SKU000325,516359107515,LG Laptop,Electronics,LG,25887,34279.31,35993.28,18,Blue,XL,20,4.8,3106,Active
326,SKU000326,341922647617,Nike Shoes,Fashion,Nike,31027,36868.1,38711.5,12,Black,L,23,4.4,1009,Discontinued
327,SKU000327,472967060505,Samsung Headphones,Electronics,Samsung,29580,40779.38,42818.35,18,Red,XL,19,3.9,467,Active
328,SKU000328,976664114766,Britannia Tea,Groceries,Britannia,3503,4050.77,4253.31,5,White,M,9,3.5,732,Active
329,SKU000329,470019433728,Amul Butter,Groceries,Amul,41479,53967.97,56666.37,5,Black,M,18,4.6,3078,Active
330,SKU000330,637033399391,Amul Milk,Groceries,Amul,11426,14283.86,14998.05,5,Blue,NA,14,4.7,2313,Discontinued
331,SKU000331,034515738512,Sony Chair,Home,Sony,15839,19097.46,20052.33,18,White,L,24,4.7,3079,Active
332,SKU000332,070156713343,Amul Cookies,Groceries,Amul,39125,44438.66,46660.59,5,Blue,XL,0,4.8,1781,Discontinued
333,SKU000333,490766754800,Apple Smart Watch,Electronics,Apple,12643,14709.34,15444.81,18,Black,NA,12,3.7,3934,Discontinued
334,SKU000334,676649917763,LG Chair,Home,LG,29764,37202.26,39062.37,18,Red,S,16,3.7,2964,Active
335,SKU000335,660276759077,LG Smartphone,Electronics,LG,22885,25405.15,26675.41,18,White,L,15,4.4,1630,Discontinued
336,SKU000336,836272416105,Amul Butter,Groceries,Amul,5837,6858.21,7201.12,5,White,XL,4,4.6,1065,Active
337,SKU000337,817634733079,Apple Smartphone,Electronics,Apple,7419,10195.94,10705.74,18,Red,NA,12,4.5,1029,Discontinued
338,SKU000338,109803729206,Puma Jacket,Fashion,Puma,40498,54775.06,57513.81,12,Black,L,19,4.4,1253,Active
339,SKU000339,708352489417,Apple Headphones,Electronics,Apple,45520,51994.09,54593.79,18,Black,L,10,4.1,540,Discontinued
340,SKU000340,244986769667,Nike Jacket,Fashion,Nike,5693,7857.67,8250.55,12,Black,L,8,4.2,544,Active
341,SKU000341,036125740137,Sony Laptop,Electronics,Sony,17776,22945.28,24092.54,18,Red,M,20,4.1,542,Active
342,SKU000342,262436872990,Amul Tea,Groceries,Amul,15978,19277.96,20241.86,5,White,NA,23,4.5,4755,Discontinued
343,SKU000343,860328181752,Puma Jeans,Fashion,Puma,24484,33974.44,35673.16,12,Blue,S,8,4.4,4137,Active
344,SKU000344,031762975683,Sony Table,Home,Sony,32308,45172.94,47431.59,18,Red,NA,16,4.6,872,Discontinued
345,SKU000345,818481964977,Sony Cookware,Home,Sony,29461,35382.75,37151.89,18,Black,NA,20,3.9,2763,Discontinued
346,SKU000346,817822210675,LG Cookware,Home,LG,7804,9628.78,10110.22,18,Blue,L,2,4.3,1473,Active
347,SKU000347,175981619918,Adidas Jacket,Fashion,Adidas,4098,5550.47,5827.99,12,White,L,9,4.5,602,Discontinued
348,SKU000348,830249626485,Nike T-Shirt,Fashion,Nike,22290,25496.67,26771.5,12,White,S,2,3.8,4481,Active
349,SKU000349,040604113302,Adidas Jeans,Fashion,Adidas,27507,35256.58,37019.41,12,White,M,11,5.0,4310,Discontinued
350,SKU000350,719600471239,Sony Cookware,Home,Sony,17131,22765.3,23903.56,18,Blue,M,7,4.4,279,Discontinued
351,SKU000351,074581778795,LG Table,Home,LG,2093,2724.75,2860.99,18,Red,S,13,4.4,2813,Active
352,SKU000352,930412169679,Puma Shoes,Fashion,Puma,30299,34422.14,36143.25,12,Red,S,0,4.4,3017,Discontinued
353,SKU000353,366018964337,Nike Shoes,Fashion,Nike,27039,30984.65,32533.88,12,White,NA,15,4.6,4849,Discontinued
354,SKU000354,343130857171,LG Cookware,Home,LG,22729,29932.3,31428.92,18,Blue,S,19,5.0,3769,Discontinued
355,SKU000355,230361070548,LG Laptop,Electronics,LG,21562,26737.41,28074.28,18,Blue,L,3,4.9,1948,Discontinued
356,SKU000356,338461540746,Sony Laptop,Electronics,Sony,15673,21846.15,22938.46,18,Red,L,9,3.6,1768,Discontinued
357,SKU000357,179864171358,Nike Jacket,Fashion,Nike,42188,49554.07,52031.77,12,Red,M,9,4.5,1006,Active
358,SKU000358,699155921262,Sony Smart Watch,Electronics,Sony,30718,42664.06,44797.26,18,Red,L,15,4.1,3802,Discontinued
359,SKU000359,968750216843,Samsung Smartphone,Electronics,Samsung,7643,10474.89,10998.63,18,White,L,4,3.5,902,Discontinued
360,SKU000360,859866859893,Apple Laptop,Electronics,Apple,39014,43870.59,46064.12,18,White,L,5,4.8,2676,Active
361,SKU000361,987525239557,Britannia Butter,Groceries,Britannia,13860,17289.13,18153.59,5,White,XL,16,3.5,2917,Discontinued
362,SKU000362,903713010254,Apple Laptop,Electronics,Apple,16163,19420.11,20391.12,18,Red,S,19,3.8,2701,Discontinued
363,SKU000363,148079608717,Sony Smart Watch,Electronics,Sony,5851,7617.54,7998.42,18,Red,NA,21,3.7,3365,Active
364,SKU000364,038834093597,Amul Cookies,Groceries,Amul,8455,11723.96,12310.16,5,White,XL,14,4.8,2268,Discontinued
365,SKU000365,963224239436,Sony Table,Home,Sony,20707,23916.71,25112.55,18,Blue,NA,7,4.7,2532,Active
366,SKU000366,234807416936,Britannia Tea,Groceries,Britannia,197,240.39,252.41,5,Black,S,20,4.5,4305,Discontinued
367,SKU000367,719596012517,LG Smartphone,Electronics,LG,6966,9138.55,9595.48,18,Blue,XL,1,4.3,4213,Active
368,SKU000368,252254530900,Adidas Jeans,Fashion,Adidas,15287,20188.9,21198.35,12,Black,L,10,4.6,2599,Discontinued
369,SKU000369,968893372782,Apple Smart Watch,Electronics,Apple,16743,18792.78,19732.42,18,White,L,8,4.1,1683,Discontinued
370,SKU000370,953417824383,Britannia Butter,Groceries,Britannia,17227,19502.35,20477.47,5,Red,M,21,4.3,1623,Discontinued
371,SKU000371,621657427446,Amul Butter,Groceries,Amul,5611,6342.75,6659.89,5,Blue,M,5,5.0,4162,Discontinued
372,SKU000372,648366360839,Britannia Cookies,Groceries,Britannia,34709,43295.32,45460.09,5,Blue,M,0,4.0,3659,Active
373,SKU000373,903335200271,Nike T-Shirt,Fashion,Nike,16515,20744.93,21782.18,12,White,NA,18,4.5,4539,Discontinued
374,SKU000374,794369741223,Adidas Shoes,Fashion,Adidas,42268,58994.63,61944.36,12,Blue,L,11,3.7,2786,Active
375,SKU000375,982918064126,Puma Shoes,Fashion,Puma,26324,30032.75,31534.39,12,Red,XL,9,4.4,2305,Discontinued
376,SKU000376,655064887720,Sony Chair,Home,Sony,13949,16765.54,17603.82,18,Black,S,23,4.0,4676,Discontinued
377,SKU000377,356624347984,IKEA Storage Box,Home,IKEA,24652,33689.96,35374.46,18,Blue,M,14,3.7,2568,Discontinued
378,SKU000378,763530127825,Sony Storage Box,Home,Sony,31708,43505.85,45681.14,18,Red,XL,18,4.2,3872,Discontinued
379,SKU000379,076582992902,IKEA Cookware,Home,IKEA,18045,23611.25,24791.81,18,White,M,20,4.5,1350,Active
380,SKU000380,422356461357,Apple Laptop,Electronics,Apple,11528,16014.9,16815.65,18,Blue,S,11,4.8,1583,Discontinued
381,SKU000381,264865500261,Sony Laptop,Electronics,Sony,14076,17469.98,18343.48,18,White,S,0,4.2,3951,Active
382,SKU000382,485466148122,Nike T-Shirt,Fashion,Nike,36296,45380.88,47649.92,12,White,M,5,3.9,3795,Discontinued
383,SKU000383,293085336298,Sony Headphones,Electronics,Sony,19657,27225.06,28586.31,18,Red,S,18,3.7,70,Discontinued
384,SKU000384,345265128114,Nike T-Shirt,Fashion,Nike,17689,21843.02,22935.17,12,Red,NA,21,4.0,3918,Active
385,SKU000385,374875365414,Puma T-Shirt,Fashion,Puma,36711,49123.57,51579.75,12,White,L,6,3.8,4000,Discontinued
386,SKU000386,600503113408,Puma Jeans,Fashion,Puma,18519,24920.92,26166.97,12,White,M,23,4.0,2738,Discontinued
387,SKU000387,720233058778,Samsung Headphones,Electronics,Samsung,35850,47853.59,50246.27,18,White,L,17,4.9,4244,Active
388,SKU000388,969502613086,LG Smartphone,Electronics,LG,20808,23468.23,24641.64,18,Black,XL,6,3.5,2827,Discontinued
389,SKU000389,806489639709,Britannia Milk,Groceries,Britannia,41266,47737.97,50124.87,5,Red,S,17,4.8,975,Discontinued
390,SKU000390,351862116430,Amul Tea,Groceries,Amul,6083,7068.1,7421.51,5,White,S,12,3.9,40,Discontinued
391,SKU000391,615947053800,Puma Shoes,Fashion,Puma,26786,34686.8,36421.14,12,Blue,XL,21,5.0,4471,Discontinued
392,SKU000392,551631192357,Adidas Jacket,Fashion,Adidas,45811,62870.96,66014.51,12,Black,M,9,3.8,2552,Active
393,SKU000393,489960134441,Britannia Tea,Groceries,Britannia,24324,32899.74,34544.73,5,White,NA,23,4.3,4529,Active
394,SKU000394,960795982919,LG Storage Box,Home,LG,4520,5932.79,6229.43,18,Blue,S,2,4.8,2802,Discontinued
395,SKU000395,069730805884,LG Storage Box,Home,LG,637,825.64,866.92,18,White,M,23,3.7,1363,Discontinued
396,SKU000396,777254592274,Sony Cookware,Home,Sony,37409,44177.07,46385.92,18,Black,S,22,4.0,3994,Active
397,SKU000397,416047637038,Nike Jeans,Fashion,Nike,41501,56272.86,59086.5,12,Red,L,24,4.4,3631,Active
398,SKU000398,501630162662,Amul Milk,Groceries,Amul,26750,36895.93,38740.73,5,White,NA,15,4.7,4612,Discontinued
399,SKU000399,264793098862,Nike T-Shirt,Fashion,Nike,734,894.89,939.63,12,White,S,8,4.6,4672,Discontinued
400,SKU000400,925781607578,Puma T-Shirt,Fashion,Puma,13610,16136.4,16943.22,12,White,NA,10,4.7,4113,Discontinued
401,SKU000401,211251142337,Adidas Shoes,Fashion,Adidas,24581,28235.28,29647.04,12,Red,XL,7,4.3,2711,Discontinued
402,SKU000402,349766890780,Amul Butter,Groceries,Amul,25414,35268.05,37031.45,5,Black,S,22,3.6,3418,Discontinued
403,SKU000403,357779583287,LG Smart Watch,Electronics,LG,43107,53649.05,56331.5,18,White,NA,6,4.0,3009,Discontinued
404,SKU000404,387839946154,Britannia Tea,Groceries,Britannia,41255,46253.07,48565.72,5,Blue,S,9,4.3,762,Active
405,SKU000405,533099649925,LG Headphones,Electronics,LG,29635,39100.49,41055.51,18,White,L,6,4.7,2209,Active
406,SKU000406,418863871408,Adidas Jeans,Fashion,Adidas,15035,19903.65,20898.83,12,Red,S,24,3.6,4208,Discontinued
407,SKU000407,053921296296,Amul Tea,Groceries,Amul,42621,53000.5,55650.53,5,Blue,S,10,4.1,4861,Active
408,SKU000408,295147338264,Puma T-Shirt,Fashion,Puma,8140,11235.28,11797.04,12,Red,L,6,4.1,468,Discontinued
409,SKU000409,730225404831,Britannia Tea,Groceries,Britannia,45896,52945.12,55592.38,5,Black,NA,7,4.2,2963,Discontinued
410,SKU000410,656441019218,Adidas Jeans,Fashion,Adidas,47661,52572.0,55200.6,12,Black,NA,18,4.9,2220,Discontinued
411,SKU000411,414048625247,Sony Storage Box,Home,Sony,25427,30756.68,32294.51,18,White,NA,6,3.5,3283,Discontinued
412,SKU000412,932343785768,Amul Milk,Groceries,Amul,37791,49821.59,52312.67,5,Blue,NA,2,4.9,2823,Active
413,SKU000413,190292155870,LG Storage Box,Home,LG,18007,20567.07,21595.42,18,White,M,12,4.9,473,Active
414,SKU000414,777990395560,Sony Storage Box,Home,Sony,18292,22026.61,23127.94,18,Blue,S,10,3.6,570,Discontinued
415,SKU000415,219745125868,Adidas Jeans,Fashion,Adidas,20077,28048.24,29450.65,12,White,S,23,5.0,528,Discontinued
416,SKU000416,704985325443,Apple Laptop,Electronics,Apple,37291,49936.5,52433.33,18,White,M,14,4.5,1312,Discontinued
417,SKU000417,463044253027,LG Storage Box,Home,LG,44386,53840.97,56533.02,18,Blue,M,18,3.5,1695,Active
418,SKU000418,620982448035,Samsung Headphones,Electronics,Samsung,36094,47203.31,49563.48,18,White,M,19,4.3,3879,Discontinued
419,SKU000419,153556130160,LG Laptop,Electronics,LG,4405,5084.48,5338.7,18,Blue,S,20,4.8,491,Active
420,SKU000420,186427999528,Sony Smart Watch,Electronics,Sony,18053,21473.81,22547.5,18,Blue,NA,14,4.7,1053,Active
421,SKU000421,648031739186,Sony Storage Box,Home,Sony,2368,2970.63,3119.16,18,Red,M,9,4.0,3942,Active
422,SKU000422,614059944319,Sony Laptop,Electronics,Sony,45862,57595.28,60475.04,18,Blue,L,2,4.8,3387,Discontinued
423,SKU000423,797586214158,Adidas Jacket,Fashion,Adidas,27957,35511.43,37287.0,12,Blue,M,13,4.6,2269,Discontinued
424,SKU000424,317936284367,Apple Smartphone,Electronics,Apple,21957,29084.26,30538.47,18,Black,XL,19,4.5,1435,Discontinued
425,SKU000425,878823735367,Nike Jacket,Fashion,Nike,46720,54779.57,57518.55,12,Red,L,12,4.8,3045,Active
426,SKU000426,971984182199,Britannia Tea,Groceries,Britannia,37755,45265.04,47528.29,5,Red,L,12,4.2,414,Active
427,SKU000427,518671943470,Apple Laptop,Electronics,Apple,21812,29886.9,31381.25,18,White,L,23,4.7,3962,Active
428,SKU000428,774360603584,Sony Storage Box,Home,Sony,15386,20751.72,21789.31,18,White,XL,13,3.8,794,Discontinued
429,SKU000429,797215950641,Apple Smartphone,Electronics,Apple,42565,50646.93,53179.28,18,Black,NA,7,4.4,4028,Discontinued
430,SKU000430,107207428097,Sony Storage Box,Home,Sony,34179,45671.42,47954.99,18,White,M,17,4.9,4755,Discontinued
431,SKU000431,101228830676,Amul Cookies,Groceries,Amul,16237,21852.81,22945.45,5,Red,M,8,3.9,644,Active
432,SKU000432,649761670774,Apple Smartphone,Electronics,Apple,49865,57438.91,60310.86,18,Red,S,2,3.7,503,Active
433,SKU000433,135674248959,LG Table,Home,LG,10321,12471.66,13095.24,18,White,XL,3,3.9,4902,Discontinued
434,SKU000434,959965834998,Britannia Milk,Groceries,Britannia,17890,23306.71,24472.05,5,Red,XL,24,3.8,436,Discontinued
435,SKU000435,832644348745,LG Chair,Home,LG,17282,23084.92,24239.17,18,Black,S,11,3.9,557,Active
436,SKU000436,771365808919,Adidas Shoes,Fashion,Adidas,2708,3789.71,3979.2,12,Black,M,5,4.7,1812,Discontinued
437,SKU000437,689731970514,Amul Cookies,Groceries,Amul,37530,45547.54,47824.92,5,Black,XL,19,3.6,3574,Active
438,SKU000438,762770427867,Amul Milk,Groceries,Amul,40718,50273.19,52786.85,5,White,S,4,4.6,3285,Active
439,SKU000439,763410161345,Puma Shoes,Fashion,Puma,3306,3950.19,4147.7,12,Black,XL,23,4.6,939,Active
440,SKU000440,907508863891,Adidas T-Shirt,Fashion,Adidas,34816,42165.56,44273.84,12,Blue,S,19,3.7,17,Active
441,SKU000441,029001674443,Sony Table,Home,Sony,45789,57172.77,60031.41,18,Red,L,22,4.6,3854,Active
442,SKU000442,734215634359,Samsung Laptop,Electronics,Samsung,45056,61650.87,64733.41,18,Red,XL,16,4.0,4744,Active
443,SKU000443,757753900891,Britannia Butter,Groceries,Britannia,25277,33664.09,35347.29,5,Black,L,24,4.2,794,Discontinued
444,SKU000444,831549442070,Adidas Jacket,Fashion,Adidas,45401,60539.58,63566.56,12,Blue,L,0,4.1,443,Discontinued
445,SKU000445,091719581356,Sony Table,Home,Sony,29301,38135.4,40042.17,18,Red,NA,22,4.1,574,Active
446,SKU000446,151713876820,Britannia Cookies,Groceries,Britannia,3418,4612.7,4843.34,5,White,L,12,4.2,60,Discontinued
447,SKU000447,192703556517,Sony Headphones,Electronics,Sony,4970,6179.25,6488.21,18,Red,XL,18,3.7,4929,Active
448,SKU000448,418419232392,Nike Shoes,Fashion,Nike,48094,67197.62,70557.5,12,Black,M,20,4.4,1438,Active
449,SKU000449,732368245000,IKEA Table,Home,IKEA,11429,15853.57,16646.25,18,Red,L,3,4.1,2903,Discontinued
450,SKU000450,318359417842,LG Storage Box,Home,LG,30093,37231.27,39092.83,18,Black,L,16,3.6,3475,Discontinued
451,SKU000451,931865546708,LG Laptop,Electronics,LG,36514,40937.85,42984.74,18,White,XL,8,5.0,539,Discontinued
452,SKU000452,280882542853,IKEA Storage Box,Home,IKEA,44811,49811.58,52302.16,18,Red,L,6,3.9,1928,Active
453,SKU000453,860191497663,Nike T-Shirt,Fashion,Nike,25409,29148.18,30605.59,12,Black,NA,19,4.0,4924,Discontinued
454,SKU000454,917453943469,Nike Shoes,Fashion,Nike,30693,41792.53,43882.16,12,Red,NA,1,3.9,2256,Active
455,SKU000455,043982818243,Apple Headphones,Electronics,Apple,6483,8679.21,9113.17,18,Black,NA,16,3.9,4779,Discontinued
456,SKU000456,166679223523,Puma Jacket,Fashion,Puma,32420,37598.51,39478.44,12,White,NA,21,3.6,352,Discontinued
457,SKU000457,473513456399,Britannia Cookies,Groceries,Britannia,16949,19867.71,20861.1,5,Red,NA,11,4.6,2059,Active
458,SKU000458,305366303878,IKEA Storage Box,Home,IKEA,44237,50662.91,53196.06,18,White,XL,23,4.3,3972,Active
459,SKU000459,026264929280,Britannia Tea,Groceries,Britannia,44295,61560.06,64638.06,5,Black,XL,4,3.7,3428,Active
460,SKU000460,884752340888,LG Smartphone,Electronics,LG,2715,3683.17,3867.33,18,Red,M,20,3.9,4331,Active
461,SKU000461,591790326564,Britannia Tea,Groceries,Britannia,10229,14290.91,15005.46,5,Black,S,15,4.6,2666,Active
462,SKU000462,458541524396,Adidas Jeans,Fashion,Adidas,42734,56133.71,58940.4,12,White,M,3,4.5,1123,Discontinued
463,SKU000463,633064308566,Britannia Milk,Groceries,Britannia,17111,19928.31,20924.73,5,Red,M,8,4.1,2288,Active
464,SKU000464,145759670916,Sony Cookware,Home,Sony,3086,3443.35,3615.52,18,White,S,23,3.8,1889,Discontinued
465,SKU000465,198203488513,Britannia Tea,Groceries,Britannia,42676,49548.22,52025.63,5,White,L,16,4.4,543,Discontinued
466,SKU000466,317874180712,IKEA Chair,Home,IKEA,18036,22234.81,23346.55,18,Red,S,8,4.2,142,Active
467,SKU000467,936803020628,IKEA Storage Box,Home,IKEA,42047,55199.56,57959.54,18,Red,XL,20,5.0,662,Discontinued
468,SKU000468,264516892171,Amul Milk,Groceries,Amul,13758,18310.18,19225.69,5,Blue,NA,15,4.8,1837,Discontinued
469,SKU000469,373427936108,Sony Storage Box,Home,Sony,7088,9659.35,10142.32,18,Red,XL,9,3.9,3442,Discontinued
470,SKU000470,956628756801,Puma Shoes,Fashion,Puma,18000,22963.04,24111.19,12,White,NA,4,4.2,319,Discontinued
471,SKU000471,111756731538,IKEA Table,Home,IKEA,16202,19268.49,20231.91,18,White,M,15,4.1,2068,Active
472,SKU000472,521225500658,Britannia Tea,Groceries,Britannia,42796,54712.18,57447.79,5,Black,L,24,4.6,2445,Active
473,SKU000473,509036282099,Sony Smartphone,Electronics,Sony,46807,52634.57,55266.3,18,Red,L,5,4.1,491,Discontinued
474,SKU000474,628558754618,Adidas Jeans,Fashion,Adidas,47267,63984.32,67183.54,12,Blue,NA,13,3.8,1897,Discontinued
475,SKU000475,115572659356,Nike Shoes,Fashion,Nike,8225,9224.71,9685.95,12,Blue,XL,11,4.3,2165,Active
476,SKU000476,891807077374,Adidas Jeans,Fashion,Adidas,10094,12380.24,12999.25,12,Blue,S,1,4.5,4494,Active
477,SKU000477,698534017957,Sony Table,Home,Sony,16168,21806.44,22896.76,18,White,NA,7,4.3,915,Active
478,SKU000478,928873906464,Puma Shoes,Fashion,Puma,46787,59050.58,62003.11,12,Red,M,13,4.0,500,Active
479,SKU000479,558062563501,Amul Butter,Groceries,Amul,27063,32299.12,33914.08,5,Black,L,20,4.1,4816,Discontinued
480,SKU000480,503941222137,Sony Laptop,Electronics,Sony,16790,21823.52,22914.7,18,Blue,NA,19,4.0,225,Active
481,SKU000481,606394704458,Puma Shoes,Fashion,Puma,26240,34513.94,36239.64,12,Black,L,24,3.8,2786,Active
482,SKU000482,153881318699,Nike Shoes,Fashion,Nike,947,1303.05,1368.2,12,Red,L,12,3.7,4087,Active
483,SKU000483,695042767900,LG Table,Home,LG,49448,54673.61,57407.29,18,Red,S,23,3.7,3875,Discontinued
484,SKU000484,087279167348,Nike Shoes,Fashion,Nike,29133,35305.87,37071.16,12,Blue,XL,3,4.3,3485,Discontinued
485,SKU000485,691130051323,Britannia Butter,Groceries,Britannia,30329,38182.42,40091.54,5,White,M,0,3.8,1347,Active
486,SKU000486,397263677076,Puma Jeans,Fashion,Puma,44147,57035.63,59887.41,12,Black,S,23,4.3,3346,Discontinued
487,SKU000487,449448396261,Amul Tea,Groceries,Amul,34309,39579.46,41558.43,5,White,L,9,5.0,4857,Discontinued
488,SKU000488,146115832493,Nike Shoes,Fashion,Nike,17801,20273.09,21286.74,12,White,S,23,4.5,4164,Active
489,SKU000489,521007434561,Britannia Cookies,Groceries,Britannia,42969,57146.39,60003.71,5,Red,XL,4,4.0,4262,Discontinued
490,SKU000490,724767962919,Britannia Milk,Groceries,Britannia,22429,25818.03,27108.93,5,Black,XL,20,3.9,1489,Active
491,SKU000491,301303747985,Samsung Smart Watch,Electronics,Samsung,32147,38073.6,39977.28,18,Black,XL,2,4.8,1481,Discontinued
492,SKU000492,620753073188,Sony Smart Watch,Electronics,Sony,35125,44080.69,46284.72,18,Blue,M,9,4.0,3302,Active
493,SKU000493,179298405030,Britannia Tea,Groceries,Britannia,1213,1443.7,1515.89,5,White,M,24,3.7,1486,Active
494,SKU000494,933559183677,IKEA Cookware,Home,IKEA,43560,48028.56,50429.99,18,Red,M,22,4.9,683,Active
495,SKU000495,964727752033,Britannia Tea,Groceries,Britannia,21261,25805.02,27095.27,5,White,NA,16,4.4,3870,Active
496,SKU000496,178238221180,Nike T-Shirt,Fashion,Nike,33017,37535.06,39411.81,12,Black,L,11,4.1,3129,Active
497,SKU000497,703569026562,Amul Cookies,Groceries,Amul,14391,17488.73,18363.17,5,Black,S,10,4.1,2605,Discontinued
498,SKU000498,626678927208,Britannia Tea,Groceries,Britannia,11395,12582.05,13211.15,5,Black,L,9,3.9,3243,Discontinued
499,SKU000499,980019779102,LG Headphones,Electronics,LG,43310,56115.25,58921.01,18,Red,NA,7,4.9,2662,Discontinued
500,SKU000500,890323700892,Britannia Butter,Groceries,Britannia,678,915.94,961.74,5,Blue,NA,7,4.1,2179,Active
501,SKU000501,379961401448,Sony Cookware,Home,Sony,11381,15652.01,16434.61,18,White,S,18,4.4,120,Discontinued
502,SKU000502,335160814861,Adidas Shoes,Fashion,Adidas,38591,45505.39,47780.66,12,Blue,XL,18,3.8,3063,Active
503,SKU000503,784871855600,Samsung Smart Watch,Electronics,Samsung,30494,40314.3,42330.02,18,Red,S,16,3.9,1290,Active
504,SKU000504,127890637751,IKEA Chair,Home,IKEA,29211,38343.52,40260.7,18,Red,XL,5,4.8,4035,Discontinued
505,SKU000505,838223263153,LG Table,Home,LG,49287,60388.63,63408.06,18,Black,L,0,4.8,1891,Active
506,SKU000506,374746148347,Adidas T-Shirt,Fashion,Adidas,16658,21954.95,23052.7,12,Red,S,12,4.2,3080,Active
507,SKU000507,422299349788,Puma Shoes,Fashion,Puma,8271,10194.54,10704.27,12,Red,M,17,4.3,1874,Discontinued
508,SKU000508,324045101018,Puma Jacket,Fashion,Puma,47700,55484.39,58258.61,12,Red,M,15,4.5,1278,Discontinued
509,SKU000509,805300069393,Britannia Butter,Groceries,Britannia,37033,43435.5,45607.28,5,Red,XL,17,5.0,1523,Active
510,SKU000510,872595204167,Britannia Tea,Groceries,Britannia,16765,19074.99,20028.74,5,Blue,NA,13,3.6,2746,Active
511,SKU000511,342993846769,Britannia Cookies,Groceries,Britannia,31524,37144.78,39002.02,5,Blue,S,5,4.6,723,Active
512,SKU000512,183708142799,Samsung Headphones,Electronics,Samsung,17003,20826.56,21867.89,18,Blue,M,21,3.9,1147,Discontinued
513,SKU000513,584524965897,Puma Shoes,Fashion,Puma,16729,19195.64,20155.42,12,Black,XL,6,4.3,4839,Discontinued
514,SKU000514,055906348130,Apple Smartphone,Electronics,Apple,35650,43358.95,45526.9,18,Black,XL,2,3.8,531,Discontinued
515,SKU000515,651262496811,Adidas Jeans,Fashion,Adidas,28763,40108.52,42113.95,12,Black,M,19,4.0,1366,Active
516,SKU000516,301505495405,Apple Headphones,Electronics,Apple,29009,31971.35,33569.92,18,Blue,S,7,3.8,218,Discontinued
517,SKU000517,327630352789,Sony Cookware,Home,Sony,33794,46841.4,49183.47,18,Blue,L,22,3.5,1136,Discontinued
518,SKU000518,075059064022,LG Table,Home,LG,29650,40794.83,42834.57,18,Blue,L,22,3.5,1834,Discontinued
519,SKU000519,857712133836,Puma T-Shirt,Fashion,Puma,26598,32449.36,34071.83,12,White,XL,1,4.7,1321,Discontinued
520,SKU000520,521427938038,LG Table,Home,LG,5624,7389.12,7758.58,18,White,L,21,4.4,4631,Discontinued
521,SKU000521,753339678271,Amul Tea,Groceries,Amul,14575,19764.35,20752.57,5,Black,S,20,3.6,2344,Discontinued
522,SKU000522,507794224022,Britannia Butter,Groceries,Britannia,30749,38871.98,40815.58,5,White,M,8,4.0,4947,Discontinued
523,SKU000523,615242090151,Adidas Jeans,Fashion,Adidas,4172,5614.69,5895.42,12,Red,M,7,4.9,142,Discontinued
524,SKU000524,667684987379,Britannia Cookies,Groceries,Britannia,40926,56991.24,59840.8,5,Blue,NA,18,4.6,3627,Discontinued
525,SKU000525,995379401829,LG Chair,Home,LG,40944,56927.47,59773.84,18,Black,M,5,4.6,3766,Active
526,SKU000526,524648578745,Amul Cookies,Groceries,Amul,48241,61797.64,64887.52,5,Blue,S,19,3.7,330,Active
527,SKU000527,984749451162,Adidas Shoes,Fashion,Adidas,42459,49579.5,52058.48,12,Blue,M,9,3.6,950,Active
528,SKU000528,581230568039,Sony Smart Watch,Electronics,Sony,26221,33785.76,35475.05,18,Blue,XL,4,4.8,1490,Discontinued
529,SKU000529,953837687695,Sony Table,Home,Sony,40432,52372.94,54991.59,18,Red,NA,4,4.0,1487,Discontinued
530,SKU000530,155846666930,Nike Jeans,Fashion,Nike,17407,21819.19,22910.15,12,Blue,L,3,4.4,1775,Discontinued
531,SKU000531,028065308455,Apple Headphones,Electronics,Apple,28880,40086.72,42091.06,18,Black,L,2,4.1,1865,Active
532,SKU000532,389570626251,Puma Jacket,Fashion,Puma,17894,24651.1,25883.65,12,Blue,S,8,4.3,4854,Active
533,SKU000533,733099192388,Sony Storage Box,Home,Sony,7068,8043.01,8445.16,18,Black,M,22,3.7,2212,Discontinued
534,SKU000534,994025511987,LG Chair,Home,LG,38324,43084.2,45238.41,18,White,NA,20,4.5,3732,Active
535,SKU000535,288415966425,IKEA Cookware,Home,IKEA,40358,45177.19,47436.05,18,Red,XL,22,3.7,2630,Discontinued
536,SKU000536,253316365883,IKEA Chair,Home,IKEA,26284,34590.37,36319.89,18,Blue,L,3,4.8,2645,Active
537,SKU000537,209182090745,Sony Storage Box,Home,Sony,35587,41031.23,43082.79,18,White,M,10,4.4,648,Active
538,SKU000538,309528745073,Apple Smartphone,Electronics,Apple,7798,8892.53,9337.16,18,Blue,XL,9,3.9,2103,Active
539,SKU000539,144981792131,Sony Table,Home,Sony,14010,19081.04,20035.09,18,White,NA,3,3.5,3613,Active
540,SKU000540,097655918533,IKEA Table,Home,IKEA,25493,28856.39,30299.21,18,Black,NA,18,3.9,3236,Active
541,SKU000541,465103803006,Britannia Milk,Groceries,Britannia,21096,25930.97,27227.52,5,Black,NA,10,3.5,1119,Active
542,SKU000542,671235284361,LG Chair,Home,LG,18994,26449.45,27771.92,18,Red,XL,19,4.3,973,Discontinued
543,SKU000543,213977261161,Nike Shoes,Fashion,Nike,1414,1744.68,1831.91,12,Blue,XL,16,5.0,1706,Active
544,SKU000544,404828960792,Amul Milk,Groceries,Amul,962,1335.46,1402.23,5,Blue,XL,14,4.8,1684,Active
545,SKU000545,596120168465,LG Storage Box,Home,LG,40628,52963.05,55611.2,18,Red,NA,16,4.6,4628,Discontinued
546,SKU000546,811452651980,Amul Milk,Groceries,Amul,42371,52968.49,55616.91,5,Blue,NA,2,4.0,4010,Active
547,SKU000547,723133540084,LG Cookware,Home,LG,37062,50429.19,52950.65,18,Black,M,23,4.9,2948,Active
548,SKU000548,147272746191,LG Table,Home,LG,31470,34707.46,36442.83,18,Red,S,16,4.2,4656,Discontinued
549,SKU000549,681938531451,Samsung Laptop,Electronics,Samsung,35648,39969.36,41967.83,18,Red,M,15,4.3,317,Discontinued
550,SKU000550,212857871679,Britannia Cookies,Groceries,Britannia,28977,38143.31,40050.48,5,Red,L,12,3.6,580,Active
551,SKU000551,122415123008,Apple Smartphone,Electronics,Apple,45412,54768.06,57506.46,18,Black,L,0,4.2,447,Discontinued
552,SKU000552,064386742574,IKEA Table,Home,IKEA,34929,40295.47,42310.24,18,Red,XL,2,4.3,799,Active
553,SKU000553,096970907795,Puma T-Shirt,Fashion,Puma,10803,13494.86,14169.6,12,White,XL,14,3.9,1561,Discontinued
554,SKU000554,856602688128,LG Smart Watch,Electronics,LG,38994,46261.96,48575.06,18,White,NA,23,4.0,4906,Active
555,SKU000555,382260828771,Britannia Milk,Groceries,Britannia,20849,25360.19,26628.2,5,Blue,M,22,4.0,823,Discontinued
556,SKU000556,792069131645,Adidas Jeans,Fashion,Adidas,5186,6617.69,6948.57,12,Black,M,22,4.4,607,Active
557,SKU000557,754507978514,IKEA Table,Home,IKEA,10089,13221.9,13883.0,18,White,M,15,3.7,3365,Discontinued
558,SKU000558,814977712569,Puma Shoes,Fashion,Puma,38882,53904.25,56599.46,12,Blue,M,22,4.3,1720,Discontinued
559,SKU000559,148886897768,LG Chair,Home,LG,29269,40112.36,42117.98,18,Red,NA,8,4.9,3577,Discontinued
560,SKU000560,788997504135,LG Smart Watch,Electronics,LG,21038,23790.98,24980.53,18,Blue,XL,12,4.4,938,Active
561,SKU000561,600139477139,LG Cookware,Home,LG,33705,46168.54,48476.97,18,Red,XL,9,4.5,4878,Active
562,SKU000562,095657272705,Puma T-Shirt,Fashion,Puma,23516,29123.19,30579.35,12,White,NA,2,3.6,4848,Active
563,SKU000563,634638634623,Nike Jeans,Fashion,Nike,20276,24073.68,25277.36,12,Red,NA,18,3.5,144,Active
564,SKU000564,811971781554,LG Storage Box,Home,LG,1693,2325.12,2441.38,18,Red,S,0,3.8,2655,Discontinued
565,SKU000565,362827864152,Sony Chair,Home,Sony,43748,61044.59,64096.82,18,White,XL,13,4.2,3744,Discontinued
566,SKU000566,565428237704,Apple Smart Watch,Electronics,Apple,10311,12845.33,13487.6,18,White,S,6,4.2,597,Discontinued
567,SKU000567,273374107799,Puma Jeans,Fashion,Puma,41285,52027.13,54628.49,12,Black,S,12,4.3,4833,Active
568,SKU000568,946864071465,LG Table,Home,LG,22032,26802.11,28142.22,18,White,M,9,3.6,3542,Discontinued
569,SKU000569,102294439680,LG Smartphone,Electronics,LG,46375,61478.27,64552.18,18,White,L,17,4.1,3878,Discontinued
570,SKU000570,484784945606,LG Smartphone,Electronics,LG,35585,49531.5,52008.08,18,Blue,M,16,4.1,1365,Active
571,SKU000571,250284012299,LG Chair,Home,LG,36231,44405.19,46625.45,18,Red,NA,21,3.8,789,Discontinued
572,SKU000572,822284522628,Apple Headphones,Electronics,Apple,20493,25086.3,26340.62,18,Blue,XL,1,5.0,3822,Discontinued
573,SKU000573,365870883614,Britannia Cookies,Groceries,Britannia,3647,4112.67,4318.3,5,Red,XL,5,3.8,4804,Active
574,SKU000574,910149948975,Nike Jeans,Fashion,Nike,32550,42700.36,44835.38,12,White,M,2,4.8,4662,Active
575,SKU000575,578457746061,Nike Jacket,Fashion,Nike,18661,21606.27,22686.58,12,Blue,NA,3,4.1,3086,Active
576,SKU000576,065910434347,Samsung Laptop,Electronics,Samsung,18630,23095.7,24250.49,18,White,M,10,4.4,4075,Active
577,SKU000577,048568682206,Britannia Tea,Groceries,Britannia,19966,22898.17,24043.08,5,Red,L,10,5.0,250,Active
578,SKU000578,885325496985,Adidas Shoes,Fashion,Adidas,3230,4234.52,4446.25,12,Blue,XL,16,4.0,2349,Discontinued
579,SKU000579,826673958448,Samsung Smart Watch,Electronics,Samsung,41920,56501.47,59326.54,18,White,NA,21,3.8,2670,Discontinued
580,SKU000580,138972235912,Puma Jeans,Fashion,Puma,20642,27955.91,29353.71,12,White,S,2,4.0,839,Active
581,SKU000581,948599317194,Samsung Headphones,Electronics,Samsung,43180,50117.1,52622.96,18,Black,M,24,4.4,2893,Discontinued
582,SKU000582,470091180117,Amul Tea,Groceries,Amul,17865,22793.84,23933.53,5,Red,M,23,4.6,4426,Active
583,SKU000583,531000225915,Sony Table,Home,Sony,368,413.48,434.15,18,Red,NA,5,4.5,4439,Discontinued
584,SKU000584,949682574887,Samsung Headphones,Electronics,Samsung,14644,17297.76,18162.65,18,Blue,NA,22,4.2,318,Active
585,SKU000585,323951962570,Amul Milk,Groceries,Amul,19510,24245.94,25458.24,5,Blue,XL,20,4.4,4466,Active
586,SKU000586,470487598111,Apple Smartphone,Electronics,Apple,8244,10868.23,11411.64,18,Red,L,21,4.9,160,Active
587,SKU000587,204072117465,Britannia Milk,Groceries,Britannia,39769,44014.87,46215.61,5,Black,L,10,3.9,4895,Discontinued
588,SKU000588,640361172684,IKEA Table,Home,IKEA,47639,60499.11,63524.07,18,Black,XL,1,4.8,1910,Discontinued
589,SKU000589,006528863409,Sony Storage Box,Home,Sony,14811,18610.67,19541.2,18,Black,S,19,5.0,151,Active
590,SKU000590,060187086632,Adidas Jeans,Fashion,Adidas,45222,54676.18,57409.99,12,Red,S,1,3.6,3427,Discontinued
591,SKU000591,209092564798,LG Table,Home,LG,42666,51937.93,54534.83,18,White,NA,12,4.7,275,Active
592,SKU000592,620719144510,Adidas Shoes,Fashion,Adidas,33967,43904.82,46100.06,12,White,NA,1,3.9,2162,Discontinued
593,SKU000593,799838489027,LG Smartphone,Electronics,LG,4826,6286.98,6601.33,18,Red,L,6,3.6,3329,Discontinued
594,SKU000594,085060020904,Britannia Cookies,Groceries,Britannia,20408,24122.52,25328.65,5,Red,S,9,5.0,4919,Active
595,SKU000595,151668577188,Amul Butter,Groceries,Amul,33498,46005.42,48305.69,5,Black,XL,17,4.4,4895,Active
596,SKU000596,135673718009,Samsung Smartphone,Electronics,Samsung,41694,50018.31,52519.23,18,Blue,L,21,4.9,1461,Discontinued
597,SKU000597,944901451424,Britannia Milk,Groceries,Britannia,28250,33846.24,35538.55,5,Red,NA,7,3.9,4557,Discontinued
598,SKU000598,603721242583,Puma Jacket,Fashion,Puma,40471,46322.56,48638.69,12,Black,S,17,4.0,2609,Active
599,SKU000599,060193719561,LG Table,Home,LG,44067,60620.36,63651.38,18,Blue,S,24,4.3,1665,Discontinued
600,SKU000600,456595269396,Sony Smartphone,Electronics,Sony,2702,3410.78,3581.32,18,Red,S,24,4.7,1289,Active
601,SKU000601,624403903639,LG Smartphone,Electronics,LG,30212,34248.38,35960.8,18,Red,L,10,4.0,122,Discontinued
602,SKU000602,364607492466,Sony Cookware,Home,Sony,45367,55323.12,58089.28,18,Black,S,14,3.9,4795,Discontinued
603,SKU000603,116789810934,Nike T-Shirt,Fashion,Nike,37120,46210.32,48520.84,12,Blue,M,5,4.9,2746,Active
604,SKU000604,336393461326,Adidas Jeans,Fashion,Adidas,7066,9254.36,9717.08,12,Blue,XL,10,3.8,1485,Discontinued
605,SKU000605,955312018876,Samsung Smart Watch,Electronics,Samsung,38308,53051.06,55703.61,18,Red,XL,23,3.8,3493,Active
606,SKU000606,123255163684,Sony Storage Box,Home,Sony,19094,23573.38,24752.05,18,White,L,19,4.4,1113,Discontinued
607,SKU000607,675874563767,Adidas Shoes,Fashion,Adidas,4146,5542.63,5819.76,12,Blue,NA,22,4.7,3995,Discontinued
608,SKU000608,432793224968,Nike T-Shirt,Fashion,Nike,18346,25581.93,26861.03,12,Blue,XL,10,3.8,349,Discontinued
609,SKU000609,244970434614,Nike Jeans,Fashion,Nike,31377,42080.63,44184.66,12,Black,L,1,4.8,4981,Active
610,SKU000610,385183529369,Britannia Milk,Groceries,Britannia,10588,12977.31,13626.18,5,Red,M,12,4.8,2520,Discontinued
611,SKU000611,327050024651,Britannia Milk,Groceries,Britannia,36747,47521.04,49897.09,5,White,L,4,4.3,3251,Active
612,SKU000612,358189324566,Adidas Shoes,Fashion,Adidas,580,650.17,682.68,12,Blue,S,24,4.4,4796,Discontinued
613,SKU000613,461638917221,Apple Smartphone,Electronics,Apple,25796,34062.25,35765.36,18,Red,M,4,4.6,1909,Discontinued
614,SKU000614,468254819063,Apple Headphones,Electronics,Apple,42737,48880.94,51324.99,18,Black,M,9,3.7,1375,Discontinued
615,SKU000615,604712429225,Britannia Butter,Groceries,Britannia,27765,35377.03,37145.88,5,Blue,M,16,4.6,2600,Active
616,SKU000616,285360012637,Amul Cookies,Groceries,Amul,30421,34995.84,36745.63,5,White,S,7,4.4,2039,Discontinued
617,SKU000617,966968112104,LG Cookware,Home,LG,12086,16341.27,17158.33,18,Blue,NA,16,4.8,3100,Active
618,SKU000618,122442761464,Britannia Butter,Groceries,Britannia,35962,48728.84,51165.28,5,Blue,M,1,3.9,2598,Discontinued
619,SKU000619,991944913441,Puma T-Shirt,Fashion,Puma,17220,20173.32,21181.99,12,Red,L,22,4.6,218,Active
620,SKU000620,203370459733,Apple Smart Watch,Electronics,Apple,6309,8139.36,8546.33,18,Black,L,3,3.7,3531,Discontinued
621,SKU000621,421523247677,IKEA Table,Home,IKEA,17625,22601.53,23731.61,18,Black,S,20,5.0,2132,Discontinued
622,SKU000622,839961377209,LG Smartphone,Electronics,LG,5010,5614.95,5895.7,18,Black,S,23,4.9,1936,Active
623,SKU000623,191326657535,Amul Milk,Groceries,Amul,8581,10141.86,10648.95,5,White,M,3,4.8,4906,Discontinued
624,SKU000624,648135699476,Nike Jacket,Fashion,Nike,28661,34620.3,36351.32,12,Black,XL,5,3.6,2036,Discontinued
625,SKU000625,083223107990,Sony Smart Watch,Electronics,Sony,41706,54220.35,56931.37,18,Blue,NA,17,3.9,2871,Discontinued
626,SKU000626,529753045142,Nike T-Shirt,Fashion,Nike,46413,52496.84,55121.68,12,Black,L,7,5.0,3558,Active
627,SKU000627,251699753281,Adidas Jacket,Fashion,Adidas,25841,35611.14,37391.7,12,White,XL,14,4.0,2026,Active
628,SKU000628,009504300967,Puma T-Shirt,Fashion,Puma,21474,27387.75,28757.14,12,White,S,16,3.8,3380,Discontinued
629,SKU000629,081516125934,Samsung Laptop,Electronics,Samsung,42831,58839.0,61780.95,18,Black,XL,1,4.0,2202,Active
630,SKU000630,379114942594,Adidas Jeans,Fashion,Adidas,8635,10564.38,11092.6,12,Black,L,23,3.9,1422,Active
631,SKU000631,875219393816,Amul Cookies,Groceries,Amul,47242,55525.03,58301.28,5,Black,XL,20,4.8,1108,Active
632,SKU000632,968587132499,LG Table,Home,LG,38569,44885.34,47129.61,18,Black,NA,15,3.9,4406,Discontinued
633,SKU000633,560019827830,Puma T-Shirt,Fashion,Puma,19308,21916.98,23012.83,12,Blue,NA,10,4.0,1628,Active
634,SKU000634,964153180748,Amul Milk,Groceries,Amul,38077,46650.32,48982.84,5,Blue,XL,1,3.8,2775,Discontinued
635,SKU000635,653814214946,IKEA Cookware,Home,IKEA,49111,64196.29,67406.1,18,Blue,S,17,4.8,4927,Discontinued
636,SKU000636,292626277144,Apple Laptop,Electronics,Apple,44861,62705.32,65840.59,18,Red,XL,15,3.7,1075,Active
637,SKU000637,021057171457,IKEA Storage Box,Home,IKEA,31029,39649.68,41632.16,18,Red,S,13,4.9,841,Active
638,SKU000638,618032858748,Sony Cookware,Home,Sony,29579,40720.54,42756.57,18,Blue,L,5,4.5,2356,Discontinued
639,SKU000639,695663766016,Sony Headphones,Electronics,Sony,41078,50344.34,52861.56,18,Black,S,15,4.2,891,Active
640,SKU000640,600918221718,LG Laptop,Electronics,LG,29528,35390.03,37159.53,18,Red,M,23,4.4,918,Discontinued
641,SKU000641,081054047436,LG Table,Home,LG,17903,20754.94,21792.69,18,White,XL,3,4.5,2813,Discontinued
642,SKU000642,605032554022,LG Chair,Home,LG,26412,35432.75,37204.39,18,Black,S,19,3.7,2387,Active
643,SKU000643,462718228052,Adidas T-Shirt,Fashion,Adidas,37497,47939.13,50336.09,12,Red,M,1,3.8,1874,Active
644,SKU000644,072544981092,Amul Butter,Groceries,Amul,940,1072.58,1126.21,5,Black,XL,19,3.5,4401,Discontinued
645,SKU000645,889095492108,Britannia Tea,Groceries,Britannia,1350,1734.07,1820.77,5,Blue,L,11,4.6,667,Discontinued
646,SKU000646,975024949116,IKEA Storage Box,Home,IKEA,23070,26844.63,28186.86,18,White,L,10,3.5,2864,Discontinued
647,SKU000647,137607674486,Samsung Smartphone,Electronics,Samsung,16309,19494.1,20468.81,18,Black,XL,14,4.8,2389,Discontinued
648,SKU000648,324492014497,Sony Headphones,Electronics,Sony,45605,60957.03,64004.88,18,Red,S,1,4.8,2897,Discontinued
649,SKU000649,324418862159,Britannia Milk,Groceries,Britannia,2030,2537.65,2664.53,5,Blue,S,4,3.5,3498,Discontinued
650,SKU000650,289973548683,Adidas Jacket,Fashion,Adidas,48361,53877.31,56571.18,12,Red,NA,9,3.9,3465,Active
651,SKU000651,133012907122,LG Headphones,Electronics,LG,24434,28463.79,29886.98,18,Red,XL,23,4.7,2853,Discontinued
652,SKU000652,308731931800,Samsung Headphones,Electronics,Samsung,4585,5832.18,6123.79,18,Blue,L,22,4.1,1199,Active
653,SKU000653,807710290163,Britannia Cookies,Groceries,Britannia,44350,60738.55,63775.48,5,Red,M,8,4.4,2479,Discontinued
654,SKU000654,002252506633,Sony Table,Home,Sony,9846,11795.86,12385.65,18,Black,S,9,3.7,2577,Discontinued
655,SKU000655,383785046888,LG Cookware,Home,LG,18601,26037.55,27339.43,18,Blue,M,3,4.1,1500,Discontinued
656,SKU000656,455530084159,Amul Butter,Groceries,Amul,44702,50962.24,53510.35,5,Red,M,1,3.5,4133,Active
657,SKU000657,585614562016,LG Cookware,Home,LG,17967,22107.84,23213.23,18,Black,NA,19,4.6,2794,Discontinued
658,SKU000658,783799311134,Puma T-Shirt,Fashion,Puma,47451,54674.71,57408.45,12,Black,XL,1,4.7,1910,Active
659,SKU000659,429610019338,LG Laptop,Electronics,LG,23130,25645.75,26928.04,18,Blue,S,14,3.8,2987,Active
660,SKU000660,167343959063,Amul Tea,Groceries,Amul,11957,16051.53,16854.11,5,White,M,7,4.1,3513,Discontinued
661,SKU000661,087925329326,Samsung Laptop,Electronics,Samsung,21630,28519.34,29945.31,18,Red,L,22,3.7,2046,Discontinued
662,SKU000662,815554633145,Nike Shoes,Fashion,Nike,27229,36538.84,38365.78,12,Blue,L,18,3.6,1056,Discontinued
663,SKU000663,181298718387,Britannia Cookies,Groceries,Britannia,48182,57209.7,60070.18,5,Red,NA,13,5.0,2567,Active
664,SKU000664,556339060129,Nike Shoes,Fashion,Nike,22152,26541.95,27869.05,12,White,L,15,4.1,573,Discontinued
665,SKU000665,400834885900,Britannia Tea,Groceries,Britannia,12549,15564.01,16342.21,5,Black,S,19,4.6,4408,Discontinued
666,SKU000666,783414376085,IKEA Cookware,Home,IKEA,17154,19216.21,20177.02,18,Red,XL,4,3.6,2797,Discontinued
667,SKU000667,773881112671,LG Chair,Home,LG,16595,21231.75,22293.34,18,Blue,L,14,4.7,4502,Discontinued
668,SKU000668,876768406002,Amul Tea,Groceries,Amul,32825,42525.35,44651.62,5,Red,NA,14,4.8,3710,Active
669,SKU000669,016309089470,Adidas Jeans,Fashion,Adidas,37292,47204.79,49565.03,12,Blue,L,12,4.9,2324,Discontinued
670,SKU000670,004076923053,LG Smart Watch,Electronics,LG,32308,43328.04,45494.44,18,Red,L,11,4.0,2754,Active
671,SKU000671,803559262916,Sony Headphones,Electronics,Sony,26284,31727.33,33313.7,18,White,M,21,3.5,2839,Active
672,SKU000672,112615447970,Britannia Butter,Groceries,Britannia,40855,48502.53,50927.66,5,Red,S,14,3.8,3854,Discontinued
673,SKU000673,763624315275,Apple Smartphone,Electronics,Apple,9450,12339.74,12956.73,18,Blue,S,9,3.8,3591,Discontinued
674,SKU000674,677671563024,Amul Butter,Groceries,Amul,3941,4541.39,4768.46,5,Blue,S,16,4.7,1753,Active
675,SKU000675,394702322564,Apple Laptop,Electronics,Apple,6728,8520.21,8946.22,18,Black,NA,14,3.5,10,Discontinued
676,SKU000676,167208307843,Sony Smartphone,Electronics,Sony,12995,15487.59,16261.97,18,White,NA,24,4.5,327,Active
677,SKU000677,070061837027,Apple Laptop,Electronics,Apple,39214,43399.3,45569.27,18,Black,NA,16,4.1,2898,Active
678,SKU000678,008180984969,Nike Jeans,Fashion,Nike,3885,4942.82,5189.96,12,White,XL,6,4.8,488,Discontinued
679,SKU000679,991275501478,Puma Jacket,Fashion,Puma,36179,43158.07,45315.97,12,White,L,11,4.8,3656,Active
680,SKU000680,581483473527,Amul Milk,Groceries,Amul,8289,10895.85,11440.64,5,Red,NA,1,3.8,3179,Active
681,SKU000681,788938044471,Britannia Cookies,Groceries,Britannia,350,458.2,481.11,5,Blue,XL,11,4.1,1295,Active
682,SKU000682,928575159602,Adidas Jacket,Fashion,Adidas,19612,21973.97,23072.67,12,Blue,XL,15,4.6,2444,Discontinued
683,SKU000683,359810699637,Puma Jeans,Fashion,Puma,30142,34565.43,36293.7,12,Red,S,1,3.7,3366,Discontinued
684,SKU000684,649950000882,Nike Jacket,Fashion,Nike,36602,44576.67,46805.5,12,Blue,XL,21,4.5,153,Discontinued
685,SKU000685,215200018738,Puma Shoes,Fashion,Puma,25490,30224.47,31735.69,12,Blue,L,20,4.4,1748,Discontinued
686,SKU000686,795336542288,LG Smartphone,Electronics,LG,26014,33794.86,35484.6,18,White,M,2,3.9,1605,Discontinued
687,SKU000687,787571436162,Puma Jeans,Fashion,Puma,1134,1285.8,1350.09,12,White,NA,12,5.0,3382,Active
688,SKU000688,555354604731,Samsung Smart Watch,Electronics,Samsung,3030,4076.59,4280.42,18,Red,M,1,4.0,3804,Active
689,SKU000689,816345044522,Britannia Milk,Groceries,Britannia,11572,15240.09,16002.09,5,Blue,NA,18,4.9,2877,Discontinued
690,SKU000690,336741257832,LG Table,Home,LG,10142,11885.4,12479.67,18,Black,NA,15,4.5,519,Active
691,SKU000691,640314149362,Sony Table,Home,Sony,33612,39000.07,40950.07,18,Black,L,19,4.0,2270,Active
692,SKU000692,318359593474,Puma Jeans,Fashion,Puma,25637,30532.53,32059.16,12,Black,L,19,3.9,2044,Active
693,SKU000693,397469624541,Adidas Jeans,Fashion,Adidas,21477,25841.69,27133.77,12,Blue,L,17,4.2,4488,Discontinued
694,SKU000694,721795204045,LG Cookware,Home,LG,5172,6282.39,6596.51,18,Red,XL,5,4.6,1513,Active
695,SKU000695,163536818273,Sony Smart Watch,Electronics,Sony,13597,18095.03,18999.78,18,White,XL,4,4.9,1151,Active
696,SKU000696,626399548749,Sony Cookware,Home,Sony,11048,13907.55,14602.93,18,White,S,17,4.0,3875,Active
697,SKU000697,021580363959,Amul Butter,Groceries,Amul,25582,29190.52,30650.05,5,Blue,L,5,4.6,1912,Active
698,SKU000698,973644737423,Apple Smart Watch,Electronics,Apple,19222,22423.21,23544.37,18,Black,NA,1,4.5,1692,Discontinued
699,SKU000699,121219514925,Puma Shoes,Fashion,Puma,21538,23992.17,25191.78,12,Black,S,2,3.6,4078,Discontinued
700,SKU000700,707360348221,Britannia Butter,Groceries,Britannia,22975,27196.24,28556.05,5,Black,NA,3,4.3,3960,Discontinued
701,SKU000701,659976401503,Puma Jeans,Fashion,Puma,26209,31557.75,33135.64,12,Black,XL,4,4.5,676,Active
702,SKU000702,157565271120,Amul Milk,Groceries,Amul,27841,37466.54,39339.87,5,White,L,5,4.2,3881,Active
703,SKU000703,056687626674,LG Chair,Home,LG,24439,32992.11,34641.72,18,Blue,S,9,3.6,4725,Active
704,SKU000704,267915695879,Amul Butter,Groceries,Amul,33090,45368.61,47637.04,5,Red,S,15,3.8,3789,Active
705,SKU000705,542825425428,Sony Storage Box,Home,Sony,12834,14505.96,15231.26,18,Red,S,21,5.0,622,Active
706,SKU000706,538266614998,Amul Cookies,Groceries,Amul,26167,31245.22,32807.48,5,Black,NA,0,3.6,1183,Active
707,SKU000707,127866903197,Apple Headphones,Electronics,Apple,2802,3505.5,3680.78,18,White,L,17,4.9,4832,Active
708,SKU000708,862238643171,Samsung Laptop,Electronics,Samsung,26021,28696.04,30130.84,18,Blue,L,2,4.0,2013,Active
709,SKU000709,644431264452,LG Laptop,Electronics,LG,31962,44291.42,46505.99,18,White,M,7,3.8,2942,Discontinued
710,SKU000710,961904711473,Britannia Butter,Groceries,Britannia,3247,4149.2,4356.66,5,Blue,M,9,3.8,1162,Discontinued
711,SKU000711,842362729819,LG Chair,Home,LG,6991,9324.4,9790.62,18,Red,L,2,4.7,477,Active
712,SKU000712,927702005763,Sony Headphones,Electronics,Sony,45606,56413.09,59233.74,18,Red,NA,6,3.7,1651,Discontinued
713,SKU000713,285116305946,IKEA Cookware,Home,IKEA,20592,25915.18,27210.94,18,White,NA,18,4.2,1131,Discontinued
714,SKU000714,322482820004,LG Cookware,Home,LG,29599,36614.57,38445.3,18,Red,NA,1,4.2,2613,Discontinued
715,SKU000715,978665783973,Sony Smartphone,Electronics,Sony,16756,18849.17,19791.63,18,Blue,S,12,3.5,3563,Active
716,SKU000716,287805836228,Apple Smart Watch,Electronics,Apple,28714,35048.92,36801.37,18,White,XL,17,4.8,41,Active
717,SKU000717,899089509740,Adidas T-Shirt,Fashion,Adidas,10532,13102.14,13757.25,12,Blue,S,21,4.9,3106,Active
718,SKU000718,760677748589,LG Table,Home,LG,6256,8096.75,8501.59,18,Black,M,22,4.3,420,Discontinued
719,SKU000719,740485273386,Nike Jacket,Fashion,Nike,2328,2746.21,2883.52,12,White,XL,2,4.6,699,Active
720,SKU000720,638284597079,Samsung Headphones,Electronics,Samsung,40175,44936.64,47183.47,18,White,L,20,3.8,3373,Active
721,SKU000721,724817300971,Amul Cookies,Groceries,Amul,16908,22951.93,24099.53,5,Black,NA,5,3.7,1812,Discontinued
722,SKU000722,552497563963,Amul Butter,Groceries,Amul,4021,5539.79,5816.78,5,Blue,M,24,4.0,3390,Discontinued
723,SKU000723,658401505348,Amul Tea,Groceries,Amul,25734,35243.86,37006.05,5,White,S,8,4.6,1776,Discontinued
724,SKU000724,622814636488,Adidas Shoes,Fashion,Adidas,41091,50778.84,53317.78,12,Blue,NA,22,4.9,1251,Active
725,SKU000725,881171503094,Britannia Tea,Groceries,Britannia,15972,20249.39,21261.86,5,White,NA,23,4.9,1835,Discontinued
726,SKU000726,860442556635,Sony Cookware,Home,Sony,31106,43286.96,45451.31,18,Black,S,9,4.1,173,Discontinued
727,SKU000727,680609103738,IKEA Storage Box,Home,IKEA,28728,39540.8,41517.84,18,White,M,11,4.7,4099,Active
728,SKU000728,666032958156,LG Cookware,Home,LG,16530,21131.67,22188.25,18,Black,L,21,3.8,1549,Active
729,SKU000729,798320274590,Puma Jacket,Fashion,Puma,43193,55556.63,58334.46,12,Red,M,12,4.1,378,Active
730,SKU000730,021298475473,Samsung Laptop,Electronics,Samsung,9595,12574.24,13202.95,18,Red,XL,24,4.6,1266,Discontinued
731,SKU000731,772726770457,Nike Jeans,Fashion,Nike,14316,17207.68,18068.06,12,Black,L,3,4.7,613,Discontinued
732,SKU000732,598257443889,Puma Jeans,Fashion,Puma,39147,48449.47,50871.94,12,Blue,S,21,5.0,1957,Discontinued
733,SKU000733,686387526048,LG Storage Box,Home,LG,46193,51036.68,53588.51,18,Blue,NA,4,3.9,4312,Active
734,SKU000734,121605052127,LG Chair,Home,LG,28298,35309.77,37075.26,18,White,S,22,3.6,1700,Active
735,SKU000735,070683412013,Samsung Headphones,Electronics,Samsung,4917,6817.91,7158.81,18,Red,NA,7,3.9,669,Active
736,SKU000736,042755307805,Amul Milk,Groceries,Amul,897,993.25,1042.91,5,White,M,10,3.7,1551,Discontinued
737,SKU000737,226726191124,LG Headphones,Electronics,LG,43022,53153.79,55811.48,18,White,XL,11,4.9,2614,Active
738,SKU000738,047862159373,LG Table,Home,LG,34554,47519.5,49895.47,18,Black,NA,17,4.8,2198,Discontinued
739,SKU000739,736656650858,LG Headphones,Electronics,LG,32779,36545.74,38373.03,18,Blue,NA,4,4.6,2799,Discontinued
740,SKU000740,735971008516,Nike Jacket,Fashion,Nike,33474,44302.3,46517.42,12,White,NA,24,4.3,829,Discontinued
741,SKU000741,460601079686,IKEA Table,Home,IKEA,11565,13627.31,14308.68,18,White,L,6,4.3,4959,Active
742,SKU000742,163253228505,Sony Smart Watch,Electronics,Sony,39651,44098.51,46303.44,18,Red,NA,20,4.0,2100,Active
743,SKU000743,637906822536,Samsung Laptop,Electronics,Samsung,22240,28400.72,29820.76,18,Black,S,14,4.2,130,Discontinued
744,SKU000744,489446307596,LG Storage Box,Home,LG,40260,49637.39,52119.26,18,White,NA,13,4.7,1611,Discontinued
745,SKU000745,591266658440,Puma Jacket,Fashion,Puma,46283,59647.9,62630.3,12,White,NA,5,4.4,2078,Discontinued
746,SKU000746,333935574858,Apple Laptop,Electronics,Apple,10838,13471.49,14145.06,18,Black,NA,22,4.0,1359,Active
747,SKU000747,163767492576,Puma Jacket,Fashion,Puma,37016,49190.09,51649.59,12,Red,S,8,4.7,3706,Active
748,SKU000748,818974180676,Apple Laptop,Electronics,Apple,28103,31713.46,33299.13,18,Red,S,14,3.8,4223,Active
749,SKU000749,432438624158,Adidas Shoes,Fashion,Adidas,48954,64330.83,67547.37,12,Red,NA,19,3.7,4675,Active
750,SKU000750,143314164100,Puma Jacket,Fashion,Puma,9067,12379.95,12998.95,12,Red,S,5,3.6,1108,Discontinued
751,SKU000751,917589139939,Samsung Smartphone,Electronics,Samsung,19614,23686.55,24870.88,18,White,NA,17,3.7,810,Active
752,SKU000752,089753840163,LG Smartphone,Electronics,LG,40235,55539.84,58316.83,18,Blue,S,24,4.0,1774,Discontinued
753,SKU000753,034578764418,Amul Butter,Groceries,Amul,13450,17907.25,18802.61,5,White,L,24,4.7,4515,Discontinued
754,SKU000754,160415059408,LG Smart Watch,Electronics,LG,10299,12936.01,13582.81,18,Blue,L,3,4.2,3755,Discontinued
755,SKU000755,536634094109,Nike Shoes,Fashion,Nike,1208,1478.15,1552.06,12,Black,NA,17,4.5,3827,Active
756,SKU000756,982876729938,IKEA Storage Box,Home,IKEA,45642,63283.27,66447.43,18,White,S,14,3.7,4542,Active
757,SKU000757,825531321420,Sony Cookware,Home,Sony,30880,35893.25,37687.91,18,White,NA,21,4.4,4499,Discontinued
758,SKU000758,214222805118,Britannia Butter,Groceries,Britannia,41214,48372.71,50791.35,5,Black,NA,23,4.1,3445,Active
759,SKU000759,281538895504,Nike Jeans,Fashion,Nike,41647,48196.91,50606.76,12,Red,L,2,4.7,908,Active
760,SKU000760,672886744116,Britannia Butter,Groceries,Britannia,2346,2621.98,2753.08,5,Black,XL,14,4.3,989,Active
761,SKU000761,829745551919,Sony Laptop,Electronics,Sony,10397,14521.69,15247.77,18,Black,L,21,4.5,2533,Active
762,SKU000762,788440662024,Amul Butter,Groceries,Amul,46103,58407.71,61328.1,5,White,L,2,4.4,4683,Active
763,SKU000763,114369740880,IKEA Storage Box,Home,IKEA,46970,60599.3,63629.27,18,Black,NA,18,4.4,3120,Discontinued
764,SKU000764,339442262087,LG Smartphone,Electronics,LG,45963,57169.88,60028.37,18,White,L,24,3.7,2272,Discontinued
765,SKU000765,768677490076,IKEA Cookware,Home,IKEA,47654,58807.29,61747.65,18,Blue,L,23,4.6,3084,Discontinued
766,SKU000766,770398148542,Sony Chair,Home,Sony,4334,4910.51,5156.04,18,Red,M,24,4.1,718,Active
767,SKU000767,295607721437,LG Table,Home,LG,22100,28805.07,30245.32,18,Blue,M,10,4.2,2796,Discontinued
768,SKU000768,956469017185,Amul Milk,Groceries,Amul,14563,17105.64,17960.92,5,White,L,12,3.9,520,Active
769,SKU000769,523786541070,Apple Smartphone,Electronics,Apple,43193,52796.94,55436.79,18,Black,L,21,4.1,2525,Discontinued
770,SKU000770,268160970373,Samsung Smartphone,Electronics,Samsung,47450,55258.12,58021.03,18,Blue,NA,15,4.9,4217,Active
771,SKU000771,252853514171,Amul Butter,Groceries,Amul,21043,29384.97,30854.22,5,Black,M,13,3.6,4402,Discontinued
772,SKU000772,099173252060,Amul Tea,Groceries,Amul,15499,17466.43,18339.75,5,Blue,M,10,4.9,1666,Active
773,SKU000773,596152701804,IKEA Storage Box,Home,IKEA,33181,42970.38,45118.9,18,Red,S,23,4.5,65,Discontinued
774,SKU000774,099761390558,Apple Smart Watch,Electronics,Apple,2731,3804.14,3994.35,18,Blue,S,20,4.6,644,Discontinued
775,SKU000775,387633257684,Samsung Headphones,Electronics,Samsung,29013,39109.83,41065.32,18,Red,S,10,4.7,3180,Active
776,SKU000776,812314655412,LG Smartphone,Electronics,LG,12537,15376.86,16145.7,18,Red,NA,3,3.7,3642,Active
777,SKU000777,896223650637,Sony Headphones,Electronics,Sony,15364,17352.29,18219.9,18,White,L,22,3.5,150,Active
778,SKU000778,455446098966,Puma T-Shirt,Fashion,Puma,37179,46511.83,48837.42,12,Blue,M,0,5.0,3911,Active
779,SKU000779,613551003160,Nike Jacket,Fashion,Nike,39765,47688.09,50072.49,12,White,S,24,4.1,4905,Discontinued
780,SKU000780,743130466799,Amul Butter,Groceries,Amul,39137,43262.47,45425.59,5,Red,XL,17,4.8,4463,Discontinued
781,SKU000781,808074120174,Sony Storage Box,Home,Sony,2901,3891.68,4086.26,18,White,M,20,4.1,4995,Active
782,SKU000782,393675499095,LG Smartphone,Electronics,LG,36693,47383.05,49752.2,18,Black,NA,18,4.5,2368,Discontinued
783,SKU000783,073556460871,IKEA Table,Home,IKEA,38715,44408.07,46628.47,18,White,S,2,4.5,3500,Discontinued
784,SKU000784,216964429087,Sony Chair,Home,Sony,4716,5500.63,5775.66,18,White,NA,8,4.3,3287,Active
785,SKU000785,920564055877,Amul Cookies,Groceries,Amul,39501,48033.84,50435.53,5,White,NA,18,4.9,4711,Discontinued
786,SKU000786,933595650759,Samsung Smart Watch,Electronics,Samsung,13470,18742.27,19679.38,18,White,NA,5,4.7,643,Discontinued
787,SKU000787,692708166755,LG Smartphone,Electronics,LG,12729,16836.49,17678.31,18,Black,L,13,4.3,352,Discontinued
788,SKU000788,336321366604,Sony Table,Home,Sony,33817,43905.74,46101.03,18,White,XL,22,4.7,1474,Discontinued
789,SKU000789,174149832528,Sony Cookware,Home,Sony,21847,26080.14,27384.15,18,Black,S,11,4.6,184,Active
790,SKU000790,645175325609,IKEA Storage Box,Home,IKEA,4157,5799.16,6089.12,18,White,S,2,3.5,4914,Active
791,SKU000791,793772170276,Sony Storage Box,Home,Sony,18231,21635.13,22716.89,18,Black,M,5,3.6,4704,Discontinued
792,SKU000792,430768585768,Adidas T-Shirt,Fashion,Adidas,15153,17412.36,18282.98,12,Blue,XL,0,3.9,1201,Active
793,SKU000793,467696474343,Amul Tea,Groceries,Amul,17728,20677.03,21710.88,5,Red,NA,19,4.5,245,Active
794,SKU000794,015877939929,LG Smart Watch,Electronics,LG,7110,8590.01,9019.51,18,White,XL,18,4.2,380,Discontinued
795,SKU000795,930346725995,Puma T-Shirt,Fashion,Puma,45825,50698.85,53233.79,12,Blue,XL,20,4.6,3808,Discontinued
796,SKU000796,832933913767,Sony Table,Home,Sony,19415,22970.03,24118.53,18,White,XL,20,4.3,2358,Active
797,SKU000797,476537114190,Britannia Butter,Groceries,Britannia,5762,7448.75,7821.19,5,Black,NA,2,4.1,1505,Active
798,SKU000798,614311018308,IKEA Storage Box,Home,IKEA,28172,32855.14,34497.9,18,Blue,XL,21,4.8,3902,Discontinued
799,SKU000799,571235986282,Samsung Headphones,Electronics,Samsung,16812,18860.48,19803.5,18,Blue,XL,3,4.8,3863,Active
800,SKU000800,467031399282,LG Storage Box,Home,LG,40593,47452.02,49824.62,18,Red,M,17,4.4,150,Discontinued
801,SKU000801,997979261837,LG Table,Home,LG,36522,40997.65,43047.53,18,Red,L,22,4.6,4183,Active
802,SKU000802,655800262419,Puma Jacket,Fashion,Puma,47721,65174.34,68433.06,12,Red,L,16,4.0,271,Active
803,SKU000803,229087893914,Sony Smartphone,Electronics,Sony,47491,53069.81,55723.3,18,Red,S,0,3.7,3368,Active
804,SKU000804,166817218408,Puma T-Shirt,Fashion,Puma,20466,27943.68,29340.86,12,Blue,M,12,4.4,692,Discontinued
805,SKU000805,531275246407,Samsung Smartphone,Electronics,Samsung,39804,55396.27,58166.08,18,White,L,9,3.8,4819,Active
806,SKU000806,390789831867,Britannia Butter,Groceries,Britannia,23172,26317.8,27633.69,5,White,NA,5,4.5,4437,Active
807,SKU000807,351328335636,Amul Tea,Groceries,Amul,23129,27477.73,28851.62,5,White,L,20,3.6,3997,Discontinued
808,SKU000808,338158836930,LG Chair,Home,LG,11434,12843.82,13486.01,18,White,XL,2,4.2,513,Discontinued
809,SKU000809,821931040709,Amul Milk,Groceries,Amul,33623,40889.73,42934.22,5,Blue,M,17,4.6,3289,Discontinued
810,SKU000810,242152331580,Nike Jacket,Fashion,Nike,48798,61399.74,64469.73,12,Blue,S,20,5.0,2588,Discontinued
811,SKU000811,223150624725,Nike Jacket,Fashion,Nike,23721,33053.79,34706.48,12,Black,XL,11,4.8,2527,Active
812,SKU000812,135291645963,LG Cookware,Home,LG,31084,34777.26,36516.12,18,Red,NA,19,4.1,4005,Discontinued
813,SKU000813,741634091047,LG Smart Watch,Electronics,LG,43646,57410.23,60280.74,18,Red,M,7,4.0,3950,Discontinued
814,SKU000814,583213873656,Britannia Milk,Groceries,Britannia,42931,52132.39,54739.01,5,Black,M,24,4.3,1956,Active
815,SKU000815,370446046099,Amul Tea,Groceries,Amul,18082,22973.73,24122.42,5,Red,NA,12,4.1,873,Active
816,SKU000816,646712223391,Sony Table,Home,Sony,23659,31198.39,32758.31,18,Black,S,6,3.7,1271,Active
817,SKU000817,052314773561,Adidas Jacket,Fashion,Adidas,46376,64845.76,68088.05,12,Red,S,22,4.5,2213,Discontinued
818,SKU000818,347326681915,Puma Jeans,Fashion,Puma,12382,17245.35,18107.62,12,Blue,XL,15,4.5,2912,Active
819,SKU000819,202182422603,Britannia Milk,Groceries,Britannia,4437,5225.63,5486.91,5,Red,XL,10,3.9,742,Active
820,SKU000820,155750688924,Amul Milk,Groceries,Amul,28025,37300.65,39165.68,5,Blue,M,2,4.5,1431,Active
821,SKU000821,612278718018,Sony Storage Box,Home,Sony,22773,30252.47,31765.09,18,Blue,L,5,3.7,2619,Active
822,SKU000822,745830607414,LG Table,Home,LG,132,163.53,171.71,18,White,M,7,4.9,57,Discontinued
823,SKU000823,838114333446,Adidas Jacket,Fashion,Adidas,38074,50077.87,52581.76,12,White,S,20,3.5,2838,Discontinued
824,SKU000824,107115408795,Puma T-Shirt,Fashion,Puma,43156,58838.9,61780.85,12,Blue,NA,5,3.9,298,Active
825,SKU000825,406741775002,Adidas Shoes,Fashion,Adidas,39964,54253.2,56965.86,12,Blue,M,21,4.6,2529,Active
826,SKU000826,696775624121,Britannia Butter,Groceries,Britannia,8700,11069.5,11622.98,5,Black,M,9,4.5,4755,Active
827,SKU000827,638041122280,Nike T-Shirt,Fashion,Nike,3273,3974.61,4173.34,12,White,XL,8,3.8,4185,Discontinued
828,SKU000828,387978733736,Britannia Butter,Groceries,Britannia,49296,58916.95,61862.8,5,Black,NA,13,4.9,4277,Active
829,SKU000829,047678419491,Sony Headphones,Electronics,Sony,36195,44416.07,46636.87,18,Black,L,22,4.9,4896,Discontinued
830,SKU000830,121788763710,Amul Milk,Groceries,Amul,43219,47765.0,50153.25,5,Black,L,4,3.6,1032,Active
831,SKU000831,717252743552,Apple Headphones,Electronics,Apple,34170,38684.73,40618.97,18,Red,L,20,4.2,3871,Active
832,SKU000832,415824073480,Puma Shoes,Fashion,Puma,41551,47996.17,50395.98,12,Black,NA,21,3.7,2285,Discontinued
833,SKU000833,456223038858,Amul Butter,Groceries,Amul,5396,6895.54,7240.32,5,Red,M,20,4.8,2024,Active
834,SKU000834,399564087067,Apple Headphones,Electronics,Apple,22251,27814.75,29205.49,18,Blue,L,12,4.8,4344,Active
835,SKU000835,173507671609,LG Table,Home,LG,24532,31932.45,33529.07,18,Black,S,13,3.7,2218,Active
836,SKU000836,520634309326,Amul Butter,Groceries,Amul,37083,48988.48,51437.9,5,Red,S,13,4.3,1938,Discontinued
837,SKU000837,640662769520,Puma Jeans,Fashion,Puma,25073,34638.73,36370.67,12,Black,NA,4,4.1,1200,Active
838,SKU000838,979913318049,Britannia Tea,Groceries,Britannia,46450,57785.09,60674.34,5,Black,NA,8,3.6,4090,Active
839,SKU000839,253130247568,Britannia Cookies,Groceries,Britannia,284,385.1,404.36,5,Red,XL,4,5.0,4604,Active
840,SKU000840,784868844526,Nike T-Shirt,Fashion,Nike,7095,9206.2,9666.51,12,Blue,S,1,4.5,799,Discontinued
841,SKU000841,323161670905,Amul Milk,Groceries,Amul,40154,55096.32,57851.14,5,White,XL,24,5.0,3333,Active
842,SKU000842,138752552031,IKEA Cookware,Home,IKEA,4444,5339.22,5606.18,18,Red,M,8,4.4,1534,Discontinued
843,SKU000843,141653591140,LG Headphones,Electronics,LG,37463,48316.38,50732.2,18,Blue,S,21,4.5,4493,Discontinued
844,SKU000844,182418124304,Adidas Jeans,Fashion,Adidas,25257,29359.7,30827.69,12,Red,S,5,4.3,4997,Active
845,SKU000845,817006288109,LG Smartphone,Electronics,LG,47963,55146.99,57904.34,18,Blue,L,24,3.6,3794,Discontinued
846,SKU000846,093604431854,LG Headphones,Electronics,LG,37075,49855.72,52348.51,18,Black,S,22,4.9,2920,Active
847,SKU000847,950158913789,LG Storage Box,Home,LG,1302,1546.48,1623.8,18,Red,NA,0,3.7,2728,Discontinued
848,SKU000848,321546990744,IKEA Table,Home,IKEA,33612,42574.6,44703.33,18,Black,NA,11,4.3,1763,Discontinued
849,SKU000849,915045028953,Amul Cookies,Groceries,Amul,44452,52035.21,54636.97,5,Blue,NA,22,4.8,430,Active
850,SKU000850,976308128498,Nike Shoes,Fashion,Nike,45073,51835.84,54427.63,12,White,XL,8,4.6,2421,Discontinued
851,SKU000851,468710377972,Adidas Jacket,Fashion,Adidas,23676,28091.25,29495.81,12,White,M,18,3.6,1446,Discontinued
852,SKU000852,681348785784,Nike Shoes,Fashion,Nike,4953,5629.96,5911.46,12,Black,XL,18,4.0,1124,Discontinued
853,SKU000853,764203479751,Amul Tea,Groceries,Amul,6285,7441.36,7813.43,5,Blue,L,4,5.0,2092,Discontinued
854,SKU000854,336182769202,IKEA Storage Box,Home,IKEA,20244,27108.35,28463.77,18,White,S,12,3.7,665,Discontinued
855,SKU000855,901061249554,Amul Butter,Groceries,Amul,1245,1412.71,1483.35,5,White,S,20,4.4,4185,Discontinued
856,SKU000856,905186044903,Puma Shoes,Fashion,Puma,38766,48316.97,50732.82,12,Blue,NA,5,4.3,471,Active
857,SKU000857,177863549283,Sony Table,Home,Sony,3493,4209.92,4420.42,18,White,XL,22,4.1,4029,Active
858,SKU000858,117422981174,Nike T-Shirt,Fashion,Nike,26801,29964.28,31462.49,12,Red,XL,10,4.4,3114,Active
859,SKU000859,638361085531,LG Cookware,Home,LG,12553,14814.55,15555.28,18,Blue,M,18,5.0,500,Active
860,SKU000860,987214903890,Adidas Jacket,Fashion,Adidas,16132,22391.95,23511.55,12,White,XL,9,4.8,3639,Discontinued
861,SKU000861,122585841307,Apple Laptop,Electronics,Apple,19966,24504.98,25730.23,18,Blue,XL,9,3.7,2046,Discontinued
862,SKU000862,508861575922,Puma Jacket,Fashion,Puma,30342,38113.07,40018.72,12,White,XL,21,4.4,2524,Active
863,SKU000863,854527646808,Apple Smartphone,Electronics,Apple,31069,35316.99,37082.84,18,Blue,L,1,4.4,2212,Discontinued
864,SKU000864,099875345772,Nike Jacket,Fashion,Nike,21785,27233.83,28595.52,12,White,M,8,3.9,4180,Discontinued
865,SKU000865,910382129251,Amul Tea,Groceries,Amul,21830,24744.3,25981.51,5,Blue,S,12,3.9,3896,Active
866,SKU000866,317436490074,LG Storage Box,Home,LG,6616,8181.84,8590.93,18,Red,XL,0,4.0,734,Active
867,SKU000867,040434110041,Nike Jeans,Fashion,Nike,27755,31243.44,32805.61,12,Blue,M,4,4.0,3467,Active
868,SKU000868,125612306626,Adidas Shoes,Fashion,Adidas,42480,49426.45,51897.77,12,White,XL,6,4.8,2872,Discontinued
869,SKU000869,538346609241,Amul Cookies,Groceries,Amul,26373,30705.9,32241.2,5,Black,NA,20,4.9,1302,Discontinued
870,SKU000870,670774248895,Apple Smart Watch,Electronics,Apple,42491,47833.88,50225.57,18,White,XL,14,3.8,4238,Discontinued
871,SKU000871,734441764167,IKEA Storage Box,Home,IKEA,15239,18816.6,19757.43,18,Black,L,2,3.8,3865,Discontinued
872,SKU000872,492006522873,LG Table,Home,LG,28535,38534.64,40461.37,18,Red,NA,6,4.8,1793,Discontinued
873,SKU000873,720581970139,Britannia Cookies,Groceries,Britannia,47150,55611.5,58392.08,5,White,L,2,4.4,2225,Discontinued
874,SKU000874,681843609706,Britannia Cookies,Groceries,Britannia,6225,7572.52,7951.15,5,Black,L,8,4.9,609,Active
875,SKU000875,269529193803,LG Smart Watch,Electronics,LG,24598,32106.2,33711.51,18,Blue,NA,12,4.8,2716,Discontinued
876,SKU000876,675538804663,Puma Jeans,Fashion,Puma,2416,3057.07,3209.92,12,Black,XL,9,4.9,3969,Discontinued
877,SKU000877,091438317689,Amul Milk,Groceries,Amul,48846,57464.29,60337.5,5,Blue,M,3,4.1,3305,Active
878,SKU000878,737199125518,IKEA Table,Home,IKEA,16712,19670.21,20653.72,18,Black,L,16,3.9,962,Active
879,SKU000879,021687132463,Sony Chair,Home,Sony,8821,11052.5,11605.12,18,Red,S,7,3.7,4924,Active
880,SKU000880,991609942211,LG Smart Watch,Electronics,LG,45079,59339.31,62306.28,18,Black,XL,10,4.4,2465,Active
881,SKU000881,655265810995,Britannia Butter,Groceries,Britannia,18226,24197.47,25407.34,5,White,XL,23,4.6,3101,Active
882,SKU000882,655818303216,Britannia Tea,Groceries,Britannia,18000,20874.85,21918.59,5,Blue,S,7,4.5,2015,Active
883,SKU000883,463429837509,IKEA Storage Box,Home,IKEA,20079,24073.5,25277.17,18,Black,XL,18,4.2,1178,Active
884,SKU000884,590123977678,Samsung Smart Watch,Electronics,Samsung,36379,40355.29,42373.05,18,White,XL,21,4.6,2388,Discontinued
885,SKU000885,708936144659,LG Smartphone,Electronics,LG,41095,54760.91,57498.96,18,White,XL,3,4.2,1855,Discontinued
886,SKU000886,177754890971,IKEA Cookware,Home,IKEA,8835,9935.41,10432.18,18,White,NA,1,4.9,2965,Discontinued
887,SKU000887,531053552020,Adidas Jeans,Fashion,Adidas,46241,56713.43,59549.1,12,White,XL,2,4.8,4705,Discontinued
888,SKU000888,948621409349,Adidas Jeans,Fashion,Adidas,49762,57602.33,60482.45,12,Blue,NA,10,4.0,2538,Discontinued
889,SKU000889,186368490039,Amul Milk,Groceries,Amul,39110,50242.93,52755.08,5,White,M,2,4.8,2164,Active
890,SKU000890,776396343235,Sony Chair,Home,Sony,38089,50761.97,53300.07,18,Black,NA,20,3.8,3219,Active
891,SKU000891,951497694002,Sony Table,Home,Sony,48738,68204.99,71615.24,18,Red,XL,18,4.5,1489,Discontinued
892,SKU000892,347591584468,Amul Cookies,Groceries,Amul,41264,55081.93,57836.03,5,Red,NA,11,4.1,4233,Active
893,SKU000893,311399970177,Puma Shoes,Fashion,Puma,49926,63674.01,66857.71,12,Blue,S,9,3.9,3086,Discontinued
894,SKU000894,077921123581,Apple Laptop,Electronics,Apple,32398,40098.65,42103.58,18,Blue,L,18,4.2,3021,Discontinued
895,SKU000895,684372426827,Samsung Smart Watch,Electronics,Samsung,21944,26824.93,28166.18,18,Red,XL,8,3.5,1139,Discontinued
896,SKU000896,655143157937,Amul Cookies,Groceries,Amul,26992,30328.3,31844.72,5,White,XL,19,4.7,3723,Discontinued
897,SKU000897,540352238417,Apple Smartphone,Electronics,Apple,48243,55878.67,58672.6,18,White,NA,24,4.9,3946,Active
898,SKU000898,541466344222,Sony Laptop,Electronics,Sony,39675,49358.59,51826.52,18,Black,L,19,4.4,1223,Discontinued
899,SKU000899,429169111704,Sony Table,Home,Sony,7168,8535.45,8962.22,18,White,NA,1,4.3,3836,Active
900,SKU000900,126918892660,IKEA Storage Box,Home,IKEA,5052,7036.05,7387.85,18,White,XL,5,3.7,3638,Discontinued
901,SKU000901,560367331727,Puma Jacket,Fashion,Puma,5334,6498.47,6823.39,12,White,L,12,4.4,3621,Active
902,SKU000902,327733040186,Nike T-Shirt,Fashion,Nike,42138,53493.84,56168.53,12,Red,XL,15,3.5,1004,Active
903,SKU000903,973484437473,Britannia Cookies,Groceries,Britannia,34760,44797.32,47037.19,5,Red,XL,6,4.1,1690,Discontinued
904,SKU000904,290987145227,LG Headphones,Electronics,LG,32261,39167.85,41126.24,18,Black,L,3,4.2,4074,Discontinued
905,SKU000905,103293553926,Samsung Smart Watch,Electronics,Samsung,23550,31113.27,32668.93,18,Black,L,24,4.7,3128,Discontinued
906,SKU000906,983556179145,Sony Smart Watch,Electronics,Sony,28679,35910.91,37706.46,18,White,S,6,4.2,1345,Active
907,SKU000907,960364053852,IKEA Storage Box,Home,IKEA,22543,29333.84,30800.53,18,Red,NA,12,4.6,2256,Active
908,SKU000908,939554628039,Britannia Milk,Groceries,Britannia,26058,36037.91,37839.81,5,Blue,NA,23,4.5,318,Active
909,SKU000909,688686586990,LG Headphones,Electronics,LG,31818,39540.88,41517.92,18,Red,M,21,4.6,1668,Active
910,SKU000910,210088753048,Amul Cookies,Groceries,Amul,13174,16028.08,16829.48,5,Black,S,9,4.2,1835,Active
911,SKU000911,312389086182,Sony Chair,Home,Sony,33416,45478.62,47752.55,18,Red,L,16,4.8,4316,Active
912,SKU000912,244408212752,Nike Jacket,Fashion,Nike,12193,14876.06,15619.86,12,Blue,L,2,3.5,4076,Active
913,SKU000913,099202846000,Amul Cookies,Groceries,Amul,14980,20527.72,21554.11,5,Red,L,13,4.8,3382,Active
914,SKU000914,006571382389,Sony Headphones,Electronics,Sony,40724,46236.06,48547.86,18,Blue,L,24,4.3,586,Active
915,SKU000915,420466185082,Amul Butter,Groceries,Amul,11932,13466.41,14139.73,5,White,L,0,4.5,2985,Active
916,SKU000916,527098441301,Nike Jeans,Fashion,Nike,42886,49735.87,52222.66,12,Blue,XL,18,4.5,2555,Discontinued
917,SKU000917,111378805212,Sony Table,Home,Sony,31097,34598.54,36328.47,18,Blue,XL,13,3.8,1785,Discontinued
918,SKU000918,207727293785,Adidas T-Shirt,Fashion,Adidas,32522,43483.42,45657.59,12,Red,L,7,3.6,86,Discontinued
919,SKU000919,501844903517,LG Laptop,Electronics,LG,47648,65203.09,68463.24,18,Black,L,19,4.7,3197,Active
920,SKU000920,998817660249,Amul Butter,Groceries,Amul,29283,34014.12,35714.83,5,Blue,XL,21,4.5,98,Active
921,SKU000921,725891203225,Sony Storage Box,Home,Sony,36955,48631.85,51063.44,18,Blue,M,16,3.9,3639,Discontinued
922,SKU000922,127024163112,Adidas Shoes,Fashion,Adidas,15818,17894.52,18789.25,12,White,M,5,4.8,2592,Active
923,SKU000923,825908895553,Nike Jacket,Fashion,Nike,18398,24135.24,25342.0,12,Black,M,13,4.7,4532,Discontinued
924,SKU000924,464205420693,LG Headphones,Electronics,LG,3111,4110.4,4315.92,18,Red,M,7,4.0,1787,Active
925,SKU000925,620421067373,Adidas Shoes,Fashion,Adidas,18067,22312.4,23428.02,12,Black,XL,1,4.6,1104,Discontinued
926,SKU000926,975844319535,LG Smart Watch,Electronics,LG,35395,44904.6,47149.83,18,Red,M,5,3.7,199,Active
927,SKU000927,044944351716,LG Table,Home,LG,21361,27531.08,28907.63,18,Black,M,5,4.1,642,Active
928,SKU000928,261688451984,IKEA Cookware,Home,IKEA,25782,28669.33,30102.8,18,White,L,13,4.5,2723,Discontinued
929,SKU000929,409905415558,LG Headphones,Electronics,LG,31542,41216.81,43277.65,18,Black,XL,0,3.6,1932,Discontinued
930,SKU000930,577095143253,Nike Shoes,Fashion,Nike,37579,45899.15,48194.11,12,Red,M,10,3.6,4348,Discontinued
931,SKU000931,487688460933,Sony Chair,Home,Sony,701,919.21,965.17,18,Blue,L,9,4.9,4933,Active
932,SKU000932,521648176585,Amul Tea,Groceries,Amul,4980,6942.75,7289.89,5,Red,S,15,3.7,4869,Active
933,SKU000933,382577435501,Nike Shoes,Fashion,Nike,7982,10328.96,10845.41,12,Red,S,20,4.3,2824,Active
934,SKU000934,549960516962,Sony Smart Watch,Electronics,Sony,12555,15034.36,15786.08,18,White,S,7,4.2,3260,Active
935,SKU000935,057557910079,Amul Butter,Groceries,Amul,26500,30738.71,32275.65,5,White,NA,17,5.0,490,Active
936,SKU000936,042225795783,Sony Laptop,Electronics,Sony,13102,15874.33,16668.05,18,Blue,NA,1,4.9,198,Discontinued
937,SKU000937,874645649636,LG Laptop,Electronics,LG,7091,8188.68,8598.11,18,White,M,10,4.9,1450,Active
938,SKU000938,398873740622,Adidas T-Shirt,Fashion,Adidas,13385,18541.69,19468.77,12,Black,S,12,3.8,1539,Discontinued
939,SKU000939,261899965345,Adidas Jeans,Fashion,Adidas,33582,37115.6,38971.38,12,Black,NA,8,3.6,81,Discontinued
940,SKU000940,246558033740,Samsung Smart Watch,Electronics,Samsung,25354,29747.51,31234.89,18,White,M,19,4.4,405,Active
941,SKU000941,361380541867,Nike T-Shirt,Fashion,Nike,9925,13186.89,13846.23,12,White,L,3,3.9,2436,Active
942,SKU000942,034067022532,Apple Smart Watch,Electronics,Apple,40442,47373.52,49742.2,18,Black,NA,14,4.0,4821,Discontinued
943,SKU000943,837841250420,Puma Jeans,Fashion,Puma,419,545.1,572.36,12,Red,XL,14,4.7,3896,Active
944,SKU000944,094436457542,Nike Jeans,Fashion,Nike,13660,15228.78,15990.22,12,Black,S,19,3.7,1398,Active
945,SKU000945,129405536184,IKEA Cookware,Home,IKEA,5097,5716.58,6002.41,18,White,NA,21,4.5,4084,Discontinued
946,SKU000946,889884156726,LG Storage Box,Home,LG,23686,26680.21,28014.22,18,Red,L,15,4.2,4027,Discontinued
947,SKU000947,948722359382,Britannia Cookies,Groceries,Britannia,25399,30702.01,32237.11,5,Blue,S,19,4.3,2067,Discontinued
948,SKU000948,394704511748,Puma Jacket,Fashion,Puma,48118,62883.3,66027.47,12,Black,M,24,4.1,1244,Active
949,SKU000949,001314837192,Amul Milk,Groceries,Amul,44696,50621.95,53153.05,5,Red,S,15,4.0,3038,Discontinued
950,SKU000950,051935480607,LG Headphones,Electronics,LG,20198,22450.26,23572.77,18,Blue,L,21,4.2,1407,Discontinued
951,SKU000951,355812003750,Adidas T-Shirt,Fashion,Adidas,40670,45338.41,47605.33,12,Red,L,22,4.6,3336,Active
952,SKU000952,157110995747,Puma Shoes,Fashion,Puma,28905,38791.68,40731.26,12,White,L,17,4.6,139,Discontinued
953,SKU000953,118374946708,Nike Jacket,Fashion,Nike,39556,54677.26,57411.12,12,Black,M,10,3.7,1435,Discontinued
954,SKU000954,150840614642,Britannia Cookies,Groceries,Britannia,7165,7975.09,8373.84,5,Red,XL,13,3.8,393,Discontinued
955,SKU000955,713685804745,Samsung Headphones,Electronics,Samsung,47778,57645.34,60527.61,18,Red,XL,24,3.9,4498,Discontinued
956,SKU000956,620051528056,LG Storage Box,Home,LG,43414,52678.56,55312.49,18,Red,M,20,3.6,4153,Active
957,SKU000957,779824633361,Nike Jacket,Fashion,Nike,26509,35995.71,37795.5,12,Red,L,11,3.5,7,Discontinued
958,SKU000958,356733342929,LG Smart Watch,Electronics,LG,19318,24185.6,25394.88,18,Black,S,17,3.8,3910,Active
959,SKU000959,251237030994,Puma Shoes,Fashion,Puma,12375,16766.01,17604.31,12,Red,XL,16,4.4,2885,Discontinued
960,SKU000960,448532896245,Sony Smart Watch,Electronics,Sony,5628,7129.99,7486.49,18,White,M,16,4.0,1848,Active
961,SKU000961,985173824833,Sony Cookware,Home,Sony,16181,20813.78,21854.47,18,White,M,3,4.9,771,Active
962,SKU000962,050029939972,Amul Milk,Groceries,Amul,12122,13611.65,14292.23,5,Red,S,11,3.6,3719,Discontinued
963,SKU000963,602457017857,Adidas Jeans,Fashion,Adidas,13618,18403.87,19324.06,12,White,XL,20,4.3,897,Active
964,SKU000964,182104569229,IKEA Cookware,Home,IKEA,371,497.82,522.71,18,Black,M,23,4.1,167,Active
965,SKU000965,632676754845,Samsung Smart Watch,Electronics,Samsung,48227,54834.13,57575.84,18,Blue,S,17,4.3,1259,Discontinued
966,SKU000966,841219688760,Nike Shoes,Fashion,Nike,3514,4445.47,4667.74,12,Blue,S,3,4.0,3848,Active
967,SKU000967,464019603560,Britannia Milk,Groceries,Britannia,39835,55071.24,57824.8,5,Blue,L,11,4.1,3221,Discontinued
968,SKU000968,813893307670,Apple Smart Watch,Electronics,Apple,33386,38926.5,40872.83,18,White,L,0,4.8,789,Active
969,SKU000969,206695176082,Puma Jacket,Fashion,Puma,22143,27422.42,28793.54,12,White,NA,21,3.6,1146,Active
970,SKU000970,280569669085,LG Cookware,Home,LG,18327,23986.73,25186.07,18,Black,NA,22,4.4,1620,Active
971,SKU000971,660882007902,Sony Chair,Home,Sony,22022,28615.96,30046.76,18,Black,S,15,3.8,1860,Active
972,SKU000972,433727386160,Amul Butter,Groceries,Amul,22226,30427.74,31949.13,5,Black,S,3,3.6,4602,Active
973,SKU000973,302573501507,Puma Shoes,Fashion,Puma,43694,51371.28,53939.84,12,Black,M,12,4.9,3155,Discontinued
974,SKU000974,384846787834,Britannia Cookies,Groceries,Britannia,35784,43296.88,45461.72,5,White,L,3,3.6,2509,Active
975,SKU000975,939594595050,Adidas Shoes,Fashion,Adidas,25484,31977.41,33576.28,12,Black,NA,6,4.1,76,Active
976,SKU000976,685348890423,Nike T-Shirt,Fashion,Nike,19921,23229.28,24390.74,12,Blue,NA,1,3.6,688,Active
977,SKU000977,780335136969,Samsung Headphones,Electronics,Samsung,4757,5697.9,5982.8,18,Black,M,0,4.5,4178,Active
978,SKU000978,078286918306,Amul Milk,Groceries,Amul,26280,31513.69,33089.37,5,Black,XL,22,4.9,843,Active
979,SKU000979,644270559425,Adidas Jeans,Fashion,Adidas,49092,54152.45,56860.07,12,White,S,18,3.6,4789,Discontinued
980,SKU000980,830188822950,LG Table,Home,LG,461,621.6,652.68,18,White,NA,15,3.5,3580,Discontinued
981,SKU000981,369021396547,Amul Cookies,Groceries,Amul,5484,6742.69,7079.82,5,Blue,L,11,3.7,4598,Discontinued
982,SKU000982,748654791964,Amul Butter,Groceries,Amul,37011,42491.02,44615.57,5,Blue,S,21,4.9,2083,Active
983,SKU000983,362122807737,IKEA Chair,Home,IKEA,15991,21732.04,22818.64,18,White,NA,10,3.6,2052,Active
984,SKU000984,996523498859,Amul Milk,Groceries,Amul,35314,41699.98,43784.98,5,Black,L,3,3.8,4063,Discontinued
985,SKU000985,844364500517,Britannia Milk,Groceries,Britannia,43450,57232.16,60093.77,5,Blue,XL,1,4.2,4283,Active
986,SKU000986,805053940778,Sony Storage Box,Home,Sony,21701,25913.52,27209.2,18,White,M,17,3.9,566,Active
987,SKU000987,197218652197,IKEA Cookware,Home,IKEA,28599,33196.12,34855.93,18,Blue,M,20,4.7,644,Discontinued
988,SKU000988,525258526492,Amul Cookies,Groceries,Amul,43305,55742.14,58529.25,5,Black,L,9,4.5,2280,Discontinued
989,SKU000989,549540674372,Amul Cookies,Groceries,Amul,37839,48494.4,50919.12,5,Blue,M,1,4.4,830,Discontinued
990,SKU000990,425465051699,Sony Smartphone,Electronics,Sony,49811,56982.72,59831.86,18,Blue,S,8,4.1,4870,Discontinued
991,SKU000991,581954683608,Britannia Butter,Groceries,Britannia,23812,26279.94,27593.94,5,White,NA,12,3.7,1193,Active
992,SKU000992,887470114489,Britannia Butter,Groceries,Britannia,32031,39157.5,41115.38,5,Blue,XL,18,4.9,2618,Active
993,SKU000993,237619089547,Sony Smart Watch,Electronics,Sony,24292,31668.18,33251.59,18,Blue,L,4,4.1,1655,Active
994,SKU000994,642851149777,Samsung Smart Watch,Electronics,Samsung,41141,51039.04,53590.99,18,Blue,L,10,3.8,3586,Discontinued
995,SKU000995,543667621686,Nike Jeans,Fashion,Nike,47756,66653.95,69986.65,12,White,NA,7,3.9,3552,Discontinued
996,SKU000996,712663863354,Nike Shoes,Fashion,Nike,5297,5829.01,6120.46,12,Black,S,8,4.6,245,Active
997,SKU000997,992266043473,IKEA Table,Home,IKEA,19271,21954.45,23052.17,18,Blue,XL,5,4.2,4138,Discontinued
998,SKU000998,813319720267,Adidas Jeans,Fashion,Adidas,8101,9746.43,10233.75,12,Black,NA,1,4.9,3361,Active
999,SKU000999,224866517483,Sony Laptop,Electronics,Sony,42892,54840.9,57582.95,18,Blue,XL,11,3.5,1318,Discontinued
1000,SKU001000,177585401036,Amul Tea,Groceries,Amul,22874,31474.99,33048.74,5,Blue,S,12,4.9,1633,Discontinued
1001,SKU001001,524263638778,IKEA Storage Box,Home,IKEA,25049,28950.38,30397.9,18,Blue,XL,8,4.1,78,Discontinued
1002,SKU001002,954396108656,IKEA Storage Box,Home,IKEA,31630,36864.96,38708.21,18,Blue,M,24,4.5,3148,Discontinued
1003,SKU001003,718354394024,LG Storage Box,Home,LG,15680,17702.4,18587.52,18,White,S,14,4.7,2736,Active
1004,SKU001004,051382716842,Britannia Milk,Groceries,Britannia,1268,1414.23,1484.94,5,Red,S,5,4.0,241,Active
1005,SKU001005,925505390043,Adidas T-Shirt,Fashion,Adidas,44913,57989.01,60888.46,12,Blue,M,15,4.5,4100,Discontinued
1006,SKU001006,553724324408,Samsung Laptop,Electronics,Samsung,44560,60010.44,63010.96,18,White,M,22,4.0,2851,Active
1007,SKU001007,419999166304,IKEA Table,Home,IKEA,45543,61822.03,64913.13,18,White,L,2,3.7,736,Active
1008,SKU001008,411571491713,Britannia Butter,Groceries,Britannia,34703,39037.21,40989.07,5,White,L,0,3.8,3737,Discontinued
1009,SKU001009,063345557549,Sony Laptop,Electronics,Sony,33436,40826.63,42867.96,18,White,S,5,3.9,3013,Discontinued
1010,SKU001010,927506048723,Adidas Jacket,Fashion,Adidas,20256,28092.8,29497.44,12,Red,L,20,4.2,2706,Discontinued
1011,SKU001011,623209601756,Britannia Cookies,Groceries,Britannia,25266,33243.8,34905.99,5,Blue,NA,13,4.7,1351,Active
1012,SKU001012,664819651492,Sony Laptop,Electronics,Sony,10956,12694.79,13329.53,18,Blue,NA,4,4.1,2867,Discontinued
1013,SKU001013,653463142145,Britannia Butter,Groceries,Britannia,4007,5476.75,5750.59,5,Blue,M,14,3.8,4391,Discontinued
1014,SKU001014,976521883767,Puma Jeans,Fashion,Puma,11756,14726.18,15462.49,12,Black,XL,9,4.6,3062,Active
1015,SKU001015,691030449796,Sony Headphones,Electronics,Sony,17030,22684.3,23818.51,18,Red,XL,19,3.9,3252,Discontinued
1016,SKU001016,615733726529,LG Laptop,Electronics,LG,45885,62460.12,65583.13,18,Black,S,19,4.9,2321,Active
1017,SKU001017,114256518964,Amul Cookies,Groceries,Amul,19081,24751.48,25989.05,5,Red,S,15,4.2,119,Active
1018,SKU001018,766962998565,Britannia Tea,Groceries,Britannia,46370,55503.79,58278.98,5,Black,M,2,3.5,4821,Discontinued
1019,SKU001019,182162837250,Britannia Butter,Groceries,Britannia,48172,54933.51,57680.19,5,White,L,4,4.4,385,Active
1020,SKU001020,733136438430,Amul Milk,Groceries,Amul,47492,54081.82,56785.91,5,White,S,1,4.4,3437,Active
1021,SKU001021,454169817367,Samsung Laptop,Electronics,Samsung,42743,51706.25,54291.56,18,Red,L,4,3.8,1929,Discontinued
1022,SKU001022,457120729405,Puma T-Shirt,Fashion,Puma,36105,42741.25,44878.31,12,White,XL,10,5.0,3220,Active
1023,SKU001023,493972502750,LG Smart Watch,Electronics,LG,42100,54363.69,57081.87,18,White,L,11,4.4,1644,Discontinued
1024,SKU001024,971143293683,Nike Jeans,Fashion,Nike,44287,60238.18,63250.09,12,Red,NA,14,4.4,4937,Discontinued
1025,SKU001025,468165675397,IKEA Table,Home,IKEA,15327,21234.19,22295.9,18,Black,M,0,4.1,2142,Discontinued
1026,SKU001026,640601590325,Apple Laptop,Electronics,Apple,38658,46730.22,49066.73,18,White,XL,2,4.0,670,Active
1027,SKU001027,643706644478,IKEA Chair,Home,IKEA,44477,52473.42,55097.09,18,Black,L,17,4.6,2540,Discontinued
1028,SKU001028,263452123385,Samsung Laptop,Electronics,Samsung,39735,54455.0,57177.75,18,Red,NA,17,5.0,515,Discontinued
1029,SKU001029,740298654379,IKEA Chair,Home,IKEA,18568,23653.19,24835.85,18,Blue,M,12,3.6,2367,Discontinued
1030,SKU001030,748788112152,Britannia Milk,Groceries,Britannia,3795,4552.11,4779.72,5,Red,M,19,4.2,3651,Discontinued
1031,SKU001031,170587878228,IKEA Chair,Home,IKEA,48485,62747.37,65884.74,18,White,XL,18,3.7,1946,Active
1032,SKU001032,025818397817,IKEA Chair,Home,IKEA,12124,13534.07,14210.77,18,White,XL,10,5.0,648,Active
1033,SKU001033,925841879170,Amul Butter,Groceries,Amul,20009,23320.87,24486.91,5,Blue,L,5,3.7,3585,Active
1034,SKU001034,086865809349,Adidas Jacket,Fashion,Adidas,36222,48604.03,51034.23,12,White,M,16,4.3,3233,Discontinued
1035,SKU001035,528002505824,Nike Shoes,Fashion,Nike,15032,17985.85,18885.14,12,Blue,S,20,3.6,2366,Active
1036,SKU001036,726123905176,Sony Table,Home,Sony,37452,48325.62,50741.9,18,White,L,21,3.7,47,Active
1037,SKU001037,671984755913,Britannia Butter,Groceries,Britannia,47455,63739.04,66925.99,5,Red,S,11,4.0,1705,Active
1038,SKU001038,262291725335,Nike Jacket,Fashion,Nike,2478,3434.09,3605.79,12,Blue,NA,22,4.6,1556,Discontinued
1039,SKU001039,816616511727,Adidas T-Shirt,Fashion,Adidas,14308,18413.77,19334.46,12,Black,M,2,4.9,1037,Active
1040,SKU001040,452006614422,Puma Jacket,Fashion,Puma,34938,48191.63,50601.21,12,Red,NA,0,4.5,4352,Active
1041,SKU001041,501764625300,LG Smart Watch,Electronics,LG,48638,61474.44,64548.16,18,White,L,20,3.9,30,Discontinued
1042,SKU001042,967654742129,IKEA Chair,Home,IKEA,1673,1979.9,2078.89,18,White,XL,12,3.9,2521,Discontinued
1043,SKU001043,372677398152,LG Cookware,Home,LG,5415,7175.58,7534.36,18,Black,XL,2,3.9,4415,Discontinued
1044,SKU001044,683668631284,Puma T-Shirt,Fashion,Puma,38913,45990.5,48290.03,12,Blue,S,18,4.3,2457,Discontinued
1045,SKU001045,680943229287,Sony Headphones,Electronics,Sony,13070,16832.12,17673.73,18,Black,L,10,4.4,438,Discontinued
1046,SKU001046,487667091132,Britannia Butter,Groceries,Britannia,43827,54837.52,57579.4,5,White,S,1,4.0,1152,Discontinued
1047,SKU001047,988797280826,Sony Table,Home,Sony,45003,58351.33,61268.9,18,Black,NA,16,4.9,1709,Discontinued
1048,SKU001048,196188130305,Britannia Butter,Groceries,Britannia,46699,53461.78,56134.87,5,Red,L,22,4.9,638,Active
1049,SKU001049,959757687513,Apple Smartphone,Electronics,Apple,47353,62661.42,65794.49,18,White,NA,5,3.6,133,Active
1050,SKU001050,596050520821,Puma Shoes,Fashion,Puma,35110,40727.42,42763.79,12,Red,S,10,3.8,559,Active
1051,SKU001051,807417645757,Adidas T-Shirt,Fashion,Adidas,16127,19784.11,20773.32,12,Black,NA,10,3.7,2565,Discontinued
1052,SKU001052,378166094438,LG Smartphone,Electronics,LG,33002,38065.29,39968.55,18,White,XL,16,4.1,4895,Discontinued
1053,SKU001053,219501175787,Apple Headphones,Electronics,Apple,14599,18203.96,19114.16,18,Red,L,23,4.9,4907,Discontinued
1054,SKU001054,545615259415,IKEA Cookware,Home,IKEA,15118,21059.25,22112.21,18,White,L,22,3.6,721,Active
1055,SKU001055,827710489184,Britannia Cookies,Groceries,Britannia,2846,3958.2,4156.11,5,Black,S,16,4.9,3718,Discontinued
1056,SKU001056,797529606673,Adidas T-Shirt,Fashion,Adidas,17399,20893.5,21938.17,12,White,L,6,4.0,4044,Active
1057,SKU001057,745938355111,Sony Smart Watch,Electronics,Sony,27115,37734.37,39621.09,18,White,XL,18,3.6,2001,Discontinued
1058,SKU001058,728840189055,Samsung Smart Watch,Electronics,Samsung,16855,22877.94,24021.84,18,White,NA,14,4.2,3020,Active
1059,SKU001059,393211225219,Britannia Butter,Groceries,Britannia,17886,22005.67,23105.95,5,White,L,4,4.3,3793,Active
1060,SKU001060,138103862366,Nike Shoes,Fashion,Nike,5579,7141.25,7498.31,12,Red,S,15,4.2,4950,Active
1061,SKU001061,895733071682,IKEA Cookware,Home,IKEA,31949,40088.96,42093.41,18,Red,NA,3,4.1,4325,Discontinued
1062,SKU001062,108986445368,Amul Milk,Groceries,Amul,14272,19145.99,20103.29,5,Black,NA,13,3.8,4648,Active
1063,SKU001063,524340484795,IKEA Table,Home,IKEA,2712,3388.05,3557.45,18,White,L,17,3.9,3334,Active
1064,SKU001064,204225760715,LG Laptop,Electronics,LG,46441,53768.96,56457.41,18,Black,NA,1,3.7,2037,Discontinued
1065,SKU001065,730289052760,Nike Jacket,Fashion,Nike,20863,26136.69,27443.52,12,Black,M,16,3.6,3410,Discontinued
1066,SKU001066,375770599450,Nike T-Shirt,Fashion,Nike,4660,6182.54,6491.67,12,Red,NA,1,5.0,288,Active
1067,SKU001067,426417859624,Sony Cookware,Home,Sony,39415,54967.54,57715.92,18,Black,S,0,4.5,4162,Active
1068,SKU001068,269852795101,LG Headphones,Electronics,LG,27853,32900.97,34546.02,18,Red,M,18,4.5,2409,Discontinued
1069,SKU001069,082897024134,Sony Chair,Home,Sony,14764,16432.11,17253.72,18,Blue,S,19,3.9,3731,Active
1070,SKU001070,770589949512,Samsung Smartphone,Electronics,Samsung,13158,14588.61,15318.04,18,Black,NA,16,4.5,4709,Discontinued
1071,SKU001071,064671137321,Samsung Smartphone,Electronics,Samsung,44976,51604.99,54185.24,18,White,L,5,3.7,579,Active
1072,SKU001072,882544770370,Adidas Jacket,Fashion,Adidas,180,202.74,212.88,12,Blue,S,12,3.6,15,Discontinued
1073,SKU001073,685286370507,Amul Butter,Groceries,Amul,8033,9909.39,10404.86,5,Red,XL,22,4.5,3091,Active
1074,SKU001074,573036278511,Amul Butter,Groceries,Amul,38997,49572.93,52051.58,5,Black,L,22,4.3,3673,Active
1075,SKU001075,984835601213,Sony Smartphone,Electronics,Sony,28754,34978.06,36726.96,18,Red,M,23,4.2,1839,Discontinued
1076,SKU001076,299895378111,Britannia Cookies,Groceries,Britannia,33122,45173.8,47432.49,5,Red,S,17,3.6,3601,Active
1077,SKU001077,673337871966,LG Table,Home,LG,46739,61983.79,65082.98,18,Red,XL,17,4.0,1015,Discontinued
1078,SKU001078,905313002227,Britannia Milk,Groceries,Britannia,42496,55846.32,58638.64,5,Red,XL,9,3.6,3654,Discontinued
1079,SKU001079,497819542795,LG Smart Watch,Electronics,LG,37167,51899.87,54494.86,18,Blue,M,7,4.4,4622,Active
1080,SKU001080,046483414761,Britannia Tea,Groceries,Britannia,17887,21413.83,22484.52,5,Black,L,4,4.2,3030,Active
1081,SKU001081,104663023115,Adidas T-Shirt,Fashion,Adidas,10775,14050.88,14753.42,12,Black,XL,9,4.7,33,Active
1082,SKU001082,993607915441,Amul Cookies,Groceries,Amul,14418,18653.33,19586.0,5,Blue,L,17,4.2,2616,Discontinued
1083,SKU001083,279409741851,Samsung Smartphone,Electronics,Samsung,32021,40901.15,42946.21,18,White,XL,19,3.7,1788,Active
1084,SKU001084,478375730901,Britannia Cookies,Groceries,Britannia,17876,20363.89,21382.08,5,Blue,S,23,4.8,4232,Discontinued
1085,SKU001085,062827485344,LG Chair,Home,LG,40364,45948.51,48245.94,18,Black,L,8,5.0,4424,Discontinued
1086,SKU001086,511087701616,Adidas Jacket,Fashion,Adidas,34087,43515.8,45691.59,12,Blue,M,5,4.8,3008,Discontinued
1087,SKU001087,517789801492,LG Smart Watch,Electronics,LG,7443,10322.08,10838.18,18,Black,NA,2,3.7,2564,Discontinued
1088,SKU001088,570007714049,Apple Smartphone,Electronics,Apple,5724,6551.34,6878.91,18,Black,NA,8,4.4,4904,Active
1089,SKU001089,945519010421,Britannia Tea,Groceries,Britannia,4685,6270.68,6584.21,5,Black,XL,15,4.4,3963,Active
1090,SKU001090,220579255720,LG Headphones,Electronics,LG,35422,40172.51,42181.14,18,White,S,24,4.7,705,Active
1091,SKU001091,643968240962,Britannia Cookies,Groceries,Britannia,20613,27448.5,28820.93,5,Black,NA,5,4.5,2011,Active
1092,SKU001092,011979078991,Amul Butter,Groceries,Amul,16965,21795.66,22885.44,5,Black,M,9,3.7,2344,Discontinued
1093,SKU001093,433881815796,LG Headphones,Electronics,LG,28416,38131.81,40038.4,18,Blue,XL,20,3.7,3778,Active
1094,SKU001094,234450143299,LG Storage Box,Home,LG,31557,36801.69,38641.77,18,White,L,12,3.6,3901,Discontinued
1095,SKU001095,776136121956,Sony Storage Box,Home,Sony,26519,33955.04,35652.79,18,Red,NA,3,4.3,161,Discontinued
1096,SKU001096,296898796516,Sony Smart Watch,Electronics,Sony,22333,27815.57,29206.35,18,Blue,S,7,4.2,604,Active
1097,SKU001097,526207652318,LG Headphones,Electronics,LG,15114,18658.91,19591.86,18,Black,S,0,3.7,1699,Active
1098,SKU001098,761533408724,Britannia Milk,Groceries,Britannia,26560,30647.95,32180.35,5,White,M,21,3.9,126,Discontinued
1099,SKU001099,657279498906,Amul Cookies,Groceries,Amul,18485,23442.18,24614.29,5,Red,S,13,4.9,4860,Discontinued
1100,SKU001100,598498700312,Sony Chair,Home,Sony,12626,14062.66,14765.79,18,Black,M,20,3.6,3845,Discontinued
1101,SKU001101,090721777380,Sony Headphones,Electronics,Sony,40503,50433.88,52955.57,18,White,NA,24,3.6,697,Discontinued
1102,SKU001102,925625481209,Amul Tea,Groceries,Amul,20073,23895.62,25090.4,5,Blue,XL,19,3.8,324,Discontinued
1103,SKU001103,433429891995,Amul Tea,Groceries,Amul,9097,12199.56,12809.54,5,Red,L,9,4.8,1912,Discontinued
1104,SKU001104,222940422012,LG Smart Watch,Electronics,LG,47208,63721.23,66907.29,18,Blue,M,8,4.1,3202,Active
1105,SKU001105,830953942897,Puma T-Shirt,Fashion,Puma,41761,48030.76,50432.3,12,White,L,0,5.0,2559,Active
1106,SKU001106,590187890134,LG Cookware,Home,LG,20393,25912.55,27208.18,18,Blue,NA,22,3.8,2960,Discontinued
1107,SKU001107,868872064528,Apple Smart Watch,Electronics,Apple,12363,14524.13,15250.34,18,White,L,16,4.0,4262,Active
1108,SKU001108,951811113805,Samsung Smart Watch,Electronics,Samsung,24432,33817.98,35508.88,18,Blue,NA,7,4.7,2385,Active
1109,SKU001109,219902857403,IKEA Storage Box,Home,IKEA,21155,23489.14,24663.6,18,White,L,5,4.0,2177,Active
1110,SKU001110,050685701633,Britannia Cookies,Groceries,Britannia,33391,41302.82,43367.96,5,Red,L,16,5.0,2350,Active
1111,SKU001111,768115286217,Sony Headphones,Electronics,Sony,4063,4975.89,5224.68,18,Blue,NA,10,4.5,3784,Discontinued
1112,SKU001112,548782296811,Sony Laptop,Electronics,Sony,38938,43827.23,46018.59,18,Blue,M,5,4.0,1830,Active
1113,SKU001113,991139415864,LG Chair,Home,LG,7161,7967.48,8365.85,18,White,NA,15,4.5,4262,Active
1114,SKU001114,511590649057,Amul Cookies,Groceries,Amul,20899,29028.9,30480.35,5,White,L,21,4.1,3677,Active
1115,SKU001115,421609569146,Sony Smartphone,Electronics,Sony,19750,25001.57,26251.65,18,Black,M,16,3.9,290,Active
1116,SKU001116,140344069696,Amul Butter,Groceries,Amul,24129,27458.79,28831.73,5,Red,L,21,4.2,3034,Discontinued
1117,SKU001117,716753234736,Samsung Smart Watch,Electronics,Samsung,7288,9827.11,10318.47,18,White,M,21,3.7,4765,Active
1118,SKU001118,581197289814,Samsung Laptop,Electronics,Samsung,7158,8021.23,8422.29,18,Black,L,5,4.4,4826,Active
1119,SKU001119,130887028448,Britannia Butter,Groceries,Britannia,9458,11987.62,12587.0,5,Blue,NA,10,4.1,4189,Discontinued
1120,SKU001120,730591309392,Nike Jacket,Fashion,Nike,49039,64705.8,67941.09,12,Red,L,7,4.1,3165,Active
1121,SKU001121,218136785796,Nike Jacket,Fashion,Nike,49339,59718.06,62703.96,12,Blue,NA,10,4.1,1323,Active
1122,SKU001122,853864878797,Puma Shoes,Fashion,Puma,35488,41638.51,43720.44,12,Blue,XL,4,3.8,1673,Discontinued
1123,SKU001123,420739814549,Sony Table,Home,Sony,32367,38421.84,40342.93,18,Red,XL,2,3.7,916,Discontinued
1124,SKU001124,585638910202,Adidas Jacket,Fashion,Adidas,10030,11142.91,11700.06,12,Blue,M,6,3.7,1203,Discontinued
1125,SKU001125,317706391508,IKEA Storage Box,Home,IKEA,8738,11708.92,12294.37,18,Red,S,20,4.1,4684,Active
1126,SKU001126,651931352826,LG Table,Home,LG,16167,18785.07,19724.32,18,Black,XL,16,4.4,4989,Active
1127,SKU001127,692850407629,Britannia Milk,Groceries,Britannia,38081,46554.77,48882.51,5,Black,M,0,4.8,4912,Discontinued
1128,SKU001128,786145198294,Apple Smartphone,Electronics,Apple,20701,27947.3,29344.67,18,White,XL,5,3.9,3972,Active
1129,SKU001129,621270405713,Apple Smartphone,Electronics,Apple,25994,31920.96,33517.01,18,Red,NA,20,4.4,4929,Discontinued
1130,SKU001130,072346783155,Puma Shoes,Fashion,Puma,6518,8858.67,9301.6,12,White,S,3,4.2,3991,Discontinued
1131,SKU001131,713121317230,Britannia Butter,Groceries,Britannia,25014,29640.7,31122.74,5,Red,XL,18,3.7,4205,Active
1132,SKU001132,017256956209,Amul Cookies,Groceries,Amul,10589,12440.56,13062.59,5,Red,NA,21,4.9,2168,Active
1133,SKU001133,302084288921,Sony Smart Watch,Electronics,Sony,45615,62732.39,65869.01,18,Black,NA,22,3.6,2717,Discontinued
1134,SKU001134,186503450661,Britannia Milk,Groceries,Britannia,4906,6733.74,7070.43,5,Blue,NA,6,4.4,221,Discontinued
1135,SKU001135,170005113218,LG Chair,Home,LG,5908,7848.81,8241.25,18,White,NA,10,3.9,3809,Active
1136,SKU001136,864962975326,Amul Cookies,Groceries,Amul,19742,23719.92,24905.92,5,Red,S,16,3.8,4826,Active
1137,SKU001137,103849292866,LG Smart Watch,Electronics,LG,39032,47902.18,50297.29,18,Blue,NA,0,4.2,4529,Active
1138,SKU001138,623003259799,IKEA Chair,Home,IKEA,41545,54556.6,57284.43,18,Red,S,12,3.9,3906,Discontinued
1139,SKU001139,708314481552,Sony Storage Box,Home,Sony,43908,50792.75,53332.39,18,Black,NA,22,3.8,2162,Active
1140,SKU001140,109789773090,Adidas Jacket,Fashion,Adidas,21399,24155.79,25363.58,12,Blue,XL,12,4.7,3985,Discontinued
1141,SKU001141,340597781705,Britannia Milk,Groceries,Britannia,9990,12984.6,13633.83,5,Red,NA,4,4.0,4403,Discontinued
1142,SKU001142,646598437765,Samsung Smart Watch,Electronics,Samsung,5209,5797.86,6087.75,18,Black,NA,4,4.9,1177,Discontinued
1143,SKU001143,276892163634,Adidas Jeans,Fashion,Adidas,5736,7170.44,7528.96,12,White,XL,16,4.5,2319,Discontinued
1144,SKU001144,457574229205,IKEA Chair,Home,IKEA,18161,21427.4,22498.77,18,Red,L,13,3.5,490,Discontinued
1145,SKU001145,529792759510,Nike Shoes,Fashion,Nike,34147,42599.76,44729.75,12,Red,XL,14,4.8,4768,Discontinued
1146,SKU001146,182349441520,LG Table,Home,LG,34879,38865.8,40809.09,18,White,L,4,4.4,3632,Discontinued
1147,SKU001147,995136601984,Puma Jeans,Fashion,Puma,37835,51165.52,53723.8,12,Red,M,21,4.6,3922,Active
1148,SKU001148,690915649105,Britannia Cookies,Groceries,Britannia,44694,62317.76,65433.65,5,Blue,NA,23,4.3,1345,Discontinued
1149,SKU001149,741172532097,Sony Smartphone,Electronics,Sony,820,1006.5,1056.83,18,Black,S,14,4.9,4864,Discontinued
1150,SKU001150,896178445486,Samsung Headphones,Electronics,Samsung,8832,10346.05,10863.35,18,Red,NA,11,4.2,2295,Active
1151,SKU001151,737810898401,Apple Headphones,Electronics,Apple,33831,46375.75,48694.54,18,White,L,10,4.2,1302,Active
1152,SKU001152,836700333266,Puma Jacket,Fashion,Puma,39479,54860.59,57603.62,12,White,L,2,5.0,3471,Active
1153,SKU001153,157167126144,Sony Chair,Home,Sony,45665,62866.76,66010.1,18,White,NA,5,4.2,1746,Active
1154,SKU001154,319923402673,IKEA Table,Home,IKEA,1497,1782.49,1871.61,18,Red,M,18,3.7,3996,Active
1155,SKU001155,897140335838,Sony Table,Home,Sony,30267,37326.77,39193.11,18,Black,L,10,4.1,4407,Active
1156,SKU001156,288402443069,Samsung Smart Watch,Electronics,Samsung,12490,14479.58,15203.56,18,Blue,XL,2,4.5,1947,Discontinued
1157,SKU001157,113459901855,Nike Jeans,Fashion,Nike,38402,51208.52,53768.95,12,Black,S,19,3.7,47,Discontinued
1158,SKU001158,894630781568,Sony Table,Home,Sony,19654,25977.67,27276.55,18,Black,M,19,4.3,896,Discontinued
1159,SKU001159,885580957926,Nike Jeans,Fashion,Nike,21343,27106.14,28461.45,12,Black,M,19,3.9,3925,Active
1160,SKU001160,806349475327,Britannia Butter,Groceries,Britannia,45068,60034.59,63036.32,5,Blue,M,21,4.2,3545,Discontinued
1161,SKU001161,086135755556,Apple Smartphone,Electronics,Apple,5238,7223.32,7584.49,18,Blue,XL,6,4.3,4425,Active
1162,SKU001162,148098203675,LG Storage Box,Home,LG,30974,35662.01,37445.11,18,White,L,14,4.5,4084,Discontinued
1163,SKU001163,825181069265,LG Storage Box,Home,LG,5456,6144.08,6451.28,18,Red,NA,24,3.6,4803,Discontinued
1164,SKU001164,056075882722,Apple Smart Watch,Electronics,Apple,35800,47865.23,50258.49,18,Black,L,4,4.5,16,Discontinued
1165,SKU001165,401833853704,LG Smart Watch,Electronics,LG,26435,32999.03,34648.98,18,Black,L,22,4.8,3625,Active
1166,SKU001166,574978141346,Nike Jeans,Fashion,Nike,33969,43622.37,45803.49,12,Black,NA,18,4.7,111,Active
1167,SKU001167,459010400667,Britannia Milk,Groceries,Britannia,30153,42080.64,44184.67,5,Black,M,21,4.6,3106,Discontinued
1168,SKU001168,883827307976,Amul Milk,Groceries,Amul,48321,56314.28,59129.99,5,Blue,M,15,3.9,1399,Discontinued
1169,SKU001169,883048919243,Adidas Jeans,Fashion,Adidas,49130,55464.67,58237.9,12,Black,NA,4,4.6,628,Active
1170,SKU001170,829994233848,Puma Jacket,Fashion,Puma,28550,33766.21,35454.52,12,Blue,L,13,4.0,2983,Active
1171,SKU001171,599579139392,Britannia Tea,Groceries,Britannia,8002,9993.33,10493.0,5,Black,L,11,4.3,2834,Discontinued
1172,SKU001172,615926822517,Sony Laptop,Electronics,Sony,26914,37611.05,39491.6,18,Blue,L,11,3.8,2314,Active
1173,SKU001173,303887646045,Samsung Laptop,Electronics,Samsung,5880,6565.17,6893.43,18,Blue,M,21,5.0,3935,Discontinued
1174,SKU001174,938280624019,IKEA Table,Home,IKEA,48689,59309.42,62274.89,18,Black,NA,23,3.9,1391,Active
1175,SKU001175,504524112003,Amul Butter,Groceries,Amul,29893,34764.14,36502.35,5,Red,NA,5,4.0,1149,Active
1176,SKU001176,909725013595,Sony Storage Box,Home,Sony,19317,25760.93,27048.98,18,Blue,L,20,3.6,1123,Active
1177,SKU001177,763614335583,Sony Table,Home,Sony,40866,45229.1,47490.56,18,Red,M,16,4.4,4393,Active
1178,SKU001178,560284659162,Apple Laptop,Electronics,Apple,31630,37313.25,39178.91,18,Black,XL,0,4.8,1421,Discontinued
1179,SKU001179,679715603178,Nike Shoes,Fashion,Nike,4082,4981.9,5230.99,12,Red,S,5,3.8,3377,Discontinued
1180,SKU001180,486753960534,Nike T-Shirt,Fashion,Nike,36885,42049.27,44151.73,12,Red,L,24,4.3,4390,Active
1181,SKU001181,704487235097,IKEA Cookware,Home,IKEA,13151,15772.01,16560.61,18,Black,S,11,3.6,3023,Discontinued
1182,SKU001182,454757716118,Apple Smartphone,Electronics,Apple,44403,54360.17,57078.18,18,Red,S,9,4.7,4106,Active
1183,SKU001183,586016833327,Amul Butter,Groceries,Amul,20589,27386.38,28755.7,5,White,M,1,4.5,4193,Active
1184,SKU001184,479343003058,Apple Headphones,Electronics,Apple,45436,52688.16,55322.57,18,Red,NA,24,4.6,4341,Discontinued
1185,SKU001185,924121754243,Sony Table,Home,Sony,31841,38236.79,40148.63,18,White,S,2,4.7,4381,Active
1186,SKU001186,867596255858,Sony Table,Home,Sony,28147,30987.41,32536.78,18,White,S,23,4.9,468,Discontinued
1187,SKU001187,235478373639,LG Smart Watch,Electronics,LG,43622,51006.82,53557.16,18,Red,M,19,4.8,2019,Active
1188,SKU001188,244958780997,Apple Headphones,Electronics,Apple,2903,3761.52,3949.6,18,Blue,NA,0,3.7,2839,Discontinued
1189,SKU001189,620569411008,Samsung Laptop,Electronics,Samsung,31205,37939.03,39835.98,18,White,L,21,4.3,982,Active
1190,SKU001190,706149050114,Apple Headphones,Electronics,Apple,40950,55795.2,58584.96,18,Black,M,18,3.8,3812,Active
1191,SKU001191,869713873303,Amul Butter,Groceries,Amul,15159,18300.57,19215.6,5,Blue,L,23,3.8,4259,Active
1192,SKU001192,891890377800,Sony Table,Home,Sony,2168,2597.34,2727.21,18,White,XL,16,4.9,715,Discontinued
1193,SKU001193,189487621586,Samsung Headphones,Electronics,Samsung,42773,48974.61,51423.34,18,White,XL,23,3.7,2799,Discontinued
1194,SKU001194,374411296964,Amul Tea,Groceries,Amul,11929,15173.66,15932.34,5,White,M,4,3.7,4754,Active
1195,SKU001195,807170052074,IKEA Storage Box,Home,IKEA,3449,4708.65,4944.08,18,White,L,13,4.3,3820,Active
1196,SKU001196,497661060106,Adidas Jeans,Fashion,Adidas,28148,37118.95,38974.9,12,Blue,XL,12,3.9,801,Active
1197,SKU001197,264310171746,Amul Tea,Groceries,Amul,2312,2615.55,2746.33,5,Blue,L,16,4.1,3326,Discontinued
1198,SKU001198,482944701460,Samsung Smartphone,Electronics,Samsung,28413,33335.09,35001.84,18,White,M,18,3.7,42,Discontinued
1199,SKU001199,454429515964,Amul Cookies,Groceries,Amul,41170,53751.88,56439.47,5,Black,S,19,4.5,1650,Active
1200,SKU001200,806209905464,LG Cookware,Home,LG,43910,53191.09,55850.64,18,Blue,NA,2,3.7,1230,Active
1201,SKU001201,505578389675,Sony Chair,Home,Sony,20108,22902.6,24047.73,18,Blue,L,1,4.0,2023,Discontinued
1202,SKU001202,391923612921,Sony Table,Home,Sony,1267,1426.75,1498.09,18,White,XL,18,4.9,2230,Discontinued
1203,SKU001203,224709620303,Puma Shoes,Fashion,Puma,35992,47168.34,49526.76,12,Red,L,5,4.1,548,Discontinued
1204,SKU001204,873683490567,Sony Laptop,Electronics,Sony,12650,16955.21,17802.97,18,White,XL,3,3.7,3991,Discontinued
1205,SKU001205,647237743924,Britannia Butter,Groceries,Britannia,14682,19103.63,20058.81,5,Red,L,16,4.4,3721,Active
1206,SKU001206,906577980624,IKEA Cookware,Home,IKEA,6944,9144.86,9602.1,18,Blue,M,5,4.2,2441,Discontinued
1207,SKU001207,761825765534,IKEA Cookware,Home,IKEA,24810,30934.62,32481.35,18,Black,L,20,4.2,984,Discontinued
1208,SKU001208,969629872549,Sony Table,Home,Sony,46662,56446.3,59268.62,18,Blue,XL,23,3.7,2041,Discontinued
1209,SKU001209,829245674208,LG Cookware,Home,LG,38344,52286.25,54900.56,18,Black,NA,14,4.9,1585,Discontinued
1210,SKU001210,261396897272,Amul Tea,Groceries,Amul,37347,43529.32,45705.79,5,White,S,4,4.6,1427,Active
1211,SKU001211,354602961689,Puma T-Shirt,Fashion,Puma,21165,27690.61,29075.14,12,Blue,L,1,4.5,2796,Active
1212,SKU001212,091526512894,Samsung Smart Watch,Electronics,Samsung,8829,10968.67,11517.1,18,Black,S,15,4.2,3624,Discontinued
1213,SKU001213,279967165756,Amul Tea,Groceries,Amul,1031,1258.84,1321.78,5,Red,XL,22,3.6,1629,Active
1214,SKU001214,821605361502,Amul Milk,Groceries,Amul,36267,43490.0,45664.5,5,Red,S,4,4.5,4188,Discontinued
1215,SKU001215,720664654178,Nike Jeans,Fashion,Nike,33066,38964.93,40913.18,12,Black,NA,7,4.5,3765,Discontinued
1216,SKU001216,574353655266,Britannia Butter,Groceries,Britannia,8211,9325.25,9791.51,5,White,NA,0,4.0,504,Active
1217,SKU001217,648491676012,Puma Shoes,Fashion,Puma,33252,45914.48,48210.2,12,White,M,2,3.8,1791,Discontinued
1218,SKU001218,685865895880,Britannia Milk,Groceries,Britannia,45865,58403.66,61323.84,5,White,L,23,4.6,1560,Active
1219,SKU001219,429946535363,Sony Smartphone,Electronics,Sony,32126,35790.72,37580.26,18,Black,S,17,4.3,855,Active
1220,SKU001220,047251180828,IKEA Storage Box,Home,IKEA,855,1002.88,1053.02,18,Blue,NA,1,4.0,2055,Active
1221,SKU001221,607655758437,Amul Butter,Groceries,Amul,11235,15605.57,16385.85,5,Red,NA,14,4.5,105,Active
1222,SKU001222,474205897360,Nike Shoes,Fashion,Nike,16423,22656.08,23788.88,12,Red,S,12,3.6,4538,Active
1223,SKU001223,255275580065,Sony Chair,Home,Sony,13739,15341.22,16108.28,18,White,S,5,4.5,2899,Discontinued
1224,SKU001224,567125708246,Amul Milk,Groceries,Amul,2230,2878.24,3022.15,5,White,L,11,4.2,655,Active
1225,SKU001225,948679310857,Sony Laptop,Electronics,Sony,803,1038.79,1090.73,18,Red,XL,19,4.0,2510,Active
1226,SKU001226,593945086754,IKEA Chair,Home,IKEA,6820,9320.14,9786.15,18,Black,M,6,4.1,3734,Active
1227,SKU001227,986013598487,Adidas T-Shirt,Fashion,Adidas,43200,49309.51,51774.99,12,Red,NA,21,3.7,3589,Active
1228,SKU001228,218856567835,LG Smart Watch,Electronics,LG,46438,57997.6,60897.48,18,White,XL,9,3.8,1282,Discontinued
1229,SKU001229,186899581063,IKEA Cookware,Home,IKEA,41877,53859.62,56552.6,18,White,L,12,4.8,254,Discontinued
1230,SKU001230,060006343758,Samsung Laptop,Electronics,Samsung,9482,10676.56,11210.39,18,Black,XL,2,4.4,3627,Discontinued
1231,SKU001231,564603594909,Sony Laptop,Electronics,Sony,49692,66081.86,69385.95,18,Blue,NA,7,4.0,4926,Discontinued
1232,SKU001232,206328605555,LG Smart Watch,Electronics,LG,49878,60702.22,63737.33,18,Black,L,10,4.6,4910,Active
1233,SKU001233,210758706520,Samsung Headphones,Electronics,Samsung,1234,1513.67,1589.35,18,Black,NA,2,4.0,4218,Active
1234,SKU001234,730361566019,Adidas Jeans,Fashion,Adidas,27474,37148.18,39005.59,12,Blue,S,2,3.7,2077,Discontinued
1235,SKU001235,838334696351,Sony Chair,Home,Sony,15460,21125.46,22181.73,18,Red,M,15,3.8,303,Discontinued
1236,SKU001236,273602516428,Apple Smart Watch,Electronics,Apple,4640,6008.99,6309.44,18,White,S,17,4.7,54,Discontinued
1237,SKU001237,405499705331,Puma Jacket,Fashion,Puma,42449,55026.94,57778.29,12,Black,M,1,4.5,974,Active
1238,SKU001238,367292042034,Puma Jacket,Fashion,Puma,18755,26137.25,27444.11,12,Blue,XL,5,4.5,2721,Discontinued
1239,SKU001239,561462381447,IKEA Storage Box,Home,IKEA,42960,48794.96,51234.71,18,White,S,24,4.8,4138,Active
1240,SKU001240,126826708089,Britannia Butter,Groceries,Britannia,28688,40107.79,42113.18,5,White,M,0,4.2,1095,Active
1241,SKU001241,808187779481,Puma Shoes,Fashion,Puma,20948,24822.53,26063.66,12,Red,XL,1,3.7,4423,Active
1242,SKU001242,999858453567,Samsung Smartphone,Electronics,Samsung,27689,31223.55,32784.73,18,Blue,M,21,4.1,3322,Active
1243,SKU001243,020819214469,IKEA Table,Home,IKEA,34290,44552.01,46779.61,18,Black,M,15,3.8,2384,Discontinued
1244,SKU001244,520744978845,Adidas T-Shirt,Fashion,Adidas,27233,36867.16,38710.52,12,White,NA,5,3.7,1532,Active
1245,SKU001245,005176914604,IKEA Storage Box,Home,IKEA,43179,58992.58,61942.21,18,Red,NA,17,4.3,1246,Discontinued
1246,SKU001246,679714698521,Britannia Butter,Groceries,Britannia,39110,54467.15,57190.51,5,Black,NA,6,3.7,2148,Discontinued
1247,SKU001247,859529495787,Britannia Tea,Groceries,Britannia,32355,43769.67,45958.15,5,Red,S,5,4.8,3500,Active
1248,SKU001248,648337476873,LG Storage Box,Home,LG,5129,7077.41,7431.28,18,White,NA,15,4.4,2944,Active
1249,SKU001249,949520783205,Sony Smart Watch,Electronics,Sony,40644,48226.37,50637.69,18,Red,S,7,4.7,309,Discontinued
1250,SKU001250,012028260398,Puma T-Shirt,Fashion,Puma,5378,6324.29,6640.5,12,White,S,12,3.7,331,Active
1251,SKU001251,225069489940,Apple Smart Watch,Electronics,Apple,39810,54002.01,56702.11,18,Black,M,0,3.8,133,Active
1252,SKU001252,012314973385,Nike Shoes,Fashion,Nike,6482,7615.46,7996.23,12,Blue,S,10,4.4,49,Discontinued
1253,SKU001253,090320012373,Nike T-Shirt,Fashion,Nike,15842,20107.41,21112.78,12,Black,S,4,4.1,3834,Active
1254,SKU001254,180207424359,LG Chair,Home,LG,30279,36801.25,38641.31,18,Black,XL,6,4.1,2322,Discontinued
1255,SKU001255,989032490669,IKEA Chair,Home,IKEA,35097,43824.29,46015.5,18,Black,L,4,4.1,1750,Discontinued
1256,SKU001256,672933588786,Nike T-Shirt,Fashion,Nike,19350,21894.67,22989.4,12,Black,S,17,5.0,2245,Active
1257,SKU001257,097693085485,Amul Butter,Groceries,Amul,29560,35423.96,37195.16,5,White,M,21,4.9,4924,Discontinued
1258,SKU001258,363614929427,Nike Shoes,Fashion,Nike,22192,29907.93,31403.33,12,Black,NA,7,4.2,1499,Active
1259,SKU001259,417314995165,Puma Jacket,Fashion,Puma,28735,32303.69,33918.87,12,Black,L,9,3.7,4642,Discontinued
1260,SKU001260,084191792489,Adidas Jeans,Fashion,Adidas,28389,34033.1,35734.75,12,White,XL,1,3.8,755,Active
1261,SKU001261,499348397028,Sony Cookware,Home,Sony,45097,62181.07,65290.12,18,Blue,L,10,4.5,3583,Discontinued
1262,SKU001262,616235764301,Apple Headphones,Electronics,Apple,47696,53264.31,55927.53,18,Red,NA,1,4.1,4791,Discontinued
1263,SKU001263,636912418472,Sony Smart Watch,Electronics,Sony,12619,16729.33,17565.8,18,Black,L,19,4.1,4223,Discontinued
1264,SKU001264,738752936930,Samsung Headphones,Electronics,Samsung,41044,55982.64,58781.77,18,Black,M,22,3.6,738,Discontinued
1265,SKU001265,860391465661,Puma Jacket,Fashion,Puma,7500,10163.0,10671.15,12,Red,S,20,3.7,1386,Discontinued
1266,SKU001266,176313628791,Adidas Shoes,Fashion,Adidas,41022,52960.05,55608.05,12,White,S,16,4.2,694,Discontinued
1267,SKU001267,574610392092,Amul Tea,Groceries,Amul,47764,55526.51,58302.84,5,Red,M,15,3.8,2655,Discontinued
1268,SKU001268,946725269265,Samsung Headphones,Electronics,Samsung,1199,1466.8,1540.14,18,Blue,M,17,4.7,3441,Discontinued
1269,SKU001269,000931728937,Sony Cookware,Home,Sony,36920,50041.78,52543.87,18,Red,M,7,3.9,2617,Active
1270,SKU001270,515176952785,IKEA Table,Home,IKEA,5117,5703.12,5988.28,18,Red,XL,24,3.5,2753,Discontinued
1271,SKU001271,550621097618,Sony Cookware,Home,Sony,24993,32982.12,34631.23,18,Blue,M,16,3.5,4501,Discontinued
1272,SKU001272,875930380992,Amul Milk,Groceries,Amul,18655,24002.31,25202.43,5,Black,S,24,4.8,4637,Active
1273,SKU001273,357124573952,Puma Shoes,Fashion,Puma,45095,58474.06,61397.76,12,Black,S,10,4.4,4117,Discontinued
1274,SKU001274,709983214068,Samsung Smart Watch,Electronics,Samsung,1951,2413.14,2533.8,18,Blue,M,9,3.8,1947,Discontinued
1275,SKU001275,956837800437,Amul Cookies,Groceries,Amul,39605,46351.45,48669.02,5,White,S,2,3.8,2077,Discontinued
1276,SKU001276,894698519814,Nike Jeans,Fashion,Nike,21586,24706.71,25942.05,12,Blue,XL,11,4.5,2882,Active
1277,SKU001277,391996707470,Sony Laptop,Electronics,Sony,32448,37142.03,38999.13,18,Red,M,22,3.6,3488,Active
1278,SKU001278,591111926570,Britannia Milk,Groceries,Britannia,17471,20647.24,21679.6,5,Red,NA,15,3.6,3701,Active
1279,SKU001279,154668201906,Britannia Cookies,Groceries,Britannia,19952,26660.33,27993.35,5,Red,L,18,4.6,2545,Active
1280,SKU001280,515854514885,IKEA Table,Home,IKEA,22912,28275.17,29688.93,18,Red,NA,4,3.9,1944,Active
1281,SKU001281,617776179961,IKEA Chair,Home,IKEA,17875,24206.82,25417.16,18,Blue,NA,15,4.8,2096,Active
1282,SKU001282,585899063400,Adidas Jacket,Fashion,Adidas,13961,18189.79,19099.28,12,White,M,24,3.8,1701,Active
1283,SKU001283,827790715756,Apple Laptop,Electronics,Apple,22315,25054.15,26306.86,18,Blue,M,16,4.9,4419,Discontinued
1284,SKU001284,089404334754,Amul Tea,Groceries,Amul,21016,28960.29,30408.3,5,Black,NA,10,3.6,3330,Active
1285,SKU001285,272198636123,Puma Jacket,Fashion,Puma,37682,46740.9,49077.95,12,White,XL,23,3.5,4603,Discontinued
1286,SKU001286,297886008525,Amul Butter,Groceries,Amul,22748,27421.85,28792.94,5,Red,L,8,3.5,1286,Discontinued
1287,SKU001287,368713538307,Britannia Milk,Groceries,Britannia,34278,40497.06,42521.91,5,White,XL,9,3.7,2061,Active
1288,SKU001288,078201913256,LG Chair,Home,LG,44630,61090.96,64145.51,18,Blue,NA,6,4.6,2567,Discontinued
1289,SKU001289,212312393604,Apple Smart Watch,Electronics,Apple,48134,58152.12,61059.73,18,Black,XL,9,3.9,3975,Discontinued
1290,SKU001290,399273487707,Apple Smartphone,Electronics,Apple,3815,5325.72,5592.01,18,Blue,M,18,3.7,3854,Discontinued
1291,SKU001291,482304320858,Amul Tea,Groceries,Amul,15153,17469.63,18343.11,5,Black,M,22,4.4,2309,Active
1292,SKU001292,091416040629,Britannia Milk,Groceries,Britannia,28380,38836.4,40778.22,5,Black,XL,7,4.2,4594,Discontinued
1293,SKU001293,940395334583,Puma Shoes,Fashion,Puma,9630,11868.13,12461.54,12,Red,S,12,4.1,3421,Discontinued
1294,SKU001294,798837287725,Nike Jacket,Fashion,Nike,35234,49242.78,51704.92,12,Blue,NA,16,4.9,1030,Active
1295,SKU001295,111837967346,Nike Jeans,Fashion,Nike,45882,62687.51,65821.89,12,Red,NA,17,5.0,760,Active
1296,SKU001296,451398396781,Puma Jeans,Fashion,Puma,28317,38433.43,40355.1,12,White,NA,6,3.9,4437,Discontinued
1297,SKU001297,583728790764,Apple Headphones,Electronics,Apple,43038,58346.38,61263.7,18,Blue,XL,4,3.5,2111,Discontinued
1298,SKU001298,170665530463,Britannia Butter,Groceries,Britannia,27692,32046.14,33648.45,5,White,XL,7,4.2,3886,Discontinued
1299,SKU001299,814133293558,Amul Milk,Groceries,Amul,13277,15253.55,16016.23,5,Blue,M,1,4.3,3060,Discontinued
1300,SKU001300,499691967527,Puma T-Shirt,Fashion,Puma,41352,53784.76,56474.0,12,Red,L,19,3.9,3884,Active
1301,SKU001301,885261387916,Sony Headphones,Electronics,Sony,3079,3941.15,4138.21,18,White,NA,19,4.4,2259,Active
1302,SKU001302,217671637752,LG Cookware,Home,LG,21301,25020.28,26271.29,18,Red,NA,13,4.6,3452,Discontinued
1303,SKU001303,444565683549,Britannia Tea,Groceries,Britannia,43051,55018.47,57769.39,5,Red,L,2,4.8,1443,Active
1304,SKU001304,880649326094,Sony Table,Home,Sony,29744,40082.06,42086.16,18,Black,XL,17,4.5,4849,Discontinued
1305,SKU001305,221220084055,Amul Butter,Groceries,Amul,46322,58626.31,61557.63,5,Blue,S,4,4.4,1886,Active
1306,SKU001306,375167687860,Puma T-Shirt,Fashion,Puma,6675,9340.24,9807.25,12,White,M,18,3.9,4665,Discontinued
1307,SKU001307,631304669759,Puma Shoes,Fashion,Puma,32800,40791.04,42830.59,12,Blue,L,14,4.7,1725,Discontinued
1308,SKU001308,583343703010,Britannia Butter,Groceries,Britannia,27406,31362.15,32930.26,5,Black,M,8,3.7,1106,Active
1309,SKU001309,824837087533,LG Table,Home,LG,26234,31841.1,33433.15,18,Black,XL,7,3.8,2740,Active
1310,SKU001310,848922861077,Adidas Shoes,Fashion,Adidas,32063,36611.29,38441.85,12,Black,XL,6,4.7,2206,Discontinued
1311,SKU001311,198590473770,Amul Butter,Groceries,Amul,36327,41751.92,43839.52,5,Blue,NA,6,3.7,1842,Discontinued
1312,SKU001312,653147010970,Sony Chair,Home,Sony,22835,31793.96,33383.66,18,White,L,24,3.9,3063,Active
1313,SKU001313,579526844828,Samsung Laptop,Electronics,Samsung,34990,47450.98,49823.53,18,Black,S,11,4.4,926,Active
1314,SKU001314,021664965799,LG Storage Box,Home,LG,3728,5215.97,5476.77,18,White,XL,3,3.5,3862,Discontinued
1315,SKU001315,687562396435,Adidas T-Shirt,Fashion,Adidas,40790,53822.02,56513.12,12,Red,L,4,4.4,3105,Active
1316,SKU001316,030588996516,Nike Shoes,Fashion,Nike,32478,44383.01,46602.16,12,Red,M,1,4.4,3661,Active
1317,SKU001317,344234609638,Puma Shoes,Fashion,Puma,18552,23077.47,24231.34,12,White,XL,7,4.3,2864,Discontinued
1318,SKU001318,794172609047,IKEA Table,Home,IKEA,12851,17880.45,18774.47,18,Blue,XL,23,4.6,75,Active
1319,SKU001319,501740343138,LG Table,Home,LG,41523,49868.54,52361.97,18,Black,NA,6,4.4,3500,Discontinued
1320,SKU001320,644257687547,Amul Cookies,Groceries,Amul,12364,15794.5,16584.23,5,Blue,S,10,4.4,674,Discontinued
1321,SKU001321,998534544578,Apple Laptop,Electronics,Apple,23309,25669.7,26953.19,18,Red,NA,19,4.5,4450,Active
1322,SKU001322,156762079590,Adidas Shoes,Fashion,Adidas,46859,63378.86,66547.8,12,Red,S,4,3.8,3389,Active
1323,SKU001323,747244330649,LG Chair,Home,LG,31021,37651.11,39533.67,18,Red,NA,20,3.8,693,Discontinued
1324,SKU001324,833331044547,Apple Laptop,Electronics,Apple,24546,30986.56,32535.89,18,White,M,8,4.8,393,Active
1325,SKU001325,766699838673,Samsung Headphones,Electronics,Samsung,23026,28167.34,29575.71,18,Blue,S,12,3.6,4483,Discontinued
1326,SKU001326,141044747744,Sony Storage Box,Home,Sony,19040,21191.59,22251.17,18,Blue,XL,17,4.6,3596,Discontinued
1327,SKU001327,727733460464,LG Laptop,Electronics,LG,37147,50002.64,52502.77,18,Red,L,1,4.0,4328,Discontinued
1328,SKU001328,752867130361,LG Storage Box,Home,LG,18243,22189.61,23299.09,18,Blue,NA,15,4.3,2339,Active
1329,SKU001329,170507467659,LG Laptop,Electronics,LG,47821,53524.95,56201.2,18,Red,M,10,4.4,2718,Discontinued
1330,SKU001330,472652177937,Amul Milk,Groceries,Amul,46900,65134.99,68391.74,5,Blue,S,15,4.6,263,Discontinued
1331,SKU001331,446737850754,LG Table,Home,LG,8741,11573.35,12152.02,18,Black,M,13,4.2,2090,Active
1332,SKU001332,834283166935,Samsung Smartphone,Electronics,Samsung,24088,31464.05,33037.25,18,White,S,6,4.3,3475,Active
1333,SKU001333,156252120705,Apple Headphones,Electronics,Apple,6696,7662.75,8045.89,18,White,XL,7,4.0,4079,Discontinued
1334,SKU001334,294097952079,Apple Laptop,Electronics,Apple,2766,3474.12,3647.83,18,Red,M,14,3.5,4673,Active
1335,SKU001335,969276291774,Britannia Tea,Groceries,Britannia,15317,18259.03,19171.98,5,White,NA,6,3.5,1980,Active
1336,SKU001336,035708360434,Sony Smart Watch,Electronics,Sony,35559,47981.38,50380.45,18,Blue,L,22,3.9,2905,Active
1337,SKU001337,112399548757,Amul Tea,Groceries,Amul,21664,30134.85,31641.59,5,Red,S,21,3.8,3491,Active
1338,SKU001338,415382677506,Britannia Tea,Groceries,Britannia,4479,5734.46,6021.18,5,White,L,16,4.1,699,Active
1339,SKU001339,040610348319,LG Cookware,Home,LG,33014,43480.77,45654.81,18,Red,L,22,3.6,1646,Discontinued
1340,SKU001340,188247484587,Amul Cookies,Groceries,Amul,30753,34067.94,35771.34,5,Black,XL,11,4.0,1817,Discontinued
1341,SKU001341,238780728642,Samsung Laptop,Electronics,Samsung,37851,44157.6,46365.48,18,Black,XL,24,4.8,2242,Discontinued
1342,SKU001342,431290205562,Apple Smart Watch,Electronics,Apple,30210,37409.6,39280.08,18,Red,M,7,3.7,1896,Active
1343,SKU001343,098585303854,Puma Jacket,Fashion,Puma,38503,43490.05,45664.55,12,Blue,S,15,4.6,2454,Active
1344,SKU001344,372542203726,Amul Milk,Groceries,Amul,42603,56802.93,59643.08,5,Red,XL,5,4.1,215,Discontinued
1345,SKU001345,102167287980,Britannia Cookies,Groceries,Britannia,2844,3779.1,3968.06,5,White,XL,6,4.0,1228,Active
1346,SKU001346,322256846566,Nike Shoes,Fashion,Nike,24869,31285.69,32849.97,12,Blue,NA,22,3.9,4463,Discontinued
1347,SKU001347,717417351690,Nike Jeans,Fashion,Nike,42364,52153.22,54760.88,12,Black,M,8,4.5,1244,Active
1348,SKU001348,924198558270,IKEA Cookware,Home,IKEA,27902,37553.84,39431.53,18,White,XL,7,4.5,4577,Active
1349,SKU001349,014860901994,Puma Jacket,Fashion,Puma,17138,21966.07,23064.37,12,Blue,S,6,4.0,1744,Active
1350,SKU001350,945828272824,Apple Laptop,Electronics,Apple,1749,1955.75,2053.54,18,Black,M,23,4.8,4337,Discontinued
1351,SKU001351,111780871288,LG Storage Box,Home,LG,10314,12148.01,12755.41,18,White,M,4,4.5,2560,Discontinued
1352,SKU001352,916021455865,Sony Cookware,Home,Sony,465,525.53,551.81,18,Blue,S,8,3.7,3272,Active
1353,SKU001353,571774773531,Britannia Milk,Groceries,Britannia,19296,22200.77,23310.81,5,White,NA,2,4.0,4950,Active
1354,SKU001354,098083067960,Sony Smartphone,Electronics,Sony,39226,51274.65,53838.38,18,White,L,1,4.1,2907,Discontinued
1355,SKU001355,126326923521,Britannia Milk,Groceries,Britannia,3283,4509.98,4735.48,5,Black,XL,3,3.8,4933,Discontinued
1356,SKU001356,735608243500,Sony Smartphone,Electronics,Sony,16436,21948.38,23045.8,18,Red,XL,4,4.6,3801,Discontinued
1357,SKU001357,058875782523,Adidas Jacket,Fashion,Adidas,17066,22907.73,24053.12,12,Red,S,15,4.5,3036,Active
1358,SKU001358,708753123105,Nike Shoes,Fashion,Nike,4282,5081.0,5335.05,12,Black,NA,1,4.9,2038,Discontinued
1359,SKU001359,659571056766,LG Laptop,Electronics,LG,40444,53995.11,56694.87,18,Blue,M,2,4.4,779,Active
1360,SKU001360,479860058078,LG Laptop,Electronics,LG,46166,54386.58,57105.91,18,Black,XL,20,4.9,3415,Discontinued
1361,SKU001361,214962149597,Britannia Tea,Groceries,Britannia,48527,57621.81,60502.9,5,Blue,M,3,3.6,1390,Active
1362,SKU001362,571888729703,Amul Butter,Groceries,Amul,29406,38247.55,40159.93,5,Blue,S,8,3.8,343,Active
1363,SKU001363,838722839431,IKEA Cookware,Home,IKEA,32610,38445.26,40367.52,18,Red,XL,12,4.3,3306,Active
1364,SKU001364,000005572744,IKEA Table,Home,IKEA,49298,55827.51,58618.89,18,Blue,M,0,4.5,3645,Active
1365,SKU001365,847337238871,Britannia Milk,Groceries,Britannia,27766,36478.95,38302.9,5,Black,XL,8,4.3,4470,Discontinued
1366,SKU001366,483460373351,Adidas Jeans,Fashion,Adidas,809,945.41,992.68,12,Red,XL,8,3.6,2163,Discontinued
1367,SKU001367,228731791960,Amul Tea,Groceries,Amul,45037,61471.49,64545.06,5,Red,S,22,4.2,459,Discontinued
1368,SKU001368,356729859937,Puma Jacket,Fashion,Puma,37128,46609.42,48939.89,12,Red,L,14,4.4,3513,Active
1369,SKU001369,712858698141,Adidas T-Shirt,Fashion,Adidas,16336,18065.14,18968.4,12,Black,XL,23,4.8,1428,Active
1370,SKU001370,988190563260,Sony Cookware,Home,Sony,35461,45647.19,47929.55,18,Blue,NA,23,5.0,2034,Discontinued
1371,SKU001371,552745267581,Puma Shoes,Fashion,Puma,24980,30360.17,31878.18,12,White,M,23,4.2,186,Discontinued
1372,SKU001372,360067278455,LG Table,Home,LG,28419,37346.89,39214.23,18,Blue,L,5,3.5,606,Active
1373,SKU001373,444771289007,LG Chair,Home,LG,29170,39279.28,41243.24,18,White,NA,19,3.6,2841,Active
1374,SKU001374,818991475101,LG Smart Watch,Electronics,LG,12688,15756.21,16544.02,18,Black,XL,15,4.6,1400,Active
1375,SKU001375,734311986874,Puma T-Shirt,Fashion,Puma,44056,59584.49,62563.71,12,Red,NA,5,4.9,2864,Discontinued
1376,SKU001376,776376850345,Britannia Butter,Groceries,Britannia,7650,9418.77,9889.71,5,Black,NA,16,4.9,1088,Active
1377,SKU001377,053411349082,LG Laptop,Electronics,LG,38727,49086.79,51541.13,18,Black,L,0,4.6,2880,Active
1378,SKU001378,404717440030,IKEA Chair,Home,IKEA,29896,41595.54,43675.32,18,Black,S,1,4.9,2604,Active
1379,SKU001379,886802832602,Adidas Jacket,Fashion,Adidas,12053,15300.01,16065.01,12,Blue,XL,12,4.7,3615,Discontinued
1380,SKU001380,788803758623,IKEA Cookware,Home,IKEA,17215,20802.54,21842.67,18,Red,L,2,4.7,2380,Active
1381,SKU001381,864180969626,Nike Jacket,Fashion,Nike,32073,43737.34,45924.21,12,Black,L,0,4.6,420,Active
1382,SKU001382,384140241511,LG Table,Home,LG,39904,48212.58,50623.21,18,Blue,L,24,4.6,1980,Active
1383,SKU001383,343775014560,Amul Butter,Groceries,Amul,38361,46964.08,49312.28,5,Red,S,12,3.9,81,Discontinued
1384,SKU001384,684851851633,Amul Cookies,Groceries,Amul,32728,44551.24,46778.8,5,White,S,24,4.9,3107,Active
1385,SKU001385,426616610459,Sony Headphones,Electronics,Sony,20035,25308.09,26573.49,18,White,M,3,3.9,1766,Active
1386,SKU001386,504049691930,Sony Cookware,Home,Sony,47693,57375.74,60244.53,18,Red,XL,20,4.5,681,Discontinued
1387,SKU001387,198245554145,Amul Milk,Groceries,Amul,37709,42252.46,44365.08,5,Red,L,3,3.6,1395,Active
1388,SKU001388,417310356703,Britannia Butter,Groceries,Britannia,40359,52127.21,54733.57,5,Red,S,10,4.9,2797,Discontinued
1389,SKU001389,939013840372,Puma Jeans,Fashion,Puma,17468,21332.68,22399.31,12,Blue,M,12,4.0,642,Discontinued
1390,SKU001390,867832482745,Adidas Jeans,Fashion,Adidas,31247,39848.86,41841.3,12,Blue,NA,10,4.4,1657,Active
1391,SKU001391,315547194583,Britannia Cookies,Groceries,Britannia,25905,31658.48,33241.4,5,Red,S,9,4.9,4631,Discontinued
1392,SKU001392,291485412425,Sony Storage Box,Home,Sony,18818,20892.01,21936.61,18,White,NA,9,4.0,1081,Discontinued
1393,SKU001393,368042474020,Adidas Shoes,Fashion,Adidas,45796,55658.81,58441.75,12,Black,NA,8,4.5,4452,Discontinued
1394,SKU001394,188905247079,Apple Smart Watch,Electronics,Apple,41992,57400.69,60270.72,18,White,XL,11,4.1,3993,Discontinued
1395,SKU001395,565984190484,Puma Jacket,Fashion,Puma,26351,29543.03,31020.18,12,Red,M,16,3.6,497,Active
1396,SKU001396,729222651416,Britannia Tea,Groceries,Britannia,49169,62713.21,65848.87,5,Blue,NA,6,4.3,2217,Discontinued
1397,SKU001397,489216274946,LG Chair,Home,LG,3822,5203.88,5464.07,18,Blue,XL,9,4.3,4572,Discontinued
1398,SKU001398,156572966209,Sony Headphones,Electronics,Sony,30496,41248.33,43310.75,18,Red,L,0,4.8,3883,Active
1399,SKU001399,733877973974,Sony Smartphone,Electronics,Sony,25505,32787.05,34426.4,18,Blue,L,1,4.8,2140,Active
1400,SKU001400,844343042196,Apple Laptop,Electronics,Apple,49156,55975.02,58773.77,18,White,M,17,3.7,582,Discontinued
1401,SKU001401,627524988995,Sony Laptop,Electronics,Sony,11382,15714.6,16500.33,18,Blue,L,20,4.4,4955,Active
1402,SKU001402,713249278299,Puma Shoes,Fashion,Puma,29283,33290.31,34954.83,12,Blue,XL,22,4.5,2854,Active
1403,SKU001403,894745584001,LG Storage Box,Home,LG,42215,51775.21,54363.97,18,Red,M,17,3.6,2293,Discontinued
1404,SKU001404,178964867855,Britannia Milk,Groceries,Britannia,4538,5680.06,5964.06,5,Red,XL,3,3.6,3755,Active
1405,SKU001405,019873295233,LG Smartphone,Electronics,LG,47386,58707.7,61643.08,18,Red,M,2,4.9,1719,Active
1406,SKU001406,031602150665,Adidas T-Shirt,Fashion,Adidas,11959,13885.59,14579.87,12,Red,L,18,3.7,3783,Active
1407,SKU001407,054585915019,Amul Tea,Groceries,Amul,7650,9674.75,10158.49,5,Blue,M,15,4.6,1318,Active
1408,SKU001408,623563437686,Amul Milk,Groceries,Amul,8682,11102.81,11657.95,5,White,M,13,4.1,1170,Active
1409,SKU001409,236667876391,Apple Smartphone,Electronics,Apple,36427,50696.3,53231.12,18,Red,XL,17,4.6,1556,Discontinued
1410,SKU001410,348784819261,Sony Cookware,Home,Sony,18969,22341.86,23458.95,18,Red,S,15,4.1,3184,Active
1411,SKU001411,977227938756,Apple Laptop,Electronics,Apple,1361,1707.04,1792.39,18,Black,L,23,4.6,1414,Active
1412,SKU001412,294885089457,IKEA Chair,Home,IKEA,39505,45511.41,47786.98,18,White,M,6,4.1,3842,Active
1413,SKU001413,996780791315,Adidas Jeans,Fashion,Adidas,10771,12102.0,12707.1,12,Black,M,2,3.7,3153,Active
1414,SKU001414,734472333026,Amul Cookies,Groceries,Amul,38686,52132.03,54738.63,5,White,NA,0,3.6,555,Active
1415,SKU001415,131557414555,Britannia Milk,Groceries,Britannia,36074,42238.22,44350.13,5,Blue,XL,11,4.4,781,Discontinued
1416,SKU001416,851205014471,Nike Jeans,Fashion,Nike,34388,42752.09,44889.69,12,Red,NA,16,4.4,2373,Discontinued
1417,SKU001417,192680330468,LG Laptop,Electronics,LG,26270,32006.82,33607.16,18,White,L,19,3.5,3853,Discontinued
1418,SKU001418,666498397170,Sony Storage Box,Home,Sony,37690,50929.06,53475.51,18,Red,M,13,4.7,2699,Active
1419,SKU001419,349040274365,Sony Smart Watch,Electronics,Sony,27254,33249.46,34911.93,18,White,L,0,4.3,1266,Active
1420,SKU001420,612522185236,Britannia Milk,Groceries,Britannia,39467,46725.56,49061.84,5,Black,NA,18,4.3,4647,Active
1421,SKU001421,334763140621,Samsung Smartphone,Electronics,Samsung,357,399.28,419.24,18,Black,S,1,3.7,2833,Discontinued
1422,SKU001422,444164718183,Adidas Jacket,Fashion,Adidas,20440,26291.28,27605.84,12,Black,XL,13,4.2,2241,Discontinued
1423,SKU001423,568544751855,Samsung Smartphone,Electronics,Samsung,27432,34276.34,35990.16,18,White,L,13,3.6,199,Discontinued
1424,SKU001424,233604580697,LG Storage Box,Home,LG,5941,7235.85,7597.64,18,White,M,5,3.6,2825,Discontinued
1425,SKU001425,344782525994,Sony Cookware,Home,Sony,41162,55821.82,58612.91,18,White,M,5,4.3,1833,Discontinued
1426,SKU001426,466806200216,Amul Milk,Groceries,Amul,38598,53912.8,56608.44,5,Black,S,9,4.2,696,Active
1427,SKU001427,472614125956,Amul Milk,Groceries,Amul,48209,63294.79,66459.53,5,Blue,NA,8,4.4,59,Discontinued
1428,SKU001428,314280345085,Puma Shoes,Fashion,Puma,44960,53204.97,55865.22,12,Blue,M,10,4.9,2677,Active
1429,SKU001429,310743943329,IKEA Chair,Home,IKEA,38750,50307.6,52822.98,18,White,L,17,3.5,1320,Discontinued
1430,SKU001430,677045394804,LG Headphones,Electronics,LG,39292,53966.31,56664.63,18,White,L,23,4.6,2582,Discontinued
1431,SKU001431,012925092154,Amul Tea,Groceries,Amul,22710,27139.7,28496.69,5,Blue,M,15,4.1,2444,Active
1432,SKU001432,996946455853,Puma Shoes,Fashion,Puma,21944,27743.26,29130.42,12,Red,M,16,3.5,2962,Discontinued
1433,SKU001433,728174741798,IKEA Table,Home,IKEA,39931,47415.63,49786.41,18,Blue,S,18,4.8,174,Active
1434,SKU001434,100375766657,Sony Storage Box,Home,Sony,24735,28399.84,29819.83,18,White,S,3,3.8,3386,Discontinued
1435,SKU001435,076542213418,Adidas Jeans,Fashion,Adidas,14307,19875.3,20869.06,12,Red,XL,9,4.6,449,Active
1436,SKU001436,629710766919,Nike Jeans,Fashion,Nike,16841,20219.65,21230.63,12,Black,L,23,4.9,2332,Discontinued
1437,SKU001437,769284613305,LG Headphones,Electronics,LG,31060,35008.48,36758.9,18,Red,S,14,4.0,726,Active
1438,SKU001438,823622558388,Sony Smartphone,Electronics,Sony,18180,25340.74,26607.78,18,Blue,XL,7,4.8,1759,Discontinued
1439,SKU001439,544257297803,LG Chair,Home,LG,24097,29613.98,31094.68,18,Black,L,21,4.0,1313,Active
1440,SKU001440,054958086634,LG Cookware,Home,LG,6168,7040.13,7392.14,18,Black,M,8,4.0,2773,Active
1441,SKU001441,045581672864,Britannia Tea,Groceries,Britannia,39121,47833.55,50225.23,5,Blue,XL,5,4.7,1692,Active
1442,SKU001442,488158862684,Sony Laptop,Electronics,Sony,23612,30878.73,32422.67,18,White,M,22,4.4,2666,Discontinued
1443,SKU001443,001047835825,LG Table,Home,LG,27726,34298.07,36012.97,18,Red,S,8,4.0,4500,Discontinued
1444,SKU001444,788754334472,LG Storage Box,Home,LG,33198,39174.47,41133.19,18,Blue,XL,22,3.8,3500,Discontinued
1445,SKU001445,288927090085,Britannia Butter,Groceries,Britannia,9602,11628.12,12209.53,5,Black,M,5,4.4,1437,Active
1446,SKU001446,096668347001,LG Chair,Home,LG,6933,8559.46,8987.43,18,Blue,S,8,4.4,1698,Discontinued
1447,SKU001447,497887027767,Sony Headphones,Electronics,Sony,4296,4903.89,5149.08,18,Black,M,1,4.1,3298,Active
1448,SKU001448,436047416812,Amul Tea,Groceries,Amul,30884,41532.45,43609.07,5,Blue,S,9,4.6,3212,Active
1449,SKU001449,585917897147,Sony Cookware,Home,Sony,2968,3472.17,3645.78,18,Blue,NA,4,4.6,1306,Discontinued
1450,SKU001450,435156691118,Samsung Smartphone,Electronics,Samsung,41388,47370.86,49739.4,18,Blue,L,0,4.2,877,Active
1451,SKU001451,148798240796,Sony Table,Home,Sony,5964,7527.01,7903.36,18,Black,XL,3,3.8,1385,Discontinued
1452,SKU001452,193643704928,Sony Headphones,Electronics,Sony,10708,14445.34,15167.61,18,Black,M,8,3.7,1428,Active
1453,SKU001453,567436828437,Sony Laptop,Electronics,Sony,14317,16615.96,17446.76,18,Blue,M,12,4.7,4485,Discontinued
1454,SKU001454,421533366433,Amul Milk,Groceries,Amul,45337,56088.27,58892.68,5,Blue,L,10,4.1,1316,Discontinued
1455,SKU001455,808554693967,Amul Tea,Groceries,Amul,12817,14693.45,15428.12,5,Blue,S,5,4.9,3237,Discontinued
1456,SKU001456,462261982244,Sony Headphones,Electronics,Sony,26331,29559.49,31037.46,18,White,NA,2,4.5,3316,Discontinued
1457,SKU001457,926193689875,Amul Cookies,Groceries,Amul,14112,18477.67,19401.55,5,White,NA,11,4.3,4766,Discontinued
1458,SKU001458,706899972037,Nike Shoes,Fashion,Nike,48397,54190.68,56900.21,12,Black,S,10,4.3,1947,Active
1459,SKU001459,558095280766,Sony Table,Home,Sony,33111,44012.32,46212.94,18,White,L,15,4.1,4838,Discontinued
1460,SKU001460,562397442086,Apple Laptop,Electronics,Apple,31878,38019.56,39920.54,18,Red,M,8,3.6,1497,Discontinued
1461,SKU001461,923259169256,Samsung Headphones,Electronics,Samsung,44316,51821.96,54413.06,18,White,NA,1,4.7,3409,Discontinued
1462,SKU001462,488882975612,Amul Milk,Groceries,Amul,23226,29274.65,30738.38,5,White,S,19,4.9,3401,Discontinued
1463,SKU001463,071784856375,LG Headphones,Electronics,LG,789,968.66,1017.09,18,White,XL,16,3.9,1493,Active
1464,SKU001464,230301172362,Britannia Tea,Groceries,Britannia,34838,41936.24,44033.05,5,Blue,L,22,3.9,4493,Active
1465,SKU001465,923500887117,Sony Table,Home,Sony,438,510.92,536.47,18,Black,NA,14,4.3,3667,Discontinued
1466,SKU001466,969327915420,Amul Milk,Groceries,Amul,818,1071.96,1125.56,5,Black,M,14,3.7,2300,Discontinued
1467,SKU001467,203375861158,Puma T-Shirt,Fashion,Puma,22473,28343.66,29760.84,12,Blue,M,18,3.8,3442,Discontinued
1468,SKU001468,670812784507,LG Laptop,Electronics,LG,32647,40429.47,42450.94,18,Black,L,16,3.7,2984,Discontinued
1469,SKU001469,130200815503,Samsung Smartphone,Electronics,Samsung,5526,7510.11,7885.62,18,White,L,0,5.0,4122,Discontinued
1470,SKU001470,935167533153,Britannia Cookies,Groceries,Britannia,24262,33241.17,34903.23,5,Red,NA,14,4.4,2307,Active
1471,SKU001471,473265242378,Nike T-Shirt,Fashion,Nike,32217,37034.61,38886.34,12,Red,XL,5,4.1,621,Discontinued
1472,SKU001472,605758777176,Britannia Cookies,Groceries,Britannia,29371,33235.88,34897.67,5,Blue,M,7,4.1,2614,Active
1473,SKU001473,003066164600,Britannia Tea,Groceries,Britannia,735,858.61,901.54,5,Black,XL,4,4.7,3674,Active
1474,SKU001474,113436703995,Britannia Milk,Groceries,Britannia,28754,39129.78,41086.27,5,Blue,XL,10,3.6,1467,Discontinued
1475,SKU001475,304951688268,Adidas Shoes,Fashion,Adidas,3501,4318.28,4534.19,12,Black,NA,19,4.6,412,Active
1476,SKU001476,126977008268,Sony Smart Watch,Electronics,Sony,36861,44332.02,46548.62,18,Blue,L,18,3.7,718,Active
1477,SKU001477,909078119957,Apple Laptop,Electronics,Apple,17621,20900.3,21945.31,18,Black,M,21,3.8,2483,Active
1478,SKU001478,873312662994,Britannia Tea,Groceries,Britannia,49161,66729.87,70066.36,5,White,L,15,3.9,3009,Discontinued
1479,SKU001479,470156363999,IKEA Chair,Home,IKEA,35111,40038.25,42040.16,18,Red,NA,17,3.5,3874,Discontinued
1480,SKU001480,654770124250,Adidas T-Shirt,Fashion,Adidas,37874,51850.42,54442.94,12,White,NA,14,4.5,2652,Discontinued
1481,SKU001481,769213523794,Britannia Milk,Groceries,Britannia,2923,3632.36,3813.98,5,Black,L,16,3.9,757,Active
1482,SKU001482,497737380296,Puma Shoes,Fashion,Puma,29957,33407.66,35078.04,12,White,M,9,4.5,1367,Active
1483,SKU001483,297583455836,Samsung Headphones,Electronics,Samsung,26121,34320.36,36036.38,18,Red,L,6,4.7,4711,Discontinued
1484,SKU001484,949439536615,Britannia Butter,Groceries,Britannia,44671,54118.25,56824.16,5,Blue,M,24,4.6,1227,Discontinued
1485,SKU001485,032133348028,IKEA Chair,Home,IKEA,5943,7552.41,7930.03,18,Black,L,3,4.9,3357,Active
1486,SKU001486,854380944316,Adidas Shoes,Fashion,Adidas,42575,50033.37,52535.04,12,Blue,L,0,4.9,3866,Discontinued
1487,SKU001487,346412513936,LG Storage Box,Home,LG,26519,34592.26,36321.87,18,Red,S,22,4.1,2051,Active
1488,SKU001488,589185562330,Sony Cookware,Home,Sony,18108,20069.63,21073.11,18,Blue,NA,2,4.2,4693,Discontinued
1489,SKU001489,332285236520,Nike T-Shirt,Fashion,Nike,9152,11076.24,11630.05,12,Black,M,9,4.5,2028,Discontinued
1490,SKU001490,253204373095,Britannia Tea,Groceries,Britannia,5073,6650.57,6983.1,5,White,L,8,4.9,3596,Discontinued
1491,SKU001491,360995852380,Amul Tea,Groceries,Amul,34366,42028.01,44129.41,5,White,S,5,4.2,4082,Active
1492,SKU001492,010950069578,Adidas T-Shirt,Fashion,Adidas,35743,47793.4,50183.07,12,White,M,1,4.6,2106,Discontinued
1493,SKU001493,219681283937,Samsung Smartphone,Electronics,Samsung,32899,44156.56,46364.39,18,Red,S,17,4.8,2276,Discontinued
1494,SKU001494,625887596951,LG Table,Home,LG,143,174.77,183.51,18,Black,S,9,3.9,667,Active
1495,SKU001495,055293745453,Sony Cookware,Home,Sony,11616,15634.3,16416.01,18,Black,S,17,3.7,185,Discontinued
1496,SKU001496,687813068465,LG Cookware,Home,LG,21539,30086.44,31590.76,18,Red,S,2,3.6,4684,Discontinued
1497,SKU001497,377201154456,Samsung Smartphone,Electronics,Samsung,43112,51771.26,54359.82,18,Blue,NA,6,4.2,919,Discontinued
1498,SKU001498,699260141546,Adidas Shoes,Fashion,Adidas,4240,5847.48,6139.85,12,White,XL,16,4.9,2663,Active
1499,SKU001499,009439774127,Sony Chair,Home,Sony,5312,7110.8,7466.34,18,Black,L,17,3.9,2852,Active
1500,SKU001500,154240795288,Nike Jacket,Fashion,Nike,14075,18982.27,19931.38,12,Red,XL,5,3.5,4369,Active
1501,SKU001501,343514380912,Amul Cookies,Groceries,Amul,11900,15462.75,16235.89,5,White,L,4,3.9,4466,Discontinued
1502,SKU001502,284656549928,Apple Laptop,Electronics,Apple,14172,19206.32,20166.64,18,Blue,NA,14,4.5,3774,Discontinued
1503,SKU001503,401930752580,Britannia Butter,Groceries,Britannia,3714,4825.23,5066.49,5,Black,NA,3,4.3,4840,Active
1504,SKU001504,791527883591,Samsung Laptop,Electronics,Samsung,5065,6787.42,7126.79,18,White,M,12,3.9,1903,Discontinued
1505,SKU001505,295101569247,Apple Laptop,Electronics,Apple,30877,40497.22,42522.08,18,Red,NA,19,5.0,4904,Active
1506,SKU001506,213918619875,Amul Cookies,Groceries,Amul,47928,55928.08,58724.48,5,White,M,10,4.4,3719,Discontinued
1507,SKU001507,946208035844,Britannia Butter,Groceries,Britannia,39069,50449.19,52971.65,5,Black,NA,17,4.0,2750,Discontinued
1508,SKU001508,079197193058,Nike Jacket,Fashion,Nike,35241,43462.29,45635.4,12,Red,S,8,4.3,4810,Discontinued
1509,SKU001509,775060761658,Sony Smartphone,Electronics,Sony,15762,19170.09,20128.59,18,Red,M,22,4.5,3115,Active
1510,SKU001510,679173348348,Amul Milk,Groceries,Amul,20181,26189.79,27499.28,5,White,NA,9,4.2,3183,Active
1511,SKU001511,716484052815,Apple Smartphone,Electronics,Apple,16051,20574.86,21603.6,18,Red,M,16,4.2,2325,Discontinued
1512,SKU001512,419509278477,Adidas Jacket,Fashion,Adidas,6294,8017.87,8418.76,12,Red,XL,13,4.3,4544,Discontinued
1513,SKU001513,256886455746,Sony Smartphone,Electronics,Sony,1173,1623.4,1704.57,18,Blue,XL,22,4.2,3754,Active
1514,SKU001514,431112989979,Sony Laptop,Electronics,Sony,4842,5684.75,5968.99,18,Red,M,3,4.8,1441,Active
1515,SKU001515,631100233612,Amul Milk,Groceries,Amul,29710,36494.5,38319.22,5,Red,NA,24,4.4,1123,Active
1516,SKU001516,266668715581,Puma T-Shirt,Fashion,Puma,38787,44884.16,47128.37,12,Red,M,5,4.0,1487,Discontinued
1517,SKU001517,670651627393,Adidas T-Shirt,Fashion,Adidas,12156,15557.77,16335.66,12,Blue,L,10,4.6,421,Discontinued
1518,SKU001518,686425293198,Adidas T-Shirt,Fashion,Adidas,11699,14806.6,15546.93,12,White,NA,24,4.0,2468,Active
1519,SKU001519,622868525273,LG Smartphone,Electronics,LG,44450,52097.67,54702.55,18,Black,S,21,3.8,2856,Active
1520,SKU001520,477462370498,IKEA Cookware,Home,IKEA,1110,1455.36,1528.13,18,Black,S,10,3.6,987,Discontinued
1521,SKU001521,702766777997,Amul Milk,Groceries,Amul,4928,6367.16,6685.52,5,Black,NA,13,4.4,1505,Discontinued
1522,SKU001522,569802762240,Adidas Jacket,Fashion,Adidas,24489,31742.56,33329.69,12,Red,XL,8,4.9,4477,Discontinued
1523,SKU001523,378593632477,Samsung Laptop,Electronics,Samsung,23829,30021.42,31522.49,18,Black,XL,23,3.5,167,Active
1524,SKU001524,139105849299,Samsung Laptop,Electronics,Samsung,29114,35354.19,37121.9,18,Red,S,22,4.5,1183,Discontinued
1525,SKU001525,333743484249,Adidas T-Shirt,Fashion,Adidas,243,335.52,352.3,12,Blue,NA,9,4.7,4210,Active
1526,SKU001526,721816930699,Puma Shoes,Fashion,Puma,11742,15386.43,16155.75,12,Blue,S,19,5.0,3148,Discontinued
1527,SKU001527,296168260503,Amul Tea,Groceries,Amul,7572,8353.87,8771.56,5,Red,S,15,4.7,3184,Discontinued
1528,SKU001528,894165321270,Britannia Milk,Groceries,Britannia,21393,28879.86,30323.85,5,Black,L,15,5.0,1164,Discontinued
1529,SKU001529,450852954033,Apple Laptop,Electronics,Apple,15167,18430.14,19351.65,18,White,NA,13,5.0,434,Discontinued
1530,SKU001530,787620860402,Samsung Headphones,Electronics,Samsung,43769,48944.85,51392.09,18,White,M,15,4.3,2483,Active
1531,SKU001531,699418036343,Britannia Cookies,Groceries,Britannia,32338,38413.91,40334.61,5,Red,M,19,3.7,4360,Discontinued
1532,SKU001532,182788518965,Adidas T-Shirt,Fashion,Adidas,8923,10450.58,10973.11,12,White,S,22,4.7,1728,Discontinued
1533,SKU001533,758336791006,IKEA Cookware,Home,IKEA,29169,35658.24,37441.15,18,Black,XL,5,4.2,1137,Discontinued
1534,SKU001534,739284709110,LG Chair,Home,LG,46443,53488.2,56162.61,18,Blue,XL,22,3.7,4385,Active
1535,SKU001535,094591124288,Britannia Cookies,Groceries,Britannia,46625,62343.39,65460.56,5,Blue,S,0,4.5,2117,Active
1536,SKU001536,257999927740,IKEA Storage Box,Home,IKEA,26457,35883.69,37677.87,18,Red,L,4,4.2,1240,Discontinued
1537,SKU001537,142213616161,Adidas Jeans,Fashion,Adidas,22835,29154.18,30611.89,12,White,NA,10,4.8,1640,Active
1538,SKU001538,548835748314,Nike T-Shirt,Fashion,Nike,9315,10895.66,11440.44,12,Blue,M,9,3.5,2789,Discontinued
1539,SKU001539,553178795425,Samsung Smart Watch,Electronics,Samsung,7702,10234.73,10746.47,18,White,S,10,3.9,561,Active
1540,SKU001540,276062902034,LG Smart Watch,Electronics,LG,13060,18180.02,19089.02,18,Black,NA,18,4.0,1998,Discontinued
1541,SKU001541,848258961610,Puma T-Shirt,Fashion,Puma,47374,56090.5,58895.03,12,Black,M,7,4.6,3775,Active
1542,SKU001542,610162808140,Sony Smart Watch,Electronics,Sony,24519,29146.6,30603.93,18,Red,M,14,4.1,341,Discontinued
1543,SKU001543,297148687520,Sony Storage Box,Home,Sony,28697,33532.42,35209.04,18,White,L,5,3.9,1351,Discontinued
1544,SKU001544,462292687386,Puma T-Shirt,Fashion,Puma,12388,13639.6,14321.58,12,Red,L,5,3.7,4382,Active
1545,SKU001545,250169777268,Apple Smartphone,Electronics,Apple,46417,61091.85,64146.44,18,White,L,13,4.0,3034,Active
1546,SKU001546,399633601811,Nike Shoes,Fashion,Nike,32075,37432.82,39304.46,12,Blue,S,14,4.1,2260,Discontinued
1547,SKU001547,187365943749,Samsung Laptop,Electronics,Samsung,16534,23037.25,24189.11,18,White,NA,0,4.9,36,Discontinued
1548,SKU001548,233128905941,Britannia Milk,Groceries,Britannia,13039,15995.68,16795.46,5,White,NA,20,4.7,1379,Discontinued
1549,SKU001549,068858105012,Sony Storage Box,Home,Sony,35306,47281.1,49645.15,18,White,XL,23,3.7,3019,Discontinued
1550,SKU001550,481750697714,Sony Table,Home,Sony,20234,25503.55,26778.73,18,Red,XL,13,4.5,3382,Active
1551,SKU001551,917317164544,Nike Jeans,Fashion,Nike,8322,9160.43,9618.45,12,Red,M,15,4.4,1025,Discontinued
1552,SKU001552,904238667203,Apple Headphones,Electronics,Apple,11080,12559.96,13187.96,18,Blue,M,11,4.2,2380,Discontinued
1553,SKU001553,189619909296,Amul Milk,Groceries,Amul,1141,1271.5,1335.08,5,Blue,L,2,4.2,1671,Active
1554,SKU001554,936855738132,Sony Laptop,Electronics,Sony,3747,4570.7,4799.23,18,White,L,20,4.6,2286,Discontinued
1555,SKU001555,851329953872,Puma Shoes,Fashion,Puma,29545,37779.82,39668.81,12,White,NA,3,4.0,2343,Discontinued
1556,SKU001556,582420409919,Sony Smartphone,Electronics,Sony,23790,28732.37,30168.99,18,Blue,M,16,3.5,4288,Active
1557,SKU001557,264254634722,Amul Milk,Groceries,Amul,15289,19900.38,20895.4,5,White,XL,23,4.2,3452,Active
1558,SKU001558,234801063078,Amul Milk,Groceries,Amul,45285,52724.05,55360.25,5,Blue,L,12,4.9,2087,Active
1559,SKU001559,231106622276,LG Chair,Home,LG,10958,14550.11,15277.62,18,Red,NA,19,3.7,2458,Discontinued
1560,SKU001560,405276860202,Amul Tea,Groceries,Amul,48096,63184.42,66343.64,5,White,S,19,4.2,3674,Discontinued
1561,SKU001561,874008003308,Adidas T-Shirt,Fashion,Adidas,8739,11274.64,11838.37,12,Black,M,14,5.0,4036,Discontinued
1562,SKU001562,653233328328,LG Storage Box,Home,LG,2851,3624.93,3806.18,18,White,XL,12,4.2,336,Active
1563,SKU001563,579107285252,LG Smartphone,Electronics,LG,14386,18958.76,19906.7,18,Black,M,13,4.5,137,Active
1564,SKU001564,636786550478,Adidas Shoes,Fashion,Adidas,11346,13441.64,14113.72,12,Blue,S,8,3.9,4623,Discontinued
1565,SKU001565,634785535699,Amul Milk,Groceries,Amul,48137,65269.28,68532.74,5,Black,NA,15,4.2,1401,Discontinued
1566,SKU001566,804956498429,Britannia Tea,Groceries,Britannia,15166,17578.59,18457.52,5,Red,M,3,3.9,4584,Active
1567,SKU001567,511636724676,Puma Jeans,Fashion,Puma,13060,17938.48,18835.4,12,Red,M,16,4.7,1251,Active
1568,SKU001568,273027353576,Puma T-Shirt,Fashion,Puma,11354,13458.8,14131.74,12,Red,NA,1,4.5,1452,Active
1569,SKU001569,532048160373,Samsung Smartphone,Electronics,Samsung,24233,27862.27,29255.38,18,Black,L,19,4.0,3859,Discontinued
1570,SKU001570,939913511786,Amul Milk,Groceries,Amul,23819,28136.03,29542.83,5,Red,L,18,5.0,4869,Active
1571,SKU001571,687408002477,IKEA Storage Box,Home,IKEA,23953,29750.11,31237.62,18,Red,NA,6,4.0,4423,Active
1572,SKU001572,009250179247,Adidas Jeans,Fashion,Adidas,38316,49411.14,51881.7,12,Red,L,2,4.1,1539,Discontinued
1573,SKU001573,882179212820,IKEA Table,Home,IKEA,3988,4770.64,5009.17,18,Red,S,14,4.0,3405,Discontinued
1574,SKU001574,158596475680,Amul Butter,Groceries,Amul,23432,30537.34,32064.21,5,Red,S,17,4.5,2013,Discontinued
1575,SKU001575,472576678827,IKEA Storage Box,Home,IKEA,28623,33262.88,34926.02,18,Blue,S,6,3.5,282,Active
1576,SKU001576,910127005269,Sony Storage Box,Home,Sony,40387,46996.2,49346.01,18,Red,M,21,3.5,782,Active
1577,SKU001577,463079560130,Puma T-Shirt,Fashion,Puma,187,219.97,230.97,12,Blue,M,19,4.0,2518,Discontinued
1578,SKU001578,527453089066,Amul Tea,Groceries,Amul,48448,56553.83,59381.52,5,Blue,NA,19,4.7,1743,Discontinued
1579,SKU001579,405332579565,IKEA Table,Home,IKEA,21795,25283.25,26547.41,18,Blue,M,4,4.5,3264,Discontinued
1580,SKU001580,733510164983,LG Storage Box,Home,LG,439,527.66,554.04,18,White,L,10,4.7,1861,Active
1581,SKU001581,398910771331,IKEA Storage Box,Home,IKEA,16674,18373.32,19291.99,18,Red,NA,11,3.9,1063,Discontinued
1582,SKU001582,460672421770,Sony Chair,Home,Sony,26733,32756.74,34394.58,18,Black,S,7,4.6,3785,Active
1583,SKU001583,850294659982,Amul Milk,Groceries,Amul,20939,28895.43,30340.2,5,Blue,M,18,4.1,226,Discontinued
1584,SKU001584,861788096057,Nike Jeans,Fashion,Nike,14430,18406.45,19326.77,12,Red,XL,22,4.2,367,Active
1585,SKU001585,057751430647,Sony Smart Watch,Electronics,Sony,16176,21100.27,22155.28,18,Blue,M,13,3.7,1659,Discontinued
1586,SKU001586,377306087302,LG Smartphone,Electronics,LG,37442,50368.33,52886.75,18,Blue,S,16,3.8,3216,Discontinued
1587,SKU001587,466522214249,Adidas Shoes,Fashion,Adidas,35849,43058.73,45211.67,12,Blue,NA,4,3.6,2495,Discontinued
1588,SKU001588,840379191006,Adidas Jeans,Fashion,Adidas,28153,31206.46,32766.78,12,Black,M,6,4.9,1681,Active
1589,SKU001589,681484615056,LG Smart Watch,Electronics,LG,4763,5372.03,5640.63,18,Red,XL,18,4.0,709,Active
1590,SKU001590,641437104764,Nike Jacket,Fashion,Nike,39941,48448.04,50870.44,12,Black,M,9,4.9,967,Active
1591,SKU001591,509636157728,Samsung Headphones,Electronics,Samsung,11809,14676.68,15410.51,18,Red,S,3,4.5,4309,Discontinued
1592,SKU001592,569408698705,Puma Jacket,Fashion,Puma,17972,23636.99,24818.84,12,Black,S,11,3.5,478,Active
1593,SKU001593,387802635265,Adidas Jacket,Fashion,Adidas,12155,15683.58,16467.76,12,Red,M,10,4.1,2285,Discontinued
1594,SKU001594,893853817803,Amul Milk,Groceries,Amul,48955,55042.4,57794.52,5,White,NA,2,4.2,1187,Active
1595,SKU001595,958108913059,Sony Smartphone,Electronics,Sony,16019,19540.91,20517.96,18,Red,S,10,4.9,4741,Active
1596,SKU001596,059355487368,IKEA Chair,Home,IKEA,27416,36473.62,38297.3,18,White,S,21,3.6,2099,Discontinued
1597,SKU001597,577303073845,LG Storage Box,Home,LG,5787,6531.89,6858.48,18,Red,S,5,3.5,2120,Active
1598,SKU001598,333377299243,Nike Jeans,Fashion,Nike,5733,8012.57,8413.2,12,Red,M,24,4.9,2642,Active
1599,SKU001599,044169932537,Apple Smart Watch,Electronics,Apple,44807,57183.08,60042.23,18,Blue,L,8,3.9,3429,Discontinued
1600,SKU001600,098134201357,Britannia Cookies,Groceries,Britannia,5471,6690.62,7025.15,5,Black,L,12,4.1,4609,Discontinued
1601,SKU001601,819594146895,Britannia Butter,Groceries,Britannia,1944,2302.76,2417.9,5,Blue,NA,1,3.7,3869,Discontinued
1602,SKU001602,221268221087,Puma Jeans,Fashion,Puma,17942,24221.65,25432.73,12,White,XL,2,4.4,4662,Active
1603,SKU001603,248468479185,Amul Cookies,Groceries,Amul,6234,7428.09,7799.49,5,White,XL,6,4.3,3912,Active
1604,SKU001604,806014689219,Sony Table,Home,Sony,10072,12923.89,13570.08,18,Red,NA,16,3.8,3897,Discontinued
1605,SKU001605,410737320175,Nike Jacket,Fashion,Nike,3355,3834.38,4026.1,12,Red,XL,12,3.5,1031,Discontinued
1606,SKU001606,767015345785,Britannia Cookies,Groceries,Britannia,4234,5732.4,6019.02,5,Red,NA,19,4.9,4697,Discontinued
1607,SKU001607,168323460228,Nike Jacket,Fashion,Nike,47370,64306.26,67521.57,12,Black,L,22,4.8,0,Discontinued
1608,SKU001608,449983706153,IKEA Storage Box,Home,IKEA,32248,38919.45,40865.42,18,Red,L,16,4.0,4379,Discontinued
1609,SKU001609,532037608604,Amul Tea,Groceries,Amul,8022,9103.2,9558.36,5,Black,NA,19,3.9,4138,Discontinued
1610,SKU001610,014166419634,Sony Smartphone,Electronics,Sony,27482,35255.34,37018.11,18,Black,S,5,3.9,570,Active
1611,SKU001611,384073345286,LG Table,Home,LG,36319,46351.84,48669.43,18,Blue,L,7,3.6,476,Active
1612,SKU001612,871289422486,LG Table,Home,LG,6325,7276.81,7640.65,18,Red,S,21,4.1,1345,Active
1613,SKU001613,511987043403,Sony Cookware,Home,Sony,37129,42337.27,44454.13,18,Blue,L,21,4.7,468,Active
1614,SKU001614,058311317053,Britannia Butter,Groceries,Britannia,47702,66482.62,69806.75,5,Red,NA,14,3.8,732,Discontinued
1615,SKU001615,454450376730,Britannia Cookies,Groceries,Britannia,3522,3919.26,4115.22,5,White,NA,11,4.8,2058,Active
1616,SKU001616,231523268355,Apple Smart Watch,Electronics,Apple,29827,34187.93,35897.33,18,Blue,M,16,4.9,379,Active
1617,SKU001617,080443081261,LG Table,Home,LG,23495,31079.84,32633.83,18,Black,S,21,4.0,790,Discontinued
1618,SKU001618,229518545655,Sony Smartphone,Electronics,Sony,12478,15080.06,15834.06,18,Blue,XL,6,4.5,695,Discontinued
1619,SKU001619,217044893677,IKEA Cookware,Home,IKEA,4914,6267.84,6581.23,18,Blue,NA,20,3.9,4891,Discontinued
1620,SKU001620,741202217213,Nike Shoes,Fashion,Nike,17138,21010.85,22061.39,12,White,M,18,4.5,4269,Discontinued
1621,SKU001621,499116263278,Samsung Laptop,Electronics,Samsung,13784,18641.08,19573.13,18,Red,XL,4,3.9,3304,Discontinued
1622,SKU001622,398634569682,Amul Butter,Groceries,Amul,3545,4101.73,4306.82,5,Blue,M,10,4.4,1831,Active
1623,SKU001623,807983312275,Amul Butter,Groceries,Amul,47812,53538.59,56215.52,5,Red,S,7,3.7,4439,Active
1624,SKU001624,340051111344,Adidas Shoes,Fashion,Adidas,28020,32129.04,33735.49,12,Blue,S,14,4.1,3074,Discontinued
1625,SKU001625,569093753708,Amul Milk,Groceries,Amul,33809,45590.27,47869.78,5,Blue,NA,6,4.3,2895,Discontinued
1626,SKU001626,697043886174,Amul Tea,Groceries,Amul,2690,3505.8,3681.09,5,Black,M,15,3.6,1594,Active
1627,SKU001627,609209389823,Sony Table,Home,Sony,23684,27870.7,29264.24,18,White,L,15,4.8,2543,Discontinued
1628,SKU001628,830813672854,Sony Headphones,Electronics,Sony,48656,58490.25,61414.76,18,Blue,L,13,3.6,3483,Active
1629,SKU001629,022024432308,Sony Storage Box,Home,Sony,7430,8784.12,9223.33,18,Black,S,15,4.9,73,Discontinued
1630,SKU001630,308438517899,IKEA Table,Home,IKEA,44216,60163.93,63172.13,18,Blue,XL,13,3.7,366,Active
1631,SKU001631,774583795396,Britannia Tea,Groceries,Britannia,38195,45135.53,47392.31,5,Red,S,0,4.9,2330,Discontinued
1632,SKU001632,301653573101,IKEA Table,Home,IKEA,27576,34352.96,36070.61,18,Blue,L,20,3.6,2011,Active
1633,SKU001633,188146883823,Sony Smartphone,Electronics,Sony,49490,61266.03,64329.33,18,White,M,18,4.8,2828,Discontinued
1634,SKU001634,484507180122,IKEA Storage Box,Home,IKEA,46804,62397.58,65517.46,18,White,NA,15,4.4,3881,Active
1635,SKU001635,476825917861,Samsung Smart Watch,Electronics,Samsung,49842,58604.21,61534.42,18,White,S,19,4.3,2345,Discontinued
1636,SKU001636,066608644820,Samsung Smart Watch,Electronics,Samsung,14259,17671.39,18554.96,18,Blue,NA,12,4.4,4549,Discontinued
1637,SKU001637,174675390074,Samsung Smart Watch,Electronics,Samsung,41327,54262.02,56975.12,18,Black,XL,15,4.6,4855,Active
1638,SKU001638,246465861629,Britannia Milk,Groceries,Britannia,47162,56170.91,58979.46,5,Red,NA,7,3.7,1664,Active
1639,SKU001639,993464465062,Puma Jacket,Fashion,Puma,44528,54845.78,57588.07,12,Blue,XL,11,5.0,2732,Discontinued
1640,SKU001640,269569681060,Adidas Jacket,Fashion,Adidas,46167,54149.72,56857.21,12,Red,L,19,4.7,4544,Active
1641,SKU001641,721923039421,Samsung Smartphone,Electronics,Samsung,28746,32055.64,33658.42,18,Black,S,6,5.0,1508,Discontinued
1642,SKU001642,503069711033,Amul Cookies,Groceries,Amul,35752,41201.27,43261.33,5,Blue,NA,11,3.8,854,Active
1643,SKU001643,736962447510,Sony Headphones,Electronics,Sony,14245,19531.52,20508.1,18,Black,L,4,4.8,2906,Active
1644,SKU001644,816233973637,Samsung Smartphone,Electronics,Samsung,30929,34970.26,36718.77,18,Black,NA,3,4.9,1939,Discontinued
1645,SKU001645,310013204917,LG Chair,Home,LG,33505,42111.71,44217.3,18,White,L,12,4.6,1467,Active
1646,SKU001646,412021424876,Puma Jeans,Fashion,Puma,16461,20134.52,21141.25,12,Black,M,19,3.8,3438,Active
1647,SKU001647,976153373526,Sony Cookware,Home,Sony,7866,10402.93,10923.08,18,Red,NA,17,4.1,2266,Discontinued
1648,SKU001648,763035421926,Amul Tea,Groceries,Amul,37746,51761.21,54349.27,5,White,L,17,4.5,3107,Discontinued
1649,SKU001649,434478949310,Nike Shoes,Fashion,Nike,39092,44158.86,46366.8,12,Red,S,10,4.3,1961,Discontinued
1650,SKU001650,182370575823,Apple Laptop,Electronics,Apple,41201,49119.03,51574.98,18,Blue,S,3,3.8,4550,Active
1651,SKU001651,933229026930,IKEA Storage Box,Home,IKEA,3115,3860.78,4053.82,18,Red,XL,3,5.0,692,Discontinued
1652,SKU001652,307245282562,Britannia Milk,Groceries,Britannia,8156,10788.17,11327.58,5,Red,L,6,4.4,940,Discontinued
1653,SKU001653,665407251520,Nike Jacket,Fashion,Nike,33522,45047.97,47300.37,12,Red,L,17,4.7,2474,Active
1654,SKU001654,702030400316,IKEA Cookware,Home,IKEA,18150,19974.62,20973.35,18,Blue,L,9,4.1,4871,Discontinued
1655,SKU001655,872325923688,Sony Storage Box,Home,Sony,18855,25633.3,26914.97,18,Black,XL,7,4.0,581,Active
1656,SKU001656,955703215799,Amul Tea,Groceries,Amul,20053,27111.91,28467.51,5,Red,S,22,3.7,2480,Active
1657,SKU001657,384533047798,LG Chair,Home,LG,27497,34127.48,35833.85,18,White,XL,9,4.2,4562,Active
1658,SKU001658,288204459745,Amul Cookies,Groceries,Amul,29719,34652.08,36384.68,5,White,NA,21,4.6,2875,Discontinued
1659,SKU001659,805393552708,Puma T-Shirt,Fashion,Puma,49585,56098.91,58903.86,12,Red,XL,18,4.4,3270,Active
1660,SKU001660,428085549425,Sony Cookware,Home,Sony,43239,53034.36,55686.08,18,Red,XL,14,3.7,4065,Discontinued
1661,SKU001661,905747180920,Amul Butter,Groceries,Amul,22119,27964.1,29362.31,5,Blue,M,11,4.8,2349,Discontinued
1662,SKU001662,194401813128,LG Smart Watch,Electronics,LG,40818,54903.2,57648.36,18,Blue,XL,13,4.6,3911,Active
1663,SKU001663,655275074661,Amul Milk,Groceries,Amul,12206,13636.0,14317.8,5,Black,L,11,4.3,2223,Discontinued
1664,SKU001664,474130706789,Britannia Butter,Groceries,Britannia,4369,5991.32,6290.89,5,Blue,XL,12,4.4,1956,Discontinued
1665,SKU001665,897485530716,Britannia Milk,Groceries,Britannia,15749,20017.79,21018.68,5,White,M,15,4.7,4412,Active
1666,SKU001666,634286568561,Apple Smartphone,Electronics,Apple,41605,45865.19,48158.45,18,White,S,19,4.0,682,Active
1667,SKU001667,547049846920,Amul Cookies,Groceries,Amul,38968,50865.03,53408.28,5,Blue,L,21,3.6,4473,Discontinued
1668,SKU001668,417838041298,Sony Chair,Home,Sony,11884,15147.06,15904.41,18,Black,NA,14,4.7,2335,Discontinued
1669,SKU001669,533829804501,LG Smartphone,Electronics,LG,8561,9901.83,10396.92,18,Black,S,15,4.4,996,Discontinued
1670,SKU001670,737560468150,Puma Jeans,Fashion,Puma,18861,22558.97,23686.92,12,Blue,S,15,3.6,2464,Discontinued
1671,SKU001671,314777640146,Amul Cookies,Groceries,Amul,41492,52256.12,54868.93,5,Red,S,12,4.6,2024,Active
1672,SKU001672,273730933683,Nike T-Shirt,Fashion,Nike,45075,50771.15,53309.71,12,Red,S,8,4.3,3378,Discontinued
1673,SKU001673,993882946369,Nike Jacket,Fashion,Nike,16103,20708.54,21743.97,12,Red,XL,1,4.1,3017,Active
1674,SKU001674,317667516446,LG Laptop,Electronics,LG,12987,17405.47,18275.74,18,Blue,M,15,4.8,227,Discontinued
1675,SKU001675,303587716358,Adidas Jacket,Fashion,Adidas,12128,13370.17,14038.68,12,Black,M,11,4.4,3053,Discontinued
1676,SKU001676,506691817605,Britannia Milk,Groceries,Britannia,49378,63246.5,66408.82,5,Red,S,16,4.3,2188,Discontinued
1677,SKU001677,125418838532,Puma Shoes,Fashion,Puma,40995,55583.76,58362.95,12,Red,L,11,4.2,245,Discontinued
1678,SKU001678,811283074620,IKEA Table,Home,IKEA,7464,9309.1,9774.56,18,Red,XL,22,3.8,1022,Active
1679,SKU001679,224024244599,Nike T-Shirt,Fashion,Nike,30768,40391.54,42411.12,12,Blue,L,1,4.2,725,Active
1680,SKU001680,864756548839,IKEA Table,Home,IKEA,32320,40419.28,42440.24,18,Black,L,17,3.8,4280,Discontinued
1681,SKU001681,877029970626,Britannia Milk,Groceries,Britannia,31579,41664.69,43747.92,5,Black,XL,21,3.9,4000,Discontinued
1682,SKU001682,864779751793,Britannia Butter,Groceries,Britannia,21908,29163.93,30622.13,5,Blue,M,18,3.9,1262,Discontinued
1683,SKU001683,820045678234,IKEA Chair,Home,IKEA,9850,12930.59,13577.12,18,Blue,S,19,5.0,3546,Discontinued
1684,SKU001684,269536380724,IKEA Storage Box,Home,IKEA,17715,19649.48,20631.95,18,Black,M,14,4.3,659,Discontinued
1685,SKU001685,645080108414,Nike Jacket,Fashion,Nike,1454,2015.47,2116.24,12,Red,XL,4,3.8,230,Active
1686,SKU001686,679847878529,Adidas Jeans,Fashion,Adidas,7739,9120.89,9576.93,12,Red,S,11,4.8,3417,Active
1687,SKU001687,394900546193,Apple Headphones,Electronics,Apple,29460,36244.22,38056.43,18,Black,S,12,4.8,3531,Active
1688,SKU001688,952397659559,Amul Butter,Groceries,Amul,29439,33471.01,35144.56,5,Black,NA,3,4.2,3145,Discontinued
1689,SKU001689,345193578073,Sony Cookware,Home,Sony,46078,53001.86,55651.95,18,Blue,XL,14,4.8,4003,Discontinued
1690,SKU001690,582235903110,Sony Chair,Home,Sony,25008,31443.91,33016.11,18,White,L,18,4.6,3354,Discontinued
1691,SKU001691,550361369750,LG Table,Home,LG,33289,40328.77,42345.21,18,Blue,XL,2,4.7,231,Active
1692,SKU001692,272483383079,Apple Smart Watch,Electronics,Apple,31739,40430.4,42451.92,18,Blue,L,19,3.8,2481,Active
1693,SKU001693,968118628217,Amul Cookies,Groceries,Amul,48041,65131.8,68388.39,5,Blue,S,1,4.1,769,Active
1694,SKU001694,394778649882,Sony Headphones,Electronics,Sony,19729,26049.46,27351.93,18,Black,XL,9,4.6,4667,Discontinued
1695,SKU001695,908941621869,Amul Milk,Groceries,Amul,31947,43329.3,45495.77,5,Black,M,15,3.5,1011,Active
1696,SKU001696,972516114234,LG Table,Home,LG,20591,26973.66,28322.34,18,Black,S,11,4.6,2823,Discontinued
1697,SKU001697,850573384304,Britannia Tea,Groceries,Britannia,23680,31244.97,32807.22,5,Blue,XL,6,4.8,2185,Discontinued
1698,SKU001698,837964258812,Samsung Smartphone,Electronics,Samsung,26146,30776.59,32315.42,18,Red,M,9,4.7,4083,Discontinued
1699,SKU001699,955557298157,Britannia Tea,Groceries,Britannia,40789,49837.43,52329.3,5,Red,M,21,3.8,4053,Discontinued
1700,SKU001700,064329502906,Sony Chair,Home,Sony,35774,45115.33,47371.1,18,White,S,10,3.8,3239,Discontinued
1701,SKU001701,191412910760,Amul Tea,Groceries,Amul,22270,26823.74,28164.93,5,White,XL,24,3.9,1282,Active
1702,SKU001702,790946449526,Nike Jacket,Fashion,Nike,39576,44279.66,46493.64,12,White,XL,22,4.2,1117,Discontinued
1703,SKU001703,942989315675,Amul Cookies,Groceries,Amul,48729,58451.83,61374.42,5,Blue,NA,20,4.7,2,Active
1704,SKU001704,934518595329,LG Headphones,Electronics,LG,47783,63051.02,66203.57,18,White,XL,12,4.8,853,Active
1705,SKU001705,256585287436,Adidas Jeans,Fashion,Adidas,29004,36075.18,37878.94,12,White,L,9,4.4,3733,Discontinued
1706,SKU001706,222100776774,IKEA Cookware,Home,IKEA,15273,19721.17,20707.23,18,Red,L,24,4.4,4212,Discontinued
1707,SKU001707,920000652750,Adidas Shoes,Fashion,Adidas,4168,5661.88,5944.97,12,Blue,L,23,4.4,4261,Discontinued
1708,SKU001708,297560664506,Nike Shoes,Fashion,Nike,22127,26088.83,27393.27,12,Red,L,8,4.8,280,Active
1709,SKU001709,631096717153,Sony Table,Home,Sony,17791,20187.76,21197.15,18,Blue,NA,9,3.9,3690,Discontinued
1710,SKU001710,555429734312,Amul Cookies,Groceries,Amul,18190,24685.24,25919.5,5,White,NA,13,4.1,2985,Discontinued
1711,SKU001711,592222127064,Adidas Jeans,Fashion,Adidas,19249,25961.66,27259.74,12,Red,XL,2,4.4,115,Active
1712,SKU001712,403171429963,Sony Smartphone,Electronics,Sony,40551,50531.24,53057.8,18,Red,XL,6,4.0,1570,Discontinued
1713,SKU001713,708794252639,Nike T-Shirt,Fashion,Nike,44661,60722.15,63758.26,12,White,NA,23,4.5,4712,Active
1714,SKU001714,391610124631,Britannia Cookies,Groceries,Britannia,10221,11781.07,12370.12,5,White,XL,0,3.9,4917,Active
1715,SKU001715,290945587081,LG Smart Watch,Electronics,LG,9628,13075.37,13729.14,18,Black,NA,23,4.3,355,Active
1716,SKU001716,880494273976,Apple Laptop,Electronics,Apple,20254,26104.64,27409.87,18,Red,L,4,3.7,2975,Discontinued
1717,SKU001717,501892394382,Samsung Smartphone,Electronics,Samsung,27110,37049.46,38901.93,18,Red,NA,21,4.7,564,Discontinued
1718,SKU001718,497573859055,Adidas Jeans,Fashion,Adidas,25717,31575.11,33153.87,12,White,S,12,4.5,2894,Discontinued
1719,SKU001719,219236644842,Amul Milk,Groceries,Amul,44703,49721.83,52207.92,5,Blue,NA,15,4.8,4648,Discontinued
1720,SKU001720,633058242360,IKEA Chair,Home,IKEA,32352,40713.41,42749.08,18,White,L,9,3.9,2593,Discontinued
1721,SKU001721,266707163894,LG Cookware,Home,LG,44227,50813.8,53354.49,18,Black,S,19,3.7,778,Active
1722,SKU001722,074826756622,Amul Cookies,Groceries,Amul,31499,40118.1,42124.0,5,White,NA,21,4.6,1901,Active
1723,SKU001723,675833531937,Amul Milk,Groceries,Amul,16587,18268.89,19182.33,5,Black,S,2,4.9,1832,Active
1724,SKU001724,913480937105,Nike T-Shirt,Fashion,Nike,19976,26975.49,28324.26,12,White,NA,5,4.4,817,Active
1725,SKU001725,173922129016,LG Table,Home,LG,16790,22788.2,23927.61,18,Black,NA,24,5.0,1259,Active
1726,SKU001726,969483306126,LG Chair,Home,LG,16582,22064.46,23167.68,18,Red,NA,10,3.6,4131,Discontinued
1727,SKU001727,448073046076,IKEA Storage Box,Home,IKEA,20128,25367.57,26635.95,18,Black,XL,4,4.7,2043,Discontinued
1728,SKU001728,645227912105,Britannia Butter,Groceries,Britannia,25645,33727.26,35413.62,5,Red,S,11,4.0,721,Discontinued
1729,SKU001729,898911188586,Britannia Cookies,Groceries,Britannia,31438,39186.4,41145.72,5,White,NA,1,4.7,2800,Active
1730,SKU001730,802580630438,Britannia Butter,Groceries,Britannia,35819,44578.43,46807.35,5,Blue,S,9,4.5,3130,Discontinued
1731,SKU001731,943178282014,Sony Laptop,Electronics,Sony,31673,39464.5,41437.72,18,White,M,12,4.6,4205,Active
1732,SKU001732,763712707151,Puma Jacket,Fashion,Puma,36215,46899.08,49244.03,12,Black,XL,14,3.7,4901,Active
1733,SKU001733,096455827579,Nike Jacket,Fashion,Nike,32502,40633.5,42665.18,12,Black,S,6,4.6,323,Active
1734,SKU001734,703543014694,Samsung Smart Watch,Electronics,Samsung,15939,20466.84,21490.18,18,Blue,L,16,5.0,3419,Discontinued
1735,SKU001735,735528579390,Samsung Smartphone,Electronics,Samsung,468,542.94,570.09,18,Black,L,5,3.8,2197,Discontinued
1736,SKU001736,162368580015,Samsung Laptop,Electronics,Samsung,26142,30512.89,32038.53,18,Blue,M,0,3.8,1230,Discontinued
1737,SKU001737,300560890203,Amul Butter,Groceries,Amul,46442,52518.74,55144.68,5,Black,XL,5,4.3,4157,Active
1738,SKU001738,601634735822,Britannia Butter,Groceries,Britannia,16736,20606.5,21636.83,5,White,XL,22,3.8,3894,Active
1739,SKU001739,263654311106,LG Chair,Home,LG,35485,48639.51,51071.49,18,Red,NA,19,3.7,3963,Active
1740,SKU001740,762319666259,IKEA Storage Box,Home,IKEA,47848,58920.24,61866.25,18,White,M,14,4.6,406,Active
1741,SKU001741,772061622799,Samsung Smartphone,Electronics,Samsung,28921,34631.36,36362.93,18,Black,XL,4,3.9,3616,Active
1742,SKU001742,416515809264,Nike Jeans,Fashion,Nike,4938,5910.05,6205.55,12,Red,S,20,4.2,4509,Active
1743,SKU001743,342928747416,LG Storage Box,Home,LG,21479,26446.7,27769.04,18,Black,NA,22,4.3,2648,Discontinued
1744,SKU001744,434024455331,Amul Butter,Groceries,Amul,23451,29051.22,30503.78,5,White,L,17,4.0,2784,Discontinued
1745,SKU001745,078080648473,Sony Chair,Home,Sony,20435,27554.59,28932.32,18,Blue,M,20,5.0,701,Discontinued
1746,SKU001746,612428940490,Puma Shoes,Fashion,Puma,6146,7602.99,7983.14,12,White,XL,11,3.6,937,Active
1747,SKU001747,516771790115,IKEA Cookware,Home,IKEA,21794,27651.87,29034.46,18,Blue,S,0,4.5,3593,Active
1748,SKU001748,985529793785,Puma T-Shirt,Fashion,Puma,15901,20225.01,21236.26,12,Black,S,21,4.6,4006,Active
1749,SKU001749,236974089884,Puma Jeans,Fashion,Puma,37979,42001.1,44101.15,12,Red,S,11,4.9,3169,Discontinued
1750,SKU001750,849533066317,Sony Storage Box,Home,Sony,32892,40592.81,42622.45,18,Black,M,11,3.8,4238,Discontinued
1751,SKU001751,606538975260,IKEA Table,Home,IKEA,39467,49317.97,51783.87,18,Red,S,5,4.0,3873,Active
1752,SKU001752,358469192901,Adidas Shoes,Fashion,Adidas,46985,62766.41,65904.73,12,Blue,XL,13,4.7,2436,Active
1753,SKU001753,867348605546,Amul Tea,Groceries,Amul,105,119.77,125.76,5,Blue,S,10,4.1,4351,Active
1754,SKU001754,783289353074,IKEA Cookware,Home,IKEA,28687,37649.5,39531.97,18,Blue,XL,21,3.9,2842,Discontinued
1755,SKU001755,823117060460,Apple Smart Watch,Electronics,Apple,18466,24044.2,25246.41,18,Black,L,4,3.7,3973,Active
1756,SKU001756,533135242466,Sony Cookware,Home,Sony,31384,39079.12,41033.08,18,Red,M,11,4.6,3822,Active
1757,SKU001757,701683009287,Sony Storage Box,Home,Sony,6446,8006.52,8406.85,18,Blue,NA,19,4.9,757,Active
1758,SKU001758,286806216482,Apple Smart Watch,Electronics,Apple,36118,46391.97,48711.57,18,Blue,S,24,3.6,1231,Active
1759,SKU001759,326751379254,Apple Headphones,Electronics,Apple,35686,41723.02,43809.17,18,Blue,M,3,4.0,3340,Discontinued
1760,SKU001760,621445839042,Britannia Milk,Groceries,Britannia,38923,53050.78,55703.32,5,Red,XL,24,3.8,4826,Active
1761,SKU001761,531937046246,Samsung Laptop,Electronics,Samsung,44560,54321.85,57037.94,18,Red,XL,21,4.6,3839,Discontinued
1762,SKU001762,170764762815,Samsung Smart Watch,Electronics,Samsung,14125,17210.05,18070.55,18,Blue,NA,14,4.5,954,Active
1763,SKU001763,547198238731,Adidas Shoes,Fashion,Adidas,35523,47978.59,50377.52,12,Red,XL,22,4.5,2430,Discontinued
1764,SKU001764,654778208944,Amul Butter,Groceries,Amul,37132,49274.21,51737.92,5,Red,S,11,4.8,3862,Discontinued
1765,SKU001765,560032156601,Britannia Butter,Groceries,Britannia,9658,11569.77,12148.26,5,White,L,5,4.9,4231,Active
1766,SKU001766,951222370649,LG Chair,Home,LG,11180,14618.61,15349.54,18,Red,NA,17,4.8,54,Discontinued
1767,SKU001767,274802542049,IKEA Cookware,Home,IKEA,5037,5606.42,5886.74,18,Red,L,14,4.9,4363,Active
1768,SKU001768,977512519384,Nike Jacket,Fashion,Nike,49600,56298.03,59112.93,12,White,L,14,4.4,4431,Discontinued
1769,SKU001769,812504748375,IKEA Chair,Home,IKEA,22811,31786.61,33375.94,18,Red,L,0,3.7,4188,Discontinued
1770,SKU001770,253393604748,Sony Smartphone,Electronics,Sony,19722,26934.95,28281.7,18,Blue,XL,12,4.0,1148,Active
1771,SKU001771,402454707320,Puma Jacket,Fashion,Puma,31541,41731.57,43818.15,12,Blue,NA,24,3.6,4634,Active
1772,SKU001772,092586716966,LG Storage Box,Home,LG,4631,6341.33,6658.4,18,Blue,XL,3,4.6,3487,Active
1773,SKU001773,501084487930,Sony Laptop,Electronics,Sony,13167,15264.18,16027.39,18,White,NA,3,4.6,704,Active
1774,SKU001774,725947806591,Sony Table,Home,Sony,11420,15952.29,16749.9,18,Red,L,14,4.9,2299,Active
1775,SKU001775,891472970852,Amul Butter,Groceries,Amul,7838,9216.18,9676.99,5,Red,L,16,4.4,674,Active
1776,SKU001776,648956182482,Sony Table,Home,Sony,16477,18440.79,19362.83,18,Red,XL,4,3.6,4129,Active
1777,SKU001777,973113089460,Sony Smartphone,Electronics,Sony,5788,7017.18,7368.04,18,Blue,S,18,4.0,3521,Active
1778,SKU001778,628525963020,Adidas Jacket,Fashion,Adidas,43242,58529.26,61455.72,12,Black,M,5,3.9,2942,Discontinued
1779,SKU001779,848050149344,LG Storage Box,Home,LG,22821,27570.54,28949.07,18,Black,L,23,4.2,3451,Active
1780,SKU001780,717432840117,Britannia Cookies,Groceries,Britannia,1532,1788.26,1877.67,5,White,L,14,5.0,4450,Discontinued
1781,SKU001781,971163337109,Nike Jeans,Fashion,Nike,41533,47137.32,49494.19,12,Red,XL,8,4.7,4251,Active
1782,SKU001782,531485368040,Apple Headphones,Electronics,Apple,25802,30769.95,32308.45,18,White,M,24,4.8,2738,Discontinued
1783,SKU001783,688531793145,Sony Cookware,Home,Sony,7590,10585.34,11114.61,18,Red,L,4,3.9,3631,Discontinued
1784,SKU001784,843534844712,Sony Smartphone,Electronics,Sony,27054,37173.97,39032.67,18,White,L,2,4.6,3794,Discontinued
1785,SKU001785,817400419350,Britannia Cookies,Groceries,Britannia,41735,53341.37,56008.44,5,White,L,5,4.6,2556,Active
1786,SKU001786,910814980246,Amul Milk,Groceries,Amul,31015,35650.67,37433.2,5,Red,S,19,4.7,2368,Active
1787,SKU001787,047934125630,Britannia Milk,Groceries,Britannia,30992,38097.4,40002.27,5,White,M,13,3.6,4011,Discontinued
1788,SKU001788,139860491714,IKEA Cookware,Home,IKEA,2778,3539.76,3716.75,18,White,XL,19,5.0,3700,Active
1789,SKU001789,688053913757,LG Headphones,Electronics,LG,21516,27582.9,28962.05,18,Blue,L,19,4.5,4336,Active
1790,SKU001790,645791577476,Puma Shoes,Fashion,Puma,13925,18336.92,19253.77,12,White,S,18,4.5,4684,Discontinued
1791,SKU001791,295552606819,IKEA Table,Home,IKEA,27792,33320.56,34986.59,18,Black,XL,8,4.1,4982,Active
1792,SKU001792,121065262343,LG Cookware,Home,LG,5876,7797.65,8187.53,18,Blue,NA,22,3.8,2236,Discontinued
1793,SKU001793,643601082997,LG Smart Watch,Electronics,LG,40532,50681.01,53215.06,18,Blue,XL,13,3.7,4402,Active
1794,SKU001794,301935964105,Amul Tea,Groceries,Amul,38776,49206.76,51667.1,5,Black,NA,15,4.7,1461,Discontinued
1795,SKU001795,058184049974,Britannia Butter,Groceries,Britannia,21242,23685.74,24870.03,5,Red,M,1,4.5,779,Discontinued
1796,SKU001796,089223130710,Nike Jacket,Fashion,Nike,19898,26494.97,27819.72,12,Red,XL,4,4.7,1976,Discontinued
1797,SKU001797,485225679756,Sony Headphones,Electronics,Sony,48596,56646.88,59479.22,18,White,M,4,3.6,4311,Active
1798,SKU001798,108983864163,Britannia Cookies,Groceries,Britannia,6748,8685.04,9119.29,5,Red,M,11,3.8,1495,Active
1799,SKU001799,617282626974,Britannia Cookies,Groceries,Britannia,18059,20477.01,21500.86,5,Blue,XL,9,3.9,2328,Active
1800,SKU001800,903741133889,Amul Butter,Groceries,Amul,40255,50649.31,53181.78,5,Red,XL,18,3.9,1582,Active
1801,SKU001801,505069487804,IKEA Storage Box,Home,IKEA,23602,27433.81,28805.5,18,Red,L,18,4.9,1348,Active
1802,SKU001802,338161868260,Sony Smart Watch,Electronics,Sony,18198,20589.6,21619.08,18,Red,M,4,4.0,3770,Discontinued
1803,SKU001803,763164099721,Apple Headphones,Electronics,Apple,25643,30705.36,32240.63,18,White,S,3,3.7,1630,Active
1804,SKU001804,785329953836,Amul Tea,Groceries,Amul,45789,50393.89,52913.58,5,Black,S,1,3.7,1506,Discontinued
1805,SKU001805,882406488392,IKEA Storage Box,Home,IKEA,9425,11133.75,11690.44,18,Black,XL,24,4.7,782,Discontinued
1806,SKU001806,049803870338,Samsung Smart Watch,Electronics,Samsung,46671,62728.91,65865.36,18,Blue,M,6,3.8,3893,Discontinued
1807,SKU001807,022408408375,Nike Jacket,Fashion,Nike,39797,46424.36,48745.58,12,Black,XL,7,5.0,1543,Discontinued
1808,SKU001808,827785079569,Adidas Jeans,Fashion,Adidas,43725,56623.39,59454.56,12,Blue,S,16,3.9,1440,Active
1809,SKU001809,840430530257,Adidas Shoes,Fashion,Adidas,43446,54226.1,56937.4,12,Blue,L,23,4.1,1626,Active
1810,SKU001810,285202295254,Apple Smartphone,Electronics,Apple,8006,11005.27,11555.53,18,Red,NA,2,4.5,4772,Active
1811,SKU001811,210018558638,Britannia Milk,Groceries,Britannia,31392,40338.89,42355.83,5,Black,S,24,4.3,1347,Active
1812,SKU001812,444947856183,Amul Butter,Groceries,Amul,36599,40647.01,42679.36,5,Red,S,6,4.5,4304,Discontinued
1813,SKU001813,702187188250,Britannia Butter,Groceries,Britannia,20114,27241.83,28603.92,5,Blue,M,16,4.3,618,Active
1814,SKU001814,442544385646,Amul Milk,Groceries,Amul,22870,25593.58,26873.26,5,Black,XL,9,3.7,957,Active
1815,SKU001815,602246734080,LG Headphones,Electronics,LG,40425,52489.65,55114.13,18,Red,S,4,4.3,4028,Discontinued
1816,SKU001816,136538537202,Adidas Jeans,Fashion,Adidas,21253,26247.78,27560.17,12,White,S,3,4.1,45,Discontinued
1817,SKU001817,893870177986,Britannia Milk,Groceries,Britannia,30386,35456.4,37229.22,5,Red,S,14,4.7,3702,Active
1818,SKU001818,709007573069,Amul Butter,Groceries,Amul,19920,22174.63,23283.36,5,Black,XL,2,4.6,15,Active
1819,SKU001819,199609539785,Britannia Cookies,Groceries,Britannia,41949,58082.31,60986.43,5,Red,L,15,4.2,4708,Discontinued
1820,SKU001820,949780221478,Puma Jeans,Fashion,Puma,42486,57049.32,59901.79,12,Black,L,10,3.7,1021,Active
1821,SKU001821,162183190719,Adidas Jacket,Fashion,Adidas,46498,58140.62,61047.65,12,Red,L,6,4.0,288,Discontinued
1822,SKU001822,944365757907,Amul Cookies,Groceries,Amul,35502,46652.54,48985.17,5,White,NA,21,4.1,573,Discontinued
1823,SKU001823,399745997339,Britannia Cookies,Groceries,Britannia,29183,32396.57,34016.4,5,Blue,S,1,4.7,1299,Active
1824,SKU001824,206142812576,Adidas T-Shirt,Fashion,Adidas,46972,57577.18,60456.04,12,Blue,S,2,4.5,3768,Discontinued
1825,SKU001825,319953550060,Adidas Shoes,Fashion,Adidas,21687,24447.78,25670.17,12,White,M,20,4.5,881,Discontinued
1826,SKU001826,795786864227,IKEA Table,Home,IKEA,1280,1608.14,1688.55,18,Blue,S,11,3.5,4842,Active
1827,SKU001827,989286634177,Amul Milk,Groceries,Amul,35928,42892.8,45037.44,5,White,M,21,4.0,4052,Active
1828,SKU001828,602780901481,IKEA Storage Box,Home,IKEA,7824,10727.66,11264.04,18,Black,NA,2,4.8,1047,Active
1829,SKU001829,202458036326,Britannia Cookies,Groceries,Britannia,37756,41987.67,44087.05,5,Red,NA,0,4.0,4063,Active
1830,SKU001830,781570021680,Amul Tea,Groceries,Amul,13593,17508.44,18383.86,5,White,L,0,3.5,268,Active
1831,SKU001831,062160103360,Amul Tea,Groceries,Amul,23105,29112.48,30568.1,5,Blue,M,21,4.9,2920,Active
1832,SKU001832,118239288461,Britannia Butter,Groceries,Britannia,14543,17900.16,18795.17,5,Blue,XL,8,3.6,394,Active
1833,SKU001833,534109659049,Amul Milk,Groceries,Amul,39573,46868.95,49212.4,5,White,L,17,3.6,3407,Active
1834,SKU001834,283180487483,Apple Smartphone,Electronics,Apple,29970,35989.36,37788.83,18,Red,NA,24,3.7,4576,Discontinued
1835,SKU001835,622233011713,Samsung Smart Watch,Electronics,Samsung,15621,20805.5,21845.78,18,Red,S,18,4.0,772,Active
1836,SKU001836,300912914422,Sony Storage Box,Home,Sony,23149,28419.38,29840.35,18,Black,NA,9,4.1,2161,Active
1837,SKU001837,675640333558,Sony Storage Box,Home,Sony,24936,27893.38,29288.05,18,Red,NA,7,4.3,4410,Discontinued
1838,SKU001838,944305866890,Nike Shoes,Fashion,Nike,36942,42150.59,44258.12,12,Red,L,12,4.4,4037,Active
1839,SKU001839,680220058759,Puma Jacket,Fashion,Puma,33699,41989.31,44088.78,12,White,XL,23,4.5,3055,Discontinued
1840,SKU001840,651732845266,Sony Laptop,Electronics,Sony,8775,10430.16,10951.67,18,Blue,M,1,3.8,2006,Active
1841,SKU001841,211599873886,Sony Table,Home,Sony,19618,26993.63,28343.31,18,White,NA,24,4.3,4513,Active
1842,SKU001842,549083437893,Amul Milk,Groceries,Amul,38860,50469.31,52992.78,5,Red,L,18,4.5,1755,Active
1843,SKU001843,207721456890,Britannia Butter,Groceries,Britannia,23214,28526.07,29952.37,5,White,M,4,4.2,3638,Discontinued
1844,SKU001844,084330891426,Sony Storage Box,Home,Sony,26888,35165.88,36924.17,18,Blue,M,22,3.7,711,Discontinued
1845,SKU001845,328926350564,Adidas Jeans,Fashion,Adidas,23092,30467.59,31990.97,12,Blue,M,16,3.8,1984,Active
1846,SKU001846,779216741193,Britannia Tea,Groceries,Britannia,12651,17448.25,18320.66,5,Blue,NA,5,3.8,2739,Discontinued
1847,SKU001847,862918815639,Sony Smart Watch,Electronics,Sony,32788,41374.04,43442.74,18,Black,XL,17,4.1,2113,Discontinued
1848,SKU001848,261608092518,LG Laptop,Electronics,LG,795,1044.99,1097.24,18,Blue,L,4,3.9,1566,Active
1849,SKU001849,012553589900,Samsung Laptop,Electronics,Samsung,43573,49608.47,52088.89,18,Blue,M,6,4.6,2654,Active
1850,SKU001850,242204738113,Britannia Milk,Groceries,Britannia,47164,59955.55,62953.33,5,Blue,NA,0,4.8,732,Active
1851,SKU001851,976056291148,Britannia Milk,Groceries,Britannia,10819,12141.24,12748.3,5,Black,NA,1,3.8,2692,Active
1852,SKU001852,599772929172,Nike Jacket,Fashion,Nike,22565,25120.11,26376.12,12,Black,M,21,3.7,1414,Active
1853,SKU001853,843987863972,Britannia Cookies,Groceries,Britannia,39358,54244.23,56956.44,5,Red,XL,14,3.5,1679,Discontinued
1854,SKU001854,693083901857,Britannia Butter,Groceries,Britannia,2026,2269.75,2383.24,5,Blue,L,14,3.8,1962,Discontinued
1855,SKU001855,966374258592,Puma Jacket,Fashion,Puma,2857,3541.79,3718.88,12,White,NA,16,4.9,1587,Active
1856,SKU001856,172705663829,LG Chair,Home,LG,21224,24463.89,25687.08,18,Blue,XL,17,4.8,1315,Discontinued
1857,SKU001857,290066384968,Amul Milk,Groceries,Amul,23235,27044.22,28396.43,5,White,NA,4,3.9,2066,Active
1858,SKU001858,938800272995,LG Smart Watch,Electronics,LG,10480,11973.41,12572.08,18,Red,XL,24,4.1,6,Discontinued
1859,SKU001859,037824261658,IKEA Chair,Home,IKEA,38843,49142.79,51599.93,18,White,XL,9,4.3,2150,Active
1860,SKU001860,771471141233,Adidas T-Shirt,Fashion,Adidas,22757,28938.52,30385.45,12,Black,XL,20,4.1,3673,Discontinued
1861,SKU001861,946614236452,Britannia Tea,Groceries,Britannia,33360,43725.1,45911.36,5,Blue,M,11,5.0,1732,Discontinued
1862,SKU001862,645588517484,Puma Jeans,Fashion,Puma,21548,27262.99,28626.14,12,White,NA,22,3.9,2432,Discontinued
1863,SKU001863,255101802114,IKEA Storage Box,Home,IKEA,11875,13809.86,14500.35,18,Red,L,12,3.8,623,Discontinued
1864,SKU001864,839016588562,Nike Shoes,Fashion,Nike,24437,33082.06,34736.16,12,Black,XL,16,3.6,3576,Active
1865,SKU001865,693644518478,Britannia Milk,Groceries,Britannia,14864,19762.2,20750.31,5,Black,M,4,3.8,4152,Active
1866,SKU001866,325416629134,LG Smartphone,Electronics,LG,47778,52620.09,55251.09,18,White,S,8,4.9,4332,Discontinued
1867,SKU001867,143335737475,Nike T-Shirt,Fashion,Nike,31197,41405.13,43475.39,12,Black,L,14,4.5,3601,Active
1868,SKU001868,689171799935,Nike T-Shirt,Fashion,Nike,44879,62271.32,65384.89,12,Black,M,17,3.5,2078,Active
1869,SKU001869,423914645648,Samsung Smartphone,Electronics,Samsung,42203,52899.29,55544.25,18,Red,M,14,4.3,3619,Active
1870,SKU001870,591365514962,Puma Jacket,Fashion,Puma,22328,28296.43,29711.25,12,White,M,12,4.2,719,Active
1871,SKU001871,549510342250,Amul Milk,Groceries,Amul,34870,41009.95,43060.45,5,White,NA,3,4.8,2326,Discontinued
1872,SKU001872,426128212528,LG Smart Watch,Electronics,LG,3823,4674.4,4908.12,18,Black,NA,3,4.0,1455,Discontinued
1873,SKU001873,353120858310,Sony Table,Home,Sony,5786,7020.84,7371.88,18,Black,S,5,3.7,615,Discontinued
1874,SKU001874,479486975613,Adidas Jacket,Fashion,Adidas,22363,31089.86,32644.35,12,Blue,M,1,3.9,3007,Active
1875,SKU001875,380375820873,Sony Cookware,Home,Sony,40508,52345.9,54963.2,18,Black,L,5,4.1,4894,Discontinued
1876,SKU001876,660548985078,Samsung Smart Watch,Electronics,Samsung,37434,43081.24,45235.3,18,Black,XL,16,5.0,3759,Discontinued
1877,SKU001877,425292106270,Puma Jeans,Fashion,Puma,27471,31614.74,33195.48,12,Red,S,20,3.5,4261,Discontinued
1878,SKU001878,089732556623,IKEA Cookware,Home,IKEA,14113,18417.5,19338.38,18,Blue,XL,2,4.0,3948,Discontinued
1879,SKU001879,301575460475,LG Headphones,Electronics,LG,16469,19869.17,20862.63,18,Red,XL,20,4.0,1475,Discontinued
1880,SKU001880,628745310726,Britannia Butter,Groceries,Britannia,6776,8162.04,8570.14,5,Blue,S,17,4.9,3487,Discontinued
1881,SKU001881,912856110284,Apple Smart Watch,Electronics,Apple,12542,16346.73,17164.07,18,Red,L,3,4.4,778,Discontinued
1882,SKU001882,661939700158,Adidas Shoes,Fashion,Adidas,36152,45390.36,47659.88,12,Blue,L,1,4.5,4182,Discontinued
1883,SKU001883,598901037641,LG Table,Home,LG,34284,42306.1,44421.4,18,Blue,NA,14,4.9,1707,Active
1884,SKU001884,955022761894,LG Chair,Home,LG,2868,3817.15,4008.01,18,Black,L,12,4.5,144,Discontinued
1885,SKU001885,603291777280,IKEA Cookware,Home,IKEA,37807,46866.32,49209.64,18,White,M,17,4.5,4429,Active
1886,SKU001886,280606303327,Sony Table,Home,Sony,16910,19698.7,20683.64,18,Blue,XL,18,4.2,3142,Active
1887,SKU001887,352374227789,Samsung Headphones,Electronics,Samsung,10981,12741.1,13378.16,18,Black,S,5,3.5,431,Active
1888,SKU001888,165019932611,Britannia Milk,Groceries,Britannia,44180,60013.47,63014.14,5,Blue,L,4,3.9,623,Discontinued
1889,SKU001889,064175867462,Adidas Jacket,Fashion,Adidas,19643,22506.43,23631.75,12,Blue,S,12,4.4,1892,Active
1890,SKU001890,514767020083,Sony Table,Home,Sony,2610,3387.28,3556.64,18,Blue,S,5,4.5,1449,Active
1891,SKU001891,754124683905,Sony Storage Box,Home,Sony,48062,55635.92,58417.72,18,Blue,XL,4,3.7,1437,Active
1892,SKU001892,489112243347,Amul Tea,Groceries,Amul,35618,44532.45,46759.07,5,Red,XL,23,3.7,2441,Discontinued
1893,SKU001893,174088013794,Sony Cookware,Home,Sony,38095,46808.04,49148.44,18,Blue,M,12,4.0,2074,Active
1894,SKU001894,334781809156,LG Table,Home,LG,37906,45621.11,47902.17,18,Red,M,2,4.9,1469,Discontinued
1895,SKU001895,786322967799,LG Chair,Home,LG,28628,35247.9,37010.3,18,Red,L,13,3.8,1859,Active
1896,SKU001896,822610515618,Sony Chair,Home,Sony,20289,25583.81,26863.0,18,Red,S,13,3.7,1533,Discontinued
1897,SKU001897,236877105709,Adidas Jacket,Fashion,Adidas,1786,2016.94,2117.79,12,White,S,9,4.1,4410,Discontinued
1898,SKU001898,389560641431,Nike Jeans,Fashion,Nike,29929,38689.17,40623.63,12,Red,M,15,4.1,4244,Discontinued
1899,SKU001899,199863345667,LG Storage Box,Home,LG,37119,49946.37,52443.69,18,Blue,L,19,3.8,3960,Discontinued
1900,SKU001900,064359504611,Nike Jeans,Fashion,Nike,8527,11149.49,11706.96,12,Black,XL,5,3.6,2682,Active
1901,SKU001901,874522581994,LG Smart Watch,Electronics,LG,7267,9975.44,10474.21,18,Blue,L,11,4.9,2602,Active
1902,SKU001902,001158960312,LG Smart Watch,Electronics,LG,47904,54400.39,57120.41,18,Red,NA,15,4.1,2912,Discontinued
1903,SKU001903,686300740453,Sony Cookware,Home,Sony,37745,45677.27,47961.13,18,Red,S,22,4.5,1782,Active
1904,SKU001904,770911781880,IKEA Chair,Home,IKEA,26986,37269.1,39132.56,18,White,S,7,4.0,226,Discontinued
1905,SKU001905,148869350819,Puma Jeans,Fashion,Puma,48013,61521.21,64597.27,12,Black,L,5,4.8,2826,Discontinued
1906,SKU001906,304323662980,IKEA Table,Home,IKEA,49491,63116.77,66272.61,18,Black,XL,11,4.5,1274,Discontinued
1907,SKU001907,485399767120,Sony Cookware,Home,Sony,39364,48334.49,50751.21,18,Blue,XL,5,3.6,1551,Discontinued
1908,SKU001908,993289685735,Britannia Butter,Groceries,Britannia,10732,12568.26,13196.67,5,Red,S,22,3.8,4945,Active
1909,SKU001909,991578748349,IKEA Chair,Home,IKEA,23641,32422.9,34044.05,18,Black,NA,10,3.7,3041,Discontinued
1910,SKU001910,308780208597,Samsung Smartphone,Electronics,Samsung,40396,51194.65,53754.38,18,Red,NA,13,4.2,1487,Discontinued
1911,SKU001911,055723594205,Britannia Butter,Groceries,Britannia,25425,34097.55,35802.43,5,Black,L,21,4.1,4353,Active
1912,SKU001912,935538460207,Britannia Cookies,Groceries,Britannia,2338,2930.16,3076.67,5,White,L,1,4.3,2888,Discontinued
1913,SKU001913,389150895297,IKEA Storage Box,Home,IKEA,41004,53953.5,56651.18,18,Black,NA,14,4.3,3643,Active
1914,SKU001914,355445839239,Amul Cookies,Groceries,Amul,36737,42908.28,45053.69,5,White,NA,24,4.0,4384,Discontinued
1915,SKU001915,878569209180,Britannia Cookies,Groceries,Britannia,1874,2500.73,2625.77,5,White,XL,23,4.1,146,Active
1916,SKU001916,519403968094,IKEA Table,Home,IKEA,26496,35145.23,36902.49,18,White,S,4,4.4,1315,Active
1917,SKU001917,132841503591,Britannia Butter,Groceries,Britannia,28991,39161.3,41119.37,5,White,NA,3,4.8,4495,Active
1918,SKU001918,190323038006,Nike Jacket,Fashion,Nike,22070,30254.21,31766.92,12,Red,L,8,3.6,1115,Active
1919,SKU001919,892360878993,Nike Shoes,Fashion,Nike,32532,44786.74,47026.08,12,Blue,NA,16,3.6,690,Discontinued
1920,SKU001920,440839975588,LG Cookware,Home,LG,11988,15554.98,16332.73,18,White,M,20,4.2,2320,Active
1921,SKU001921,594650011371,Nike T-Shirt,Fashion,Nike,5440,7448.5,7820.93,12,Black,M,24,4.4,4733,Discontinued
1922,SKU001922,359243544011,LG Smart Watch,Electronics,LG,4038,5487.41,5761.78,18,Black,M,19,3.6,4114,Active
1923,SKU001923,622325306746,Apple Laptop,Electronics,Apple,22282,25035.98,26287.78,18,White,M,0,3.8,4443,Active
1924,SKU001924,246284137564,Britannia Tea,Groceries,Britannia,19529,23325.78,24492.07,5,Blue,XL,6,4.9,420,Active
1925,SKU001925,871548896283,Britannia Cookies,Groceries,Britannia,40891,52466.61,55089.94,5,Blue,NA,17,3.8,4833,Discontinued
1926,SKU001926,423887142216,Sony Smart Watch,Electronics,Sony,37049,48632.2,51063.81,18,Blue,NA,24,4.4,4076,Discontinued
1927,SKU001927,041947688093,Adidas Jacket,Fashion,Adidas,23110,31244.96,32807.21,12,White,NA,12,3.7,4530,Active
1928,SKU001928,113093089328,LG Storage Box,Home,LG,48044,55252.05,58014.65,18,Blue,S,7,3.9,3982,Active
1929,SKU001929,650360667669,LG Cookware,Home,LG,29904,34193.71,35903.4,18,White,XL,13,4.4,4695,Discontinued
1930,SKU001930,114641538538,IKEA Table,Home,IKEA,42720,49830.03,52321.53,18,Red,L,12,3.8,1306,Discontinued
1931,SKU001931,118836582453,Adidas T-Shirt,Fashion,Adidas,29016,38975.19,40923.95,12,Blue,XL,16,4.6,2527,Discontinued
1932,SKU001932,680737303301,LG Chair,Home,LG,20475,23994.4,25194.12,18,Black,S,24,4.6,430,Active
1933,SKU001933,199909200519,IKEA Storage Box,Home,IKEA,40911,53966.2,56664.51,18,Blue,S,12,3.6,2139,Discontinued
1934,SKU001934,017187278197,Amul Butter,Groceries,Amul,10541,12205.47,12815.74,5,Blue,S,22,3.5,1430,Active
1935,SKU001935,190346055188,Samsung Laptop,Electronics,Samsung,22457,27652.47,29035.09,18,Red,L,3,4.3,4766,Active
1936,SKU001936,785231411247,Nike Jeans,Fashion,Nike,20273,25961.33,27259.4,12,Blue,L,8,3.8,269,Active
1937,SKU001937,895058175366,Britannia Butter,Groceries,Britannia,7772,9826.94,10318.29,5,Black,NA,15,4.1,709,Active
1938,SKU001938,217081560295,Amul Milk,Groceries,Amul,29140,36832.66,38674.29,5,White,M,18,3.8,2048,Active
1939,SKU001939,073405217454,Sony Table,Home,Sony,12285,13627.44,14308.81,18,Black,NA,3,3.8,4008,Discontinued
1940,SKU001940,097362510163,Apple Smartphone,Electronics,Apple,18193,21025.27,22076.53,18,White,S,13,4.2,1866,Discontinued
1941,SKU001941,812421150444,Nike Shoes,Fashion,Nike,32657,44578.83,46807.77,12,Red,M,23,4.6,915,Active
1942,SKU001942,157596215136,Apple Smartphone,Electronics,Apple,15180,19722.44,20708.56,18,Red,S,11,4.9,3581,Active
1943,SKU001943,707772835178,Sony Storage Box,Home,Sony,5020,6916.66,7262.49,18,Red,NA,6,3.6,865,Discontinued
1944,SKU001944,834357266020,Adidas T-Shirt,Fashion,Adidas,33189,41947.41,44044.78,12,Red,XL,22,4.9,1733,Discontinued
1945,SKU001945,560855301222,Amul Tea,Groceries,Amul,7475,8694.89,9129.63,5,Black,XL,19,4.2,3601,Active
1946,SKU001946,421147635530,Amul Cookies,Groceries,Amul,16156,19211.01,20171.56,5,Red,XL,22,4.3,2896,Active
1947,SKU001947,288590271387,Britannia Cookies,Groceries,Britannia,21675,29020.81,30471.85,5,Blue,XL,12,4.1,1466,Active
1948,SKU001948,084338287671,Amul Cookies,Groceries,Amul,5429,6078.41,6382.33,5,Red,M,13,4.6,140,Discontinued
1949,SKU001949,635503356037,IKEA Table,Home,IKEA,19370,26353.54,27671.22,18,Blue,L,1,4.3,2081,Discontinued
1950,SKU001950,315996724534,LG Smartphone,Electronics,LG,17286,19085.82,20040.11,18,Red,S,16,3.9,4193,Active
1951,SKU001951,472281220895,Sony Smartphone,Electronics,Sony,47315,64681.11,67915.17,18,Blue,M,23,4.8,2851,Active
1952,SKU001952,891461844343,Adidas Shoes,Fashion,Adidas,4757,5419.08,5690.03,12,Red,NA,0,3.7,2902,Active
1953,SKU001953,347945947087,Apple Laptop,Electronics,Apple,20839,26710.56,28046.09,18,White,NA,10,4.8,4412,Discontinued
1954,SKU001954,122492432289,Sony Laptop,Electronics,Sony,46469,53145.25,55802.51,18,Red,NA,11,4.9,3534,Active
1955,SKU001955,908776654260,Nike T-Shirt,Fashion,Nike,5441,7117.26,7473.12,12,Blue,L,14,4.2,3256,Active
1956,SKU001956,425664069156,Apple Smartphone,Electronics,Apple,28167,34549.26,36276.72,18,Blue,M,0,3.6,2336,Active
1957,SKU001957,399297237523,LG Cookware,Home,LG,45363,58460.29,61383.3,18,White,L,4,4.3,4739,Discontinued
1958,SKU001958,014133961045,IKEA Chair,Home,IKEA,39711,51049.41,53601.88,18,White,S,16,3.7,3508,Active
1959,SKU001959,782806320069,Sony Laptop,Electronics,Sony,16069,22299.13,23414.09,18,Red,XL,4,3.6,432,Active
1960,SKU001960,017340720221,Puma Shoes,Fashion,Puma,35200,41194.43,43254.15,12,Blue,S,23,3.7,1355,Active
1961,SKU001961,415555895391,Adidas Shoes,Fashion,Adidas,13603,16643.68,17475.86,12,Red,XL,4,4.6,2437,Discontinued
1962,SKU001962,411995393670,Puma Jacket,Fashion,Puma,25015,28071.98,29475.58,12,Black,NA,11,4.6,1587,Active
1963,SKU001963,039669367153,Adidas Shoes,Fashion,Adidas,45793,55726.27,58512.58,12,White,NA,0,4.6,4858,Active
1964,SKU001964,437119860201,Puma T-Shirt,Fashion,Puma,1925,2274.69,2388.42,12,White,M,10,3.7,4017,Active
1965,SKU001965,759440605427,Samsung Smartphone,Electronics,Samsung,4069,5330.95,5597.5,18,Black,M,22,4.1,3148,Discontinued
1966,SKU001966,431673252868,Sony Storage Box,Home,Sony,36730,45245.96,47508.26,18,White,S,2,3.6,2156,Discontinued
1967,SKU001967,629667098878,Sony Smart Watch,Electronics,Sony,3148,4350.35,4567.87,18,Blue,XL,24,4.9,2885,Discontinued
1968,SKU001968,991824574315,IKEA Cookware,Home,IKEA,49335,64629.54,67861.02,18,White,S,19,4.6,935,Discontinued
1969,SKU001969,822284323002,Amul Butter,Groceries,Amul,14373,18181.06,19090.11,5,Red,NA,23,4.5,4803,Active
1970,SKU001970,647278363614,Sony Headphones,Electronics,Sony,15819,21114.83,22170.57,18,Red,XL,7,4.2,1304,Active
1971,SKU001971,765245727619,Britannia Milk,Groceries,Britannia,36434,44081.65,46285.73,5,Black,M,8,4.6,1050,Discontinued
1972,SKU001972,493585732376,LG Storage Box,Home,LG,40932,51899.36,54494.33,18,White,M,13,4.5,2163,Active
1973,SKU001973,045084339158,Britannia Butter,Groceries,Britannia,27694,32717.52,34353.4,5,White,M,13,4.6,4723,Active
1974,SKU001974,087478365573,Amul Milk,Groceries,Amul,10940,13158.22,13816.13,5,Red,S,19,4.4,2498,Discontinued
1975,SKU001975,264115403875,Samsung Laptop,Electronics,Samsung,17405,21277.16,22341.02,18,Red,XL,6,3.8,316,Discontinued
1976,SKU001976,617917263094,IKEA Storage Box,Home,IKEA,21630,26292.23,27606.84,18,Red,NA,24,3.6,4657,Active
1977,SKU001977,029319153997,Nike Jeans,Fashion,Nike,4793,5315.69,5581.47,12,Black,XL,16,3.5,2568,Active
1978,SKU001978,251140358174,Sony Storage Box,Home,Sony,25021,30993.72,32543.41,18,Black,L,1,3.6,3160,Discontinued
1979,SKU001979,172382072734,Sony Laptop,Electronics,Sony,46334,57791.44,60681.01,18,Black,XL,9,4.3,3287,Discontinued
1980,SKU001980,947399322100,Nike Jacket,Fashion,Nike,42862,59315.2,62280.96,12,Black,L,5,4.1,1056,Discontinued
1981,SKU001981,263421780932,Puma Shoes,Fashion,Puma,20295,23744.16,24931.37,12,Black,S,1,4.3,1602,Discontinued
1982,SKU001982,547632929292,Adidas Jacket,Fashion,Adidas,32355,41910.86,44006.4,12,Black,L,23,4.8,49,Discontinued
1983,SKU001983,432154258230,Nike Jeans,Fashion,Nike,19071,25948.07,27245.47,12,Blue,S,24,3.9,1774,Active
1984,SKU001984,237375707492,Samsung Laptop,Electronics,Samsung,41420,51914.25,54509.96,18,Blue,S,12,4.7,2025,Active
1985,SKU001985,866580868625,Amul Milk,Groceries,Amul,28683,36795.12,38634.88,5,Blue,XL,19,4.3,4593,Active
1986,SKU001986,686149395713,Sony Table,Home,Sony,33254,43216.87,45377.71,18,Black,XL,5,4.6,2874,Discontinued
1987,SKU001987,024640782736,Amul Milk,Groceries,Amul,471,652.56,685.19,5,Blue,L,24,4.7,1038,Discontinued
1988,SKU001988,077003857748,LG Table,Home,LG,31969,44246.08,46458.38,18,Blue,L,19,4.0,2091,Discontinued
1989,SKU001989,941965686439,Nike T-Shirt,Fashion,Nike,49831,63189.49,66348.96,12,Black,NA,22,4.0,559,Discontinued
1990,SKU001990,304172053668,IKEA Table,Home,IKEA,41557,48368.15,50786.56,18,Black,L,2,4.6,3219,Active
1991,SKU001991,557837156538,Puma Jeans,Fashion,Puma,34821,45575.87,47854.66,12,White,NA,8,4.7,596,Discontinued
1992,SKU001992,185036205238,Puma Shoes,Fashion,Puma,47937,58665.61,61598.89,12,White,NA,23,3.6,2995,Active
1993,SKU001993,911559127476,IKEA Table,Home,IKEA,19062,25215.91,26476.71,18,White,M,19,4.9,2811,Active
1994,SKU001994,939618382268,Nike Jacket,Fashion,Nike,8089,8942.16,9389.27,12,Blue,NA,22,4.3,1067,Discontinued
1995,SKU001995,294228951716,Britannia Butter,Groceries,Britannia,46029,62642.0,65774.1,5,Red,NA,18,4.0,652,Discontinued
1996,SKU001996,589847311205,LG Smartphone,Electronics,LG,33260,40099.6,42104.58,18,Red,M,10,4.1,1008,Active
1997,SKU001997,416106031565,LG Headphones,Electronics,LG,33999,39195.62,41155.4,18,White,NA,10,3.6,566,Active
1998,SKU001998,951317388899,LG Chair,Home,LG,47648,57533.8,60410.49,18,Black,XL,19,4.6,1014,Active
1999,SKU001999,849233567269,Amul Butter,Groceries,Amul,23465,30851.62,32394.2,5,Blue,M,2,4.5,107,Discontinued
2000,SKU002000,165963668919,Puma Jeans,Fashion,Puma,43585,57519.27,60395.23,12,Black,S,10,4.1,2247,Discontinued
2001,SKU002001,296602386339,Amul Cookies,Groceries,Amul,35193,44754.34,46992.06,5,Black,XL,7,4.3,2495,Discontinued
2002,SKU002002,525797390644,Apple Smartphone,Electronics,Apple,31116,35765.74,37554.03,18,Blue,NA,17,4.2,4010,Active
2003,SKU002003,212867570128,Britannia Milk,Groceries,Britannia,5682,7476.82,7850.66,5,Blue,L,9,3.6,2025,Active
2004,SKU002004,910589442358,Puma Shoes,Fashion,Puma,12248,15868.74,16662.18,12,Red,M,7,4.2,1932,Discontinued
2005,SKU002005,502652706103,Britannia Cookies,Groceries,Britannia,21660,30312.91,31828.56,5,Blue,NA,7,4.0,4981,Active
2006,SKU002006,688118110249,Nike T-Shirt,Fashion,Nike,27962,37244.64,39106.87,12,Black,M,13,4.3,800,Active
2007,SKU002007,020280297444,Sony Cookware,Home,Sony,37033,50271.17,52784.73,18,White,M,22,4.5,2549,Active
2008,SKU002008,517150648769,Adidas T-Shirt,Fashion,Adidas,8524,10855.56,11398.34,12,Red,M,18,3.5,3353,Discontinued
2009,SKU002009,083499500870,Britannia Butter,Groceries,Britannia,43221,49464.31,51937.53,5,White,XL,6,3.6,2553,Discontinued
2010,SKU002010,625457666574,Amul Butter,Groceries,Amul,1412,1722.42,1808.54,5,Red,S,19,4.5,129,Discontinued
2011,SKU002011,379894743274,Puma Jacket,Fashion,Puma,44138,59396.27,62366.08,12,White,L,3,4.8,1859,Discontinued
2012,SKU002012,729448747782,IKEA Cookware,Home,IKEA,32384,41526.93,43603.28,18,Blue,L,17,4.3,2124,Active
2013,SKU002013,611599020783,Nike T-Shirt,Fashion,Nike,26986,35885.52,37679.8,12,Black,M,20,4.7,4267,Discontinued
2014,SKU002014,332404194487,Amul Cookies,Groceries,Amul,25025,29005.13,30455.39,5,Red,S,7,3.8,762,Discontinued
2015,SKU002015,084808175821,Sony Smart Watch,Electronics,Sony,20402,26356.02,27673.82,18,White,NA,3,3.7,3944,Active
2016,SKU002016,353250119827,Samsung Headphones,Electronics,Samsung,45165,54657.34,57390.21,18,Black,L,21,4.7,1155,Active
2017,SKU002017,008631875372,Britannia Butter,Groceries,Britannia,8456,11505.78,12081.07,5,Blue,NA,23,4.4,2152,Active
2018,SKU002018,420406303278,Nike T-Shirt,Fashion,Nike,22844,26183.76,27492.95,12,Black,M,4,5.0,1860,Discontinued
2019,SKU002019,575283072979,Sony Chair,Home,Sony,35788,40931.33,42977.9,18,Red,S,9,4.7,3680,Active
2020,SKU002020,555467733905,Sony Storage Box,Home,Sony,23216,31121.46,32677.53,18,White,NA,3,4.1,4091,Active
2021,SKU002021,998454197926,Puma T-Shirt,Fashion,Puma,36189,45079.01,47332.96,12,Black,M,10,4.5,3241,Discontinued
2022,SKU002022,041254904798,Nike T-Shirt,Fashion,Nike,24494,27088.52,28442.95,12,Blue,XL,3,4.6,2694,Discontinued
2023,SKU002023,852978409101,Britannia Butter,Groceries,Britannia,33306,42925.06,45071.31,5,White,L,18,4.6,1443,Active
2024,SKU002024,019198347862,Puma Jeans,Fashion,Puma,8344,11243.44,11805.61,12,Black,L,20,3.5,2198,Active
2025,SKU002025,150801650380,LG Table,Home,LG,18488,21510.02,22585.52,18,Red,S,17,4.1,1827,Active
2026,SKU002026,601579060807,IKEA Storage Box,Home,IKEA,4606,6008.3,6308.72,18,Black,L,23,5.0,3993,Active
2027,SKU002027,583592276519,Adidas T-Shirt,Fashion,Adidas,42542,56625.55,59456.83,12,Blue,M,3,4.1,2195,Active
2028,SKU002028,853054544895,LG Headphones,Electronics,LG,26812,32158.78,33766.72,18,Black,M,10,4.6,1601,Discontinued
2029,SKU002029,841878523186,Nike Jeans,Fashion,Nike,22463,29452.22,30924.83,12,Black,XL,0,4.8,4860,Active
2030,SKU002030,074501389832,LG Smartphone,Electronics,LG,19408,26791.04,28130.59,18,Red,L,1,5.0,544,Active
2031,SKU002031,999131450807,IKEA Cookware,Home,IKEA,17973,23312.83,24478.47,18,Blue,XL,11,3.6,4188,Active
2032,SKU002032,031051044254,IKEA Storage Box,Home,IKEA,25560,35461.53,37234.61,18,White,S,4,4.8,3480,Active
2033,SKU002033,591055580436,Apple Smartphone,Electronics,Apple,2805,3434.04,3605.74,18,Blue,NA,5,4.7,3189,Discontinued
2034,SKU002034,973709606271,IKEA Chair,Home,IKEA,23644,26611.51,27942.09,18,Black,XL,8,4.5,642,Discontinued
2035,SKU002035,132200889895,Apple Laptop,Electronics,Apple,36217,43542.5,45719.62,18,Blue,M,4,4.8,3989,Discontinued
2036,SKU002036,112620232318,Apple Smart Watch,Electronics,Apple,25313,29584.72,31063.96,18,Red,XL,21,4.3,4884,Discontinued
2037,SKU002037,986689585590,Nike T-Shirt,Fashion,Nike,2885,3436.04,3607.84,12,Black,XL,21,4.4,4057,Discontinued
2038,SKU002038,237112369565,Britannia Tea,Groceries,Britannia,13244,15131.0,15887.55,5,Blue,L,19,4.7,879,Active
2039,SKU002039,941303440652,LG Chair,Home,LG,20776,27878.41,29272.33,18,White,XL,0,3.8,1236,Active
2040,SKU002040,981397360466,Amul Cookies,Groceries,Amul,48527,63154.56,66312.29,5,Red,S,18,4.7,2354,Active
2041,SKU002041,903948227897,Puma T-Shirt,Fashion,Puma,41869,51047.85,53600.24,12,Red,L,9,4.0,14,Discontinued
2042,SKU002042,689549045457,Puma T-Shirt,Fashion,Puma,25061,29581.85,31060.94,12,Blue,S,24,3.7,3586,Active
2043,SKU002043,169440536250,Apple Smart Watch,Electronics,Apple,35320,41175.03,43233.78,18,Black,XL,5,4.3,4513,Discontinued
2044,SKU002044,727731857432,Apple Smart Watch,Electronics,Apple,33896,41275.59,43339.37,18,Blue,S,16,3.6,2578,Discontinued
2045,SKU002045,525666741651,Samsung Smartphone,Electronics,Samsung,31219,39369.14,41337.6,18,Blue,M,5,4.5,3197,Active
2046,SKU002046,391893232746,Britannia Cookies,Groceries,Britannia,17849,24908.92,26154.37,5,Red,XL,21,3.9,770,Active
2047,SKU002047,883081262773,Amul Milk,Groceries,Amul,43330,56079.34,58883.31,5,Black,NA,9,4.5,1187,Active
2048,SKU002048,238657276187,LG Headphones,Electronics,LG,43096,55923.61,58719.79,18,White,NA,8,4.5,2255,Discontinued
2049,SKU002049,896508040072,Sony Table,Home,Sony,19059,26597.17,27927.03,18,White,S,17,4.8,1785,Active
2050,SKU002050,685324541634,Puma Shoes,Fashion,Puma,38815,46750.15,49087.66,12,White,M,17,3.6,1709,Discontinued
2051,SKU002051,767401540662,Adidas Jacket,Fashion,Adidas,21537,25293.28,26557.94,12,Blue,NA,16,3.6,4394,Active
2052,SKU002052,595792330131,Adidas Jacket,Fashion,Adidas,33827,39535.75,41512.54,12,White,NA,6,4.3,3323,Active
2053,SKU002053,508561346639,Amul Tea,Groceries,Amul,20693,28222.77,29633.91,5,Blue,M,24,3.9,3536,Active
2054,SKU002054,824918220067,Amul Butter,Groceries,Amul,42192,57325.15,60191.41,5,Black,M,2,4.9,4269,Active
2055,SKU002055,963510563517,LG Laptop,Electronics,LG,19382,24585.61,25814.89,18,Red,L,6,4.0,4582,Active
2056,SKU002056,951649093888,Amul Butter,Groceries,Amul,42813,57947.77,60845.16,5,White,NA,11,3.8,2857,Active
2057,SKU002057,115112632186,IKEA Chair,Home,IKEA,19502,22798.49,23938.41,18,Black,S,15,4.7,3182,Discontinued
2058,SKU002058,854148897920,Sony Storage Box,Home,Sony,19621,25864.0,27157.2,18,Blue,XL,3,3.9,1872,Active
2059,SKU002059,255015688667,Britannia Tea,Groceries,Britannia,24888,29846.74,31339.08,5,Red,M,2,4.5,3335,Active
2060,SKU002060,034873660995,Adidas T-Shirt,Fashion,Adidas,48463,65981.85,69280.94,12,White,M,6,4.7,294,Active
2061,SKU002061,692311543484,Sony Table,Home,Sony,4856,5992.31,6291.93,18,Red,S,19,5.0,3701,Active
2062,SKU002062,756633152412,Britannia Milk,Groceries,Britannia,7567,8659.34,9092.31,5,Red,XL,1,3.7,330,Active
2063,SKU002063,136553355793,Sony Laptop,Electronics,Sony,15209,20229.44,21240.91,18,White,NA,18,4.2,4561,Active
2064,SKU002064,799127722277,LG Cookware,Home,LG,13249,16570.85,17399.39,18,Black,XL,20,3.5,3967,Discontinued
2065,SKU002065,610372853524,IKEA Cookware,Home,IKEA,48325,63985.58,67184.86,18,Blue,M,7,4.7,1136,Discontinued
2066,SKU002066,675611240949,Samsung Laptop,Electronics,Samsung,11927,15929.44,16725.91,18,Red,M,2,4.8,4677,Discontinued
2067,SKU002067,042406075051,Britannia Milk,Groceries,Britannia,47163,56642.61,59474.74,5,White,L,13,3.7,992,Active
2068,SKU002068,281725242887,Apple Smart Watch,Electronics,Apple,34427,45892.68,48187.31,18,Black,L,6,4.0,4487,Active
2069,SKU002069,042466704951,LG Cookware,Home,LG,35698,41582.36,43661.48,18,White,M,12,4.4,1271,Active
2070,SKU002070,603042599639,LG Storage Box,Home,LG,750,902.35,947.47,18,White,XL,8,3.5,1163,Discontinued
2071,SKU002071,643553150409,Britannia Tea,Groceries,Britannia,36945,46118.58,48424.51,5,Black,S,19,4.7,4630,Discontinued
2072,SKU002072,112534987298,Nike Jeans,Fashion,Nike,36945,43316.11,45481.92,12,White,M,2,4.9,3524,Discontinued
2073,SKU002073,423449144809,Britannia Tea,Groceries,Britannia,17159,22488.78,23613.22,5,Blue,S,24,4.1,2781,Discontinued
2074,SKU002074,249891719612,Adidas Jacket,Fashion,Adidas,27354,35443.72,37215.91,12,White,XL,4,4.5,4906,Discontinued
2075,SKU002075,797715533843,LG Chair,Home,LG,9991,13190.7,13850.24,18,Blue,L,3,3.6,4812,Active
2076,SKU002076,387060152504,Sony Smartphone,Electronics,Sony,1055,1407.07,1477.42,18,White,M,22,4.1,987,Active
2077,SKU002077,027129836854,Nike T-Shirt,Fashion,Nike,42188,56052.5,58855.12,12,Red,L,3,4.7,581,Active
2078,SKU002078,581706708356,Britannia Milk,Groceries,Britannia,40232,50474.71,52998.45,5,Black,M,17,4.9,1816,Active
2079,SKU002079,297485125427,Amul Cookies,Groceries,Amul,37599,48634.2,51065.91,5,White,XL,15,4.9,3949,Active
2080,SKU002080,005495924849,Britannia Cookies,Groceries,Britannia,22952,31348.72,32916.16,5,Blue,M,17,4.2,3029,Discontinued
2081,SKU002081,495710610366,Amul Cookies,Groceries,Amul,1887,2445.97,2568.27,5,Red,S,1,3.7,2865,Active
2082,SKU002082,746974565905,LG Cookware,Home,LG,8882,12169.98,12778.48,18,Blue,NA,8,4.5,4264,Discontinued
2083,SKU002083,362823794392,Britannia Butter,Groceries,Britannia,37400,45347.39,47614.76,5,Red,S,5,4.9,4410,Active
2084,SKU002084,712002122795,Nike Jeans,Fashion,Nike,44391,60258.23,63271.14,12,Red,M,16,4.3,3551,Discontinued
2085,SKU002085,345141204592,Samsung Smartphone,Electronics,Samsung,29337,36497.62,38322.5,18,Red,XL,8,3.9,1202,Active
2086,SKU002086,346281022684,Britannia Milk,Groceries,Britannia,19500,24674.98,25908.73,5,Blue,M,23,3.9,4555,Active
2087,SKU002087,119815644372,IKEA Chair,Home,IKEA,25184,33049.4,34701.87,18,Black,S,1,4.8,2681,Active
2088,SKU002088,480511291444,Adidas Shoes,Fashion,Adidas,20712,28107.19,29512.55,12,Blue,S,11,5.0,4163,Discontinued
2089,SKU002089,962944453346,Apple Smartphone,Electronics,Apple,36244,47077.9,49431.8,18,Blue,M,2,4.8,1138,Active
2090,SKU002090,815164703075,Sony Headphones,Electronics,Sony,21564,29538.84,31015.78,18,Blue,L,5,4.3,458,Active
2091,SKU002091,111653340013,IKEA Cookware,Home,IKEA,32316,38783.61,40722.79,18,White,M,11,3.8,4304,Active
2092,SKU002092,581283472120,Sony Laptop,Electronics,Sony,48358,62617.71,65748.6,18,Black,L,13,4.6,21,Discontinued
2093,SKU002093,663520551766,LG Table,Home,LG,35332,48313.97,50729.67,18,Blue,XL,12,4.4,1602,Active
2094,SKU002094,758916407533,Britannia Milk,Groceries,Britannia,2598,3302.09,3467.19,5,White,M,13,3.8,325,Active
2095,SKU002095,670751206151,LG Smart Watch,Electronics,LG,29839,39119.62,41075.6,18,Black,M,0,3.5,2624,Active
2096,SKU002096,488963520459,LG Laptop,Electronics,LG,5895,7912.78,8308.42,18,Blue,NA,5,3.5,2660,Discontinued
2097,SKU002097,704958907833,Nike Shoes,Fashion,Nike,14562,18647.87,19580.26,12,White,S,18,4.0,2404,Discontinued
2098,SKU002098,209896712105,Apple Smart Watch,Electronics,Apple,22677,27060.74,28413.78,18,White,XL,24,4.7,4394,Active
2099,SKU002099,510472386266,LG Cookware,Home,LG,25841,31480.46,33054.48,18,Blue,L,11,4.1,22,Active
2100,SKU002100,213916774254,Sony Storage Box,Home,Sony,35778,41481.91,43556.01,18,Red,M,1,4.0,2025,Active
2101,SKU002101,142078594659,Sony Storage Box,Home,Sony,4270,5434.22,5705.93,18,Black,NA,11,4.8,1697,Active
2102,SKU002102,664939437440,Amul Tea,Groceries,Amul,24391,28119.69,29525.67,5,Blue,M,12,3.6,13,Discontinued
2103,SKU002103,110392893235,IKEA Cookware,Home,IKEA,7538,9977.55,10476.43,18,Red,NA,6,4.3,1142,Active
2104,SKU002104,327077092375,Nike Jeans,Fashion,Nike,39859,52745.27,55382.53,12,Red,S,14,4.7,1345,Discontinued
2105,SKU002105,728922497233,Sony Table,Home,Sony,23107,29949.26,31446.72,18,Black,XL,15,3.6,2383,Active
2106,SKU002106,003969359689,Adidas Jeans,Fashion,Adidas,40533,49189.49,51648.96,12,White,XL,23,3.7,1488,Discontinued
2107,SKU002107,311243503216,Sony Chair,Home,Sony,9397,11193.82,11753.51,18,Black,XL,0,4.0,664,Discontinued
2108,SKU002108,764138590211,Amul Butter,Groceries,Amul,33768,46457.87,48780.76,5,White,L,2,3.9,1403,Active
2109,SKU002109,099112912890,LG Smart Watch,Electronics,LG,48573,56741.81,59578.9,18,Blue,XL,6,4.5,854,Discontinued
2110,SKU002110,713825233573,Nike Jeans,Fashion,Nike,13385,18603.78,19533.97,12,White,NA,20,3.7,1230,Active
2111,SKU002111,416065618348,Britannia Butter,Groceries,Britannia,21485,25670.23,26953.74,5,Blue,XL,14,4.7,586,Discontinued
2112,SKU002112,459764227028,Sony Storage Box,Home,Sony,5277,6440.51,6762.54,18,Red,L,15,3.6,1059,Active
2113,SKU002113,483589970204,Apple Smartphone,Electronics,Apple,18804,22384.6,23503.83,18,Black,NA,1,4.7,1368,Discontinued
2114,SKU002114,923568628096,Amul Butter,Groceries,Amul,6493,8401.79,8821.88,5,Blue,M,18,5.0,1583,Discontinued
2115,SKU002115,001942584781,Sony Cookware,Home,Sony,6025,7177.7,7536.59,18,Blue,S,23,4.2,4029,Active
2116,SKU002116,312228219901,Nike T-Shirt,Fashion,Nike,1731,2038.46,2140.38,12,Blue,M,5,5.0,1077,Discontinued
2117,SKU002117,878106863279,Apple Laptop,Electronics,Apple,41048,53466.48,56139.8,18,Red,L,7,4.5,2171,Discontinued
2118,SKU002118,117436667885,Sony Chair,Home,Sony,4454,5852.25,6144.86,18,Black,S,14,3.5,3272,Discontinued
2119,SKU002119,610406164261,LG Table,Home,LG,34725,44105.24,46310.5,18,White,XL,0,3.6,2175,Active
2120,SKU002120,532823144279,Britannia Cookies,Groceries,Britannia,34718,46335.05,48651.8,5,Blue,M,9,3.5,1761,Active
2121,SKU002121,094330746308,Puma Jeans,Fashion,Puma,572,686.5,720.83,12,Black,L,3,3.9,130,Active
2122,SKU002122,096116283221,Sony Smart Watch,Electronics,Sony,30331,40538.59,42565.52,18,Red,XL,0,4.3,2744,Active
2123,SKU002123,773990952934,Britannia Milk,Groceries,Britannia,13714,15487.81,16262.2,5,Blue,L,24,4.8,1946,Active
2124,SKU002124,614697142921,Puma Shoes,Fashion,Puma,39786,55481.22,58255.28,12,Red,XL,4,4.8,4692,Discontinued
2125,SKU002125,201970167669,Amul Milk,Groceries,Amul,19710,26343.56,27660.74,5,Red,XL,14,4.2,4730,Active
2126,SKU002126,721959786751,Nike T-Shirt,Fashion,Nike,3317,4455.14,4677.9,12,Black,M,0,3.6,2008,Discontinued
2127,SKU002127,446026806240,Britannia Tea,Groceries,Britannia,23866,26645.76,27978.05,5,Black,M,16,4.1,1789,Active
2128,SKU002128,294254360812,Amul Milk,Groceries,Amul,44827,51983.73,54582.92,5,Black,L,9,3.9,4819,Active
2129,SKU002129,542017506149,Amul Milk,Groceries,Amul,44109,53604.08,56284.28,5,Black,XL,2,4.1,1598,Active
2130,SKU002130,690445945923,Adidas Jacket,Fashion,Adidas,32705,39380.08,41349.08,12,Blue,L,0,4.3,4732,Discontinued
2131,SKU002131,572614980245,Sony Headphones,Electronics,Sony,30140,35536.17,37312.98,18,Black,M,5,4.6,3366,Discontinued
2132,SKU002132,582377107893,Britannia Tea,Groceries,Britannia,31906,40447.02,42469.37,5,Red,M,18,3.9,1478,Active
2133,SKU002133,528935587123,Apple Smart Watch,Electronics,Apple,425,560.41,588.43,18,Black,M,9,4.0,4323,Discontinued
2134,SKU002134,085901035275,LG Headphones,Electronics,LG,30920,40841.64,42883.72,18,Red,S,17,4.4,1068,Discontinued
2135,SKU002135,286497938446,Amul Butter,Groceries,Amul,1634,2225.06,2336.31,5,Black,S,22,3.7,3518,Discontinued
2136,SKU002136,620312774634,Apple Headphones,Electronics,Apple,7585,10007.75,10508.14,18,Red,S,21,3.6,2371,Discontinued
2137,SKU002137,246590592931,Britannia Butter,Groceries,Britannia,25040,28670.28,30103.79,5,Black,M,18,4.9,2975,Active
2138,SKU002138,915438283634,Nike T-Shirt,Fashion,Nike,22936,26943.32,28290.49,12,Red,S,21,4.7,1076,Discontinued
2139,SKU002139,035762669017,Amul Butter,Groceries,Amul,35511,44772.75,47011.39,5,Blue,XL,14,3.8,3783,Active
2140,SKU002140,991936203425,Apple Laptop,Electronics,Apple,3624,4753.57,4991.25,18,White,XL,14,3.9,765,Active
2141,SKU002141,847394464946,Britannia Tea,Groceries,Britannia,45222,52897.73,55542.62,5,Black,XL,24,4.3,2184,Active
2142,SKU002142,390691307814,Apple Smartphone,Electronics,Apple,29140,34058.06,35760.96,18,Blue,XL,21,4.7,1482,Discontinued
2143,SKU002143,584749930551,Puma T-Shirt,Fashion,Puma,28603,35679.2,37463.16,12,Red,S,18,4.4,823,Active
2144,SKU002144,397330220332,Apple Headphones,Electronics,Apple,17248,19057.61,20010.49,18,White,XL,20,3.7,3022,Active
2145,SKU002145,267929502124,Samsung Smartphone,Electronics,Samsung,25467,34094.44,35799.16,18,Blue,M,4,4.3,1577,Active
2146,SKU002146,259446883549,LG Table,Home,LG,32819,37135.64,38992.42,18,Black,XL,24,4.4,3492,Discontinued
2147,SKU002147,369259672859,Britannia Butter,Groceries,Britannia,40842,52040.15,54642.16,5,Black,M,9,4.8,2977,Active
2148,SKU002148,170768784259,Nike Jeans,Fashion,Nike,22410,31129.22,32685.68,12,Black,XL,11,4.5,4392,Active
2149,SKU002149,568366247874,Sony Cookware,Home,Sony,44941,52678.74,55312.68,18,Blue,NA,2,3.6,3088,Discontinued
2150,SKU002150,926796317225,LG Headphones,Electronics,LG,33140,46006.89,48307.23,18,White,S,12,4.7,821,Active
2151,SKU002151,309688371917,Amul Cookies,Groceries,Amul,3505,4807.76,5048.15,5,Blue,L,20,5.0,3754,Discontinued
2152,SKU002152,681712475772,Amul Butter,Groceries,Amul,9668,12322.37,12938.49,5,White,S,13,3.9,4619,Active
2153,SKU002153,162422650654,LG Storage Box,Home,LG,20588,28229.1,29640.56,18,Black,M,15,4.5,2643,Discontinued
2154,SKU002154,732394376911,Puma T-Shirt,Fashion,Puma,37836,51005.13,53555.39,12,Blue,NA,11,4.0,2177,Discontinued
2155,SKU002155,636816450805,LG Table,Home,LG,6626,8427.31,8848.68,18,Black,NA,7,4.8,4930,Discontinued
2156,SKU002156,924599177684,Sony Storage Box,Home,Sony,4771,6120.58,6426.61,18,White,S,22,4.0,2545,Discontinued
2157,SKU002157,015196281514,Nike T-Shirt,Fashion,Nike,6009,8039.04,8440.99,12,Blue,L,5,4.3,3416,Active
2158,SKU002158,653305913160,Nike Shoes,Fashion,Nike,37074,50243.61,52755.79,12,Black,S,2,4.8,383,Discontinued
2159,SKU002159,420408335847,LG Headphones,Electronics,LG,26209,31189.64,32749.12,18,Red,NA,20,3.9,2316,Active
2160,SKU002160,785885734227,Amul Butter,Groceries,Amul,30525,34123.68,35829.86,5,Red,L,9,4.7,3135,Discontinued
2161,SKU002161,184700219038,Amul Butter,Groceries,Amul,49497,57351.83,60219.42,5,Red,M,24,3.6,2844,Discontinued
2162,SKU002162,144504970606,IKEA Chair,Home,IKEA,31127,38824.67,40765.9,18,Blue,S,13,3.9,2654,Discontinued
2163,SKU002163,239990639943,Sony Smart Watch,Electronics,Sony,23002,29258.14,30721.05,18,White,L,12,4.3,381,Active
2164,SKU002164,949388625365,Britannia Tea,Groceries,Britannia,8795,9721.69,10207.77,5,Blue,M,8,4.0,536,Discontinued
2165,SKU002165,523825516144,Samsung Smartphone,Electronics,Samsung,38763,48655.69,51088.47,18,Black,L,4,3.5,4481,Discontinued
2166,SKU002166,189804653412,Amul Cookies,Groceries,Amul,23140,32233.62,33845.3,5,White,XL,7,3.8,4559,Discontinued
2167,SKU002167,051119977101,LG Smart Watch,Electronics,LG,8014,9655.09,10137.84,18,Blue,NA,9,3.8,3318,Discontinued
2168,SKU002168,171696859351,Sony Smartphone,Electronics,Sony,43133,54985.27,57734.53,18,White,L,15,4.0,3255,Active
2169,SKU002169,302275117108,Amul Milk,Groceries,Amul,37578,42034.8,44136.54,5,Blue,S,4,3.8,4676,Active
2170,SKU002170,281465366716,Britannia Tea,Groceries,Britannia,2055,2453.57,2576.25,5,Blue,NA,20,4.3,3332,Active
2171,SKU002171,665367881829,Sony Smartphone,Electronics,Sony,8434,10894.28,11438.99,18,Blue,M,7,3.9,2309,Active
2172,SKU002172,694971461939,IKEA Chair,Home,IKEA,16366,21811.43,22902.0,18,Red,L,20,4.3,863,Active
2173,SKU002173,312664948623,Sony Storage Box,Home,Sony,45775,62504.83,65630.07,18,Blue,XL,24,4.3,1787,Active
2174,SKU002174,801254108024,Samsung Smartphone,Electronics,Samsung,22444,27138.92,28495.87,18,Blue,NA,9,4.7,4348,Discontinued
2175,SKU002175,175233596774,Puma Shoes,Fashion,Puma,46558,56579.11,59408.07,12,Blue,NA,22,3.9,2789,Active
2176,SKU002176,304001508460,Britannia Tea,Groceries,Britannia,47089,64701.8,67936.89,5,Blue,S,0,3.7,1548,Active
2177,SKU002177,347862796570,IKEA Table,Home,IKEA,746,893.82,938.51,18,Blue,M,19,4.2,3410,Discontinued
2178,SKU002178,260137936406,Nike Jacket,Fashion,Nike,21801,25763.6,27051.78,12,Black,XL,19,4.4,1839,Active
2179,SKU002179,159202921638,LG Headphones,Electronics,LG,39116,45169.26,47427.72,18,Black,M,12,4.5,1778,Active
2180,SKU002180,373083304096,Samsung Headphones,Electronics,Samsung,32208,42554.42,44682.14,18,Red,XL,5,4.9,1362,Discontinued
2181,SKU002181,642785775088,Samsung Headphones,Electronics,Samsung,25704,29331.37,30797.94,18,Black,XL,13,4.3,362,Discontinued
2182,SKU002182,172324457375,Puma Jacket,Fashion,Puma,11381,15309.59,16075.07,12,Red,L,19,4.3,3115,Discontinued
2183,SKU002183,395453782589,Samsung Smartphone,Electronics,Samsung,36327,41916.06,44011.86,18,White,M,14,4.4,987,Discontinued
2184,SKU002184,386266595121,Amul Cookies,Groceries,Amul,43792,54791.07,57530.62,5,Black,NA,11,4.2,712,Active
2185,SKU002185,264828112382,LG Smartphone,Electronics,LG,15859,18571.26,19499.82,18,White,XL,23,3.9,1973,Active
2186,SKU002186,208215239518,IKEA Cookware,Home,IKEA,13911,16308.49,17123.91,18,Blue,NA,0,3.7,4414,Discontinued
2187,SKU002187,803282921216,Puma T-Shirt,Fashion,Puma,39611,46980.02,49329.02,12,White,L,4,3.7,341,Discontinued
2188,SKU002188,680074114269,LG Smart Watch,Electronics,LG,10455,14561.99,15290.09,18,Blue,M,4,4.1,4288,Discontinued
2189,SKU002189,142730932205,Nike Jeans,Fashion,Nike,18037,20072.89,21076.53,12,Blue,NA,5,4.4,1391,Discontinued
2190,SKU002190,379976866127,Samsung Laptop,Electronics,Samsung,46877,54719.7,57455.68,18,White,M,4,5.0,3521,Active
2191,SKU002191,276432026858,Sony Headphones,Electronics,Sony,45522,51768.76,54357.2,18,Blue,S,0,4.3,292,Active
2192,SKU002192,470261432960,Nike Jeans,Fashion,Nike,14542,17829.18,18720.64,12,Blue,M,11,4.9,3074,Discontinued
2193,SKU002193,631929992827,Britannia Cookies,Groceries,Britannia,2361,2650.97,2783.52,5,White,XL,21,3.8,3556,Active
2194,SKU002194,551885340378,Samsung Laptop,Electronics,Samsung,31922,40041.9,42044.0,18,White,XL,0,4.8,2682,Active
2195,SKU002195,821286956922,Samsung Headphones,Electronics,Samsung,41354,57322.72,60188.86,18,White,M,22,4.0,4314,Discontinued
2196,SKU002196,510475740133,Adidas T-Shirt,Fashion,Adidas,35920,47037.07,49388.92,12,Blue,M,14,4.8,4878,Discontinued
2197,SKU002197,023748400857,Adidas Jeans,Fashion,Adidas,3226,4307.66,4523.04,12,Red,M,15,3.7,247,Discontinued
2198,SKU002198,865070155358,LG Storage Box,Home,LG,15987,20109.19,21114.65,18,Blue,L,22,4.8,3360,Active
2199,SKU002199,154202094395,Nike Jacket,Fashion,Nike,37382,45366.57,47634.9,12,White,L,21,4.3,4885,Active
2200,SKU002200,633734346565,Puma Jeans,Fashion,Puma,28523,39095.33,41050.1,12,Black,M,0,3.9,440,Active
2201,SKU002201,615974612134,Apple Smartphone,Electronics,Apple,23026,29750.49,31238.01,18,Red,XL,14,3.6,4480,Discontinued
2202,SKU002202,131144319972,Puma T-Shirt,Fashion,Puma,4994,5958.39,6256.31,12,Black,S,22,4.1,3689,Discontinued
2203,SKU002203,480408278832,Samsung Smart Watch,Electronics,Samsung,20822,27020.19,28371.2,18,White,L,15,4.2,2733,Discontinued
2204,SKU002204,821887490100,Puma Jacket,Fashion,Puma,40304,51146.67,53704.0,12,White,XL,24,4.9,4239,Active
2205,SKU002205,808759251362,Nike Shoes,Fashion,Nike,16558,22509.96,23635.46,12,Blue,XL,16,4.8,1663,Discontinued
2206,SKU002206,863228812498,Puma T-Shirt,Fashion,Puma,44361,52140.89,54747.93,12,Red,L,22,4.1,1324,Active
2207,SKU002207,473898630845,Nike Jacket,Fashion,Nike,31250,40456.8,42479.64,12,Blue,L,9,3.7,4277,Active
2208,SKU002208,752475294295,Britannia Milk,Groceries,Britannia,34899,43324.25,45490.46,5,Black,S,22,4.3,4183,Active
2209,SKU002209,413563333696,LG Laptop,Electronics,LG,30052,34418.69,36139.62,18,Black,NA,12,4.3,2798,Discontinued
2210,SKU002210,941844565156,Sony Cookware,Home,Sony,11810,14378.54,15097.47,18,Blue,L,24,4.1,1301,Active
2211,SKU002211,182148077283,Sony Table,Home,Sony,12833,16873.09,17716.74,18,Blue,XL,6,4.3,228,Discontinued
2212,SKU002212,415464222804,IKEA Cookware,Home,IKEA,1296,1512.16,1587.77,18,Blue,M,8,4.6,319,Active
2213,SKU002213,395248328668,Samsung Headphones,Electronics,Samsung,43365,52413.55,55034.23,18,Red,L,13,3.6,2788,Discontinued
2214,SKU002214,232737039752,LG Chair,Home,LG,949,1240.65,1302.68,18,Black,NA,12,4.4,1506,Discontinued
2215,SKU002215,906795243872,IKEA Table,Home,IKEA,35034,44628.03,46859.43,18,Blue,M,10,4.8,1918,Discontinued
2216,SKU002216,566001977964,Puma Jacket,Fashion,Puma,42790,59614.18,62594.89,12,Blue,XL,9,4.5,3199,Discontinued
2217,SKU002217,975898104539,Samsung Headphones,Electronics,Samsung,8831,10784.54,11323.77,18,Red,XL,24,5.0,38,Discontinued
2218,SKU002218,833034086227,LG Cookware,Home,LG,8073,8908.82,9354.26,18,Red,NA,13,3.5,1616,Active
2219,SKU002219,032787553813,Britannia Milk,Groceries,Britannia,20600,25512.62,26788.25,5,White,S,22,4.8,1877,Active
2220,SKU002220,337073606279,LG Smart Watch,Electronics,LG,30902,39645.6,41627.88,18,Red,L,10,4.2,1697,Active
2221,SKU002221,700771646492,LG Chair,Home,LG,49797,56999.34,59849.31,18,Red,M,18,4.2,3232,Active
2222,SKU002222,191659201180,Adidas Shoes,Fashion,Adidas,38382,45486.99,47761.34,12,Black,M,17,3.7,2131,Active
2223,SKU002223,737532190602,Apple Laptop,Electronics,Apple,36717,51041.91,53594.01,18,Blue,S,17,4.0,2016,Active
2224,SKU002224,005671172614,Adidas T-Shirt,Fashion,Adidas,4021,4472.08,4695.68,12,Red,S,20,4.2,1121,Discontinued
2225,SKU002225,106678437322,LG Smart Watch,Electronics,LG,16858,22857.35,24000.22,18,White,M,20,4.6,1991,Active
2226,SKU002226,571210739827,Sony Chair,Home,Sony,36531,50614.89,53145.63,18,Blue,M,11,3.8,608,Discontinued
2227,SKU002227,903320475405,Amul Milk,Groceries,Amul,7249,8015.81,8416.6,5,Black,L,3,4.4,2691,Active
2228,SKU002228,831794875684,Sony Table,Home,Sony,3607,4997.0,5246.85,18,Red,NA,10,3.8,2815,Discontinued
2229,SKU002229,739644347388,Sony Headphones,Electronics,Sony,34551,39014.18,40964.89,18,Red,M,6,3.7,3892,Active
2230,SKU002230,192227915823,LG Chair,Home,LG,39637,43824.95,46016.2,18,Blue,NA,9,4.5,4707,Discontinued
2231,SKU002231,988364207137,Amul Milk,Groceries,Amul,1515,2000.1,2100.11,5,Red,S,12,3.8,2325,Discontinued
2232,SKU002232,872196108404,Adidas Jeans,Fashion,Adidas,19286,24636.27,25868.08,12,Red,S,16,4.7,2833,Discontinued
2233,SKU002233,107805974665,LG Chair,Home,LG,19333,22253.56,23366.24,18,Black,M,24,3.6,4463,Discontinued
2234,SKU002234,038395662386,Sony Chair,Home,Sony,4947,5742.65,6029.78,18,Black,XL,0,5.0,2490,Discontinued
2235,SKU002235,751103310334,Sony Chair,Home,Sony,24194,30348.72,31866.16,18,White,XL,6,4.2,4636,Active
2236,SKU002236,215878998838,Amul Milk,Groceries,Amul,43979,48455.36,50878.13,5,White,S,14,4.4,4652,Discontinued
2237,SKU002237,615948445987,Amul Butter,Groceries,Amul,45251,59128.33,62084.75,5,Red,S,9,3.8,2777,Discontinued
2238,SKU002238,113501900141,Apple Smartphone,Electronics,Apple,47198,65046.2,68298.51,18,Blue,M,21,4.5,1268,Active
2239,SKU002239,485387994646,LG Cookware,Home,LG,32248,39818.76,41809.7,18,Black,NA,21,4.0,363,Discontinued
2240,SKU002240,033967064105,Adidas T-Shirt,Fashion,Adidas,38664,48150.13,50557.64,12,Red,NA,20,4.3,2865,Discontinued
2241,SKU002241,143885292293,Amul Cookies,Groceries,Amul,39935,45594.67,47874.4,5,Red,S,18,4.5,220,Active
2242,SKU002242,676401354608,Britannia Butter,Groceries,Britannia,25204,33953.39,35651.06,5,Blue,NA,10,4.8,2317,Active
2243,SKU002243,969955690486,LG Chair,Home,LG,49333,68230.08,71641.58,18,Red,S,17,4.8,1764,Active
2244,SKU002244,980419223390,IKEA Chair,Home,IKEA,22858,27447.39,28819.76,18,Blue,XL,8,4.8,2131,Discontinued
2245,SKU002245,437725963219,Nike Jeans,Fashion,Nike,4503,5438.67,5710.6,12,White,XL,23,4.4,922,Discontinued
2246,SKU002246,237909339154,IKEA Table,Home,IKEA,8403,9881.22,10375.28,18,White,L,7,4.3,4453,Discontinued
2247,SKU002247,866717267947,Amul Butter,Groceries,Amul,29944,39972.78,41971.42,5,Blue,L,23,3.9,2752,Discontinued
2248,SKU002248,101174845586,Sony Smart Watch,Electronics,Sony,21366,23972.76,25171.4,18,White,NA,13,3.6,3566,Active
2249,SKU002249,958886429068,LG Smartphone,Electronics,LG,33410,45868.83,48162.27,18,Black,S,24,3.8,3035,Active
2250,SKU002250,850893758960,Sony Storage Box,Home,Sony,3652,4595.77,4825.56,18,White,M,5,4.9,4715,Discontinued
2251,SKU002251,313538376922,Sony Storage Box,Home,Sony,24521,33963.03,35661.18,18,White,M,5,4.2,3980,Active
2252,SKU002252,030927226764,LG Smartphone,Electronics,LG,8554,10684.89,11219.13,18,Blue,L,13,4.2,4011,Active
2253,SKU002253,440192141166,LG Smart Watch,Electronics,LG,13008,15568.06,16346.46,18,Red,NA,20,4.9,2812,Active
2254,SKU002254,443647559077,Amul Milk,Groceries,Amul,14718,18382.14,19301.25,5,White,L,6,4.6,1639,Active
2255,SKU002255,096424985718,Britannia Tea,Groceries,Britannia,352,391.91,411.51,5,White,XL,2,3.8,1674,Active
2256,SKU002256,168754588124,Puma Jacket,Fashion,Puma,10367,14143.43,14850.6,12,Blue,NA,4,4.7,1146,Discontinued
2257,SKU002257,650125807639,Puma Shoes,Fashion,Puma,24460,31172.37,32730.99,12,Blue,L,1,4.4,4632,Discontinued
2258,SKU002258,972154720036,LG Cookware,Home,LG,33573,45947.86,48245.25,18,White,M,16,4.6,4544,Active
2259,SKU002259,430415654283,LG Table,Home,LG,35676,42112.11,44217.72,18,Black,L,16,4.7,2641,Active
2260,SKU002260,015562925307,Amul Milk,Groceries,Amul,6401,8214.75,8625.49,5,Black,S,17,4.6,3953,Active
2261,SKU002261,051852157968,Amul Cookies,Groceries,Amul,40586,56701.88,59536.97,5,Black,M,22,4.2,15,Active
2262,SKU002262,993669638213,Apple Headphones,Electronics,Apple,15901,18374.13,19292.84,18,White,L,10,3.5,639,Discontinued
2263,SKU002263,386797281946,Puma Jacket,Fashion,Puma,1851,2434.38,2556.1,12,Red,M,6,4.1,3686,Discontinued
2264,SKU002264,032025869784,Apple Smart Watch,Electronics,Apple,49238,68499.73,71924.72,18,White,S,15,3.5,4843,Active
2265,SKU002265,047123599584,Puma T-Shirt,Fashion,Puma,46866,59776.59,62765.42,12,Black,NA,4,4.0,1877,Discontinued
2266,SKU002266,940230665917,LG Smartphone,Electronics,LG,38456,53219.9,55880.9,18,White,XL,12,4.6,1062,Active
2267,SKU002267,938368954326,Sony Storage Box,Home,Sony,27628,33878.33,35572.25,18,White,NA,7,4.0,2489,Discontinued
2268,SKU002268,510873855803,Amul Cookies,Groceries,Amul,5950,6972.31,7320.93,5,Red,L,1,4.8,2191,Active
2269,SKU002269,932038180613,IKEA Chair,Home,IKEA,22736,31551.3,33128.86,18,Blue,M,7,4.7,3382,Discontinued
2270,SKU002270,652401721348,Amul Butter,Groceries,Amul,10827,12430.48,13052.0,5,White,S,22,4.1,1221,Active
2271,SKU002271,747642799226,Puma Jeans,Fashion,Puma,31179,39174.62,41133.35,12,Red,L,7,3.9,2944,Discontinued
2272,SKU002272,760987197543,IKEA Cookware,Home,IKEA,23661,26202.72,27512.86,18,Red,L,21,3.5,289,Active
2273,SKU002273,563977444537,LG Storage Box,Home,LG,25330,29040.42,30492.44,18,White,NA,11,3.8,4656,Active
2274,SKU002274,162918849922,IKEA Cookware,Home,IKEA,9997,12599.8,13229.79,18,Blue,M,13,3.9,1197,Discontinued
2275,SKU002275,242881184468,Puma T-Shirt,Fashion,Puma,16316,20921.12,21967.18,12,Red,XL,3,4.6,4248,Discontinued
2276,SKU002276,336431203752,LG Laptop,Electronics,LG,3772,4244.55,4456.78,18,White,M,3,4.4,2797,Active
2277,SKU002277,246392932524,Amul Tea,Groceries,Amul,723,966.71,1015.05,5,Red,S,16,4.6,1185,Discontinued
2278,SKU002278,985623188947,Britannia Tea,Groceries,Britannia,18966,21447.29,22519.65,5,Blue,M,20,4.4,496,Active
2279,SKU002279,899912066480,Sony Storage Box,Home,Sony,33245,42749.17,44886.63,18,Black,S,0,4.0,727,Discontinued
2280,SKU002280,303397934003,Amul Milk,Groceries,Amul,2863,3938.08,4134.98,5,White,L,20,4.4,3760,Active
2281,SKU002281,407109372018,Amul Butter,Groceries,Amul,11475,13483.61,14157.79,5,Black,S,22,4.0,2696,Discontinued
2282,SKU002282,780116507250,Nike Jeans,Fashion,Nike,7621,9211.07,9671.62,12,White,M,20,3.6,1981,Active
2283,SKU002283,239881439936,Britannia Butter,Groceries,Britannia,15357,17938.2,18835.11,5,Red,NA,24,4.9,2891,Active
2284,SKU002284,561011404587,Sony Table,Home,Sony,49911,66631.42,69962.99,18,Red,XL,14,3.5,852,Active
2285,SKU002285,553372806024,Nike T-Shirt,Fashion,Nike,11575,13333.93,14000.63,12,White,XL,4,4.0,674,Active
2286,SKU002286,081435217966,Adidas T-Shirt,Fashion,Adidas,48553,59217.88,62178.77,12,Black,M,5,4.6,994,Discontinued
2287,SKU002287,609378293053,Amul Tea,Groceries,Amul,8708,11758.16,12346.07,5,White,NA,10,3.5,1909,Active
2288,SKU002288,409149557340,Amul Butter,Groceries,Amul,8151,9416.29,9887.1,5,Black,L,14,3.8,2271,Discontinued
2289,SKU002289,431783184495,IKEA Cookware,Home,IKEA,25184,30928.78,32475.22,18,Black,L,24,3.7,1148,Discontinued
2290,SKU002290,873153829952,Nike Jeans,Fashion,Nike,43834,49455.5,51928.28,12,Blue,M,4,4.0,4629,Active
2291,SKU002291,914601600263,Britannia Milk,Groceries,Britannia,13008,17338.07,18204.97,5,Red,S,7,4.5,39,Active
2292,SKU002292,841875880846,IKEA Chair,Home,IKEA,39570,48850.69,51293.22,18,White,S,12,4.0,2218,Discontinued
2293,SKU002293,798009945456,Sony Headphones,Electronics,Sony,42598,54032.02,56733.62,18,Black,XL,23,3.5,3917,Active
2294,SKU002294,222799460476,LG Headphones,Electronics,LG,33239,37990.75,39890.29,18,Black,XL,23,4.7,1400,Active
2295,SKU002295,843945442834,Britannia Tea,Groceries,Britannia,27952,37541.27,39418.33,5,Blue,S,2,4.6,4942,Discontinued
2296,SKU002296,396477522053,Britannia Cookies,Groceries,Britannia,39102,47416.43,49787.25,5,White,XL,21,4.2,2833,Active
2297,SKU002297,126738155207,IKEA Cookware,Home,IKEA,30704,37974.46,39873.18,18,Black,L,12,4.4,4176,Active
2298,SKU002298,396570781414,Britannia Cookies,Groceries,Britannia,5194,6352.55,6670.18,5,White,XL,9,4.8,272,Discontinued
2299,SKU002299,371226580665,Nike Jacket,Fashion,Nike,5903,7578.97,7957.92,12,White,S,4,3.8,3489,Active
2300,SKU002300,106357431862,Sony Smartphone,Electronics,Sony,33103,44189.67,46399.15,18,Red,S,4,4.5,892,Discontinued
2301,SKU002301,689630353922,Britannia Cookies,Groceries,Britannia,49471,61711.61,64797.19,5,Black,L,16,4.5,1052,Active
2302,SKU002302,267061827107,Nike Jacket,Fashion,Nike,11138,14603.68,15333.86,12,White,S,8,4.7,384,Discontinued
2303,SKU002303,328422092309,LG Smart Watch,Electronics,LG,11782,15232.01,15993.61,18,Blue,M,6,4.4,4739,Discontinued
2304,SKU002304,552811892710,LG Cookware,Home,LG,6268,6963.38,7311.55,18,Black,S,15,4.4,1099,Discontinued
2305,SKU002305,611993413853,LG Chair,Home,LG,40596,51546.43,54123.75,18,Blue,S,14,4.7,954,Discontinued
2306,SKU002306,284124104906,Britannia Tea,Groceries,Britannia,41876,48974.81,51423.55,5,Black,S,10,4.5,4319,Discontinued
2307,SKU002307,019256252170,Apple Smart Watch,Electronics,Apple,41799,50940.01,53487.01,18,Black,XL,18,4.5,3413,Discontinued
2308,SKU002308,749290327513,Sony Storage Box,Home,Sony,26672,33055.61,34708.39,18,Red,L,2,4.0,1348,Discontinued
2309,SKU002309,753885683256,LG Laptop,Electronics,LG,10646,14203.4,14913.57,18,Red,NA,10,4.2,4339,Discontinued
2310,SKU002310,829627801735,Nike Shoes,Fashion,Nike,43819,52728.52,55364.95,12,White,XL,1,3.7,3405,Discontinued
2311,SKU002311,512961732793,Nike Shoes,Fashion,Nike,22886,25912.3,27207.92,12,Black,S,9,4.2,698,Active
2312,SKU002312,144217678322,LG Cookware,Home,LG,7069,8468.49,8891.91,18,White,L,4,3.9,4553,Discontinued
2313,SKU002313,206528596223,Britannia Butter,Groceries,Britannia,19597,22167.65,23276.03,5,Red,XL,4,4.1,213,Discontinued
2314,SKU002314,572628059300,Apple Laptop,Electronics,Apple,37490,49535.67,52012.45,18,White,XL,2,4.1,854,Discontinued
2315,SKU002315,831951158991,IKEA Storage Box,Home,IKEA,30849,39065.99,41019.29,18,White,NA,16,4.2,3130,Active
2316,SKU002316,991272053642,Sony Cookware,Home,Sony,26210,35504.83,37280.07,18,White,L,6,4.1,3448,Discontinued
2317,SKU002317,302412565983,Sony Cookware,Home,Sony,39780,52005.63,54605.91,18,Black,NA,6,4.3,3554,Discontinued
2318,SKU002318,477298840896,Amul Butter,Groceries,Amul,7235,8273.22,8686.88,5,Black,S,18,4.4,4935,Active
2319,SKU002319,549943528784,Britannia Butter,Groceries,Britannia,20816,27024.12,28375.33,5,Red,M,5,3.5,1834,Discontinued
2320,SKU002320,548069921713,Puma Jeans,Fashion,Puma,737,976.0,1024.8,12,Blue,L,5,3.8,3989,Active
2321,SKU002321,670526407975,Sony Table,Home,Sony,45129,63057.85,66210.74,18,Blue,NA,9,3.6,1024,Active
2322,SKU002322,830969509015,IKEA Chair,Home,IKEA,1981,2766.63,2904.96,18,White,L,22,3.9,3149,Discontinued
2323,SKU002323,544964374828,Amul Tea,Groceries,Amul,15078,17567.09,18445.44,5,White,M,19,3.9,4928,Active
2324,SKU002324,981969828800,Nike Jacket,Fashion,Nike,24770,29729.88,31216.37,12,Red,S,17,4.9,156,Discontinued
2325,SKU002325,451366175040,LG Cookware,Home,LG,7967,9822.93,10314.08,18,Red,NA,24,3.7,3881,Active
2326,SKU002326,720564203734,Sony Headphones,Electronics,Sony,11859,14146.35,14853.67,18,Red,M,2,4.0,1600,Discontinued
2327,SKU002327,909610827482,Sony Chair,Home,Sony,33810,39757.66,41745.54,18,Black,NA,7,4.7,554,Active
2328,SKU002328,326123002294,Nike Shoes,Fashion,Nike,3745,5045.68,5297.96,12,Red,L,13,3.8,3555,Discontinued
2329,SKU002329,666789074841,Adidas Jacket,Fashion,Adidas,3160,4365.68,4583.96,12,Blue,XL,19,4.0,4453,Active
2330,SKU002330,978903167258,Nike Jeans,Fashion,Nike,8397,10552.09,11079.69,12,Black,NA,19,4.1,4556,Active
2331,SKU002331,991543254810,Apple Smartphone,Electronics,Apple,14126,16444.63,17266.86,18,Red,M,13,4.0,1197,Active
2332,SKU002332,998254296601,LG Cookware,Home,LG,46590,54681.83,57415.92,18,White,S,5,4.9,697,Active
2333,SKU002333,168236760187,Nike Shoes,Fashion,Nike,30098,41449.25,43521.71,12,Blue,NA,21,4.0,3457,Discontinued
2334,SKU002334,256812118801,LG Chair,Home,LG,7082,9351.32,9818.89,18,Red,S,19,4.1,1686,Discontinued
2335,SKU002335,857527435331,Sony Headphones,Electronics,Sony,46618,58983.78,61932.97,18,Blue,NA,22,3.6,478,Discontinued
2336,SKU002336,756251425999,Sony Chair,Home,Sony,46952,53028.78,55680.22,18,Blue,XL,0,3.5,1314,Active
2337,SKU002337,412276257485,IKEA Table,Home,IKEA,15222,18666.95,19600.3,18,Red,S,24,4.5,4985,Active
2338,SKU002338,627578384408,Britannia Milk,Groceries,Britannia,20057,24263.55,25476.73,5,White,NA,7,3.6,2882,Active
2339,SKU002339,189826078876,Samsung Headphones,Electronics,Samsung,42238,47615.62,49996.4,18,White,NA,17,3.6,3126,Discontinued
2340,SKU002340,485851148547,Adidas Shoes,Fashion,Adidas,13449,18585.86,19515.15,12,Black,NA,1,4.3,3821,Discontinued
2341,SKU002341,260947985731,Sony Headphones,Electronics,Sony,42321,55787.46,58576.83,18,White,NA,22,4.4,2517,Active
2342,SKU002342,951108184159,Puma Shoes,Fashion,Puma,15180,20029.53,21031.01,12,Blue,L,18,3.9,281,Discontinued
2343,SKU002343,799025950064,Sony Headphones,Electronics,Sony,42197,58487.6,61411.98,18,Blue,NA,7,4.3,4378,Active
2344,SKU002344,917944389953,Amul Milk,Groceries,Amul,39270,46020.72,48321.76,5,Red,L,17,4.8,921,Discontinued
2345,SKU002345,222170399546,LG Storage Box,Home,LG,26515,35195.92,36955.72,18,Red,XL,9,4.4,66,Active
2346,SKU002346,434079708756,Britannia Milk,Groceries,Britannia,40830,52216.9,54827.75,5,Red,L,10,4.0,4343,Discontinued
2347,SKU002347,394181789590,Sony Smart Watch,Electronics,Sony,14310,17161.44,18019.51,18,Red,M,1,4.3,1030,Discontinued
2348,SKU002348,387254327816,Britannia Butter,Groceries,Britannia,42765,54390.02,57109.52,5,Red,XL,2,4.9,3110,Active
2349,SKU002349,160150085824,Puma Shoes,Fashion,Puma,7762,8726.31,9162.63,12,Red,S,13,4.4,4809,Active
2350,SKU002350,271087965036,Amul Milk,Groceries,Amul,47934,52840.72,55482.76,5,Red,S,1,4.4,4861,Active
2351,SKU002351,256309012116,Sony Smart Watch,Electronics,Sony,48184,61955.66,65053.44,18,White,L,6,4.6,1094,Discontinued
2352,SKU002352,415890322449,IKEA Cookware,Home,IKEA,26471,30007.58,31507.96,18,Blue,NA,12,4.7,3746,Active
2353,SKU002353,222391933109,Sony Laptop,Electronics,Sony,43502,57834.84,60726.58,18,Red,XL,15,3.9,2438,Discontinued
2354,SKU002354,708214893126,Amul Milk,Groceries,Amul,33995,45241.24,47503.3,5,Blue,M,14,4.7,3703,Discontinued
2355,SKU002355,531959727576,Adidas Shoes,Fashion,Adidas,20883,27105.22,28460.48,12,Red,XL,14,4.6,4974,Discontinued
2356,SKU002356,832411377738,Puma Jeans,Fashion,Puma,46132,56642.74,59474.88,12,Black,NA,6,4.8,1343,Active
2357,SKU002357,058175311830,Nike Jacket,Fashion,Nike,204,271.3,284.87,12,Black,S,3,4.4,3793,Active
2358,SKU002358,959105628761,Adidas Jacket,Fashion,Adidas,29886,37463.66,39336.84,12,Red,S,20,3.7,3521,Active
2359,SKU002359,422285459476,Amul Tea,Groceries,Amul,24313,32177.56,33786.44,5,Blue,L,23,3.8,4189,Active
2360,SKU002360,622388324496,Puma Jacket,Fashion,Puma,43893,56752.52,59590.15,12,White,NA,3,4.8,2730,Discontinued
2361,SKU002361,269389991381,Sony Cookware,Home,Sony,6493,8008.18,8408.59,18,Black,S,17,4.9,361,Discontinued
2362,SKU002362,874642213319,Puma T-Shirt,Fashion,Puma,34852,44161.91,46370.01,12,White,L,23,4.7,2212,Active
2363,SKU002363,362868832626,Amul Tea,Groceries,Amul,46068,51920.78,54516.82,5,Red,NA,13,4.7,144,Active
2364,SKU002364,423667638360,Nike Jacket,Fashion,Nike,16879,21917.45,23013.32,12,Red,S,20,5.0,2548,Discontinued
2365,SKU002365,401556327494,IKEA Cookware,Home,IKEA,27215,34946.8,36694.14,18,Black,L,10,4.2,3766,Active
2366,SKU002366,754228013345,Puma Jeans,Fashion,Puma,23481,30426.7,31948.04,12,White,XL,23,4.7,1655,Active
2367,SKU002367,837266526925,IKEA Storage Box,Home,IKEA,43685,58887.01,61831.36,18,Red,M,12,4.2,4551,Discontinued
2368,SKU002368,115072219368,Adidas Shoes,Fashion,Adidas,37050,50165.22,52673.48,12,Blue,NA,21,4.8,1184,Active
2369,SKU002369,939559987208,Puma Shoes,Fashion,Puma,32996,37453.55,39326.23,12,Blue,S,20,4.2,3726,Active
2370,SKU002370,786290218492,Apple Smart Watch,Electronics,Apple,22865,30550.42,32077.94,18,White,M,21,4.2,1004,Active
2371,SKU002371,110064479941,Britannia Butter,Groceries,Britannia,47253,57492.35,60366.97,5,Blue,NA,20,4.5,2325,Active
2372,SKU002372,339817880373,LG Cookware,Home,LG,35709,47101.42,49456.49,18,Blue,L,15,4.6,3701,Discontinued
2373,SKU002373,645314362696,IKEA Storage Box,Home,IKEA,9034,10259.02,10771.97,18,White,NA,0,4.6,1219,Active
2374,SKU002374,060660928344,Nike Jeans,Fashion,Nike,37824,49302.29,51767.4,12,Black,S,7,3.8,4788,Active
2375,SKU002375,589960110511,Sony Smart Watch,Electronics,Sony,16625,20632.94,21664.59,18,Blue,XL,24,3.5,2157,Active
2376,SKU002376,747413579312,Adidas Jeans,Fashion,Adidas,45675,52468.96,55092.41,12,Blue,NA,20,3.7,10,Active
2377,SKU002377,696898300333,Sony Cookware,Home,Sony,14711,16393.7,17213.39,18,Red,M,15,4.8,30,Discontinued
2378,SKU002378,410405103966,Adidas Shoes,Fashion,Adidas,39333,44467.94,46691.34,12,Red,NA,3,4.3,851,Active
2379,SKU002379,953056313697,Adidas Jacket,Fashion,Adidas,10640,14566.79,15295.13,12,Black,S,23,3.5,2355,Active
2380,SKU002380,202828656331,Puma Shoes,Fashion,Puma,8342,9501.39,9976.46,12,Blue,M,3,4.7,1127,Active
2381,SKU002381,520745017532,LG Smart Watch,Electronics,LG,40752,54780.69,57519.72,18,Blue,XL,3,3.9,3405,Discontinued
2382,SKU002382,710576956460,Amul Cookies,Groceries,Amul,6608,7749.96,8137.46,5,Blue,XL,21,3.8,2037,Active
2383,SKU002383,916459525141,Adidas Jacket,Fashion,Adidas,8968,11392.92,11962.57,12,White,L,0,4.9,4419,Discontinued
2384,SKU002384,373190518206,Britannia Butter,Groceries,Britannia,29746,36027.84,37829.23,5,Black,XL,12,3.6,2155,Active
2385,SKU002385,270124592847,Amul Tea,Groceries,Amul,20357,25055.47,26308.24,5,Blue,XL,8,4.3,958,Discontinued
2386,SKU002386,619807566353,Puma Shoes,Fashion,Puma,47344,61866.19,64959.5,12,Blue,S,7,4.2,3856,Discontinued
2387,SKU002387,022010869640,Sony Chair,Home,Sony,45327,58552.86,61480.5,18,White,S,22,3.6,3878,Active
2388,SKU002388,029817162158,Amul Milk,Groceries,Amul,34892,48113.71,50519.4,5,Red,L,24,3.9,3604,Discontinued
2389,SKU002389,562744308410,Adidas Shoes,Fashion,Adidas,15641,20786.03,21825.33,12,Black,M,14,4.5,3129,Active
2390,SKU002390,387351849322,IKEA Chair,Home,IKEA,35765,47299.61,49664.59,18,Blue,NA,10,4.8,1419,Active
2391,SKU002391,079237962099,LG Chair,Home,LG,27518,31065.78,32619.07,18,Black,M,21,3.8,3758,Active
2392,SKU002392,224783711802,Apple Smart Watch,Electronics,Apple,49347,62873.96,66017.66,18,Black,S,9,3.6,3630,Active
2393,SKU002393,462049255754,Sony Cookware,Home,Sony,48128,53467.97,56141.37,18,White,S,22,3.5,4781,Discontinued
2394,SKU002394,307481930634,Britannia Tea,Groceries,Britannia,5750,7001.92,7352.02,5,Blue,L,3,5.0,3906,Discontinued
2395,SKU002395,357063054803,Britannia Cookies,Groceries,Britannia,11962,16586.68,17416.01,5,White,M,2,4.5,826,Active
2396,SKU002396,920613391442,Adidas Jacket,Fashion,Adidas,39996,54150.89,56858.43,12,Black,XL,22,4.4,3154,Active
2397,SKU002397,435142387335,LG Laptop,Electronics,LG,6946,7768.93,8157.38,18,Blue,S,6,3.8,2694,Discontinued
2398,SKU002398,511591925665,LG Laptop,Electronics,LG,35031,43410.06,45580.56,18,White,L,1,4.1,1698,Discontinued
2399,SKU002399,363830856488,Sony Chair,Home,Sony,45073,53932.03,56628.63,18,White,XL,24,4.6,3172,Discontinued
2400,SKU002400,960017146113,Sony Headphones,Electronics,Sony,23143,31965.8,33564.09,18,White,M,1,4.2,1469,Active
2401,SKU002401,509709830062,Samsung Laptop,Electronics,Samsung,33738,37716.77,39602.61,18,Black,S,14,3.9,1992,Active
2402,SKU002402,301096765591,Britannia Cookies,Groceries,Britannia,28827,40113.65,42119.33,5,Black,M,9,3.5,630,Discontinued
2403,SKU002403,923772525543,IKEA Table,Home,IKEA,21013,23598.03,24777.93,18,Black,M,18,4.6,3400,Active
2404,SKU002404,457853820670,Amul Milk,Groceries,Amul,37342,52204.08,54814.28,5,White,L,24,3.9,1598,Active
2405,SKU002405,234090892431,Puma Jeans,Fashion,Puma,44146,60837.39,63879.26,12,White,XL,11,3.6,1324,Discontinued
2406,SKU002406,997021045868,Puma Jacket,Fashion,Puma,5213,5805.31,6095.58,12,Red,L,0,4.1,669,Active
2407,SKU002407,816454358643,Puma Jeans,Fashion,Puma,22626,28234.36,29646.08,12,Black,XL,11,3.6,3912,Discontinued
2408,SKU002408,273861127398,LG Smartphone,Electronics,LG,12304,15929.98,16726.48,18,Blue,S,12,4.6,2200,Active
2409,SKU002409,948544533801,Britannia Milk,Groceries,Britannia,38635,43350.13,45517.64,5,Blue,XL,9,4.2,2256,Active
2410,SKU002410,961644393138,Puma T-Shirt,Fashion,Puma,15273,20829.73,21871.22,12,Blue,M,21,4.2,4872,Active
2411,SKU002411,594490934928,Britannia Butter,Groceries,Britannia,47345,58023.26,60924.42,5,Black,XL,11,3.5,4528,Active
2412,SKU002412,357459488702,Britannia Butter,Groceries,Britannia,29111,39398.19,41368.1,5,Blue,XL,6,4.0,651,Active
2413,SKU002413,285699978787,LG Smart Watch,Electronics,LG,26994,30331.26,31847.82,18,White,NA,17,4.5,224,Active
2414,SKU002414,373825034475,Samsung Headphones,Electronics,Samsung,34630,46548.87,48876.31,18,Blue,M,17,3.8,4951,Discontinued
2415,SKU002415,909006527151,Sony Table,Home,Sony,11793,13117.04,13772.89,18,Black,NA,8,3.6,402,Active
2416,SKU002416,768734203072,Amul Milk,Groceries,Amul,42194,46801.74,49141.83,5,Black,NA,20,5.0,2867,Active
2417,SKU002417,779667039566,Amul Tea,Groceries,Amul,20651,28783.17,30222.33,5,White,XL,8,4.7,2403,Discontinued
2418,SKU002418,052854802753,Amul Tea,Groceries,Amul,28231,35580.99,37360.04,5,Blue,L,11,4.5,426,Discontinued
2419,SKU002419,553080303277,Nike Jacket,Fashion,Nike,7493,9913.46,10409.13,12,Red,XL,23,3.8,4631,Discontinued
2420,SKU002420,527468931270,LG Cookware,Home,LG,12737,17277.52,18141.4,18,Black,NA,24,4.8,4074,Active
2421,SKU002421,760200078840,LG Cookware,Home,LG,1379,1710.54,1796.07,18,Red,NA,8,4.6,1076,Active
2422,SKU002422,993298062616,IKEA Storage Box,Home,IKEA,19653,26262.44,27575.56,18,White,NA,18,4.6,1271,Active
2423,SKU002423,298184299020,Puma Jacket,Fashion,Puma,34895,47792.43,50182.05,12,Black,NA,0,4.1,4227,Active
2424,SKU002424,224118477543,Samsung Laptop,Electronics,Samsung,38047,47895.62,50290.4,18,White,L,18,4.0,989,Discontinued
2425,SKU002425,245672755406,Amul Cookies,Groceries,Amul,2664,3021.6,3172.68,5,Red,NA,4,3.8,4397,Active
2426,SKU002426,688589520665,Adidas Shoes,Fashion,Adidas,1973,2531.35,2657.92,12,White,M,15,3.5,3721,Active
2427,SKU002427,510843579684,Amul Milk,Groceries,Amul,14195,16011.89,16812.48,5,Blue,XL,18,4.9,27,Discontinued
2428,SKU002428,667194824026,Amul Cookies,Groceries,Amul,1828,2059.68,2162.66,5,White,L,9,4.6,2649,Active
2429,SKU002429,556428734746,Britannia Cookies,Groceries,Britannia,6436,8044.84,8447.08,5,White,S,4,4.1,917,Active
2430,SKU002430,381143307551,Nike Jacket,Fashion,Nike,45851,62626.57,65757.9,12,Black,S,8,3.5,53,Discontinued
2431,SKU002431,366281805838,Britannia Butter,Groceries,Britannia,17999,23303.37,24468.54,5,Red,XL,1,4.3,3764,Active
2432,SKU002432,472832046547,Britannia Tea,Groceries,Britannia,33919,45828.15,48119.56,5,Red,NA,0,3.9,3010,Active
2433,SKU002433,998399105361,Sony Cookware,Home,Sony,2033,2313.73,2429.42,18,Blue,S,17,5.0,2075,Discontinued
2434,SKU002434,353528216414,Amul Tea,Groceries,Amul,15756,17338.58,18205.51,5,Red,S,0,3.7,1417,Discontinued
2435,SKU002435,701329308356,Amul Tea,Groceries,Amul,37687,41939.26,44036.22,5,Blue,S,15,3.9,3428,Discontinued
2436,SKU002436,765841818396,Sony Cookware,Home,Sony,17392,20101.4,21106.47,18,Blue,XL,14,5.0,4690,Discontinued
2437,SKU002437,438024319232,Britannia Milk,Groceries,Britannia,13822,16543.44,17370.61,5,Blue,NA,3,4.7,2820,Active
2438,SKU002438,977646833811,Sony Headphones,Electronics,Sony,43778,60352.79,63370.43,18,Blue,NA,23,3.8,3115,Discontinued
2439,SKU002439,555591909825,LG Headphones,Electronics,LG,40362,46055.84,48358.63,18,Black,S,0,4.0,1513,Active
2440,SKU002440,256114359436,Apple Headphones,Electronics,Apple,36461,49308.41,51773.83,18,Black,M,21,3.9,2735,Active
2441,SKU002441,020718624442,Sony Chair,Home,Sony,32841,38564.49,40492.71,18,Red,L,4,4.2,2902,Discontinued
2442,SKU002442,088676737185,Puma T-Shirt,Fashion,Puma,37426,48012.29,50412.9,12,Black,M,9,4.6,1829,Active
2443,SKU002443,469599829672,Nike T-Shirt,Fashion,Nike,32602,37153.65,39011.33,12,White,XL,21,4.8,4599,Active
2444,SKU002444,367083244304,Amul Butter,Groceries,Amul,15585,21783.88,22873.07,5,White,XL,22,5.0,2725,Discontinued
2445,SKU002445,418774776350,Adidas Shoes,Fashion,Adidas,12386,14813.3,15553.97,12,Red,L,19,4.8,3400,Discontinued
2446,SKU002446,511879790998,Apple Headphones,Electronics,Apple,18383,21731.43,22818.0,18,Red,XL,8,3.9,4107,Active
2447,SKU002447,040947975885,IKEA Chair,Home,IKEA,27418,31284.9,32849.15,18,Black,L,21,3.6,2003,Active
2448,SKU002448,528940322973,Sony Chair,Home,Sony,36609,46879.85,49223.84,18,White,S,24,3.8,1629,Active
2449,SKU002449,264404428631,LG Smartphone,Electronics,LG,30747,41738.89,43825.83,18,White,M,13,4.6,1639,Active
2450,SKU002450,258799016791,LG Smartphone,Electronics,LG,2126,2349.87,2467.36,18,Black,M,3,4.5,2152,Active
2451,SKU002451,214364350655,Adidas Jeans,Fashion,Adidas,6668,8268.75,8682.19,12,Blue,M,22,4.4,3795,Active
2452,SKU002452,794184964985,Puma Jacket,Fashion,Puma,22305,28009.13,29409.59,12,Black,M,17,4.6,363,Active
2453,SKU002453,234403618247,LG Storage Box,Home,LG,8882,9920.68,10416.71,18,Black,S,24,4.1,178,Active
2454,SKU002454,031233746348,Britannia Butter,Groceries,Britannia,1359,1833.3,1924.97,5,Blue,NA,4,4.8,4693,Active
2455,SKU002455,838424074826,Amul Tea,Groceries,Amul,30358,39238.18,41200.09,5,Blue,XL,3,4.2,2588,Active
2456,SKU002456,795757782929,Puma Jacket,Fashion,Puma,23907,32985.54,34634.82,12,Black,S,7,4.6,2559,Discontinued
2457,SKU002457,744512627457,LG Smart Watch,Electronics,LG,9198,12358.19,12976.1,18,Blue,S,1,4.7,252,Active
2458,SKU002458,991356844101,Samsung Smartphone,Electronics,Samsung,47610,57131.54,59988.12,18,Blue,M,23,4.5,3458,Active
2459,SKU002459,783176910627,IKEA Cookware,Home,IKEA,41796,52978.27,55627.18,18,Blue,XL,16,4.2,3956,Active
2460,SKU002460,624915969759,Adidas T-Shirt,Fashion,Adidas,9990,12724.32,13360.54,12,Black,M,3,3.8,257,Active
2461,SKU002461,533666391566,Sony Cookware,Home,Sony,4004,4685.78,4920.07,18,White,M,19,3.5,2070,Discontinued
2462,SKU002462,208581296099,Puma T-Shirt,Fashion,Puma,10628,13310.5,13976.03,12,White,M,17,4.9,3134,Discontinued
2463,SKU002463,293855218046,Sony Laptop,Electronics,Sony,44803,50908.21,53453.62,18,Black,NA,24,4.1,1119,Active
2464,SKU002464,923050071961,Sony Storage Box,Home,Sony,24485,30954.07,32501.77,18,Blue,XL,10,3.6,3555,Discontinued
2465,SKU002465,023707970725,Amul Tea,Groceries,Amul,37601,45991.06,48290.61,5,Red,NA,8,4.6,3179,Active
2466,SKU002466,471513527367,Apple Headphones,Electronics,Apple,32738,39758.9,41746.85,18,Blue,S,4,3.8,2697,Active
2467,SKU002467,773229969941,Puma T-Shirt,Fashion,Puma,42108,50795.68,53335.46,12,Black,XL,19,3.5,2508,Active
2468,SKU002468,886325090611,Apple Laptop,Electronics,Apple,34195,40902.69,42947.82,18,Black,NA,15,4.5,3548,Discontinued
2469,SKU002469,300365140151,Nike Jacket,Fashion,Nike,44455,50482.02,53006.12,12,Red,NA,19,4.7,3492,Discontinued
2470,SKU002470,312463388137,Amul Butter,Groceries,Amul,45428,55201.79,57961.88,5,White,S,3,3.9,4497,Active
2471,SKU002471,915570796963,Britannia Butter,Groceries,Britannia,44986,56448.4,59270.82,5,Black,XL,21,4.6,3077,Active
2472,SKU002472,713318044584,Amul Butter,Groceries,Amul,30403,41491.65,43566.23,5,Blue,XL,24,3.8,1762,Active
2473,SKU002473,158332362945,Samsung Laptop,Electronics,Samsung,23686,27598.8,28978.74,18,White,L,4,4.3,1911,Discontinued
2474,SKU002474,033157510982,Britannia Cookies,Groceries,Britannia,47426,54843.2,57585.36,5,White,L,11,4.0,43,Active
2475,SKU002475,957960529855,Puma Shoes,Fashion,Puma,7488,8947.58,9394.96,12,Black,NA,9,4.7,3057,Active
2476,SKU002476,995447913561,Adidas Jacket,Fashion,Adidas,6723,8488.88,8913.32,12,Red,M,10,3.9,4490,Discontinued
2477,SKU002477,454380430084,Samsung Headphones,Electronics,Samsung,3729,4147.55,4354.93,18,Blue,L,15,3.8,852,Active
2478,SKU002478,538567560546,Amul Tea,Groceries,Amul,35179,46303.56,48618.74,5,White,M,5,3.8,2455,Active
2479,SKU002479,988282947133,Samsung Headphones,Electronics,Samsung,21489,24532.46,25759.08,18,Red,M,20,3.9,3866,Active
2480,SKU002480,328848812169,Samsung Smart Watch,Electronics,Samsung,5599,6322.67,6638.8,18,Black,S,23,4.3,361,Active
2481,SKU002481,982237594552,Adidas Jacket,Fashion,Adidas,22336,26294.48,27609.2,12,White,S,2,4.9,3529,Active
2482,SKU002482,161418285685,Apple Headphones,Electronics,Apple,36118,50079.99,52583.99,18,White,NA,4,4.5,3002,Discontinued
2483,SKU002483,442002991491,Britannia Cookies,Groceries,Britannia,3890,4765.87,5004.16,5,White,S,19,4.3,1632,Active
2484,SKU002484,346249170862,Apple Smart Watch,Electronics,Apple,39554,48683.96,51118.16,18,Black,L,11,4.9,988,Discontinued
2485,SKU002485,715815438278,Sony Laptop,Electronics,Sony,29955,37265.42,39128.69,18,Blue,L,5,4.3,122,Discontinued
2486,SKU002486,383384728336,Nike Jacket,Fashion,Nike,551,767.92,806.32,12,Black,NA,1,4.6,71,Discontinued
2487,SKU002487,336386340220,Amul Butter,Groceries,Amul,26814,30296.59,31811.42,5,Black,S,0,4.5,2605,Active
2488,SKU002488,073870013683,Sony Cookware,Home,Sony,34333,42809.94,44950.44,18,Black,NA,18,4.8,3626,Discontinued
2489,SKU002489,640650995263,Amul Milk,Groceries,Amul,45822,52113.15,54718.81,5,Black,S,9,3.8,2969,Active
2490,SKU002490,479231551394,Sony Laptop,Electronics,Sony,2665,3108.71,3264.15,18,Blue,L,6,4.1,4980,Active
2491,SKU002491,672277334520,Sony Smart Watch,Electronics,Sony,33792,44066.56,46269.89,18,Blue,XL,11,3.9,3676,Active
2492,SKU002492,534018517305,Samsung Smartphone,Electronics,Samsung,11079,13820.46,14511.48,18,White,XL,18,4.2,4480,Discontinued
2493,SKU002493,363969390444,Britannia Butter,Groceries,Britannia,34377,37825.17,39716.43,5,Black,S,5,4.9,787,Discontinued
2494,SKU002494,657953858528,Puma Jacket,Fashion,Puma,19256,26207.68,27518.06,12,White,XL,6,4.5,2393,Discontinued
2495,SKU002495,684291938474,Samsung Smartphone,Electronics,Samsung,12201,14404.67,15124.9,18,Blue,NA,10,4.1,4544,Discontinued
2496,SKU002496,495922873455,Britannia Milk,Groceries,Britannia,47503,54032.86,56734.5,5,Red,M,6,4.6,86,Discontinued
2497,SKU002497,022261601322,LG Cookware,Home,LG,3370,3953.25,4150.91,18,Blue,XL,16,4.4,1718,Discontinued
2498,SKU002498,462338422389,IKEA Cookware,Home,IKEA,22942,28499.92,29924.92,18,Blue,M,1,4.2,1654,Discontinued
2499,SKU002499,819791088627,LG Chair,Home,LG,40022,46677.76,49011.65,18,White,S,15,4.1,3934,Active
2500,SKU002500,406581322624,Sony Cookware,Home,Sony,15922,19173.25,20131.91,18,Red,M,9,3.9,2533,Active
2501,SKU002501,399305933639,LG Laptop,Electronics,LG,691,773.19,811.85,18,Black,L,8,4.6,2594,Active
2502,SKU002502,673741464577,Sony Storage Box,Home,Sony,28133,31342.6,32909.73,18,White,S,10,4.3,2928,Active
2503,SKU002503,517600847727,LG Table,Home,LG,38030,42291.89,44406.48,18,Blue,M,3,3.6,3792,Active
2504,SKU002504,945471476014,Puma Jeans,Fashion,Puma,3677,4571.33,4799.9,12,White,S,13,3.7,4076,Active
2505,SKU002505,767684686081,Nike T-Shirt,Fashion,Nike,4316,5086.88,5341.22,12,White,NA,12,5.0,290,Active
2506,SKU002506,325379168442,Sony Smartphone,Electronics,Sony,40662,45307.54,47572.92,18,White,L,8,3.9,4714,Active
2507,SKU002507,164431719809,LG Smartphone,Electronics,LG,42872,57839.08,60731.03,18,Red,NA,6,4.4,3966,Discontinued
2508,SKU002508,431380798148,Puma T-Shirt,Fashion,Puma,28658,32327.92,33944.32,12,White,S,19,4.5,1121,Discontinued
2509,SKU002509,252668224980,Britannia Tea,Groceries,Britannia,13435,16709.05,17544.5,5,Blue,XL,2,4.2,4702,Discontinued
2510,SKU002510,178141847621,Sony Cookware,Home,Sony,542,692.13,726.74,18,White,L,5,4.3,2668,Active
2511,SKU002511,671241258768,Amul Cookies,Groceries,Amul,47338,65468.7,68742.13,5,Black,NA,3,4.4,3832,Discontinued
2512,SKU002512,447710028098,LG Laptop,Electronics,LG,10701,14182.54,14891.67,18,Red,S,17,3.6,1723,Discontinued
2513,SKU002513,316286783878,LG Chair,Home,LG,45949,56639.13,59471.09,18,Blue,NA,9,4.2,4032,Active
2514,SKU002514,011905006332,IKEA Storage Box,Home,IKEA,42413,57556.21,60434.02,18,Black,L,5,5.0,4453,Active
2515,SKU002515,476185414367,Nike Shoes,Fashion,Nike,36278,47417.1,49787.96,12,White,NA,3,4.9,3242,Active
2516,SKU002516,505287266230,Nike T-Shirt,Fashion,Nike,6808,8950.01,9397.51,12,Black,XL,21,4.4,1575,Active
2517,SKU002517,823350388714,LG Table,Home,LG,18751,23440.27,24612.28,18,Red,NA,8,4.0,4000,Discontinued
2518,SKU002518,123169946438,LG Table,Home,LG,22985,31896.54,33491.37,18,Black,M,20,5.0,1856,Active
2519,SKU002519,386710202773,Apple Laptop,Electronics,Apple,35220,40503.74,42528.93,18,Black,NA,22,4.1,368,Discontinued
2520,SKU002520,761583099247,Adidas Jacket,Fashion,Adidas,26068,34995.73,36745.52,12,Blue,XL,23,4.0,4948,Discontinued
2521,SKU002521,278758680179,Apple Headphones,Electronics,Apple,748,968.79,1017.23,18,Red,XL,0,4.1,1487,Active
2522,SKU002522,054144864977,Puma Shoes,Fashion,Puma,43527,54038.88,56740.82,12,Black,L,23,4.4,2403,Discontinued
2523,SKU002523,378117878551,Puma Shoes,Fashion,Puma,4119,4951.44,5199.01,12,Black,L,20,3.7,2377,Active
2524,SKU002524,164794854806,Britannia Tea,Groceries,Britannia,27516,38310.05,40225.55,5,Black,L,12,4.0,1694,Discontinued
2525,SKU002525,570666410495,Britannia Tea,Groceries,Britannia,36348,40794.51,42834.24,5,Red,NA,24,4.5,1824,Active
2526,SKU002526,982195366968,LG Headphones,Electronics,LG,19060,26086.38,27390.7,18,Blue,S,1,3.9,2129,Discontinued
2527,SKU002527,062771987900,Sony Smart Watch,Electronics,Sony,12897,16937.42,17784.29,18,White,M,8,4.7,1990,Discontinued
2528,SKU002528,391247758688,LG Smartphone,Electronics,LG,12864,15634.49,16416.21,18,Black,M,8,4.0,2079,Discontinued
2529,SKU002529,677096436754,Britannia Milk,Groceries,Britannia,20851,24213.75,25424.44,5,White,M,7,4.5,1735,Active
2530,SKU002530,895850242038,LG Cookware,Home,LG,3031,3380.69,3549.72,18,White,XL,1,4.3,1479,Discontinued
2531,SKU002531,963682121500,LG Chair,Home,LG,7073,9502.47,9977.59,18,Black,L,0,3.8,537,Discontinued
2532,SKU002532,120735526149,Nike Jacket,Fashion,Nike,23117,32197.07,33806.92,12,Red,L,6,4.0,2274,Active
2533,SKU002533,360904630524,LG Smart Watch,Electronics,LG,10576,14012.75,14713.39,18,Blue,L,8,4.6,157,Discontinued
2534,SKU002534,287759753879,Puma Shoes,Fashion,Puma,24217,30056.62,31559.45,12,Red,L,14,4.0,4851,Active
2535,SKU002535,946204036712,Amul Milk,Groceries,Amul,3937,5154.22,5411.93,5,Red,M,12,3.7,3447,Active
2536,SKU002536,761884330061,LG Smartphone,Electronics,LG,1978,2179.05,2288.0,18,Blue,L,4,4.2,4793,Discontinued
2537,SKU002537,114236099309,IKEA Table,Home,IKEA,31774,39663.05,41646.2,18,Blue,L,11,5.0,2468,Active
2538,SKU002538,388344982443,IKEA Cookware,Home,IKEA,11145,14414.17,15134.88,18,Black,S,11,3.6,3985,Discontinued
2539,SKU002539,646830334017,Britannia Cookies,Groceries,Britannia,13075,18262.58,19175.71,5,Black,M,7,4.7,2046,Discontinued
2540,SKU002540,188549861176,IKEA Table,Home,IKEA,21087,25491.04,26765.59,18,Red,L,24,4.9,187,Discontinued
2541,SKU002541,188294998229,Amul Tea,Groceries,Amul,27739,37697.16,39582.02,5,White,NA,7,4.7,756,Discontinued
2542,SKU002542,848456685183,LG Chair,Home,LG,42140,49074.3,51528.02,18,White,M,10,4.8,2615,Discontinued
2543,SKU002543,642737295593,Amul Cookies,Groceries,Amul,5836,6871.84,7215.43,5,Red,XL,15,5.0,730,Discontinued
2544,SKU002544,196447758891,Samsung Laptop,Electronics,Samsung,44240,57714.17,60599.88,18,Black,NA,3,4.6,2942,Active
2545,SKU002545,310339266958,Britannia Tea,Groceries,Britannia,42953,52648.83,55281.27,5,Blue,XL,19,3.6,2900,Active
2546,SKU002546,395902503074,Britannia Tea,Groceries,Britannia,21737,24369.45,25587.92,5,Black,M,20,3.8,4256,Discontinued
2547,SKU002547,072567743233,Amul Cookies,Groceries,Amul,7339,8080.69,8484.72,5,Blue,M,24,3.8,1187,Active
2548,SKU002548,873951635990,Britannia Milk,Groceries,Britannia,35129,39735.04,41721.79,5,Blue,S,18,4.6,257,Active
2549,SKU002549,004186930096,Amul Tea,Groceries,Amul,42576,56123.95,58930.15,5,White,NA,12,4.8,80,Discontinued
2550,SKU002550,258828109373,Nike Jacket,Fashion,Nike,47174,60096.91,63101.76,12,White,NA,20,3.7,4184,Discontinued
2551,SKU002551,257014386410,Sony Laptop,Electronics,Sony,32563,38479.48,40403.45,18,Black,S,8,4.1,4155,Active
2552,SKU002552,017080872929,Nike Jeans,Fashion,Nike,30698,42108.1,44213.5,12,White,L,19,4.1,4842,Active
2553,SKU002553,536957877078,Britannia Butter,Groceries,Britannia,28662,33517.95,35193.85,5,White,XL,12,3.7,4398,Active
2554,SKU002554,503772152202,Puma Shoes,Fashion,Puma,21316,28026.03,29427.33,12,Red,NA,5,3.9,4708,Discontinued
2555,SKU002555,918801113403,LG Table,Home,LG,41523,50787.08,53326.43,18,White,NA,3,4.1,1204,Active
2556,SKU002556,732722169417,Sony Smart Watch,Electronics,Sony,47622,60399.99,63419.99,18,Black,NA,2,4.9,1421,Active
2557,SKU002557,508469752179,Amul Cookies,Groceries,Amul,21486,25664.21,26947.42,5,Black,M,5,4.0,3354,Active
2558,SKU002558,914835121370,Apple Laptop,Electronics,Apple,27634,33637.98,35319.88,18,Black,M,15,4.6,2718,Active
2559,SKU002559,238820275034,Amul Butter,Groceries,Amul,28978,37767.43,39655.8,5,Black,M,8,3.6,644,Active
2560,SKU002560,555440664215,Sony Smartphone,Electronics,Sony,5434,7138.26,7495.17,18,Blue,NA,21,4.5,2767,Discontinued
2561,SKU002561,977531439224,Adidas T-Shirt,Fashion,Adidas,44646,58007.68,60908.06,12,Blue,L,23,4.2,3248,Active
2562,SKU002562,378480994365,Sony Cookware,Home,Sony,4187,4710.86,4946.4,18,Red,XL,11,4.4,361,Active
2563,SKU002563,791804481856,Puma Jacket,Fashion,Puma,40091,51544.92,54122.17,12,Red,NA,16,3.7,4081,Active
2564,SKU002564,267097362170,LG Storage Box,Home,LG,22460,30307.5,31822.88,18,Blue,L,23,4.6,416,Discontinued
2565,SKU002565,967926268455,Sony Table,Home,Sony,22292,26936.06,28282.86,18,Blue,S,11,4.1,3014,Active
2566,SKU002566,485242096959,Britannia Butter,Groceries,Britannia,49217,65492.6,68767.23,5,Red,NA,17,4.3,90,Active
2567,SKU002567,176477263561,LG Headphones,Electronics,LG,26839,30140.26,31647.27,18,White,NA,14,3.7,1950,Discontinued
2568,SKU002568,307224725459,Sony Smart Watch,Electronics,Sony,29693,40679.73,42713.72,18,Black,M,13,4.8,4834,Discontinued
2569,SKU002569,601351657379,IKEA Storage Box,Home,IKEA,33775,46305.09,48620.34,18,White,NA,12,4.8,1938,Active
2570,SKU002570,638446992715,Britannia Milk,Groceries,Britannia,8057,10970.57,11519.1,5,Black,L,8,5.0,4697,Active
2571,SKU002571,331842184073,Nike Shoes,Fashion,Nike,46544,55182.47,57941.59,12,Red,NA,10,3.8,4371,Discontinued
2572,SKU002572,034420142745,Apple Smart Watch,Electronics,Apple,8054,9140.35,9597.37,18,Blue,L,23,3.9,2342,Active
2573,SKU002573,938147166436,Britannia Cookies,Groceries,Britannia,13957,18325.44,19241.71,5,White,M,4,3.6,2182,Discontinued
2574,SKU002574,620060169851,Adidas Shoes,Fashion,Adidas,29417,40441.2,42463.26,12,Blue,NA,6,4.0,2681,Discontinued
2575,SKU002575,600830600867,Britannia Tea,Groceries,Britannia,41497,54190.22,56899.73,5,Blue,XL,4,4.6,4126,Discontinued
2576,SKU002576,921192544073,Amul Butter,Groceries,Amul,17355,22215.07,23325.82,5,White,S,21,3.8,2506,Discontinued
2577,SKU002577,864820034044,Apple Smart Watch,Electronics,Apple,36791,44276.38,46490.2,18,Blue,L,3,4.5,2958,Active
2578,SKU002578,316104226406,LG Laptop,Electronics,LG,35267,45341.69,47608.77,18,Black,XL,9,4.8,2979,Active
2579,SKU002579,303718580483,Adidas Jacket,Fashion,Adidas,13575,16716.98,17552.83,12,Blue,NA,0,3.8,4847,Discontinued
2580,SKU002580,003425527746,Puma Shoes,Fashion,Puma,48574,67164.13,70522.34,12,Blue,S,17,4.2,4219,Discontinued
2581,SKU002581,412288471936,Adidas Jacket,Fashion,Adidas,34506,39090.99,41045.54,12,Black,L,3,3.9,1682,Discontinued
2582,SKU002582,014806093200,LG Cookware,Home,LG,18504,24794.57,26034.3,18,Black,S,22,4.0,1650,Discontinued
2583,SKU002583,380340206687,Sony Chair,Home,Sony,31203,40810.6,42851.13,18,Blue,L,6,4.8,1237,Discontinued
2584,SKU002584,803349232741,Amul Tea,Groceries,Amul,24918,29059.6,30512.58,5,Red,XL,13,4.5,1467,Active
2585,SKU002585,385451661824,Sony Table,Home,Sony,26859,30341.49,31858.56,18,Black,XL,12,4.6,4173,Discontinued
2586,SKU002586,854519251899,Puma T-Shirt,Fashion,Puma,44973,56941.95,59789.05,12,Black,S,22,3.9,4924,Active
2587,SKU002587,262359154622,Amul Butter,Groceries,Amul,17081,18992.31,19941.93,5,Black,S,13,4.4,1054,Active
2588,SKU002588,098952698621,Puma Shoes,Fashion,Puma,49073,54085.87,56790.16,12,White,M,1,3.7,1995,Active
2589,SKU002589,144413469775,Sony Chair,Home,Sony,35088,42825.31,44966.58,18,Blue,M,7,4.0,72,Active
2590,SKU002590,438588472639,LG Cookware,Home,LG,22345,25836.33,27128.15,18,Black,NA,8,4.6,4490,Active
2591,SKU002591,066418150443,Britannia Tea,Groceries,Britannia,11974,13873.6,14567.28,5,Red,M,22,4.6,4947,Active
2592,SKU002592,036529425001,Sony Chair,Home,Sony,18509,23790.68,24980.21,18,Black,L,13,4.9,1380,Active
2593,SKU002593,800715399608,Sony Cookware,Home,Sony,1230,1705.46,1790.73,18,Red,L,14,4.3,3864,Discontinued
2594,SKU002594,340593586377,Puma Jeans,Fashion,Puma,48974,61611.83,64692.42,12,Black,L,12,4.1,4143,Active
2595,SKU002595,929618979963,Adidas T-Shirt,Fashion,Adidas,22219,27315.53,28681.31,12,Black,L,24,4.0,1406,Discontinued
2596,SKU002596,517900720156,Sony Table,Home,Sony,26693,33755.85,35443.64,18,Black,NA,2,4.8,2899,Active
2597,SKU002597,164146524542,Britannia Tea,Groceries,Britannia,11944,15427.75,16199.14,5,White,S,9,3.7,4409,Discontinued
2598,SKU002598,733330962294,LG Cookware,Home,LG,3904,5055.39,5308.16,18,White,L,12,4.3,3388,Discontinued
2599,SKU002599,515685647990,Adidas Jeans,Fashion,Adidas,18062,21335.86,22402.65,12,White,XL,13,5.0,3178,Active
2600,SKU002600,249634649405,Britannia Tea,Groceries,Britannia,19400,21368.84,22437.28,5,Red,NA,10,4.4,2574,Active
2601,SKU002601,351299072536,Amul Milk,Groceries,Amul,26810,34147.77,35855.16,5,Blue,L,1,4.0,1220,Active
2602,SKU002602,363449639944,Apple Laptop,Electronics,Apple,35223,39301.01,41266.06,18,Red,XL,16,4.7,573,Active
2603,SKU002603,744519388086,Britannia Butter,Groceries,Britannia,46695,53829.26,56520.72,5,White,L,23,4.8,3996,Active
2604,SKU002604,906736916012,IKEA Cookware,Home,IKEA,15102,18533.98,19460.68,18,Black,L,21,5.0,2889,Discontinued
2605,SKU002605,411108519987,Sony Chair,Home,Sony,23891,32857.12,34499.98,18,White,M,3,4.5,4099,Discontinued
2606,SKU002606,367157233296,Britannia Cookies,Groceries,Britannia,48474,62697.54,65832.42,5,Black,NA,0,4.3,3925,Discontinued
2607,SKU002607,710299516270,LG Chair,Home,LG,20611,23041.56,24193.64,18,Blue,XL,17,4.4,490,Active
2608,SKU002608,480235911309,LG Headphones,Electronics,LG,33154,37679.96,39563.96,18,Black,M,1,3.8,4925,Active
2609,SKU002609,306693155476,Nike Jeans,Fashion,Nike,28662,39380.89,41349.93,12,Red,XL,0,4.9,1490,Active
2610,SKU002610,906467098136,Britannia Cookies,Groceries,Britannia,41053,55876.27,58670.08,5,Red,L,1,3.7,3947,Active
2611,SKU002611,858096060027,Sony Cookware,Home,Sony,29516,39028.78,40980.22,18,Black,M,18,4.9,4474,Discontinued
2612,SKU002612,603221973238,Puma T-Shirt,Fashion,Puma,40286,55189.81,57949.3,12,White,NA,0,4.1,4785,Discontinued
2613,SKU002613,759266922385,IKEA Storage Box,Home,IKEA,31479,39037.98,40989.88,18,Black,NA,14,4.8,2868,Active
2614,SKU002614,587648118717,Apple Smartphone,Electronics,Apple,43270,56452.65,59275.28,18,Red,XL,18,3.7,2085,Active
2615,SKU002615,534610225264,Puma Shoes,Fashion,Puma,33750,45155.5,47413.28,12,Red,XL,1,3.8,4483,Active
2616,SKU002616,980551593783,LG Table,Home,LG,11251,14447.1,15169.46,18,White,L,0,4.6,1941,Discontinued
2617,SKU002617,105458697839,Sony Chair,Home,Sony,35723,46758.41,49096.33,18,Black,M,23,3.8,1039,Active
2618,SKU002618,028231303674,Britannia Tea,Groceries,Britannia,5293,6625.17,6956.43,5,Blue,S,3,4.9,3733,Discontinued
2619,SKU002619,300875810959,Nike Shoes,Fashion,Nike,42324,57469.1,60342.56,12,Red,XL,16,4.5,1516,Discontinued
2620,SKU002620,362073353116,LG Headphones,Electronics,LG,8359,11430.37,12001.89,18,Blue,S,2,3.9,2734,Discontinued
2621,SKU002621,585920133901,Nike Shoes,Fashion,Nike,1775,2344.18,2461.39,12,Black,NA,13,4.3,1342,Active
2622,SKU002622,357975393103,Samsung Headphones,Electronics,Samsung,27920,37994.96,39894.71,18,Black,XL,22,4.7,4671,Discontinued
2623,SKU002623,847283542378,LG Chair,Home,LG,3871,4782.44,5021.56,18,White,M,0,4.1,1582,Discontinued
2624,SKU002624,221234027994,LG Table,Home,LG,42385,54834.58,57576.31,18,Blue,S,9,5.0,121,Active
2625,SKU002625,897410048568,Adidas Jeans,Fashion,Adidas,34930,40829.03,42870.48,12,White,NA,15,4.1,3015,Discontinued
2626,SKU002626,700610557168,IKEA Table,Home,IKEA,2089,2414.04,2534.74,18,Blue,S,19,3.9,2267,Discontinued
2627,SKU002627,311410238479,Nike Jeans,Fashion,Nike,22542,29736.56,31223.39,12,Black,XL,13,3.6,1369,Active
2628,SKU002628,437745471222,Nike Shoes,Fashion,Nike,36922,46058.16,48361.07,12,White,NA,16,3.7,1661,Discontinued
2629,SKU002629,281443269203,Sony Smartphone,Electronics,Sony,49984,65849.2,69141.66,18,White,L,11,3.9,2904,Active
2630,SKU002630,232950265364,Adidas T-Shirt,Fashion,Adidas,42801,57185.27,60044.53,12,Red,NA,8,4.4,3856,Discontinued
2631,SKU002631,219079991309,IKEA Cookware,Home,IKEA,20142,22252.24,23364.85,18,Blue,NA,20,4.3,465,Discontinued
2632,SKU002632,337573348167,Britannia Tea,Groceries,Britannia,19179,22338.04,23454.94,5,White,NA,0,4.3,2353,Active
2633,SKU002633,016648283863,Britannia Milk,Groceries,Britannia,42978,59747.34,62734.71,5,Blue,L,16,3.7,2389,Discontinued
2634,SKU002634,480930408778,Amul Tea,Groceries,Amul,37931,46266.11,48579.42,5,Blue,NA,24,4.7,3638,Discontinued
2635,SKU002635,915882738361,IKEA Table,Home,IKEA,45225,61930.32,65026.84,18,Blue,L,17,3.7,4024,Active
2636,SKU002636,118217510153,Amul Cookies,Groceries,Amul,1283,1696.17,1780.98,5,Red,S,7,4.1,4345,Active
2637,SKU002637,760696457881,Britannia Cookies,Groceries,Britannia,44104,57833.33,60725.0,5,White,XL,5,3.6,2091,Active
2638,SKU002638,665613336337,LG Smart Watch,Electronics,LG,16901,19087.16,20041.52,18,Black,NA,5,5.0,2233,Discontinued
2639,SKU002639,396095182775,Puma Jeans,Fashion,Puma,5074,5647.39,5929.76,12,Red,M,9,4.5,4080,Active
2640,SKU002640,638618057841,Sony Laptop,Electronics,Sony,24236,29011.69,30462.27,18,Red,L,19,3.7,4524,Discontinued
2641,SKU002641,606837520373,Britannia Butter,Groceries,Britannia,40681,49751.64,52239.22,5,Red,L,4,3.8,1522,Active
2642,SKU002642,891487261349,Britannia Tea,Groceries,Britannia,3856,5112.9,5368.55,5,White,XL,6,4.4,187,Discontinued
2643,SKU002643,977864054854,Sony Storage Box,Home,Sony,30339,36516.39,38342.21,18,White,S,21,4.9,2561,Active
2644,SKU002644,146309227973,IKEA Table,Home,IKEA,46743,52952.77,55600.41,18,Blue,NA,6,4.9,899,Active
2645,SKU002645,063103886484,LG Headphones,Electronics,LG,27346,32361.01,33979.06,18,Red,NA,7,4.0,1428,Discontinued
2646,SKU002646,197069191280,Adidas Shoes,Fashion,Adidas,17791,21120.38,22176.4,12,Black,M,1,4.8,574,Discontinued
2647,SKU002647,890148876345,Apple Headphones,Electronics,Apple,24857,33873.14,35566.8,18,White,M,16,3.6,1689,Discontinued
2648,SKU002648,568378238591,Amul Tea,Groceries,Amul,6852,9413.6,9884.28,5,Red,L,4,3.9,4364,Active
2649,SKU002649,166122419474,Sony Cookware,Home,Sony,9511,12429.58,13051.06,18,Black,M,11,3.7,468,Active
2650,SKU002650,301417877025,Nike Shoes,Fashion,Nike,4724,5683.73,5967.92,12,Black,S,5,4.3,4587,Discontinued
2651,SKU002651,181560949040,Adidas Jeans,Fashion,Adidas,29203,36656.73,38489.57,12,White,NA,12,4.2,946,Active
2652,SKU002652,802411278226,Amul Butter,Groceries,Amul,23825,31074.1,32627.81,5,White,M,20,4.1,945,Active
2653,SKU002653,828567741279,Britannia Butter,Groceries,Britannia,32810,42808.9,44949.35,5,Blue,M,18,4.2,796,Active
2654,SKU002654,189655001367,Sony Laptop,Electronics,Sony,15900,18283.51,19197.69,18,White,XL,4,4.0,2787,Discontinued
2655,SKU002655,265940974562,Britannia Cookies,Groceries,Britannia,14111,18610.68,19541.21,5,Blue,XL,22,4.1,3065,Active
2656,SKU002656,740520157734,LG Table,Home,LG,28544,35860.27,37653.28,18,Black,M,8,3.8,4929,Discontinued
2657,SKU002657,912334216098,Samsung Headphones,Electronics,Samsung,46570,54272.98,56986.63,18,Blue,NA,0,3.7,2009,Active
2658,SKU002658,870674659722,LG Cookware,Home,LG,19171,26723.6,28059.78,18,Black,M,17,4.6,880,Active
2659,SKU002659,331184455915,Britannia Cookies,Groceries,Britannia,17303,21645.38,22727.65,5,Blue,XL,24,4.1,1087,Active
2660,SKU002660,828490096345,Britannia Cookies,Groceries,Britannia,23853,26357.26,27675.12,5,White,M,5,4.2,2480,Active
2661,SKU002661,041382865716,Adidas Jacket,Fashion,Adidas,6153,7614.45,7995.17,12,Blue,XL,15,4.0,792,Active
2662,SKU002662,705929202033,IKEA Table,Home,IKEA,13757,16878.37,17722.29,18,Blue,L,23,4.1,287,Active
2663,SKU002663,036945195510,Adidas Jeans,Fashion,Adidas,40124,55737.64,58524.52,12,Blue,M,22,4.0,216,Active
2664,SKU002664,861555659772,Sony Cookware,Home,Sony,16758,23117.44,24273.31,18,White,S,24,4.2,1648,Active
2665,SKU002665,274775727838,Amul Milk,Groceries,Amul,47458,54687.91,57422.31,5,White,S,10,4.7,383,Active
2666,SKU002666,902727078274,Britannia Butter,Groceries,Britannia,30982,41176.92,43235.77,5,White,NA,20,3.9,3771,Active
2667,SKU002667,560416997885,LG Cookware,Home,LG,4297,4835.5,5077.28,18,Black,L,14,3.7,3614,Discontinued
2668,SKU002668,137492084476,Puma Jeans,Fashion,Puma,44497,55589.27,58368.73,12,White,M,19,4.3,4516,Active
2669,SKU002669,435032355363,LG Chair,Home,LG,21524,28888.63,30333.06,18,Black,L,8,3.5,4379,Discontinued
2670,SKU002670,109314399841,Puma Jacket,Fashion,Puma,29095,35470.48,37244.0,12,White,XL,12,4.2,4400,Discontinued
2671,SKU002671,030816573579,Amul Tea,Groceries,Amul,15666,18659.12,19592.08,5,Black,S,11,3.8,761,Discontinued
2672,SKU002672,678647085956,Adidas Shoes,Fashion,Adidas,9748,11884.94,12479.19,12,Red,XL,9,3.6,186,Active
2673,SKU002673,276104872436,Nike T-Shirt,Fashion,Nike,23002,28958.49,30406.41,12,Blue,M,19,4.0,1851,Discontinued
2674,SKU002674,746225199873,Sony Table,Home,Sony,29915,36454.21,38276.92,18,White,M,12,3.7,1897,Discontinued
2675,SKU002675,127660012327,Sony Headphones,Electronics,Sony,46451,55940.02,58737.02,18,Red,L,15,3.8,4429,Active
2676,SKU002676,968304506542,LG Headphones,Electronics,LG,11217,14286.57,15000.9,18,White,S,20,4.6,4488,Active
2677,SKU002677,318358727788,Samsung Smart Watch,Electronics,Samsung,44968,51694.36,54279.08,18,Red,L,17,4.3,2588,Active
2678,SKU002678,753805511419,Britannia Butter,Groceries,Britannia,3766,4837.77,5079.66,5,Black,M,7,4.9,1126,Active
2679,SKU002679,972591836836,Amul Milk,Groceries,Amul,26502,34927.97,36674.37,5,Blue,NA,11,3.8,3641,Discontinued
2680,SKU002680,957124764970,LG Headphones,Electronics,LG,19921,22300.48,23415.5,18,Red,XL,8,3.8,643,Active
2681,SKU002681,420135126602,Britannia Milk,Groceries,Britannia,48074,59302.26,62267.37,5,Black,L,3,4.9,14,Active
2682,SKU002682,438105804606,Sony Smartphone,Electronics,Sony,5962,8071.17,8474.73,18,Blue,NA,12,4.7,2746,Discontinued
2683,SKU002683,642546957777,Samsung Smart Watch,Electronics,Samsung,4577,5698.8,5983.74,18,Red,XL,0,5.0,3473,Active
2684,SKU002684,269067966439,LG Storage Box,Home,LG,48271,62150.9,65258.45,18,Blue,M,6,3.5,2156,Discontinued
2685,SKU002685,143712413088,Adidas Shoes,Fashion,Adidas,38828,54177.74,56886.63,12,Red,NA,16,4.2,66,Active
2686,SKU002686,824666465397,Puma Shoes,Fashion,Puma,20147,25688.9,26973.35,12,White,S,12,4.3,4524,Active
2687,SKU002687,603580338090,LG Cookware,Home,LG,1369,1811.98,1902.58,18,Red,L,17,4.7,1282,Discontinued
2688,SKU002688,461343185530,Britannia Tea,Groceries,Britannia,30444,38039.16,39941.12,5,Red,L,3,3.7,1725,Active
2689,SKU002689,950312148579,Samsung Laptop,Electronics,Samsung,38892,50238.33,52750.25,18,Red,NA,13,3.5,4210,Discontinued
2690,SKU002690,452338998950,Amul Cookies,Groceries,Amul,944,1260.85,1323.89,5,Blue,S,17,4.4,4985,Active
2691,SKU002691,268409767358,Samsung Smart Watch,Electronics,Samsung,8256,10982.42,11531.54,18,Black,L,20,4.5,3830,Active
2692,SKU002692,984705263431,Adidas Shoes,Fashion,Adidas,48224,62375.87,65494.66,12,Red,M,5,4.0,2473,Active
2693,SKU002693,803846578177,Britannia Butter,Groceries,Britannia,21389,26843.14,28185.3,5,White,S,8,4.0,3868,Active
2694,SKU002694,038309036835,Adidas T-Shirt,Fashion,Adidas,24819,34681.73,36415.82,12,Black,NA,24,4.0,1960,Discontinued
2695,SKU002695,985035428252,Sony Chair,Home,Sony,9934,13458.97,14131.92,18,Black,NA,24,3.6,1190,Discontinued
2696,SKU002696,553928788307,Adidas Jacket,Fashion,Adidas,34596,42218.16,44329.07,12,White,S,12,3.5,2477,Active
2697,SKU002697,021392803045,Puma T-Shirt,Fashion,Puma,30098,40751.21,42788.77,12,Blue,S,24,4.6,820,Active
2698,SKU002698,642418383037,Samsung Headphones,Electronics,Samsung,31895,43906.95,46102.3,18,Blue,L,13,3.9,131,Discontinued
2699,SKU002699,685849213222,Nike Shoes,Fashion,Nike,47910,58067.12,60970.48,12,Blue,XL,19,3.6,2786,Active
2700,SKU002700,688931040905,Adidas Jeans,Fashion,Adidas,32582,45353.69,47621.37,12,Red,L,6,4.5,867,Active
2701,SKU002701,584685218498,IKEA Table,Home,IKEA,36504,48886.0,51330.3,18,Blue,NA,18,4.4,756,Discontinued
2702,SKU002702,139520994338,Britannia Milk,Groceries,Britannia,30868,40890.06,42934.56,5,Red,M,14,4.3,2519,Discontinued
2703,SKU002703,232088087098,Samsung Laptop,Electronics,Samsung,37943,46911.07,49256.62,18,Red,L,22,4.0,4423,Active
2704,SKU002704,472565899033,Sony Storage Box,Home,Sony,18067,21272.18,22335.79,18,Black,M,10,3.8,4199,Discontinued
2705,SKU002705,330083052468,LG Headphones,Electronics,LG,36779,43379.22,45548.18,18,White,M,22,4.9,1264,Discontinued
2706,SKU002706,035852998616,LG Storage Box,Home,LG,16059,18672.17,19605.78,18,Black,L,22,4.5,3929,Active
2707,SKU002707,019506680715,Nike Jacket,Fashion,Nike,30429,34554.96,36282.71,12,White,XL,23,4.1,3728,Active
2708,SKU002708,096130224006,Britannia Milk,Groceries,Britannia,39127,51964.46,54562.68,5,Red,NA,19,3.6,3292,Active
2709,SKU002709,210400764696,Sony Table,Home,Sony,18349,25211.25,26471.81,18,White,L,22,4.7,1828,Discontinued
2710,SKU002710,455887369774,Puma Jacket,Fashion,Puma,26505,33269.55,34933.03,12,White,NA,2,4.4,4283,Discontinued
2711,SKU002711,042212821147,LG Laptop,Electronics,LG,5574,6648.13,6980.54,18,Blue,M,19,3.8,932,Active
2712,SKU002712,333812428270,Britannia Butter,Groceries,Britannia,30217,40480.08,42504.08,5,Black,XL,24,4.1,1723,Discontinued
2713,SKU002713,710605615112,Britannia Milk,Groceries,Britannia,10689,12132.7,12739.34,5,Blue,NA,14,4.3,2785,Active
2714,SKU002714,216496894848,Amul Tea,Groceries,Amul,24231,32309.93,33925.43,5,White,NA,14,4.0,3830,Active
2715,SKU002715,294474291859,Britannia Milk,Groceries,Britannia,4193,5810.52,6101.05,5,Black,S,0,4.2,2395,Active
2716,SKU002716,800708684939,Samsung Laptop,Electronics,Samsung,2979,4056.6,4259.43,18,Blue,XL,7,4.9,3527,Active
2717,SKU002717,204777952012,Britannia Tea,Groceries,Britannia,39890,49715.93,52201.73,5,Red,S,19,4.2,1650,Active
2718,SKU002718,894152151136,LG Smart Watch,Electronics,LG,21254,24902.7,26147.84,18,Black,M,23,3.8,688,Active
2719,SKU002719,831428956913,Puma T-Shirt,Fashion,Puma,16757,20802.76,21842.9,12,Black,L,6,3.8,3345,Active
2720,SKU002720,518244861634,Amul Cookies,Groceries,Amul,25549,34157.32,35865.19,5,Black,L,0,4.5,1273,Discontinued
2721,SKU002721,727942358578,LG Smart Watch,Electronics,LG,3411,4116.39,4322.21,18,White,XL,24,4.8,4700,Discontinued
2722,SKU002722,468408102355,Sony Laptop,Electronics,Sony,47208,61473.62,64547.3,18,Red,NA,4,4.0,4248,Discontinued
2723,SKU002723,715350105673,Britannia Butter,Groceries,Britannia,24013,32951.35,34598.92,5,White,NA,0,4.6,296,Active
2724,SKU002724,119182232630,IKEA Chair,Home,IKEA,20705,26665.11,27998.37,18,Blue,L,4,3.6,3496,Active
2725,SKU002725,690588184531,Adidas T-Shirt,Fashion,Adidas,16573,23163.49,24321.66,12,Red,XL,15,4.2,1359,Discontinued
2726,SKU002726,658531772219,Apple Headphones,Electronics,Apple,38023,42591.69,44721.27,18,Red,M,12,3.7,4312,Discontinued
2727,SKU002727,379110687605,Apple Smartphone,Electronics,Apple,18277,21869.24,22962.7,18,Black,L,23,3.9,3467,Active
2728,SKU002728,732577763306,Britannia Butter,Groceries,Britannia,38433,49649.54,52132.02,5,Black,XL,24,3.5,54,Active
2729,SKU002729,093259518438,IKEA Table,Home,IKEA,16334,20112.79,21118.43,18,White,NA,4,4.0,1940,Discontinued
2730,SKU002730,936599576391,Samsung Smart Watch,Electronics,Samsung,8042,10515.38,11041.15,18,White,NA,21,3.6,2146,Active
2731,SKU002731,518929362894,Nike Jeans,Fashion,Nike,24269,28546.58,29973.91,12,Red,M,14,3.8,1435,Active
2732,SKU002732,895194702053,Sony Storage Box,Home,Sony,13150,16788.58,17628.01,18,White,NA,0,4.8,4503,Discontinued
2733,SKU002733,560556148036,LG Laptop,Electronics,LG,40279,44560.27,46788.28,18,Black,L,7,4.4,1740,Discontinued
2734,SKU002734,941533211745,IKEA Chair,Home,IKEA,25755,35144.24,36901.45,18,Black,S,5,4.5,4606,Active
2735,SKU002735,524821161990,Adidas Jacket,Fashion,Adidas,31908,44525.12,46751.38,12,Blue,M,14,3.6,3319,Discontinued
2736,SKU002736,865334628373,Sony Table,Home,Sony,10769,12843.97,13486.17,18,Red,L,6,3.9,1382,Active
2737,SKU002737,700802964087,IKEA Chair,Home,IKEA,29469,38330.56,40247.09,18,Black,XL,1,3.5,216,Active
2738,SKU002738,675989895520,Britannia Milk,Groceries,Britannia,13074,14815.21,15555.97,5,Black,S,15,3.9,4629,Discontinued
2739,SKU002739,204559344138,IKEA Cookware,Home,IKEA,12541,14756.97,15494.82,18,White,S,14,4.6,4686,Active
2740,SKU002740,923452273962,Nike Jacket,Fashion,Nike,7243,10138.43,10645.35,12,Red,S,0,3.9,934,Active
2741,SKU002741,990485641207,LG Storage Box,Home,LG,1398,1755.43,1843.2,18,Blue,S,5,3.5,2788,Discontinued
2742,SKU002742,586624392640,Amul Tea,Groceries,Amul,35725,43086.76,45241.1,5,White,XL,22,4.6,1584,Discontinued
2743,SKU002743,045414200767,Apple Smartphone,Electronics,Apple,22035,28391.36,29810.93,18,Black,M,5,3.9,272,Active
2744,SKU002744,060199434542,Puma Jacket,Fashion,Puma,7346,8784.62,9223.85,12,White,XL,13,4.2,1606,Discontinued
2745,SKU002745,221317299895,Puma Jeans,Fashion,Puma,46261,59257.27,62220.13,12,Blue,M,14,4.6,3801,Discontinued
2746,SKU002746,643370290796,Nike Jeans,Fashion,Nike,36613,42488.51,44612.94,12,Red,XL,6,4.1,2009,Discontinued
2747,SKU002747,639202466906,Samsung Laptop,Electronics,Samsung,6730,7646.86,8029.2,18,Black,S,23,4.6,3952,Discontinued
2748,SKU002748,272338323586,Adidas Jeans,Fashion,Adidas,839,928.35,974.77,12,White,XL,24,4.7,3022,Discontinued
2749,SKU002749,194795011050,Britannia Cookies,Groceries,Britannia,11495,12966.19,13614.5,5,Red,XL,12,4.3,4587,Discontinued
2750,SKU002750,025240595747,Sony Headphones,Electronics,Sony,13365,17860.73,18753.77,18,Black,NA,23,4.9,2131,Active
2751,SKU002751,293637409597,Sony Chair,Home,Sony,3830,4290.02,4504.52,18,Blue,NA,23,4.7,3892,Active
2752,SKU002752,170290181286,Britannia Milk,Groceries,Britannia,12318,16162.15,16970.26,5,White,XL,1,4.1,4309,Active
2753,SKU002753,760907970753,IKEA Chair,Home,IKEA,12599,17517.55,18393.43,18,Black,S,23,4.9,456,Active
2754,SKU002754,145922527528,IKEA Storage Box,Home,IKEA,35765,43495.95,45670.75,18,Red,S,0,3.7,3798,Active
2755,SKU002755,448125947106,Sony Headphones,Electronics,Sony,49922,68735.0,72171.75,18,Blue,XL,10,3.6,642,Active
2756,SKU002756,669292655354,Amul Cookies,Groceries,Amul,24133,31573.88,33152.57,5,Red,XL,7,4.8,304,Discontinued
2757,SKU002757,189514604453,IKEA Cookware,Home,IKEA,16218,20683.06,21717.21,18,Blue,XL,0,4.6,1465,Active
2758,SKU002758,025697040856,Amul Milk,Groceries,Amul,20317,26024.49,27325.71,5,Red,L,2,4.5,196,Discontinued
2759,SKU002759,909057805862,Puma Jeans,Fashion,Puma,9175,12506.63,13131.96,12,Black,L,22,3.7,987,Active
2760,SKU002760,635532545763,Adidas Shoes,Fashion,Adidas,8256,9253.61,9716.29,12,White,L,22,4.7,1240,Discontinued
2761,SKU002761,573084239143,LG Storage Box,Home,LG,35364,41599.46,43679.43,18,Red,L,8,4.6,3830,Active
2762,SKU002762,037268529155,Puma Jeans,Fashion,Puma,34861,43436.6,45608.43,12,Blue,XL,9,4.8,2560,Discontinued
2763,SKU002763,103587819417,Apple Smartphone,Electronics,Apple,39749,45725.73,48012.02,18,White,M,8,4.6,288,Discontinued
2764,SKU002764,534999552389,IKEA Table,Home,IKEA,33775,40770.07,42808.57,18,White,L,11,4.5,2461,Active
2765,SKU002765,867010763387,Britannia Butter,Groceries,Britannia,22487,27861.01,29254.06,5,Red,L,17,3.7,4025,Discontinued
2766,SKU002766,304835251507,Samsung Laptop,Electronics,Samsung,30065,36230.79,38042.33,18,Red,L,14,4.8,88,Active
2767,SKU002767,858751811766,Puma Jeans,Fashion,Puma,38717,43624.69,45805.92,12,Red,NA,18,3.9,4158,Discontinued
2768,SKU002768,218836795739,LG Chair,Home,LG,7982,9357.08,9824.93,18,White,L,0,3.7,2666,Discontinued
2769,SKU002769,843445085693,Amul Milk,Groceries,Amul,7106,9946.81,10444.15,5,Black,S,11,4.4,2265,Discontinued
2770,SKU002770,361493665663,Nike Jeans,Fashion,Nike,48935,55108.12,57863.53,12,Blue,M,4,4.3,1538,Discontinued
2771,SKU002771,693715218869,Sony Table,Home,Sony,14019,17695.98,18580.78,18,White,M,13,4.5,687,Active
2772,SKU002772,068528520279,Samsung Laptop,Electronics,Samsung,31964,39096.04,41050.84,18,Red,XL,9,4.4,4226,Discontinued
2773,SKU002773,239628644390,Apple Smartphone,Electronics,Apple,13218,18242.55,19154.68,18,Blue,S,2,3.6,3160,Discontinued
2774,SKU002774,446521383104,Puma Shoes,Fashion,Puma,3388,4507.01,4732.36,12,White,M,3,4.7,3139,Discontinued
2775,SKU002775,939160814817,Nike Jacket,Fashion,Nike,18172,21783.09,22872.24,12,Blue,S,4,3.9,4919,Active
2776,SKU002776,714389562878,Puma Jeans,Fashion,Puma,20290,28166.54,29574.87,12,Red,NA,2,4.0,862,Active
2777,SKU002777,246826162232,Britannia Cookies,Groceries,Britannia,42432,56701.88,59536.97,5,Blue,L,1,4.7,2972,Discontinued
2778,SKU002778,105951939497,LG Table,Home,LG,9160,11395.85,11965.64,18,Blue,S,16,3.8,1731,Active
2779,SKU002779,247321523074,Amul Tea,Groceries,Amul,40433,46492.8,48817.44,5,Black,S,0,3.7,3457,Discontinued
2780,SKU002780,469277599561,LG Smart Watch,Electronics,LG,11582,12967.11,13615.47,18,White,XL,22,4.7,3889,Active
2781,SKU002781,027009662629,Adidas T-Shirt,Fashion,Adidas,16684,20617.27,21648.13,12,Black,NA,20,4.1,3117,Discontinued
2782,SKU002782,985881530269,Apple Headphones,Electronics,Apple,20457,26271.85,27585.44,18,Black,S,12,4.9,4049,Discontinued
2783,SKU002783,006071052571,Puma Jeans,Fashion,Puma,44989,51525.81,54102.1,12,Red,NA,18,3.9,252,Discontinued
2784,SKU002784,583188538810,Puma Jacket,Fashion,Puma,23479,26854.62,28197.35,12,Red,XL,12,4.8,4901,Discontinued
2785,SKU002785,049401769106,Britannia Butter,Groceries,Britannia,39266,49561.97,52040.07,5,White,M,17,4.9,4133,Discontinued
2786,SKU002786,344823121078,LG Cookware,Home,LG,15076,19132.31,20088.93,18,Blue,M,17,4.8,3585,Active
2787,SKU002787,630210171819,Britannia Tea,Groceries,Britannia,45409,57599.18,60479.14,5,Red,L,24,4.8,4804,Discontinued
2788,SKU002788,128334521630,Britannia Tea,Groceries,Britannia,12873,14790.47,15529.99,5,Red,S,10,4.8,520,Discontinued
2789,SKU002789,415814131972,Puma T-Shirt,Fashion,Puma,8966,10779.5,11318.48,12,Red,NA,2,3.9,175,Active
2790,SKU002790,823175969147,Sony Cookware,Home,Sony,18740,21691.13,22775.69,18,Blue,NA,12,3.6,2115,Active
2791,SKU002791,905907475631,Amul Milk,Groceries,Amul,19832,24397.15,25617.01,5,Blue,XL,1,4.7,1200,Active
2792,SKU002792,661574701251,LG Smart Watch,Electronics,LG,8030,8976.53,9425.36,18,White,NA,8,4.0,4080,Active
2793,SKU002793,591214934530,Amul Cookies,Groceries,Amul,34172,46388.11,48707.52,5,Red,S,22,3.5,1678,Active
2794,SKU002794,891541608238,Britannia Cookies,Groceries,Britannia,3566,4895.59,5140.37,5,Blue,M,10,3.9,4740,Discontinued
2795,SKU002795,503901831435,Nike Shoes,Fashion,Nike,16253,18157.49,19065.36,12,Red,NA,10,4.1,3251,Active
2796,SKU002796,888537983356,Amul Butter,Groceries,Amul,19106,26726.43,28062.75,5,White,NA,1,4.3,4359,Discontinued
2797,SKU002797,099977853282,LG Laptop,Electronics,LG,32369,38309.99,40225.49,18,Red,XL,12,3.9,4855,Discontinued
2798,SKU002798,083872463361,Puma T-Shirt,Fashion,Puma,32254,43845.29,46037.55,12,Blue,XL,19,4.1,3543,Discontinued
2799,SKU002799,157296952827,Adidas T-Shirt,Fashion,Adidas,41814,47596.51,49976.34,12,Black,NA,9,4.2,4921,Active
2800,SKU002800,048445993351,Samsung Smartphone,Electronics,Samsung,11977,15013.06,15763.71,18,Red,NA,3,4.1,1949,Discontinued
2801,SKU002801,636420706137,Nike Shoes,Fashion,Nike,44547,62181.12,65290.18,12,Red,XL,16,3.5,531,Active
2802,SKU002802,004119190167,Britannia Cookies,Groceries,Britannia,24124,31283.08,32847.23,5,Black,S,22,4.4,4930,Active
2803,SKU002803,185247990561,Britannia Milk,Groceries,Britannia,16355,19776.77,20765.61,5,Red,S,9,3.7,4028,Discontinued
2804,SKU002804,251000010756,Amul Tea,Groceries,Amul,27639,36780.48,38619.5,5,White,XL,21,4.0,653,Discontinued
2805,SKU002805,587473554401,Amul Tea,Groceries,Amul,5188,6856.88,7199.72,5,Red,XL,22,4.6,4369,Active
2806,SKU002806,089145296296,Adidas Jacket,Fashion,Adidas,23857,29862.6,31355.73,12,Black,XL,7,3.7,1568,Discontinued
2807,SKU002807,090439209796,Puma T-Shirt,Fashion,Puma,43546,51686.69,54271.02,12,Red,NA,22,4.7,4039,Discontinued
2808,SKU002808,059376417510,Britannia Cookies,Groceries,Britannia,24113,33666.19,35349.5,5,Red,M,1,4.3,3163,Discontinued
2809,SKU002809,027488582404,Amul Tea,Groceries,Amul,18705,22646.28,23778.59,5,Blue,M,17,4.6,1809,Active
2810,SKU002810,351069467849,Nike T-Shirt,Fashion,Nike,40354,47842.33,50234.45,12,Red,S,17,5.0,4582,Discontinued
2811,SKU002811,979322607642,Apple Smart Watch,Electronics,Apple,44311,54314.55,57030.28,18,Blue,NA,7,3.7,1859,Discontinued
2812,SKU002812,425798401809,IKEA Chair,Home,IKEA,49966,60105.73,63111.02,18,Red,L,22,3.5,4459,Discontinued
2813,SKU002813,542468287299,LG Cookware,Home,LG,12579,14553.86,15281.55,18,Black,L,14,4.4,2471,Active
2814,SKU002814,592851084386,LG Storage Box,Home,LG,41369,50502.06,53027.16,18,Black,M,4,4.5,149,Active
2815,SKU002815,037796599354,Adidas Jacket,Fashion,Adidas,16391,19992.24,20991.85,12,White,XL,1,4.2,1862,Active
2816,SKU002816,676834274823,Adidas T-Shirt,Fashion,Adidas,8450,10758.98,11296.93,12,Blue,NA,0,3.6,4320,Discontinued
2817,SKU002817,376299800330,Britannia Milk,Groceries,Britannia,39116,51803.04,54393.19,5,Red,S,14,4.5,2157,Discontinued
2818,SKU002818,576557760336,Britannia Butter,Groceries,Britannia,11142,15063.43,15816.6,5,Blue,L,2,4.0,658,Discontinued
2819,SKU002819,416457910505,IKEA Chair,Home,IKEA,24093,29687.94,31172.34,18,Blue,XL,13,3.8,981,Discontinued
2820,SKU002820,900670497503,Adidas T-Shirt,Fashion,Adidas,15915,18671.66,19605.24,12,Black,NA,5,3.7,3453,Discontinued
2821,SKU002821,903657038981,Samsung Laptop,Electronics,Samsung,35099,42734.86,44871.6,18,Black,S,24,4.7,1061,Active
2822,SKU002822,421967718883,Nike Shoes,Fashion,Nike,44003,52438.71,55060.65,12,Red,L,6,4.3,25,Discontinued
2823,SKU002823,339995848861,Puma Shoes,Fashion,Puma,15567,20545.98,21573.28,12,Red,XL,1,4.1,1163,Active
2824,SKU002824,725846526471,Sony Smart Watch,Electronics,Sony,24493,29378.81,30847.75,18,Black,S,1,4.7,4503,Active
2825,SKU002825,474614200654,Britannia Tea,Groceries,Britannia,40581,46112.09,48417.69,5,Red,NA,23,3.9,1174,Active
2826,SKU002826,918216908309,Sony Table,Home,Sony,20656,25363.92,26632.12,18,Red,NA,12,3.6,4080,Active
2827,SKU002827,774771463545,Britannia Milk,Groceries,Britannia,13359,16836.71,17678.55,5,White,M,6,3.8,3161,Active
2828,SKU002828,247085767923,LG Smart Watch,Electronics,LG,34161,43883.14,46077.3,18,White,L,1,4.7,2554,Discontinued
2829,SKU002829,288329671211,Britannia Milk,Groceries,Britannia,44649,58510.87,61436.41,5,Black,NA,6,4.6,2991,Discontinued
2830,SKU002830,679626983967,Britannia Milk,Groceries,Britannia,47315,60254.68,63267.41,5,White,NA,17,4.2,1840,Active
2831,SKU002831,887232800222,Adidas Jacket,Fashion,Adidas,376,420.46,441.48,12,Blue,L,18,4.9,674,Discontinued
2832,SKU002832,035342014967,LG Storage Box,Home,LG,5138,6131.36,6437.93,18,Black,NA,10,4.2,1463,Active
2833,SKU002833,250818995593,Sony Cookware,Home,Sony,32292,43245.79,45408.08,18,White,NA,10,4.2,3463,Active
2834,SKU002834,866588224270,IKEA Cookware,Home,IKEA,27973,37464.66,39337.89,18,Red,M,0,4.4,1995,Discontinued
2835,SKU002835,769463345001,Sony Storage Box,Home,Sony,11994,13476.0,14149.8,18,Black,S,10,4.1,2625,Active
2836,SKU002836,790917236377,Sony Chair,Home,Sony,24035,26560.21,27888.22,18,Blue,XL,6,4.0,2849,Active
2837,SKU002837,182102975979,Apple Laptop,Electronics,Apple,11814,15527.91,16304.31,18,White,NA,10,4.1,3277,Discontinued
2838,SKU002838,595420260925,Adidas Jacket,Fashion,Adidas,8432,10056.32,10559.14,12,Red,M,14,4.4,1651,Active
2839,SKU002839,887415166021,LG Chair,Home,LG,26816,36327.81,38144.2,18,Red,M,1,4.4,634,Active
2840,SKU002840,389557679396,Sony Chair,Home,Sony,2135,2693.61,2828.29,18,Black,L,17,3.9,1789,Active
2841,SKU002841,654687061272,Amul Butter,Groceries,Amul,10140,12465.49,13088.76,5,White,L,11,4.5,3729,Discontinued
2842,SKU002842,078942924752,Nike Jeans,Fashion,Nike,9612,13255.14,13917.9,12,White,NA,5,4.0,2372,Discontinued
2843,SKU002843,527990164869,Adidas Shoes,Fashion,Adidas,48042,54513.43,57239.1,12,White,NA,19,4.0,2983,Active
2844,SKU002844,577478768173,Britannia Tea,Groceries,Britannia,34689,42469.43,44592.9,5,White,S,5,4.8,759,Active
2845,SKU002845,223475819058,Adidas T-Shirt,Fashion,Adidas,5837,8024.18,8425.39,12,Red,NA,0,4.6,4061,Discontinued
2846,SKU002846,341315109574,Sony Cookware,Home,Sony,46148,61896.03,64990.83,18,Red,M,0,4.9,1752,Active
2847,SKU002847,098854493718,Adidas Shoes,Fashion,Adidas,26754,33481.9,35156.0,12,Blue,M,21,4.0,4083,Discontinued
2848,SKU002848,949151145831,LG Chair,Home,LG,46967,58580.62,61509.65,18,White,NA,10,3.6,953,Active
2849,SKU002849,612470152872,Sony Laptop,Electronics,Sony,30451,34661.53,36394.61,18,White,XL,12,4.2,1802,Discontinued
2850,SKU002850,268626448438,Apple Smartphone,Electronics,Apple,47717,64396.18,67615.99,18,White,M,24,4.7,2495,Discontinued
2851,SKU002851,903734000798,Nike Jacket,Fashion,Nike,24966,29972.95,31471.6,12,Red,NA,1,3.7,2968,Discontinued
2852,SKU002852,520792660008,Apple Smartphone,Electronics,Apple,2934,3304.09,3469.29,18,Red,S,2,3.7,4368,Active
2853,SKU002853,319118020734,Apple Smart Watch,Electronics,Apple,34179,39255.29,41218.05,18,Blue,S,2,4.0,3992,Discontinued
2854,SKU002854,039200328526,Adidas Jeans,Fashion,Adidas,13075,17683.11,18567.27,12,Red,M,20,4.7,2655,Active
2855,SKU002855,350776909951,LG Headphones,Electronics,LG,47214,61880.9,64974.95,18,Red,L,23,4.6,4198,Discontinued
2856,SKU002856,706110211808,Sony Laptop,Electronics,Sony,6546,7245.39,7607.66,18,Black,NA,0,4.5,4558,Discontinued
2857,SKU002857,215566770944,Adidas Jeans,Fashion,Adidas,49623,64556.36,67784.18,12,White,S,14,3.6,3377,Discontinued
2858,SKU002858,837527621949,Samsung Smart Watch,Electronics,Samsung,33555,45487.75,47762.14,18,White,XL,6,3.9,1690,Discontinued
2859,SKU002859,932456304686,Apple Laptop,Electronics,Apple,2334,2836.96,2978.81,18,White,S,3,4.4,1874,Active
2860,SKU002860,005649249764,Britannia Butter,Groceries,Britannia,11947,15154.15,15911.86,5,Black,M,16,4.0,1085,Active
2861,SKU002861,382555158358,Sony Chair,Home,Sony,13124,15949.45,16746.92,18,White,NA,24,3.9,680,Discontinued
2862,SKU002862,695321714535,Apple Laptop,Electronics,Apple,43545,48719.31,51155.28,18,White,M,22,3.8,499,Active
2863,SKU002863,667492890358,LG Storage Box,Home,LG,44744,51134.73,53691.47,18,Black,XL,7,4.0,4822,Active
2864,SKU002864,878404013228,LG Table,Home,LG,47355,57458.26,60331.17,18,Red,S,2,4.6,2162,Active
2865,SKU002865,243957491122,Britannia Butter,Groceries,Britannia,34978,48718.89,51154.83,5,White,L,11,4.0,750,Discontinued
2866,SKU002866,569228083872,Samsung Smartphone,Electronics,Samsung,21673,26974.17,28322.88,18,Red,XL,17,4.3,3645,Discontinued
2867,SKU002867,004016810440,Apple Smartphone,Electronics,Apple,17035,20576.98,21605.83,18,Black,M,20,3.6,1670,Active
2868,SKU002868,241594759975,Puma T-Shirt,Fashion,Puma,222,303.92,319.12,12,Black,S,7,4.7,3135,Active
2869,SKU002869,611085599675,Puma Jacket,Fashion,Puma,37539,49726.02,52212.32,12,Red,XL,10,4.5,4295,Active
2870,SKU002870,971221065096,Puma T-Shirt,Fashion,Puma,41954,51913.61,54509.29,12,Black,XL,15,4.4,1590,Active
2871,SKU002871,533956730325,Sony Headphones,Electronics,Sony,45962,51480.12,54054.13,18,Blue,S,20,3.8,747,Discontinued
2872,SKU002872,972159284788,LG Laptop,Electronics,LG,4926,6465.87,6789.16,18,Black,NA,5,3.5,2364,Active
2873,SKU002873,880623453449,IKEA Chair,Home,IKEA,30711,40372.17,42390.78,18,White,XL,6,4.1,4386,Discontinued
2874,SKU002874,613236889879,Amul Butter,Groceries,Amul,38469,47129.26,49485.72,5,Red,NA,11,4.3,3480,Active
2875,SKU002875,466408954420,LG Smartphone,Electronics,LG,2476,2775.08,2913.83,18,Red,L,8,4.2,1803,Discontinued
2876,SKU002876,697759594715,Sony Smart Watch,Electronics,Sony,49022,59276.93,62240.78,18,Black,M,16,4.7,1673,Active
2877,SKU002877,895735396574,Amul Tea,Groceries,Amul,2151,2380.97,2500.02,5,Red,NA,17,3.8,2440,Discontinued
2878,SKU002878,134599665528,Britannia Milk,Groceries,Britannia,2798,3706.63,3891.96,5,Blue,NA,6,4.7,4972,Active
2879,SKU002879,447508986441,Sony Headphones,Electronics,Sony,19997,26713.89,28049.58,18,Blue,L,6,4.3,3799,Discontinued
2880,SKU002880,136698934522,Britannia Cookies,Groceries,Britannia,16911,20014.09,21014.79,5,Blue,XL,11,4.9,3568,Active
2881,SKU002881,560615383877,Apple Smart Watch,Electronics,Apple,16209,18308.87,19224.31,18,Blue,L,23,4.6,966,Active
2882,SKU002882,530701131504,Adidas Jacket,Fashion,Adidas,11214,13398.78,14068.72,12,Red,M,15,3.8,2853,Active
2883,SKU002883,492765430896,Adidas Jacket,Fashion,Adidas,42527,50982.66,53531.79,12,Black,M,19,4.5,166,Discontinued
2884,SKU002884,549065759486,Britannia Cookies,Groceries,Britannia,18996,22796.36,23936.18,5,Red,XL,0,3.8,4693,Active
2885,SKU002885,929622579268,LG Laptop,Electronics,LG,630,696.75,731.59,18,White,S,3,4.7,4198,Discontinued
2886,SKU002886,664952854221,Apple Headphones,Electronics,Apple,4022,4849.15,5091.61,18,Black,NA,18,4.2,1616,Active
2887,SKU002887,471078759788,Apple Smart Watch,Electronics,Apple,18951,25894.56,27189.29,18,Blue,M,2,3.8,201,Active
2888,SKU002888,775771501119,IKEA Storage Box,Home,IKEA,42167,50308.91,52824.36,18,Red,L,20,4.4,4919,Active
2889,SKU002889,351857145955,Amul Tea,Groceries,Amul,42440,59079.52,62033.5,5,Red,NA,10,3.7,1239,Discontinued
2890,SKU002890,137627702621,Adidas Jeans,Fashion,Adidas,15719,20642.98,21675.13,12,Blue,NA,1,4.7,3042,Active
2891,SKU002891,112192039621,Sony Smart Watch,Electronics,Sony,25276,34793.75,36533.44,18,Blue,L,23,4.9,1093,Active
2892,SKU002892,967055450081,Sony Chair,Home,Sony,21640,24584.81,25814.05,18,Blue,NA,22,4.7,299,Active
2893,SKU002893,376818993560,Sony Table,Home,Sony,5469,6764.83,7103.07,18,Black,NA,14,4.6,4627,Active
2894,SKU002894,080500764619,Apple Smartphone,Electronics,Apple,32059,37381.89,39250.98,18,Blue,M,12,3.7,2114,Discontinued
2895,SKU002895,638322613027,Britannia Tea,Groceries,Britannia,41143,50686.32,53220.64,5,Red,M,5,4.1,505,Active
2896,SKU002896,566390765733,Nike Shoes,Fashion,Nike,20412,28087.55,29491.93,12,Black,NA,17,3.5,4345,Discontinued
2897,SKU002897,726864599418,Nike T-Shirt,Fashion,Nike,28863,36023.99,37825.19,12,Red,S,4,4.1,2093,Discontinued
2898,SKU002898,249433549166,Adidas Jacket,Fashion,Adidas,10604,14234.82,14946.56,12,White,M,4,3.6,433,Discontinued
2899,SKU002899,098608419167,Britannia Milk,Groceries,Britannia,25561,32609.91,34240.41,5,Blue,XL,20,5.0,4903,Active
2900,SKU002900,432716580392,Sony Chair,Home,Sony,8545,10314.02,10829.72,18,Red,S,4,4.2,1574,Active
2901,SKU002901,233770713372,IKEA Storage Box,Home,IKEA,7734,8786.04,9225.34,18,Black,XL,8,4.2,3705,Discontinued
2902,SKU002902,411856332516,LG Cookware,Home,LG,28033,34820.51,36561.54,18,Blue,S,23,3.6,515,Active
2903,SKU002903,497085857430,Samsung Smartphone,Electronics,Samsung,21148,23506.48,24681.8,18,Black,S,10,3.7,3187,Active
2904,SKU002904,930391597525,Adidas Shoes,Fashion,Adidas,8891,10834.02,11375.72,12,Blue,NA,18,3.8,3994,Discontinued
2905,SKU002905,060784853617,Puma Jacket,Fashion,Puma,11781,13714.05,14399.75,12,White,NA,12,4.8,3399,Active
2906,SKU002906,564454287691,Sony Storage Box,Home,Sony,8505,9553.41,10031.08,18,Black,S,4,4.9,514,Active
2907,SKU002907,781888639868,LG Storage Box,Home,LG,27511,30923.5,32469.68,18,Black,NA,24,3.6,3562,Active
2908,SKU002908,048341264868,LG Laptop,Electronics,LG,34462,39493.43,41468.1,18,Red,S,16,4.7,2194,Active
2909,SKU002909,995087995769,Amul Butter,Groceries,Amul,46459,52040.51,54642.54,5,Red,L,24,3.8,1896,Active
2910,SKU002910,811214342521,LG Laptop,Electronics,LG,28921,36034.16,37835.87,18,Red,M,19,3.8,563,Active
2911,SKU002911,141867187965,Britannia Tea,Groceries,Britannia,27310,34880.23,36624.24,5,Black,NA,18,4.9,2382,Active
2912,SKU002912,586474866875,IKEA Chair,Home,IKEA,4093,5372.22,5640.83,18,Red,M,14,3.6,4405,Active
2913,SKU002913,183690104933,Puma Shoes,Fashion,Puma,8747,11231.33,11792.9,12,White,XL,2,4.9,3472,Active
2914,SKU002914,169515764392,IKEA Cookware,Home,IKEA,28776,38491.49,40416.06,18,Red,NA,2,4.0,467,Active
2915,SKU002915,991703397617,LG Chair,Home,LG,46265,55564.44,58342.66,18,White,S,17,4.8,2035,Active
2916,SKU002916,768858818912,IKEA Chair,Home,IKEA,24204,28503.34,29928.51,18,Black,S,12,3.6,3687,Active
2917,SKU002917,946966873938,LG Laptop,Electronics,LG,15750,18597.57,19527.45,18,White,XL,16,4.3,2678,Discontinued
2918,SKU002918,938214340713,Nike T-Shirt,Fashion,Nike,29650,35725.95,37512.25,12,White,M,12,4.3,2763,Discontinued
2919,SKU002919,392188720267,Adidas T-Shirt,Fashion,Adidas,27922,32250.5,33863.03,12,White,M,13,4.4,4263,Discontinued
2920,SKU002920,953841593232,Amul Butter,Groceries,Amul,22597,25211.35,26471.92,5,White,M,20,4.4,2164,Active
2921,SKU002921,314039924889,Amul Cookies,Groceries,Amul,24687,30072.02,31575.62,5,Blue,L,24,4.5,778,Discontinued
2922,SKU002922,907030661966,Nike T-Shirt,Fashion,Nike,2709,3342.57,3509.7,12,Black,S,4,5.0,255,Discontinued
2923,SKU002923,658538972461,Apple Headphones,Electronics,Apple,40106,49078.37,51532.29,18,Black,S,5,4.7,1854,Active
2924,SKU002924,385004913580,Britannia Tea,Groceries,Britannia,45042,62355.06,65472.81,5,Black,NA,6,4.6,828,Discontinued
2925,SKU002925,726876336075,Britannia Milk,Groceries,Britannia,13904,15638.58,16420.51,5,Black,M,20,4.7,3443,Active
2926,SKU002926,943237388558,Amul Butter,Groceries,Amul,41596,56311.12,59126.68,5,Blue,L,23,4.7,4194,Active
2927,SKU002927,187121169932,Nike Shoes,Fashion,Nike,8240,11160.75,11718.79,12,White,M,16,3.6,2958,Active
2928,SKU002928,593964700105,Sony Storage Box,Home,Sony,46992,57814.95,60705.7,18,Blue,L,6,4.9,631,Active
2929,SKU002929,363956640904,Sony Headphones,Electronics,Sony,7742,10075.12,10578.88,18,Blue,L,1,4.6,293,Discontinued
2930,SKU002930,933880008272,Adidas Jeans,Fashion,Adidas,8147,10786.64,11325.97,12,Red,L,23,4.0,799,Active
2931,SKU002931,660804659473,Nike Shoes,Fashion,Nike,43791,56236.66,59048.49,12,Red,M,9,4.1,4407,Discontinued
2932,SKU002932,245132378073,Samsung Smart Watch,Electronics,Samsung,36960,46114.23,48419.94,18,Red,S,10,3.9,849,Active
2933,SKU002933,340727197123,Adidas Jeans,Fashion,Adidas,5874,6708.4,7043.82,12,White,NA,21,4.0,4076,Active
2934,SKU002934,768624049301,Britannia Butter,Groceries,Britannia,22667,30007.59,31507.97,5,Blue,L,0,4.1,64,Active
2935,SKU002935,048350822060,Britannia Milk,Groceries,Britannia,22527,31367.51,32935.89,5,Blue,NA,22,4.4,4371,Active
2936,SKU002936,274356491465,Apple Laptop,Electronics,Apple,38767,45011.07,47261.62,18,White,XL,2,3.7,179,Active
2937,SKU002937,463341777694,Adidas T-Shirt,Fashion,Adidas,35415,39465.22,41438.48,12,Black,S,17,4.2,3927,Active
2938,SKU002938,548899222430,Puma T-Shirt,Fashion,Puma,37451,43063.23,45216.39,12,White,L,23,4.2,2199,Active
2939,SKU002939,630419965647,Britannia Milk,Groceries,Britannia,17980,24397.48,25617.35,5,Red,XL,3,4.0,3519,Active
2940,SKU002940,001925850359,LG Table,Home,LG,31664,42679.75,44813.74,18,Blue,L,8,3.6,1493,Discontinued
2941,SKU002941,665887152938,Nike Jeans,Fashion,Nike,42563,56481.98,59306.08,12,Blue,NA,14,4.9,4773,Discontinued
2942,SKU002942,957625249048,Adidas Jeans,Fashion,Adidas,36333,48217.44,50628.31,12,Blue,NA,18,4.7,1316,Active
2943,SKU002943,605575968838,Sony Smartphone,Electronics,Sony,23140,31215.7,32776.49,18,White,S,24,4.1,2034,Active
2944,SKU002944,121081928128,Apple Smart Watch,Electronics,Apple,46115,61807.56,64897.94,18,Blue,NA,19,4.5,824,Active
2945,SKU002945,221668517696,Britannia Milk,Groceries,Britannia,44682,50534.64,53061.37,5,White,S,5,4.5,4154,Discontinued
2946,SKU002946,282636999443,Amul Butter,Groceries,Amul,16705,19022.98,19974.13,5,Blue,S,12,3.8,760,Discontinued
2947,SKU002947,236740816811,Samsung Smartphone,Electronics,Samsung,8162,10345.19,10862.45,18,Blue,XL,14,3.6,3050,Active
2948,SKU002948,430180541026,Samsung Smart Watch,Electronics,Samsung,23084,27125.56,28481.84,18,Red,NA,10,4.2,4120,Discontinued
2949,SKU002949,514736938623,Samsung Headphones,Electronics,Samsung,28684,34119.77,35825.76,18,White,M,12,4.4,1341,Active
2950,SKU002950,053115175369,LG Table,Home,LG,23538,32632.5,34264.12,18,White,L,14,4.5,3421,Discontinued
2951,SKU002951,733304874465,Amul Tea,Groceries,Amul,29341,32532.45,34159.07,5,Red,L,7,4.8,2574,Active
2952,SKU002952,252927679585,Nike Jacket,Fashion,Nike,42268,51577.72,54156.61,12,Black,NA,8,4.0,2500,Active
2953,SKU002953,032193506109,Sony Smart Watch,Electronics,Sony,12902,16605.55,17435.83,18,Red,S,19,3.6,1152,Discontinued
2954,SKU002954,146076996859,Puma T-Shirt,Fashion,Puma,30782,40977.81,43026.7,12,Red,S,21,4.2,2473,Discontinued
2955,SKU002955,973399354691,IKEA Table,Home,IKEA,46718,57722.47,60608.59,18,Red,L,9,3.8,1139,Active
2956,SKU002956,136168283670,LG Chair,Home,LG,2962,3917.22,4113.08,18,Red,L,17,4.8,3277,Discontinued
2957,SKU002957,731358652131,Sony Storage Box,Home,Sony,23678,29898.32,31393.24,18,White,XL,13,4.5,3941,Discontinued
2958,SKU002958,517855437665,Sony Smartphone,Electronics,Sony,39829,48703.16,51138.32,18,White,M,19,4.8,1780,Active
2959,SKU002959,792885810483,Britannia Milk,Groceries,Britannia,36518,41213.37,43274.04,5,Blue,NA,13,4.8,2726,Discontinued
2960,SKU002960,209272458339,Nike Shoes,Fashion,Nike,16792,19193.47,20153.14,12,White,S,6,4.8,993,Discontinued
2961,SKU002961,281389433263,Britannia Cookies,Groceries,Britannia,42058,54014.84,56715.58,5,Black,L,22,4.4,394,Discontinued
2962,SKU002962,271097967417,IKEA Table,Home,IKEA,2822,3864.83,4058.07,18,Red,NA,19,4.3,4134,Active
2963,SKU002963,660519143803,Sony Laptop,Electronics,Sony,15203,18720.91,19656.96,18,White,S,3,4.1,4836,Active
2964,SKU002964,643474151233,Samsung Smartphone,Electronics,Samsung,43633,55153.06,57910.71,18,White,NA,20,5.0,3964,Discontinued
2965,SKU002965,803556323840,Britannia Tea,Groceries,Britannia,42132,55703.5,58488.68,5,Red,XL,3,3.8,1915,Discontinued
2966,SKU002966,613259123343,Nike Jacket,Fashion,Nike,23700,28880.64,30324.67,12,Black,NA,20,3.9,2846,Discontinued
2967,SKU002967,394642528676,Puma T-Shirt,Fashion,Puma,24315,30312.42,31828.04,12,Red,S,12,4.0,3842,Discontinued
2968,SKU002968,323734428987,Sony Cookware,Home,Sony,15002,19654.22,20636.93,18,Red,NA,5,3.7,3488,Active
2969,SKU002969,187379846231,Britannia Tea,Groceries,Britannia,41581,53603.19,56283.35,5,Red,L,18,4.3,1135,Active
2970,SKU002970,272209417208,Britannia Tea,Groceries,Britannia,12010,15999.73,16799.72,5,Blue,M,15,4.4,3227,Discontinued
2971,SKU002971,936529812029,LG Chair,Home,LG,6723,8765.33,9203.6,18,Red,NA,11,4.0,1603,Active
2972,SKU002972,802664268372,Britannia Cookies,Groceries,Britannia,37888,44228.09,46439.49,5,White,XL,9,4.7,4266,Active
2973,SKU002973,298435678957,IKEA Storage Box,Home,IKEA,9691,11077.75,11631.64,18,White,S,4,4.8,895,Active
2974,SKU002974,398272606315,Adidas Jacket,Fashion,Adidas,20908,26281.95,27596.05,12,Black,M,7,5.0,2138,Discontinued
2975,SKU002975,412160179510,IKEA Chair,Home,IKEA,18523,21059.19,22112.15,18,Black,L,21,4.1,3560,Discontinued
2976,SKU002976,454336615030,Sony Storage Box,Home,Sony,46463,55026.49,57777.81,18,Red,L,21,3.8,2031,Discontinued
2977,SKU002977,013733090719,IKEA Cookware,Home,IKEA,41741,47161.7,49519.78,18,White,M,9,3.8,1078,Active
2978,SKU002978,445220744665,Adidas Jacket,Fashion,Adidas,10393,13239.18,13901.14,12,Black,L,17,3.8,3482,Active
2979,SKU002979,222427079476,Nike Jeans,Fashion,Nike,19322,21869.18,22962.64,12,Black,L,12,3.7,3995,Active
2980,SKU002980,143167961155,LG Chair,Home,LG,44914,60205.61,63215.89,18,Blue,L,15,3.9,4653,Discontinued
2981,SKU002981,653723046567,Apple Laptop,Electronics,Apple,3508,4596.82,4826.66,18,Blue,L,22,3.7,2972,Active
2982,SKU002982,416880124347,Nike T-Shirt,Fashion,Nike,43551,48882.93,51327.08,12,Black,XL,23,3.8,4574,Discontinued
2983,SKU002983,079357073821,LG Chair,Home,LG,37099,50571.36,53099.93,18,White,NA,12,4.5,162,Active
2984,SKU002984,272818479277,Apple Laptop,Electronics,Apple,40675,49924.25,52420.46,18,Red,M,15,4.5,2044,Active
2985,SKU002985,888139830125,Samsung Laptop,Electronics,Samsung,4399,5530.61,5807.14,18,Blue,S,14,4.8,2589,Active
2986,SKU002986,931075027738,IKEA Cookware,Home,IKEA,26725,31796.79,33386.63,18,Black,M,21,3.7,3903,Discontinued
2987,SKU002987,602074737309,Amul Milk,Groceries,Amul,36568,47827.82,50219.21,5,Black,XL,5,3.5,1521,Active
2988,SKU002988,680659622983,Sony Storage Box,Home,Sony,4707,5673.28,5956.94,18,Black,L,20,4.2,4595,Discontinued
2989,SKU002989,405472932694,IKEA Storage Box,Home,IKEA,1802,2114.22,2219.93,18,Red,S,8,3.8,1762,Discontinued
2990,SKU002990,285374033669,Nike Jacket,Fashion,Nike,13532,15375.84,16144.63,12,Red,L,17,4.5,3205,Discontinued
2991,SKU002991,342097302219,Amul Butter,Groceries,Amul,47775,61411.56,64482.14,5,Blue,M,6,5.0,365,Active
2992,SKU002992,617963470555,Nike Shoes,Fashion,Nike,24908,28284.05,29698.25,12,Blue,M,3,3.7,163,Discontinued
2993,SKU002993,052148870907,Samsung Laptop,Electronics,Samsung,25222,28624.91,30056.16,18,Red,L,21,4.1,919,Discontinued
2994,SKU002994,453501059212,IKEA Storage Box,Home,IKEA,10687,12799.32,13439.29,18,Blue,NA,4,3.7,4532,Discontinued
2995,SKU002995,322420175897,Sony Storage Box,Home,Sony,6909,8829.89,9271.38,18,Red,L,15,4.5,2551,Discontinued
2996,SKU002996,354569938605,IKEA Chair,Home,IKEA,18348,22797.69,23937.57,18,Black,XL,2,3.9,4931,Active
2997,SKU002997,214083699453,Samsung Smart Watch,Electronics,Samsung,13107,17981.97,18881.07,18,White,S,19,4.4,2659,Active
2998,SKU002998,689486857185,IKEA Chair,Home,IKEA,11852,16103.0,16908.15,18,Black,M,20,4.4,596,Active
2999,SKU002999,199911472049,Puma T-Shirt,Fashion,Puma,35771,42658.67,44791.6,12,Black,NA,0,3.9,1600,Discontinued
3000,SKU003000,807501920112,Apple Laptop,Electronics,Apple,604,710.23,745.74,18,Black,XL,11,4.7,4824,Active
3001,SKU003001,889283526370,Puma Shoes,Fashion,Puma,5058,6631.27,6962.83,12,Red,M,19,3.9,3651,Active
3002,SKU003002,065389537967,Britannia Tea,Groceries,Britannia,2396,3345.09,3512.34,5,Red,S,10,4.6,633,Discontinued
3003,SKU003003,651163981206,Amul Tea,Groceries,Amul,11614,14220.82,14931.86,5,Red,NA,11,4.3,3371,Active
3004,SKU003004,837274157688,Puma Jacket,Fashion,Puma,4722,5266.0,5529.3,12,White,XL,20,3.9,1421,Active
3005,SKU003005,697787655024,Sony Smartphone,Electronics,Sony,28277,39363.07,41331.22,18,White,NA,13,4.3,2612,Discontinued
3006,SKU003006,113173202982,LG Chair,Home,LG,8402,9868.57,10362.0,18,Black,XL,19,3.6,3855,Discontinued
3007,SKU003007,380160709424,Adidas T-Shirt,Fashion,Adidas,16789,21966.89,23065.23,12,Black,L,3,4.7,195,Discontinued
3008,SKU003008,459876891031,Adidas T-Shirt,Fashion,Adidas,28854,32490.49,34115.01,12,Red,XL,3,3.8,1867,Active
3009,SKU003009,712579036041,Puma Shoes,Fashion,Puma,12686,14423.67,15144.85,12,Blue,L,0,3.7,3945,Active
3010,SKU003010,276984186950,Sony Smartphone,Electronics,Sony,10271,12196.91,12806.76,18,Red,NA,9,4.9,2003,Active
3011,SKU003011,975311804655,LG Storage Box,Home,LG,20870,24832.97,26074.62,18,Black,XL,1,4.6,4963,Active
3012,SKU003012,170364407313,Amul Tea,Groceries,Amul,37214,47744.72,50131.96,5,Black,M,13,4.3,3117,Active
3013,SKU003013,955147976542,Amul Butter,Groceries,Amul,11447,12832.16,13473.77,5,Red,NA,15,3.6,3958,Active
3014,SKU003014,322150317728,Britannia Tea,Groceries,Britannia,39130,53928.01,56624.41,5,White,XL,16,4.9,762,Discontinued
3015,SKU003015,859554727994,Amul Cookies,Groceries,Amul,26788,30921.49,32467.56,5,Black,L,8,4.1,2297,Active
3016,SKU003016,767424714478,Sony Cookware,Home,Sony,17608,21261.44,22324.51,18,Blue,L,17,4.0,3624,Active
3017,SKU003017,560231447346,Apple Smartphone,Electronics,Apple,40721,49749.32,52236.79,18,Blue,S,24,4.1,1260,Discontinued
3018,SKU003018,926553153929,Sony Smartphone,Electronics,Sony,40421,49957.31,52455.18,18,Black,XL,12,4.7,1210,Discontinued
3019,SKU003019,035313339555,Apple Laptop,Electronics,Apple,20732,28966.18,30414.49,18,Black,XL,7,3.9,1637,Active
3020,SKU003020,583457296326,Britannia Cookies,Groceries,Britannia,16236,21256.32,22319.14,5,Red,S,22,3.8,3913,Active
3021,SKU003021,931409418209,Nike Jeans,Fashion,Nike,14139,19540.48,20517.5,12,Black,M,17,3.9,4886,Discontinued
3022,SKU003022,164386901112,Britannia Cookies,Groceries,Britannia,6464,8942.94,9390.09,5,Blue,NA,1,3.5,3031,Active
3023,SKU003023,200147152935,Amul Cookies,Groceries,Amul,46018,60029.43,63030.9,5,Black,S,3,4.4,2645,Active
3024,SKU003024,842623679661,Samsung Headphones,Electronics,Samsung,9158,10548.18,11075.59,18,Black,M,20,4.3,4663,Discontinued
3025,SKU003025,071968467068,Apple Smart Watch,Electronics,Apple,32536,40409.97,42430.47,18,Red,XL,13,4.1,197,Active
3026,SKU003026,610624719613,Nike Shoes,Fashion,Nike,21446,28795.58,30235.36,12,White,L,10,3.7,4713,Discontinued
3027,SKU003027,164181581262,Amul Cookies,Groceries,Amul,12216,13956.06,14653.86,5,White,M,9,5.0,457,Active
3028,SKU003028,020238895936,Puma Shoes,Fashion,Puma,16004,18552.68,19480.31,12,Red,XL,14,4.5,2874,Active
3029,SKU003029,617745921084,Sony Cookware,Home,Sony,16753,19626.18,20607.49,18,Blue,S,13,4.4,4435,Discontinued
3030,SKU003030,850375920472,LG Cookware,Home,LG,40186,54889.07,57633.52,18,Blue,M,7,3.7,1955,Discontinued
3031,SKU003031,537481728205,Sony Storage Box,Home,Sony,11340,14741.57,15478.65,18,White,NA,15,4.7,3182,Discontinued
3032,SKU003032,976111460545,Amul Milk,Groceries,Amul,39072,44028.81,46230.25,5,White,M,7,4.2,2362,Discontinued
3033,SKU003033,280356734643,Adidas Jeans,Fashion,Adidas,5357,7045.88,7398.17,12,Blue,S,24,4.3,3413,Active
3034,SKU003034,381399745531,LG Smart Watch,Electronics,LG,22792,25933.68,27230.36,18,Red,XL,20,3.8,1970,Active
3035,SKU003035,804811155883,IKEA Cookware,Home,IKEA,28203,37531.34,39407.91,18,Black,M,6,5.0,1160,Discontinued
3036,SKU003036,551598302415,LG Cookware,Home,LG,7296,9008.37,9458.79,18,Red,XL,13,4.1,1467,Active
3037,SKU003037,257626867673,IKEA Table,Home,IKEA,6669,9218.06,9678.96,18,Red,XL,3,3.8,2613,Discontinued
3038,SKU003038,135475334194,Puma T-Shirt,Fashion,Puma,47473,65962.65,69260.78,12,Black,S,4,4.7,4033,Active
3039,SKU003039,886329254520,Britannia Tea,Groceries,Britannia,19230,25600.31,26880.33,5,Black,NA,4,3.8,4215,Active
3040,SKU003040,060608176797,Adidas T-Shirt,Fashion,Adidas,4440,4965.73,5214.02,12,Blue,L,10,4.3,1417,Active
3041,SKU003041,962619159669,Amul Cookies,Groceries,Amul,29617,36315.48,38131.25,5,Red,XL,3,4.8,2632,Active
3042,SKU003042,985594696012,Samsung Smartphone,Electronics,Samsung,41169,51099.32,53654.29,18,Red,L,11,4.5,4595,Discontinued
3043,SKU003043,167744489551,IKEA Cookware,Home,IKEA,5234,6339.64,6656.62,18,Red,XL,16,3.8,459,Active
3044,SKU003044,471737259781,Puma Jacket,Fashion,Puma,4571,5983.92,6283.12,12,Blue,S,5,4.4,2680,Discontinued
3045,SKU003045,009653121365,Samsung Headphones,Electronics,Samsung,7132,9379.06,9848.01,18,White,XL,2,3.6,4495,Active
3046,SKU003046,752983461147,LG Smartphone,Electronics,LG,20789,25620.36,26901.38,18,White,L,22,3.7,3551,Active
3047,SKU003047,749721526302,Britannia Butter,Groceries,Britannia,34490,38644.19,40576.4,5,White,M,22,4.5,417,Active
3048,SKU003048,247020213110,LG Table,Home,LG,35783,40772.6,42811.23,18,Blue,L,24,4.9,2443,Active
3049,SKU003049,739299360996,Apple Smart Watch,Electronics,Apple,17582,20355.87,21373.66,18,Blue,NA,22,4.6,1287,Active
3050,SKU003050,252408832660,Puma Shoes,Fashion,Puma,1841,2087.13,2191.49,12,Red,L,6,4.6,3024,Active
3051,SKU003051,543125896224,LG Storage Box,Home,LG,21512,28829.02,30270.47,18,Blue,S,4,4.9,4875,Active
3052,SKU003052,382763808955,Adidas Shoes,Fashion,Adidas,3891,4514.28,4739.99,12,Red,S,22,4.5,4743,Active
3053,SKU003053,401595715950,LG Headphones,Electronics,LG,39589,50752.04,53289.64,18,Blue,XL,4,4.1,4693,Discontinued
3054,SKU003054,358214002421,Samsung Smart Watch,Electronics,Samsung,9532,12520.13,13146.14,18,White,S,4,4.0,2691,Active
3055,SKU003055,439829984588,Sony Laptop,Electronics,Sony,30824,35204.2,36964.41,18,White,M,0,3.9,1684,Active
3056,SKU003056,718303021207,LG Storage Box,Home,LG,31781,35690.59,37475.12,18,White,M,5,4.2,1099,Active
3057,SKU003057,315371203511,Sony Cookware,Home,Sony,39044,45336.64,47603.47,18,Blue,XL,22,4.0,4905,Active
3058,SKU003058,413763471950,Nike Jeans,Fashion,Nike,1230,1370.75,1439.29,12,White,M,10,4.9,3470,Discontinued
3059,SKU003059,421247759332,Britannia Tea,Groceries,Britannia,21997,28960.91,30408.96,5,Black,M,19,4.1,3002,Active
3060,SKU003060,681450239183,Puma Shoes,Fashion,Puma,21354,23809.05,24999.5,12,White,S,10,4.9,1209,Active
3061,SKU003061,814138900235,Adidas Jeans,Fashion,Adidas,19909,26561.05,27889.1,12,Black,M,24,5.0,4643,Active
3062,SKU003062,630871691279,Britannia Milk,Groceries,Britannia,31458,37592.71,39472.35,5,Red,S,15,4.1,4619,Active
3063,SKU003063,121558537339,Britannia Cookies,Groceries,Britannia,28778,36272.05,38085.65,5,Black,M,19,4.4,523,Discontinued
3064,SKU003064,409059073469,LG Smartphone,Electronics,LG,15364,18385.04,19304.29,18,Red,NA,4,4.3,1567,Discontinued
3065,SKU003065,694016741044,LG Smart Watch,Electronics,LG,9370,13044.18,13696.39,18,White,NA,23,4.4,3648,Active
3066,SKU003066,635542656346,Adidas Shoes,Fashion,Adidas,31387,35522.6,37298.73,12,White,L,14,4.1,3516,Active
3067,SKU003067,887952474443,LG Headphones,Electronics,LG,10669,14874.71,15618.45,18,White,NA,16,4.3,4846,Discontinued
3068,SKU003068,932742935154,Britannia Cookies,Groceries,Britannia,22930,30658.76,32191.7,5,Black,S,17,3.9,4480,Active
3069,SKU003069,089309994359,Sony Cookware,Home,Sony,46619,51670.62,54254.15,18,Red,NA,19,4.8,1559,Active
3070,SKU003070,178501233224,Nike Jacket,Fashion,Nike,10403,12228.11,12839.52,12,Black,M,5,3.8,3053,Active
3071,SKU003071,472850317084,Amul Cookies,Groceries,Amul,1422,1610.32,1690.84,5,Black,XL,9,3.9,935,Active
3072,SKU003072,753435403044,Puma Shoes,Fashion,Puma,15887,18788.79,19728.23,12,Blue,NA,6,4.3,4336,Active
3073,SKU003073,240918017238,Britannia Milk,Groceries,Britannia,21267,26984.03,28333.23,5,Blue,L,14,3.9,110,Active
3074,SKU003074,016353337410,Sony Smartphone,Electronics,Sony,19136,24898.03,26142.93,18,Red,XL,22,3.8,345,Active
3075,SKU003075,816799454075,Amul Cookies,Groceries,Amul,8945,10679.18,11213.14,5,Black,S,1,4.3,2984,Discontinued
3076,SKU003076,165927296921,LG Headphones,Electronics,LG,10140,12500.87,13125.91,18,Blue,S,24,3.9,754,Active
3077,SKU003077,819976135623,Amul Butter,Groceries,Amul,33154,40845.41,42887.68,5,Black,L,11,4.1,2423,Active
3078,SKU003078,122390386696,Apple Laptop,Electronics,Apple,31846,35213.31,36973.98,18,Black,M,19,4.1,3345,Discontinued
3079,SKU003079,353515238842,Sony Headphones,Electronics,Sony,15431,21313.29,22378.95,18,Blue,S,17,4.9,3324,Discontinued
3080,SKU003080,572071118732,Adidas Shoes,Fashion,Adidas,5740,7270.53,7634.06,12,Red,NA,15,4.9,4650,Active
3081,SKU003081,666228316434,Adidas Shoes,Fashion,Adidas,43755,59867.51,62860.89,12,Black,S,21,4.8,1233,Discontinued
3082,SKU003082,618797700095,Apple Smart Watch,Electronics,Apple,35170,42845.42,44987.69,18,Black,XL,23,3.8,3000,Active
3083,SKU003083,233104691344,LG Table,Home,LG,25934,35311.69,37077.27,18,Blue,XL,12,3.8,2348,Discontinued
3084,SKU003084,964142745645,LG Smart Watch,Electronics,LG,19117,24938.36,26185.28,18,Blue,XL,12,5.0,1173,Discontinued
3085,SKU003085,397231043577,Sony Smart Watch,Electronics,Sony,48240,57061.07,59914.12,18,Red,S,6,4.3,2887,Discontinued
3086,SKU003086,902538745517,Britannia Butter,Groceries,Britannia,9364,11988.37,12587.79,5,Black,S,21,4.6,56,Active
3087,SKU003087,092752159397,Britannia Tea,Groceries,Britannia,29368,34152.74,35860.38,5,White,NA,23,3.8,2411,Active
3088,SKU003088,695705825628,Samsung Smart Watch,Electronics,Samsung,12195,15660.43,16443.45,18,White,XL,14,4.0,2827,Discontinued
3089,SKU003089,637415906980,Puma Jacket,Fashion,Puma,2895,3691.34,3875.91,12,White,NA,5,4.1,3932,Active
3090,SKU003090,682118846363,Puma Shoes,Fashion,Puma,33182,43490.43,45664.95,12,White,NA,23,3.7,2861,Active
3091,SKU003091,528661528302,Nike Shoes,Fashion,Nike,21669,30076.42,31580.24,12,Blue,NA,20,5.0,4626,Discontinued
3092,SKU003092,232393978454,Adidas Shoes,Fashion,Adidas,37017,40890.6,42935.13,12,Red,S,16,4.7,470,Active
3093,SKU003093,656451006177,Nike Jacket,Fashion,Nike,23643,28714.6,30150.33,12,Blue,L,16,4.7,1854,Discontinued
3094,SKU003094,458870836263,LG Headphones,Electronics,LG,47501,57437.57,60309.45,18,Red,NA,3,4.9,3261,Active
3095,SKU003095,605107167305,Sony Storage Box,Home,Sony,2460,3275.11,3438.87,18,Blue,L,8,4.7,4518,Active
3096,SKU003096,946482073614,Britannia Milk,Groceries,Britannia,45915,57222.94,60084.09,5,Black,M,23,3.6,2692,Discontinued
3097,SKU003097,001038204205,Nike Jeans,Fashion,Nike,39000,47775.58,50164.36,12,Blue,XL,11,4.3,3289,Active
3098,SKU003098,335947109413,Britannia Tea,Groceries,Britannia,14240,17845.85,18738.14,5,Red,M,24,4.9,763,Discontinued
3099,SKU003099,291933638931,Adidas T-Shirt,Fashion,Adidas,4527,5678.42,5962.34,12,White,M,14,4.4,898,Active
3100,SKU003100,392525091676,Amul Cookies,Groceries,Amul,43629,56915.67,59761.45,5,Red,S,20,4.7,1176,Discontinued
3101,SKU003101,577430635787,LG Cookware,Home,LG,27496,32064.78,33668.02,18,Black,NA,24,5.0,4469,Discontinued
3102,SKU003102,337757786947,Britannia Milk,Groceries,Britannia,29179,35046.35,36798.67,5,Blue,XL,13,4.3,886,Active
3103,SKU003103,837140629836,Sony Table,Home,Sony,28328,35800.39,37590.41,18,Black,NA,5,4.7,2930,Discontinued
3104,SKU003104,061911513801,Sony Cookware,Home,Sony,46317,60866.14,63909.45,18,White,NA,24,3.9,4226,Discontinued
3105,SKU003105,176193732107,Britannia Tea,Groceries,Britannia,9383,12041.46,12643.53,5,Red,S,0,3.9,4359,Active
3106,SKU003106,212723600726,Amul Tea,Groceries,Amul,12839,15470.62,16244.15,5,Black,XL,3,4.2,4821,Active
3107,SKU003107,506551253983,LG Chair,Home,LG,49023,68019.5,71420.48,18,White,XL,20,4.0,3505,Active
3108,SKU003108,843449967730,Sony Table,Home,Sony,825,1123.84,1180.03,18,Red,NA,19,4.9,18,Active
3109,SKU003109,111252419119,LG Laptop,Electronics,LG,34090,42467.53,44590.91,18,Red,S,17,4.1,4013,Discontinued
3110,SKU003110,111101250778,Adidas T-Shirt,Fashion,Adidas,25368,35035.82,36787.61,12,Black,S,22,4.9,2050,Active
3111,SKU003111,167342853324,LG Smart Watch,Electronics,LG,26988,34613.24,36343.9,18,Black,XL,10,3.8,4755,Discontinued
3112,SKU003112,130514336000,LG Headphones,Electronics,LG,28188,38127.47,40033.84,18,Red,L,13,3.7,4555,Active
3113,SKU003113,244618803173,Britannia Tea,Groceries,Britannia,48751,67536.44,70913.26,5,Red,XL,5,4.2,954,Active
3114,SKU003114,407099583844,LG Chair,Home,LG,18933,26327.4,27643.77,18,Blue,S,6,4.8,1988,Discontinued
3115,SKU003115,470343254518,LG Smart Watch,Electronics,LG,4570,5880.18,6174.19,18,Blue,M,12,4.1,4274,Active
3116,SKU003116,304796149026,Puma Jeans,Fashion,Puma,23696,29298.78,30763.72,12,Black,NA,1,3.6,464,Active
3117,SKU003117,203437243118,Sony Laptop,Electronics,Sony,1577,2025.71,2127.0,18,Red,XL,10,4.2,4580,Active
3118,SKU003118,379517623537,Amul Milk,Groceries,Amul,15782,17475.42,18349.19,5,Red,L,11,3.8,2223,Active
3119,SKU003119,207179585723,LG Storage Box,Home,LG,17041,20918.68,21964.61,18,Red,L,17,3.7,3588,Discontinued
3120,SKU003120,309969208535,Samsung Smart Watch,Electronics,Samsung,6798,8685.67,9119.95,18,Black,NA,2,4.9,4811,Active
3121,SKU003121,305615862050,Samsung Headphones,Electronics,Samsung,7094,9562.69,10040.82,18,White,M,4,3.9,1259,Active
3122,SKU003122,849266271474,Nike Jacket,Fashion,Nike,13618,15658.53,16441.46,12,White,L,12,5.0,699,Active
3123,SKU003123,449987557366,Samsung Smart Watch,Electronics,Samsung,29576,36105.84,37911.13,18,Blue,M,18,3.8,33,Active
3124,SKU003124,838727590044,Samsung Laptop,Electronics,Samsung,32247,36835.41,38677.18,18,Red,S,23,4.4,3569,Discontinued
3125,SKU003125,892720041741,Sony Headphones,Electronics,Sony,48405,59269.31,62232.78,18,White,S,23,4.4,1552,Discontinued
3126,SKU003126,725782428328,IKEA Chair,Home,IKEA,42739,56049.57,58852.05,18,White,M,24,4.8,882,Active
3127,SKU003127,132166395563,Sony Cookware,Home,Sony,26246,32099.73,33704.72,18,Black,XL,7,3.7,3210,Active
3128,SKU003128,678360631428,Britannia Cookies,Groceries,Britannia,16823,20507.03,21532.38,5,Blue,S,0,4.8,4907,Discontinued
3129,SKU003129,247981565192,Samsung Headphones,Electronics,Samsung,46652,60929.43,63975.9,18,Red,S,7,4.1,3008,Active
3130,SKU003130,115870228390,Amul Tea,Groceries,Amul,21477,25867.46,27160.83,5,Black,NA,14,4.1,1276,Active
3131,SKU003131,865949217991,IKEA Cookware,Home,IKEA,42522,51825.39,54416.66,18,White,XL,4,3.7,924,Discontinued
3132,SKU003132,925397561928,Sony Cookware,Home,Sony,11014,14771.52,15510.1,18,White,L,3,4.0,2126,Discontinued
3133,SKU003133,937173671191,IKEA Chair,Home,IKEA,39157,44972.9,47221.55,18,Blue,L,21,4.7,904,Discontinued
3134,SKU003134,057303332412,Apple Laptop,Electronics,Apple,48549,64502.75,67727.89,18,Red,L,0,3.8,3235,Active
3135,SKU003135,725244339348,LG Storage Box,Home,LG,37529,45943.43,48240.6,18,White,L,1,4.7,4257,Active
3136,SKU003136,967404483879,Amul Butter,Groceries,Amul,2274,2886.16,3030.47,5,White,M,5,4.2,4352,Active
3137,SKU003137,393978536146,Nike Jeans,Fashion,Nike,12181,14534.04,15260.74,12,Black,NA,11,4.1,2824,Discontinued
3138,SKU003138,843536505015,Britannia Milk,Groceries,Britannia,24255,28065.55,29468.83,5,Red,S,0,5.0,4727,Active
3139,SKU003139,532968840806,Britannia Tea,Groceries,Britannia,45569,58711.27,61646.83,5,Blue,XL,0,4.6,1011,Discontinued
3140,SKU003140,501756189224,Britannia Cookies,Groceries,Britannia,14753,17618.93,18499.88,5,Black,L,15,3.6,777,Active
3141,SKU003141,422748706393,IKEA Table,Home,IKEA,49482,58474.12,61397.83,18,Blue,L,7,3.6,2579,Discontinued
3142,SKU003142,815263560916,IKEA Chair,Home,IKEA,45530,60869.65,63913.13,18,Red,M,9,4.9,3710,Active
3143,SKU003143,218862078010,Puma Jacket,Fashion,Puma,1917,2650.63,2783.16,12,Black,M,5,4.0,4476,Discontinued
3144,SKU003144,464217161962,Sony Storage Box,Home,Sony,14793,18271.52,19185.1,18,Red,NA,8,4.6,601,Active
3145,SKU003145,139363027705,Apple Smart Watch,Electronics,Apple,3004,3691.21,3875.77,18,Blue,XL,9,4.0,3506,Discontinued
3146,SKU003146,640098111133,Adidas T-Shirt,Fashion,Adidas,44074,57792.55,60682.18,12,Black,M,6,3.7,3997,Active
3147,SKU003147,822307181028,Samsung Headphones,Electronics,Samsung,38510,42583.97,44713.17,18,Blue,L,8,4.1,1486,Active
3148,SKU003148,337346792299,Samsung Headphones,Electronics,Samsung,21105,27443.92,28816.12,18,Black,NA,3,4.5,4064,Active
3149,SKU003149,455376051283,Sony Smartphone,Electronics,Sony,19992,25024.03,26275.23,18,White,XL,1,4.6,244,Discontinued
3150,SKU003150,972425603317,Puma Jeans,Fashion,Puma,28888,39364.71,41332.95,12,Red,L,16,4.9,767,Discontinued
3151,SKU003151,448002496262,LG Storage Box,Home,LG,45425,61173.38,64232.05,18,Red,M,6,3.5,765,Active
3152,SKU003152,427853178644,Nike Shoes,Fashion,Nike,42212,55628.63,58410.06,12,Blue,S,10,3.7,4875,Discontinued
3153,SKU003153,464876088621,LG Storage Box,Home,LG,33912,37686.59,39570.92,18,White,M,24,3.8,713,Discontinued
3154,SKU003154,358699503262,Samsung Smart Watch,Electronics,Samsung,25845,31066.46,32619.78,18,Red,M,11,4.2,4545,Discontinued
3155,SKU003155,489247673627,IKEA Table,Home,IKEA,9169,12179.72,12788.71,18,Black,XL,12,3.8,3554,Active
3156,SKU003156,046921467472,Puma Jeans,Fashion,Puma,13775,17825.16,18716.42,12,Red,S,12,4.7,3148,Active
3157,SKU003157,575934772160,LG Table,Home,LG,36827,42357.53,44475.41,18,Blue,L,17,4.2,4495,Active
3158,SKU003158,509832473985,Britannia Tea,Groceries,Britannia,3559,4787.85,5027.24,5,Blue,NA,1,4.1,1727,Discontinued
3159,SKU003159,149215301672,Nike Jacket,Fashion,Nike,18625,20631.96,21663.56,12,Blue,M,19,3.5,3749,Discontinued
3160,SKU003160,750960918442,Nike T-Shirt,Fashion,Nike,7240,8150.29,8557.8,12,Blue,XL,12,3.9,2675,Active
3161,SKU003161,548290759988,Puma Jacket,Fashion,Puma,7298,8936.64,9383.47,12,Black,M,4,4.0,2479,Active
3162,SKU003162,265578834895,Adidas T-Shirt,Fashion,Adidas,36957,42369.04,44487.49,12,Red,S,5,3.7,2085,Active
3163,SKU003163,582905540787,Britannia Tea,Groceries,Britannia,18799,25441.79,26713.88,5,White,NA,14,3.8,462,Active
3164,SKU003164,379453678626,Samsung Smart Watch,Electronics,Samsung,38729,47569.62,49948.1,18,Black,XL,6,3.9,2183,Active
3165,SKU003165,864286069124,Samsung Smartphone,Electronics,Samsung,10516,13532.21,14208.82,18,Red,XL,1,4.1,1885,Active
3166,SKU003166,148283055127,LG Cookware,Home,LG,22360,25879.98,27173.98,18,Blue,L,8,3.8,3000,Discontinued
3167,SKU003167,667796888119,Amul Tea,Groceries,Amul,37882,47918.33,50314.25,5,Black,S,7,5.0,2403,Active
3168,SKU003168,099765423365,Samsung Headphones,Electronics,Samsung,33483,38191.67,40101.25,18,Red,NA,2,4.5,4333,Active
3169,SKU003169,508742398759,Amul Cookies,Groceries,Amul,44293,60483.85,63508.04,5,White,XL,19,4.3,4872,Discontinued
3170,SKU003170,619621219841,LG Chair,Home,LG,27265,33485.41,35159.68,18,White,L,22,4.1,1947,Active
3171,SKU003171,950521852502,Apple Smart Watch,Electronics,Apple,47537,57362.06,60230.16,18,White,M,4,3.6,1629,Discontinued
3172,SKU003172,154906909355,LG Smart Watch,Electronics,LG,39024,47672.79,50056.43,18,Blue,NA,20,3.8,4608,Active
3173,SKU003173,920403196041,IKEA Table,Home,IKEA,19134,24277.95,25491.85,18,Blue,XL,12,3.8,4332,Discontinued
3174,SKU003174,368141536476,Amul Milk,Groceries,Amul,21862,27901.25,29296.31,5,Red,XL,16,4.0,1237,Discontinued
3175,SKU003175,421195420866,IKEA Chair,Home,IKEA,49801,55822.61,58613.74,18,Red,XL,0,5.0,554,Discontinued
3176,SKU003176,192153611745,Adidas Jeans,Fashion,Adidas,43340,54942.46,57689.58,12,Red,XL,0,4.4,3011,Discontinued
3177,SKU003177,644420625184,Amul Cookies,Groceries,Amul,30920,40696.79,42731.63,5,Black,S,4,3.6,101,Discontinued
3178,SKU003178,728027540217,Nike Jeans,Fashion,Nike,21151,25429.91,26701.41,12,White,L,16,4.5,2219,Discontinued
3179,SKU003179,221021599325,IKEA Table,Home,IKEA,35997,44731.54,46968.12,18,Blue,NA,1,4.3,4969,Discontinued
3180,SKU003180,086473524615,Sony Smart Watch,Electronics,Sony,17481,24435.58,25657.36,18,Blue,XL,1,4.9,960,Active
3181,SKU003181,344892692783,LG Table,Home,LG,12962,14263.39,14976.56,18,Blue,XL,7,3.7,1400,Active
3182,SKU003182,117724023344,Nike T-Shirt,Fashion,Nike,21393,26889.65,28234.13,12,White,L,18,4.9,3035,Active
3183,SKU003183,443013431281,Britannia Butter,Groceries,Britannia,49387,67246.71,70609.05,5,Blue,XL,15,4.3,1708,Discontinued
3184,SKU003184,603891077834,Samsung Smart Watch,Electronics,Samsung,364,497.6,522.48,18,Black,L,20,4.2,3393,Discontinued
3185,SKU003185,181185381023,Sony Table,Home,Sony,49581,56982.99,59832.14,18,Blue,M,20,3.6,1543,Active
3186,SKU003186,489262974904,Apple Smart Watch,Electronics,Apple,32211,39069.11,41022.57,18,Blue,M,0,4.4,2221,Active
3187,SKU003187,855157014784,LG Smartphone,Electronics,LG,37164,48818.38,51259.3,18,Red,M,19,4.7,4326,Discontinued
3188,SKU003188,705754223835,LG Smart Watch,Electronics,LG,22657,30842.63,32384.76,18,Blue,XL,24,4.3,4345,Active
3189,SKU003189,662746049506,IKEA Cookware,Home,IKEA,14535,19335.35,20302.12,18,White,S,0,4.3,613,Active
3190,SKU003190,929962328016,LG Smart Watch,Electronics,LG,37683,50933.44,53480.11,18,White,L,23,4.8,3013,Active
3191,SKU003191,337245176425,Britannia Tea,Groceries,Britannia,35231,48277.62,50691.5,5,Black,XL,4,3.7,4996,Active
3192,SKU003192,060192220279,LG Table,Home,LG,37367,48156.96,50564.81,18,Black,L,2,3.6,3405,Discontinued
3193,SKU003193,483149396285,IKEA Storage Box,Home,IKEA,36504,48956.16,51403.97,18,Black,S,5,3.8,515,Active
3194,SKU003194,673464347813,LG Headphones,Electronics,LG,41174,54173.27,56881.93,18,White,S,5,4.1,1247,Active
3195,SKU003195,991415970918,Sony Chair,Home,Sony,26017,35827.24,37618.6,18,Red,L,20,4.3,3734,Discontinued
3196,SKU003196,758741334473,Britannia Milk,Groceries,Britannia,5900,6746.5,7083.83,5,Red,L,1,4.8,2669,Active
3197,SKU003197,274854076848,IKEA Chair,Home,IKEA,39945,45946.65,48243.98,18,Red,L,4,4.1,1983,Active
3198,SKU003198,886874639883,Britannia Cookies,Groceries,Britannia,9639,11164.41,11722.63,5,Black,L,15,4.5,4284,Active
3199,SKU003199,863314565177,LG Smartphone,Electronics,LG,34048,43667.05,45850.4,18,White,L,18,4.4,4364,Discontinued
3200,SKU003200,225965433503,Apple Headphones,Electronics,Apple,8559,9814.68,10305.41,18,Blue,XL,0,4.7,3058,Active
3201,SKU003201,895268449018,Nike T-Shirt,Fashion,Nike,28906,38240.58,40152.61,12,Red,XL,22,4.9,3116,Discontinued
3202,SKU003202,632945879105,Samsung Laptop,Electronics,Samsung,11299,15752.68,16540.31,18,Blue,NA,10,4.0,1831,Discontinued
3203,SKU003203,286555346102,Amul Tea,Groceries,Amul,43665,52317.79,54933.68,5,White,M,19,4.4,4615,Active
3204,SKU003204,609739893010,LG Chair,Home,LG,20103,23049.8,24202.29,18,Red,XL,1,4.8,1761,Active
3205,SKU003205,015596908668,Samsung Laptop,Electronics,Samsung,32797,36327.11,38143.47,18,Blue,M,23,3.7,1991,Active
3206,SKU003206,765871964139,Apple Headphones,Electronics,Apple,10885,12480.38,13104.4,18,Blue,M,20,3.6,2565,Discontinued
3207,SKU003207,501632091435,IKEA Storage Box,Home,IKEA,30265,33750.0,35437.5,18,Blue,M,13,3.6,1388,Active
3208,SKU003208,559945556499,Amul Cookies,Groceries,Amul,26783,34990.45,36739.97,5,White,L,5,4.5,2117,Discontinued
3209,SKU003209,130267697377,IKEA Chair,Home,IKEA,49542,63559.66,66737.64,18,Red,L,15,4.0,1497,Active
3210,SKU003210,881516166961,LG Table,Home,LG,46669,63076.7,66230.54,18,Red,NA,0,4.4,3262,Active
3211,SKU003211,494798033404,Apple Smart Watch,Electronics,Apple,16530,22969.92,24118.42,18,Blue,NA,11,3.9,1070,Discontinued
3212,SKU003212,438979886459,Sony Cookware,Home,Sony,44064,56796.03,59635.83,18,Black,S,23,4.4,2439,Active
3213,SKU003213,709435968416,LG Laptop,Electronics,LG,683,838.02,879.92,18,Blue,XL,16,4.1,255,Discontinued
3214,SKU003214,847088787088,Nike Jacket,Fashion,Nike,8235,9961.39,10459.46,12,White,NA,6,3.8,4214,Active
3215,SKU003215,489447671858,Britannia Tea,Groceries,Britannia,44270,56024.99,58826.24,5,White,XL,12,4.4,3929,Discontinued
3216,SKU003216,853107211152,Samsung Laptop,Electronics,Samsung,7355,10202.36,10712.48,18,White,M,2,3.7,1763,Discontinued
3217,SKU003217,759396635690,Puma Jeans,Fashion,Puma,22155,29567.33,31045.7,12,Black,NA,14,4.9,879,Active
3218,SKU003218,174979777266,Britannia Milk,Groceries,Britannia,14689,17178.12,18037.03,5,Blue,NA,10,4.8,1948,Active
3219,SKU003219,921902302845,Puma Jeans,Fashion,Puma,12732,17177.48,18036.35,12,Blue,S,24,4.8,3812,Discontinued
3220,SKU003220,077961298209,Sony Smart Watch,Electronics,Sony,19204,25283.94,26548.14,18,Blue,M,23,3.8,1643,Active
3221,SKU003221,394723762959,Sony Chair,Home,Sony,38264,49159.57,51617.55,18,Red,M,18,4.5,5,Active
3222,SKU003222,854728833886,Adidas Shoes,Fashion,Adidas,3388,3809.3,3999.77,12,White,S,9,4.0,370,Active
3223,SKU003223,643082620716,Puma Jacket,Fashion,Puma,21594,24907.71,26153.1,12,Black,NA,22,4.2,3080,Discontinued
3224,SKU003224,650493980548,Amul Cookies,Groceries,Amul,46261,57462.31,60335.43,5,Red,S,9,3.8,811,Active
3225,SKU003225,931788585719,Amul Butter,Groceries,Amul,26786,30172.95,31681.6,5,Blue,XL,18,5.0,3611,Discontinued
3226,SKU003226,666064438062,IKEA Table,Home,IKEA,40739,48836.78,51278.62,18,White,NA,24,4.3,183,Discontinued
3227,SKU003227,391605380552,Apple Smartphone,Electronics,Apple,48011,61546.87,64624.21,18,Red,L,15,3.9,815,Discontinued
3228,SKU003228,535411611055,Sony Storage Box,Home,Sony,12133,14726.25,15462.56,18,Red,M,16,4.0,2168,Active
3229,SKU003229,017662733593,LG Smart Watch,Electronics,LG,46085,52253.69,54866.37,18,Black,M,24,5.0,1330,Active
3230,SKU003230,581394105011,Britannia Tea,Groceries,Britannia,7786,8921.35,9367.42,5,Red,L,21,3.6,293,Discontinued
3231,SKU003231,338744251309,IKEA Table,Home,IKEA,20678,25513.72,26789.41,18,White,L,16,4.6,238,Active
3232,SKU003232,854597325162,Puma T-Shirt,Fashion,Puma,47104,62259.03,65371.98,12,Blue,M,12,4.1,737,Active
3233,SKU003233,386660496775,Adidas Jacket,Fashion,Adidas,48854,60679.99,63713.99,12,Black,L,23,4.8,3954,Discontinued
3234,SKU003234,452780934582,Puma T-Shirt,Fashion,Puma,49864,60461.38,63484.45,12,Red,M,1,4.3,4695,Discontinued
3235,SKU003235,107760949188,Samsung Smartphone,Electronics,Samsung,38112,51043.43,53595.6,18,Blue,M,11,4.7,3360,Active
3236,SKU003236,999749909114,LG Smart Watch,Electronics,LG,22788,30381.16,31900.22,18,Red,L,21,4.8,2483,Discontinued
3237,SKU003237,439546795748,Sony Cookware,Home,Sony,34595,45464.53,47737.76,18,Blue,S,15,4.1,437,Discontinued
3238,SKU003238,489226933715,LG Storage Box,Home,LG,49125,60498.46,63523.38,18,White,XL,7,4.3,4898,Active
3239,SKU003239,182024989474,Apple Smartphone,Electronics,Apple,46306,56605.15,59435.41,18,Red,M,2,4.8,1311,Active
3240,SKU003240,228501796651,Sony Headphones,Electronics,Sony,25000,32732.25,34368.86,18,Black,XL,0,4.0,4371,Discontinued
3241,SKU003241,068703682063,Amul Butter,Groceries,Amul,41959,57375.96,60244.76,5,Red,M,24,4.6,3591,Discontinued
3242,SKU003242,303917120112,Britannia Cookies,Groceries,Britannia,42016,52159.0,54766.95,5,Black,L,17,5.0,2677,Discontinued
3243,SKU003243,845318787750,Nike Jeans,Fashion,Nike,5207,5860.25,6153.26,12,Blue,S,20,4.2,1791,Discontinued
3244,SKU003244,689321638117,Sony Laptop,Electronics,Sony,20628,28519.94,29945.94,18,Black,L,2,4.8,2572,Active
3245,SKU003245,935659597981,LG Table,Home,LG,43278,48246.89,50659.23,18,Black,M,9,4.5,2861,Active
3246,SKU003246,817142098331,LG Headphones,Electronics,LG,12352,17263.85,18127.04,18,Red,M,12,3.6,2744,Active
3247,SKU003247,824529444302,LG Cookware,Home,LG,7152,8084.51,8488.74,18,White,M,17,4.2,3247,Discontinued
3248,SKU003248,870774160978,IKEA Storage Box,Home,IKEA,22816,26352.15,27669.76,18,Red,XL,8,4.2,3097,Active
3249,SKU003249,160469835158,Britannia Milk,Groceries,Britannia,13636,17703.47,18588.64,5,Black,XL,6,3.9,2223,Active
3250,SKU003250,693736906991,Britannia Tea,Groceries,Britannia,10935,13092.97,13747.62,5,White,XL,3,4.3,3238,Discontinued
3251,SKU003251,646292395612,Amul Tea,Groceries,Amul,40103,53764.36,56452.58,5,White,L,1,4.5,4065,Discontinued
3252,SKU003252,933609416576,Sony Cookware,Home,Sony,36733,45281.9,47546.0,18,White,M,0,4.2,3842,Discontinued
3253,SKU003253,646044455006,Puma Shoes,Fashion,Puma,43201,56117.98,58923.88,12,Black,XL,11,4.6,2934,Discontinued
3254,SKU003254,559922703538,Amul Tea,Groceries,Amul,7990,10948.71,11496.15,5,Blue,NA,1,4.3,1324,Discontinued
3255,SKU003255,646382625393,LG Headphones,Electronics,LG,16624,20916.91,21962.76,18,White,M,4,3.7,4896,Discontinued
3256,SKU003256,591235573176,Britannia Butter,Groceries,Britannia,15846,17965.92,18864.22,5,White,NA,17,4.9,1072,Active
3257,SKU003257,243595786646,Nike Jeans,Fashion,Nike,16470,19113.89,20069.58,12,Red,NA,3,4.0,2326,Discontinued
3258,SKU003258,475758072223,Puma Jacket,Fashion,Puma,38824,43920.04,46116.04,12,White,L,10,4.1,3956,Active
3259,SKU003259,376835831164,IKEA Table,Home,IKEA,24016,27949.05,29346.5,18,White,L,4,4.3,1995,Active
3260,SKU003260,386984340353,Apple Laptop,Electronics,Apple,43062,57527.48,60403.85,18,Red,M,17,4.9,70,Active
3261,SKU003261,875606828179,Britannia Cookies,Groceries,Britannia,39695,53334.48,56001.2,5,Red,XL,1,3.7,512,Active
3262,SKU003262,143804351250,Britannia Cookies,Groceries,Britannia,3310,4368.59,4587.02,5,Blue,NA,11,4.1,31,Active
3263,SKU003263,737085117781,LG Smart Watch,Electronics,LG,44042,59038.13,61990.04,18,Blue,L,7,3.5,3743,Active
3264,SKU003264,670725325758,LG Headphones,Electronics,LG,35959,47325.13,49691.39,18,Blue,XL,19,3.9,182,Active
3265,SKU003265,051714663527,Amul Butter,Groceries,Amul,7643,9570.23,10048.74,5,White,S,22,4.2,4344,Active
3266,SKU003266,343299177199,Nike Jeans,Fashion,Nike,17939,19830.35,20821.87,12,Blue,L,23,3.9,3142,Discontinued
3267,SKU003267,017369699629,Amul Butter,Groceries,Amul,14294,18964.94,19913.19,5,Blue,L,15,4.2,2195,Discontinued
3268,SKU003268,573062890728,IKEA Chair,Home,IKEA,40802,53002.18,55652.29,18,White,S,12,4.1,4378,Discontinued
3269,SKU003269,053290222233,Nike Jacket,Fashion,Nike,11192,15167.27,15925.63,12,Black,L,19,4.1,3640,Active
3270,SKU003270,188277271329,IKEA Storage Box,Home,IKEA,49388,60729.42,63765.89,18,Blue,L,18,4.5,2664,Active
3271,SKU003271,332148380425,LG Table,Home,LG,18855,22121.25,23227.31,18,Black,S,7,4.9,2947,Active
3272,SKU003272,435057278674,IKEA Chair,Home,IKEA,18333,23453.44,24626.11,18,Red,M,2,3.8,1779,Active
3273,SKU003273,068170849770,Samsung Headphones,Electronics,Samsung,19865,23080.44,24234.46,18,White,NA,11,4.3,2826,Active
3274,SKU003274,555972290695,LG Smartphone,Electronics,LG,2716,3008.43,3158.85,18,Blue,M,18,4.7,3089,Active
3275,SKU003275,186526153957,Sony Cookware,Home,Sony,32605,44050.75,46253.29,18,Red,XL,18,3.9,3216,Discontinued
3276,SKU003276,856902736059,Sony Table,Home,Sony,2730,3231.27,3392.83,18,Red,M,13,4.4,1990,Discontinued
3277,SKU003277,200838487327,Amul Butter,Groceries,Amul,25150,32916.36,34562.18,5,White,M,23,4.3,4533,Active
3278,SKU003278,041135242543,Britannia Tea,Groceries,Britannia,27175,31032.83,32584.47,5,Blue,XL,22,3.9,1097,Active
3279,SKU003279,035318845566,Apple Headphones,Electronics,Apple,31874,42258.59,44371.52,18,Blue,NA,1,4.1,4601,Active
3280,SKU003280,086388163490,Adidas Jacket,Fashion,Adidas,22867,30698.31,32233.23,12,Blue,NA,0,4.1,594,Discontinued
3281,SKU003281,994325891855,Amul Tea,Groceries,Amul,20987,27993.95,29393.65,5,White,S,12,4.8,2123,Active
3282,SKU003282,092118286000,Puma Jeans,Fashion,Puma,25220,29207.26,30667.62,12,Black,L,19,4.5,4321,Discontinued
3283,SKU003283,050142107363,Britannia Butter,Groceries,Britannia,16957,21590.44,22669.96,5,Red,S,7,3.9,3523,Active
3284,SKU003284,768957526436,Amul Butter,Groceries,Amul,34426,46421.71,48742.8,5,Black,XL,7,3.7,2498,Active
3285,SKU003285,828527731067,Samsung Smartphone,Electronics,Samsung,22456,31318.36,32884.28,18,White,XL,12,4.4,947,Discontinued
3286,SKU003286,817481564429,Nike Jeans,Fashion,Nike,44462,52825.67,55466.95,12,Blue,L,20,3.6,4145,Active
3287,SKU003287,235499762825,Adidas Jacket,Fashion,Adidas,26114,29072.78,30526.42,12,Black,NA,20,4.4,3983,Active
3288,SKU003288,117009651261,Samsung Smart Watch,Electronics,Samsung,45437,50029.63,52531.11,18,Black,S,1,4.2,1339,Discontinued
3289,SKU003289,940894753516,Adidas Jacket,Fashion,Adidas,43943,54371.12,57089.68,12,Black,S,6,4.4,938,Active
3290,SKU003290,336938572346,LG Storage Box,Home,LG,32806,36826.99,38668.34,18,Red,S,8,4.5,3205,Discontinued
3291,SKU003291,141944484840,Britannia Butter,Groceries,Britannia,40312,47539.85,49916.84,5,Red,L,24,3.6,589,Active
3292,SKU003292,732893634324,IKEA Table,Home,IKEA,9674,12166.79,12775.13,18,White,M,7,4.4,3981,Discontinued
3293,SKU003293,967417985660,Amul Butter,Groceries,Amul,21330,25851.23,27143.79,5,Red,NA,14,3.7,3650,Discontinued
3294,SKU003294,240665479387,Sony Laptop,Electronics,Sony,32604,39998.78,41998.72,18,Red,L,3,3.6,1889,Active
3295,SKU003295,466478000078,LG Smartphone,Electronics,LG,4996,6482.49,6806.61,18,Black,NA,21,4.6,370,Discontinued
3296,SKU003296,134050137060,Sony Smartphone,Electronics,Sony,33093,45921.36,48217.43,18,Red,S,22,4.9,1192,Active
3297,SKU003297,776970662363,LG Headphones,Electronics,LG,49428,55440.92,58212.97,18,Red,XL,24,4.6,3626,Active
3298,SKU003298,433163628647,LG Table,Home,LG,45084,53975.79,56674.58,18,White,S,8,3.7,1012,Active
3299,SKU003299,867569144437,IKEA Table,Home,IKEA,33177,40290.36,42304.88,18,Red,XL,22,4.8,2176,Discontinued
3300,SKU003300,019106537766,Adidas T-Shirt,Fashion,Adidas,28206,33302.27,34967.38,12,Blue,L,18,3.8,3814,Discontinued
3301,SKU003301,533040553536,Nike T-Shirt,Fashion,Nike,8557,11080.86,11634.9,12,Black,NA,19,4.5,2054,Active
3302,SKU003302,127206662523,Samsung Headphones,Electronics,Samsung,22439,30050.93,31553.48,18,White,NA,5,3.9,3602,Active
3303,SKU003303,300279502320,Britannia Milk,Groceries,Britannia,40252,44896.92,47141.77,5,Black,M,2,4.6,1380,Discontinued
3304,SKU003304,516310324063,Nike T-Shirt,Fashion,Nike,25358,31071.45,32625.02,12,Blue,M,20,4.6,925,Active
3305,SKU003305,140442701522,Amul Butter,Groceries,Amul,43439,54204.79,56915.03,5,Red,M,21,4.0,1060,Active
3306,SKU003306,174965206387,Britannia Cookies,Groceries,Britannia,34386,46363.48,48681.65,5,Blue,M,22,4.9,2235,Active
3307,SKU003307,447671944106,Sony Storage Box,Home,Sony,7034,9586.56,10065.89,18,Black,NA,23,4.5,1848,Discontinued
3308,SKU003308,973352229383,Britannia Milk,Groceries,Britannia,41401,48297.12,50711.98,5,Red,NA,23,3.9,3857,Discontinued
3309,SKU003309,421016321168,Puma Shoes,Fashion,Puma,33897,39829.86,41821.35,12,Red,XL,17,4.1,1687,Discontinued
3310,SKU003310,441141350278,Puma Jacket,Fashion,Puma,19485,23718.87,24904.81,12,White,L,18,4.2,2896,Active
3311,SKU003311,073600862222,Amul Butter,Groceries,Amul,2643,3585.41,3764.68,5,Black,S,2,3.6,31,Discontinued
3312,SKU003312,506488147651,Amul Butter,Groceries,Amul,7890,8913.35,9359.02,5,Black,XL,16,3.7,2153,Discontinued
3313,SKU003313,297508913112,Amul Cookies,Groceries,Amul,39380,43854.75,46047.49,5,Red,M,24,4.9,4776,Discontinued
3314,SKU003314,847602775693,Puma Jacket,Fashion,Puma,468,621.65,652.73,12,Black,S,2,5.0,1561,Active
3315,SKU003315,202986851768,LG Storage Box,Home,LG,1181,1353.49,1421.16,18,Black,NA,2,3.6,1034,Discontinued
3316,SKU003316,132723399357,Sony Cookware,Home,Sony,45727,53692.0,56376.6,18,Red,XL,2,4.0,3176,Discontinued
3317,SKU003317,454700390670,LG Smartphone,Electronics,LG,45876,60056.1,63058.9,18,Blue,XL,19,4.7,4699,Discontinued
3318,SKU003318,257095005129,Amul Butter,Groceries,Amul,16420,22276.44,23390.26,5,Black,M,6,3.5,2271,Active
3319,SKU003319,119780859926,Puma T-Shirt,Fashion,Puma,17875,20005.87,21006.16,12,Black,L,6,4.1,3835,Discontinued
3320,SKU003320,584997310144,Samsung Laptop,Electronics,Samsung,33880,43122.12,45278.23,18,Red,NA,7,3.8,3708,Active
3321,SKU003321,884839883597,Sony Smartphone,Electronics,Sony,42345,55512.43,58288.05,18,Black,S,22,3.8,1516,Discontinued
3322,SKU003322,282139616056,Apple Headphones,Electronics,Apple,10353,13901.14,14596.2,18,Blue,S,15,4.3,1036,Discontinued
3323,SKU003323,074514083181,Sony Headphones,Electronics,Sony,48941,67498.18,70873.09,18,Black,L,1,3.6,245,Active
3324,SKU003324,816528475818,Puma T-Shirt,Fashion,Puma,27218,30577.51,32106.39,12,Black,L,23,4.0,2905,Discontinued
3325,SKU003325,591866362685,Puma Jeans,Fashion,Puma,1770,2055.99,2158.79,12,Blue,XL,11,3.7,1877,Active
3326,SKU003326,400779358697,LG Smart Watch,Electronics,LG,41684,56762.57,59600.7,18,Blue,S,13,3.5,65,Active
3327,SKU003327,875284622666,Adidas Jacket,Fashion,Adidas,11893,14133.74,14840.43,12,Red,NA,0,4.2,2405,Active
3328,SKU003328,025475631129,Puma Shoes,Fashion,Puma,37314,41664.0,43747.2,12,Black,NA,15,4.5,1887,Discontinued
3329,SKU003329,836363715227,LG Table,Home,LG,42514,49758.72,52246.66,18,Blue,L,0,4.0,20,Active
3330,SKU003330,781626043589,Adidas Jacket,Fashion,Adidas,47665,55357.82,58125.71,12,Blue,L,6,5.0,2428,Active
3331,SKU003331,119334028142,Puma Jeans,Fashion,Puma,11646,15930.32,16726.84,12,Blue,NA,8,3.5,1760,Discontinued
3332,SKU003332,084015972312,Adidas Jeans,Fashion,Adidas,33459,44139.65,46346.63,12,Blue,XL,6,5.0,2224,Active
3333,SKU003333,587550053282,Nike T-Shirt,Fashion,Nike,6553,9038.3,9490.22,12,Red,M,23,4.9,679,Active
3334,SKU003334,280088623637,Sony Storage Box,Home,Sony,26264,31889.26,33483.72,18,Blue,S,1,3.9,4879,Active
3335,SKU003335,517415222275,Britannia Milk,Groceries,Britannia,40179,51647.56,54229.94,5,White,NA,5,4.1,2573,Discontinued
3336,SKU003336,138068224578,LG Cookware,Home,LG,21680,29405.58,30875.86,18,Blue,XL,6,3.5,1847,Discontinued
3337,SKU003337,345138285953,LG Smartphone,Electronics,LG,27678,35397.98,37167.88,18,Red,L,11,3.9,244,Active
3338,SKU003338,247246217427,LG Headphones,Electronics,LG,40777,50675.05,53208.8,18,Blue,XL,24,4.2,569,Discontinued
3339,SKU003339,812029546459,IKEA Cookware,Home,IKEA,32540,39646.73,41629.07,18,Red,NA,4,4.9,1234,Discontinued
3340,SKU003340,272529092172,Apple Smartphone,Electronics,Apple,45280,58206.53,61116.86,18,Black,M,14,4.6,417,Active
3341,SKU003341,633157443834,LG Cookware,Home,LG,30076,38183.67,40092.85,18,Black,XL,16,4.4,84,Active
3342,SKU003342,063141347227,Britannia Tea,Groceries,Britannia,16566,22838.99,23980.94,5,Blue,M,9,3.8,4088,Discontinued
3343,SKU003343,812156287453,Amul Butter,Groceries,Amul,27204,31485.04,33059.29,5,Black,M,1,4.0,2598,Active
3344,SKU003344,497056196623,Sony Cookware,Home,Sony,12834,17858.01,18750.91,18,White,L,5,3.8,152,Active
3345,SKU003345,745774621372,Amul Butter,Groceries,Amul,20127,26300.13,27615.14,5,Blue,XL,7,3.5,2102,Active
3346,SKU003346,106474372932,Sony Cookware,Home,Sony,29535,34720.34,36456.36,18,White,M,14,3.6,123,Active
3347,SKU003347,630465454196,Britannia Milk,Groceries,Britannia,15414,18088.87,18993.31,5,Blue,M,18,3.8,2369,Discontinued
3348,SKU003348,257833799126,LG Headphones,Electronics,LG,21767,27000.44,28350.46,18,White,NA,14,3.6,2638,Active
3349,SKU003349,056842135277,Amul Milk,Groceries,Amul,39867,48741.98,51179.08,5,Red,M,5,4.9,789,Discontinued
3350,SKU003350,550965059769,Puma Jeans,Fashion,Puma,24413,27491.88,28866.47,12,Black,NA,20,3.9,4049,Discontinued
3351,SKU003351,631531518424,Sony Smart Watch,Electronics,Sony,13034,15594.48,16374.2,18,Blue,NA,23,3.7,1944,Active
3352,SKU003352,238295265057,Puma T-Shirt,Fashion,Puma,13192,16169.69,16978.17,12,Black,XL,8,4.3,4092,Discontinued
3353,SKU003353,048019330652,Amul Milk,Groceries,Amul,48590,58650.87,61583.41,5,Black,XL,15,4.0,1020,Active
3354,SKU003354,208865431786,Samsung Smart Watch,Electronics,Samsung,39694,51959.2,54557.16,18,Black,M,20,4.3,1773,Discontinued
3355,SKU003355,458242612411,Adidas Jeans,Fashion,Adidas,38988,51285.7,53849.99,12,White,L,21,3.9,807,Active
3356,SKU003356,702763077962,Sony Storage Box,Home,Sony,8632,10656.46,11189.28,18,Red,XL,8,4.6,2240,Discontinued
3357,SKU003357,577477221587,Adidas Shoes,Fashion,Adidas,37419,41213.34,43274.01,12,Red,XL,15,4.2,3562,Active
3358,SKU003358,962721665415,LG Storage Box,Home,LG,46027,56800.78,59640.82,18,White,M,0,3.8,594,Discontinued
3359,SKU003359,558192728567,LG Chair,Home,LG,49226,64622.49,67853.61,18,Red,NA,2,3.6,2775,Discontinued
3360,SKU003360,201528419602,Puma Shoes,Fashion,Puma,47900,60765.0,63803.25,12,Blue,XL,18,4.0,4359,Discontinued
3361,SKU003361,179195128532,Sony Table,Home,Sony,15676,20129.18,21135.64,18,White,L,15,4.9,3432,Active
3362,SKU003362,196121099845,Amul Tea,Groceries,Amul,35413,49359.22,51827.18,5,White,L,2,3.7,2376,Active
3363,SKU003363,729581148976,IKEA Storage Box,Home,IKEA,38066,43577.0,45755.85,18,White,L,17,3.5,377,Discontinued
3364,SKU003364,315326628650,Apple Laptop,Electronics,Apple,45057,52928.85,55575.29,18,Black,L,17,4.4,4932,Active
3365,SKU003365,749167664059,Nike T-Shirt,Fashion,Nike,22516,25584.65,26863.88,12,Black,NA,3,4.8,701,Active
3366,SKU003366,525880362345,LG Chair,Home,LG,21504,25633.1,26914.76,18,Blue,NA,1,4.7,4633,Active
3367,SKU003367,206209048677,Samsung Smartphone,Electronics,Samsung,1851,2446.5,2568.83,18,Red,L,13,3.9,2872,Discontinued
3368,SKU003368,015116816283,LG Smart Watch,Electronics,LG,17463,22092.19,23196.8,18,White,NA,21,4.9,3770,Discontinued
3369,SKU003369,214591654679,Nike Jeans,Fashion,Nike,43757,60049.39,63051.86,12,Blue,L,1,3.6,1230,Active
3370,SKU003370,398195459095,Sony Smartphone,Electronics,Sony,23951,26759.39,28097.36,18,White,S,15,3.9,2000,Discontinued
3371,SKU003371,825615765925,Adidas Jeans,Fashion,Adidas,35126,40569.22,42597.68,12,Red,XL,7,4.4,3391,Active
3372,SKU003372,515549451517,IKEA Cookware,Home,IKEA,31334,42250.51,44363.04,18,White,XL,4,4.7,261,Active
3373,SKU003373,356910032756,Puma Jeans,Fashion,Puma,18796,22637.97,23769.87,12,Black,NA,12,4.8,240,Active
3374,SKU003374,722283543141,Amul Tea,Groceries,Amul,36387,40079.29,42083.25,5,Blue,L,20,4.6,1502,Discontinued
3375,SKU003375,973253802494,Amul Milk,Groceries,Amul,25173,31825.21,33416.47,5,Blue,S,4,4.7,3892,Active
3376,SKU003376,014605071543,Amul Milk,Groceries,Amul,35582,40973.18,43021.84,5,White,NA,12,3.6,3437,Discontinued
3377,SKU003377,293687053862,Amul Milk,Groceries,Amul,47472,59093.15,62047.81,5,Blue,S,14,3.8,841,Discontinued
3378,SKU003378,765425674471,LG Smartphone,Electronics,LG,10749,11962.29,12560.4,18,Black,M,16,3.6,1622,Active
3379,SKU003379,559742225596,Amul Butter,Groceries,Amul,8518,11533.76,12110.45,5,White,NA,22,4.1,3058,Active
3380,SKU003380,356545359999,Britannia Tea,Groceries,Britannia,42346,49049.15,51501.61,5,Black,NA,11,4.1,1624,Active
3381,SKU003381,528409147079,Sony Headphones,Electronics,Sony,10163,12406.37,13026.69,18,White,M,21,4.7,3067,Discontinued
3382,SKU003382,379020118873,Amul Cookies,Groceries,Amul,41089,47008.89,49359.33,5,Red,M,5,3.9,780,Discontinued
3383,SKU003383,419155252954,Sony Headphones,Electronics,Sony,21191,29450.88,30923.42,18,Blue,M,17,3.7,4155,Active
3384,SKU003384,919457263480,Samsung Laptop,Electronics,Samsung,19384,26524.03,27850.23,18,Red,S,11,4.2,2459,Discontinued
3385,SKU003385,683945508845,Puma Jeans,Fashion,Puma,34403,46800.13,49140.14,12,White,XL,14,4.9,4260,Discontinued
3386,SKU003386,384597966945,Nike Jacket,Fashion,Nike,28339,37641.03,39523.08,12,White,S,20,3.6,4384,Discontinued
3387,SKU003387,290001646685,Sony Laptop,Electronics,Sony,8289,10069.56,10573.04,18,Black,M,17,4.8,1065,Discontinued
3388,SKU003388,964419518554,Britannia Milk,Groceries,Britannia,48662,60996.19,64046.0,5,Red,XL,12,4.5,77,Discontinued
3389,SKU003389,247724579783,Nike Jeans,Fashion,Nike,48354,57045.89,59898.18,12,Blue,M,17,4.7,2557,Active
3390,SKU003390,383790703016,Adidas Jacket,Fashion,Adidas,17358,23665.08,24848.33,12,Black,M,1,3.5,1298,Active
3391,SKU003391,263724258039,Sony Storage Box,Home,Sony,33207,38927.82,40874.21,18,Red,NA,19,3.6,3326,Active
3392,SKU003392,806056581655,Britannia Tea,Groceries,Britannia,40177,54325.27,57041.53,5,White,XL,23,4.2,2255,Active
3393,SKU003393,873722681980,Adidas Shoes,Fashion,Adidas,20286,24995.93,26245.73,12,Blue,L,4,4.8,994,Discontinued
3394,SKU003394,822487435798,Britannia Butter,Groceries,Britannia,42234,53562.97,56241.12,5,Blue,S,19,4.9,1288,Active
3395,SKU003395,689930765031,IKEA Chair,Home,IKEA,2341,2825.06,2966.31,18,Black,NA,14,4.2,388,Discontinued
3396,SKU003396,203559222803,Samsung Smartphone,Electronics,Samsung,2573,3461.77,3634.86,18,Red,M,15,4.9,4565,Discontinued
3397,SKU003397,493294393970,Apple Laptop,Electronics,Apple,25829,35243.36,37005.53,18,Red,NA,12,3.8,2993,Discontinued
3398,SKU003398,573799633256,IKEA Cookware,Home,IKEA,35515,49713.91,52199.61,18,Red,NA,22,4.1,997,Active
3399,SKU003399,761312099906,LG Chair,Home,LG,41527,46213.06,48523.71,18,Black,NA,1,4.9,2948,Active
3400,SKU003400,169420118823,IKEA Cookware,Home,IKEA,46246,59420.61,62391.64,18,White,L,20,5.0,2336,Discontinued
3401,SKU003401,397632521794,Adidas Jeans,Fashion,Adidas,34101,42305.42,44420.69,12,Red,M,6,3.9,1096,Active
3402,SKU003402,917731167179,Amul Milk,Groceries,Amul,29076,32740.79,34377.83,5,Red,M,9,5.0,3058,Active
3403,SKU003403,158698491208,LG Laptop,Electronics,LG,20493,22749.06,23886.51,18,Blue,L,19,4.8,3251,Active
3404,SKU003404,402588295301,LG Smart Watch,Electronics,LG,49569,55995.57,58795.35,18,Black,S,5,4.2,1335,Active
3405,SKU003405,419855464031,IKEA Chair,Home,IKEA,679,765.59,803.87,18,Blue,M,1,4.9,4535,Active
3406,SKU003406,747699801047,Amul Tea,Groceries,Amul,2844,3806.18,3996.49,5,Blue,S,14,4.7,1388,Active
3407,SKU003407,070063805434,Adidas Jeans,Fashion,Adidas,25376,32734.84,34371.58,12,Blue,L,19,4.2,1913,Discontinued
3408,SKU003408,681512118116,Amul Butter,Groceries,Amul,15927,20808.69,21849.12,5,Blue,XL,10,4.9,2167,Active
3409,SKU003409,087316704361,Britannia Milk,Groceries,Britannia,37400,43055.59,45208.37,5,White,L,13,3.8,2157,Active
3410,SKU003410,221147928106,LG Storage Box,Home,LG,2512,3266.9,3430.25,18,Black,S,24,4.9,3347,Discontinued
3411,SKU003411,798363673555,LG Smart Watch,Electronics,LG,42249,47487.36,49861.73,18,White,L,18,4.7,319,Active
3412,SKU003412,053376219886,Britannia Tea,Groceries,Britannia,40778,55753.66,58541.34,5,White,NA,16,4.8,2021,Active
3413,SKU003413,531253199518,Amul Milk,Groceries,Amul,5362,6823.26,7164.42,5,White,L,3,4.4,739,Discontinued
3414,SKU003414,014637927207,Adidas Jacket,Fashion,Adidas,39380,45270.04,47533.54,12,White,M,12,3.9,1449,Active
3415,SKU003415,568300246270,Britannia Cookies,Groceries,Britannia,35977,43338.86,45505.8,5,Blue,NA,21,3.8,4101,Active
3416,SKU003416,704812494286,Sony Chair,Home,Sony,31415,34653.27,36385.93,18,Red,NA,9,3.6,2913,Active
3417,SKU003417,189681429352,LG Table,Home,LG,38909,44746.74,46984.08,18,Blue,M,21,4.8,4920,Discontinued
3418,SKU003418,596545950847,Samsung Smartphone,Electronics,Samsung,27740,31255.68,32818.46,18,Red,XL,15,4.6,2011,Discontinued
3419,SKU003419,248258735451,IKEA Chair,Home,IKEA,22409,28040.15,29442.16,18,Black,NA,9,4.7,2729,Discontinued
3420,SKU003420,934843296915,Nike Jacket,Fashion,Nike,42695,47703.4,50088.57,12,White,XL,3,4.1,750,Discontinued
3421,SKU003421,488193821882,Puma T-Shirt,Fashion,Puma,18981,25884.18,27178.39,12,Black,NA,23,3.9,2223,Discontinued
3422,SKU003422,188075628695,Amul Milk,Groceries,Amul,12526,15200.04,15960.04,5,Black,S,18,3.8,3594,Discontinued
3423,SKU003423,111579646001,Nike Shoes,Fashion,Nike,27729,32070.67,33674.2,12,Red,L,5,4.4,3118,Active
3424,SKU003424,608690907552,Amul Milk,Groceries,Amul,11570,12819.67,13460.65,5,Black,NA,8,3.5,2018,Discontinued
3425,SKU003425,314065143317,Apple Smartphone,Electronics,Apple,43917,56341.42,59158.49,18,Black,XL,8,4.3,4360,Active
3426,SKU003426,961278281363,Sony Table,Home,Sony,35017,43919.11,46115.07,18,Blue,M,5,3.8,2668,Active
3427,SKU003427,278933668189,Puma T-Shirt,Fashion,Puma,34574,38091.67,39996.25,12,Red,M,4,4.4,2770,Discontinued
3428,SKU003428,058268737991,LG Smartphone,Electronics,LG,2719,3166.38,3324.7,18,Black,XL,21,3.7,1927,Discontinued
3429,SKU003429,349342717734,Sony Smartphone,Electronics,Sony,14668,19001.98,19952.08,18,Red,S,6,4.2,586,Discontinued
3430,SKU003430,848018136943,Amul Butter,Groceries,Amul,2990,4175.08,4383.83,5,White,XL,4,4.6,3474,Active
3431,SKU003431,936934995835,Sony Smart Watch,Electronics,Sony,35177,45296.58,47561.41,18,Black,NA,4,3.9,4086,Discontinued
3432,SKU003432,133258082087,Samsung Headphones,Electronics,Samsung,18066,24281.66,25495.74,18,Blue,NA,5,4.2,2779,Discontinued
3433,SKU003433,834179604597,LG Smartphone,Electronics,LG,27179,34141.61,35848.69,18,Blue,NA,0,4.7,188,Discontinued
3434,SKU003434,176884824181,Apple Laptop,Electronics,Apple,46855,56090.63,58895.16,18,White,XL,8,3.7,265,Discontinued
3435,SKU003435,253567279467,LG Cookware,Home,LG,3098,4109.89,4315.38,18,Red,L,11,4.3,1051,Active
3436,SKU003436,710586925320,Amul Milk,Groceries,Amul,46883,58502.43,61427.55,5,White,S,14,3.8,3886,Active
3437,SKU003437,969232034076,Sony Table,Home,Sony,33001,43137.16,45294.02,18,Black,M,15,4.0,4806,Discontinued
3438,SKU003438,357638660844,Nike Jeans,Fashion,Nike,22633,30663.72,32196.91,12,Black,NA,12,4.4,4535,Discontinued
3439,SKU003439,552661935607,Sony Headphones,Electronics,Sony,47541,63228.45,66389.87,18,Red,NA,5,3.5,415,Discontinued
3440,SKU003440,965642920571,Britannia Milk,Groceries,Britannia,9332,10812.61,11353.24,5,Blue,L,21,4.7,1306,Active
3441,SKU003441,008363480361,Adidas Shoes,Fashion,Adidas,12501,15420.45,16191.47,12,Blue,M,2,4.0,2986,Discontinued
3442,SKU003442,383642665635,Sony Headphones,Electronics,Sony,3117,3893.93,4088.63,18,Blue,S,7,4.1,2957,Discontinued
3443,SKU003443,425596713069,Britannia Cookies,Groceries,Britannia,17589,20854.39,21897.11,5,Black,S,8,4.3,2094,Discontinued
3444,SKU003444,384332292033,Apple Smart Watch,Electronics,Apple,36205,49843.15,52335.31,18,Red,M,13,3.7,1527,Discontinued
3445,SKU003445,412789539292,IKEA Cookware,Home,IKEA,22440,27006.09,28356.39,18,Black,L,13,4.1,4583,Discontinued
3446,SKU003446,014877889256,Amul Cookies,Groceries,Amul,49666,65434.79,68706.53,5,White,NA,20,3.8,4396,Active
3447,SKU003447,534700203794,Sony Laptop,Electronics,Sony,5106,6325.38,6641.65,18,White,XL,23,4.0,1046,Discontinued
3448,SKU003448,658711400130,Adidas Jeans,Fashion,Adidas,26148,35515.92,37291.72,12,Black,S,9,4.1,2014,Discontinued
3449,SKU003449,037228618268,Amul Butter,Groceries,Amul,1300,1777.46,1866.33,5,Red,XL,17,3.6,2879,Discontinued
3450,SKU003450,450102140385,Sony Storage Box,Home,Sony,7175,8287.85,8702.24,18,Blue,S,23,4.1,1163,Discontinued
3451,SKU003451,831630937095,Amul Milk,Groceries,Amul,38513,47981.95,50381.05,5,Red,S,21,3.7,1643,Active
3452,SKU003452,691808011433,LG Table,Home,LG,36484,46306.73,48622.07,18,Black,S,20,4.6,1975,Discontinued
3453,SKU003453,022339189375,Sony Chair,Home,Sony,1491,1782.51,1871.64,18,White,M,16,4.3,1967,Discontinued
3454,SKU003454,796561818043,Apple Smartphone,Electronics,Apple,22876,29062.29,30515.4,18,Blue,XL,1,3.9,4461,Discontinued
3455,SKU003455,605811630501,Nike Jacket,Fashion,Nike,8806,11993.18,12592.84,12,Red,S,17,4.9,3290,Active
3456,SKU003456,164932298239,Samsung Headphones,Electronics,Samsung,10001,13961.57,14659.65,18,Black,NA,20,5.0,4800,Discontinued
3457,SKU003457,834055442553,Amul Milk,Groceries,Amul,18905,22796.13,23935.94,5,Blue,XL,18,3.7,4713,Active
3458,SKU003458,370706502920,Samsung Smart Watch,Electronics,Samsung,39083,53848.0,56540.4,18,White,S,22,4.4,2476,Discontinued
3459,SKU003459,689402562176,LG Table,Home,LG,36873,40622.89,42654.03,18,Black,S,22,4.5,3526,Discontinued
3460,SKU003460,004984482079,Britannia Butter,Groceries,Britannia,12981,17852.79,18745.43,5,Red,M,21,3.6,4904,Discontinued
3461,SKU003461,921307042447,Amul Butter,Groceries,Amul,46807,63724.93,66911.18,5,Red,S,7,3.6,2202,Discontinued
3462,SKU003462,024889599892,Nike Jacket,Fashion,Nike,7307,9015.79,9466.58,12,White,XL,15,3.7,4139,Active
3463,SKU003463,967464336917,Nike Jacket,Fashion,Nike,8500,10373.17,10891.83,12,Blue,S,5,4.6,2761,Discontinued
3464,SKU003464,430858407846,Puma T-Shirt,Fashion,Puma,45896,60433.98,63455.68,12,Black,L,20,4.3,3676,Discontinued
3465,SKU003465,668791178431,Samsung Laptop,Electronics,Samsung,45173,58960.5,61908.53,18,Blue,S,11,4.8,3832,Discontinued
3466,SKU003466,804972340183,Puma Shoes,Fashion,Puma,49395,60632.22,63663.83,12,Red,NA,24,3.5,1653,Discontinued
3467,SKU003467,385228628051,LG Storage Box,Home,LG,2239,2496.13,2620.94,18,Black,S,5,4.7,4665,Discontinued
3468,SKU003468,077456833045,Samsung Smart Watch,Electronics,Samsung,43026,48064.13,50467.34,18,Blue,S,5,4.7,4511,Discontinued
3469,SKU003469,716664127822,Sony Table,Home,Sony,6794,8757.5,9195.38,18,White,NA,18,3.5,1923,Active
3470,SKU003470,547140609910,Britannia Tea,Groceries,Britannia,8430,11444.5,12016.73,5,Blue,S,18,3.8,226,Active
3471,SKU003471,153313740078,Apple Smartphone,Electronics,Apple,3224,4462.57,4685.7,18,Red,NA,23,4.2,2413,Active
3472,SKU003472,055540373599,Nike Jacket,Fashion,Nike,30056,38151.6,40059.18,12,White,S,11,4.6,4146,Discontinued
3473,SKU003473,716123540355,Samsung Headphones,Electronics,Samsung,35770,47738.02,50124.92,18,Red,M,5,4.8,4390,Discontinued
3474,SKU003474,517898187941,LG Cookware,Home,LG,29929,38202.57,40112.7,18,Red,XL,18,4.5,4478,Active
3475,SKU003475,231006321580,Samsung Smartphone,Electronics,Samsung,42856,59763.73,62751.92,18,Black,L,12,4.4,2898,Active
3476,SKU003476,853982548654,IKEA Storage Box,Home,IKEA,3366,4557.53,4785.41,18,White,M,10,3.9,113,Discontinued
3477,SKU003477,239174053920,Sony Cookware,Home,Sony,18758,24634.6,25866.33,18,Blue,XL,16,4.2,1754,Active
3478,SKU003478,104929988170,Sony Smart Watch,Electronics,Sony,2889,3967.01,4165.36,18,Red,L,24,4.1,1610,Discontinued
3479,SKU003479,403651381009,Adidas Jacket,Fashion,Adidas,49599,58349.84,61267.33,12,Black,XL,1,4.3,3556,Discontinued
3480,SKU003480,814810848728,Samsung Laptop,Electronics,Samsung,37787,43599.11,45779.07,18,Red,S,21,3.7,2462,Discontinued
3481,SKU003481,622428472221,Amul Tea,Groceries,Amul,23644,27521.46,28897.53,5,White,S,12,3.9,331,Active
3482,SKU003482,857617697150,Apple Headphones,Electronics,Apple,30433,35683.55,37467.73,18,Black,NA,9,4.2,1586,Discontinued
3483,SKU003483,197822032912,IKEA Table,Home,IKEA,1894,2446.92,2569.27,18,Blue,S,7,3.5,2899,Discontinued
3484,SKU003484,689346971763,IKEA Cookware,Home,IKEA,22578,28718.54,30154.47,18,Red,L,20,4.5,1783,Discontinued
3485,SKU003485,108844217135,LG Table,Home,LG,16947,22265.81,23379.1,18,White,NA,2,4.4,1335,Active
3486,SKU003486,037374721995,Puma Jacket,Fashion,Puma,22952,30827.85,32369.24,12,Red,S,2,3.5,4155,Active
3487,SKU003487,355639595578,Adidas Jacket,Fashion,Adidas,2943,3264.24,3427.45,12,Blue,S,24,5.0,1533,Active
3488,SKU003488,198304733902,Adidas T-Shirt,Fashion,Adidas,48501,65062.4,68315.52,12,Blue,M,3,3.9,218,Discontinued
3489,SKU003489,787545054798,Apple Smart Watch,Electronics,Apple,38908,48206.9,50617.25,18,Black,NA,13,4.8,1571,Active
3490,SKU003490,174783198442,Sony Storage Box,Home,Sony,17277,19479.63,20453.61,18,Blue,NA,6,4.3,1465,Discontinued
3491,SKU003491,283413391903,Britannia Cookies,Groceries,Britannia,33014,46087.09,48391.44,5,Black,M,18,4.7,414,Discontinued
3492,SKU003492,615698642807,Adidas Shoes,Fashion,Adidas,32645,41643.42,43725.59,12,Black,M,23,3.6,4032,Active
3493,SKU003493,543444994369,Adidas T-Shirt,Fashion,Adidas,48263,65869.32,69162.79,12,White,XL,18,4.4,2305,Discontinued
3494,SKU003494,295547664290,Apple Smartphone,Electronics,Apple,33667,42483.67,44607.85,18,Blue,L,13,3.5,1466,Active
3495,SKU003495,731252124568,Amul Butter,Groceries,Amul,41636,55828.87,58620.31,5,Red,S,8,4.3,2018,Active
3496,SKU003496,291873121662,Nike Shoes,Fashion,Nike,21569,27156.05,28513.85,12,Red,M,16,3.8,4480,Discontinued
3497,SKU003497,443903563885,Amul Milk,Groceries,Amul,27885,33616.51,35297.34,5,White,NA,7,3.8,3057,Discontinued
3498,SKU003498,272026909475,Sony Chair,Home,Sony,31252,38031.97,39933.57,18,Blue,NA,2,4.5,52,Active
3499,SKU003499,180181840456,Samsung Smartphone,Electronics,Samsung,6880,8434.65,8856.38,18,Red,NA,1,4.2,3766,Discontinued
3500,SKU003500,027660098856,Puma Jacket,Fashion,Puma,46772,53038.27,55690.18,12,Blue,S,2,4.6,4853,Discontinued
3501,SKU003501,067523721673,Sony Storage Box,Home,Sony,18450,20704.54,21739.77,18,White,S,0,4.4,110,Discontinued
3502,SKU003502,647395824053,LG Chair,Home,LG,40700,50013.88,52514.57,18,Blue,S,1,4.4,1039,Discontinued
3503,SKU003503,843937432079,Sony Headphones,Electronics,Sony,28967,34690.68,36425.21,18,Blue,M,6,3.9,1170,Discontinued
3504,SKU003504,432056684260,IKEA Cookware,Home,IKEA,48775,56303.05,59118.2,18,Black,L,21,3.6,1057,Active
3505,SKU003505,889757465975,Nike Shoes,Fashion,Nike,38028,42316.47,44432.29,12,Blue,L,18,5.0,753,Active
3506,SKU003506,545084858106,Samsung Laptop,Electronics,Samsung,44738,55591.8,58371.39,18,Black,L,12,3.9,3043,Discontinued
3507,SKU003507,979620447319,Puma Shoes,Fashion,Puma,35482,48463.67,50886.85,12,Black,M,11,4.1,4155,Discontinued
3508,SKU003508,636846969495,Sony Storage Box,Home,Sony,14782,16961.55,17809.63,18,Blue,XL,12,4.0,403,Active
3509,SKU003509,363857456098,Nike T-Shirt,Fashion,Nike,26470,34744.48,36481.7,12,Black,XL,14,4.2,612,Active
3510,SKU003510,324658816178,Sony Laptop,Electronics,Sony,40777,50544.44,53071.66,18,Blue,S,19,3.6,3097,Active
3511,SKU003511,617481265823,Adidas Shoes,Fashion,Adidas,6051,6775.39,7114.16,12,Red,L,24,3.8,2939,Active
3512,SKU003512,612710474450,Amul Butter,Groceries,Amul,34541,42270.84,44384.38,5,Blue,M,18,3.5,3655,Discontinued
3513,SKU003513,251861243220,LG Chair,Home,LG,24309,32499.86,34124.85,18,White,M,17,4.6,2945,Active
3514,SKU003514,230359060465,Sony Cookware,Home,Sony,33503,46557.07,48884.92,18,Red,NA,8,3.8,1681,Active
3515,SKU003515,550161541922,Amul Butter,Groceries,Amul,502,667.57,700.95,5,Black,S,14,5.0,4975,Discontinued
3516,SKU003516,374887959059,Britannia Butter,Groceries,Britannia,10933,13182.63,13841.76,5,Black,M,6,4.2,1843,Discontinued
3517,SKU003517,736314872589,Amul Butter,Groceries,Amul,8466,9900.93,10395.98,5,Red,M,2,3.5,3432,Discontinued
3518,SKU003518,248002657300,Adidas Jeans,Fashion,Adidas,1038,1326.03,1392.33,12,Black,NA,22,4.1,3276,Active
3519,SKU003519,026207737084,Sony Smartphone,Electronics,Sony,44733,50457.99,52980.89,18,White,L,8,4.4,1788,Active
3520,SKU003520,733474300918,Puma Jeans,Fashion,Puma,13205,15360.64,16128.67,12,Red,XL,16,3.7,4222,Active
3521,SKU003521,327302621397,Adidas Shoes,Fashion,Adidas,9596,10740.53,11277.56,12,Blue,L,7,3.7,4155,Active
3522,SKU003522,407351601568,IKEA Chair,Home,IKEA,35694,40259.91,42272.91,18,Red,L,15,3.7,2529,Active
3523,SKU003523,273785550496,LG Laptop,Electronics,LG,20815,28532.66,29959.29,18,White,NA,2,3.7,289,Discontinued
3524,SKU003524,148147722018,LG Cookware,Home,LG,35615,41101.53,43156.61,18,Black,M,22,4.7,3175,Discontinued
3525,SKU003525,605953390802,Britannia Cookies,Groceries,Britannia,3358,3997.21,4197.07,5,Black,M,0,4.0,1055,Discontinued
3526,SKU003526,169712926951,Sony Table,Home,Sony,19702,21955.06,23052.81,18,Red,XL,10,3.9,2084,Discontinued
3527,SKU003527,139559678097,Amul Tea,Groceries,Amul,19305,21507.79,22583.18,5,Blue,NA,4,4.0,3498,Active
3528,SKU003528,817935631081,LG Chair,Home,LG,3583,4763.7,5001.89,18,Blue,L,15,4.0,4056,Discontinued
3529,SKU003529,531098725581,Apple Smartphone,Electronics,Apple,23878,33109.11,34764.57,18,Black,M,0,3.6,2872,Active
3530,SKU003530,107128692134,Adidas Shoes,Fashion,Adidas,8107,10970.29,11518.8,12,Blue,L,17,3.9,550,Active
3531,SKU003531,190118576108,LG Smartphone,Electronics,LG,23335,27448.14,28820.55,18,Black,NA,19,3.9,780,Active
3532,SKU003532,823220178539,LG Chair,Home,LG,49303,54940.63,57687.66,18,Black,XL,13,5.0,3138,Active
3533,SKU003533,723461592251,IKEA Storage Box,Home,IKEA,44636,61163.01,64221.16,18,Red,S,4,4.4,4582,Discontinued
3534,SKU003534,502136040053,Britannia Cookies,Groceries,Britannia,48735,56222.63,59033.76,5,Red,L,12,4.2,2875,Discontinued
3535,SKU003535,547006742822,LG Smartphone,Electronics,LG,16729,20628.92,21660.37,18,Blue,NA,22,3.5,4752,Active
3536,SKU003536,690377072967,Sony Storage Box,Home,Sony,43709,52589.52,55219.0,18,Blue,XL,8,3.7,3725,Discontinued
3537,SKU003537,638094401978,Amul Cookies,Groceries,Amul,41200,57148.49,60005.91,5,Black,S,22,3.6,1883,Active
3538,SKU003538,789327764603,Adidas Jeans,Fashion,Adidas,14546,18371.16,19289.72,12,Blue,L,17,3.6,1798,Active
3539,SKU003539,088717912257,Britannia Cookies,Groceries,Britannia,11007,13071.79,13725.38,5,Blue,S,23,4.6,567,Active
3540,SKU003540,063398741951,Sony Storage Box,Home,Sony,46192,57085.03,59939.28,18,White,S,18,4.4,3959,Discontinued
3541,SKU003541,617451302382,Apple Smart Watch,Electronics,Apple,39916,44253.15,46465.81,18,White,NA,19,3.9,460,Active
3542,SKU003542,722290527332,Apple Laptop,Electronics,Apple,6113,8461.28,8884.34,18,Blue,S,2,4.9,1936,Discontinued
3543,SKU003543,813839399477,Britannia Tea,Groceries,Britannia,7151,8538.74,8965.68,5,White,M,6,4.6,2168,Discontinued
3544,SKU003544,925032556747,LG Smart Watch,Electronics,LG,9236,10689.14,11223.6,18,White,XL,5,4.3,4262,Discontinued
3545,SKU003545,576555982508,IKEA Table,Home,IKEA,33465,40594.05,42623.75,18,Black,XL,2,3.6,4580,Active
3546,SKU003546,914380375321,Adidas Jacket,Fashion,Adidas,40957,56886.26,59730.57,12,Red,M,6,3.6,705,Discontinued
3547,SKU003547,998263600964,LG Laptop,Electronics,LG,46004,55644.76,58427.0,18,Blue,L,15,3.6,4569,Active
3548,SKU003548,831980234464,Apple Headphones,Electronics,Apple,42604,55887.28,58681.64,18,Red,L,21,3.8,920,Discontinued
3549,SKU003549,022508678425,LG Smart Watch,Electronics,LG,31138,41584.12,43663.33,18,Black,S,3,3.9,3443,Discontinued
3550,SKU003550,314273798964,Britannia Butter,Groceries,Britannia,27311,32187.15,33796.51,5,Black,XL,8,4.4,1227,Active
3551,SKU003551,991871735854,Samsung Smart Watch,Electronics,Samsung,47769,54781.21,57520.27,18,Black,NA,23,4.1,2080,Discontinued
3552,SKU003552,897903806532,Sony Smartphone,Electronics,Sony,35917,47840.81,50232.85,18,White,S,18,3.6,1692,Active
3553,SKU003553,475075255440,LG Cookware,Home,LG,6376,8304.05,8719.25,18,Red,NA,18,4.3,1354,Discontinued
3554,SKU003554,837398860811,Puma Jeans,Fashion,Puma,3042,3714.72,3900.46,12,Blue,L,3,4.3,4321,Active
3555,SKU003555,704769523726,Sony Chair,Home,Sony,35003,42155.69,44263.47,18,Blue,XL,4,3.7,533,Discontinued
3556,SKU003556,240079036249,Adidas Jacket,Fashion,Adidas,44622,50713.79,53249.48,12,Blue,S,7,4.2,2428,Discontinued
3557,SKU003557,621268919992,IKEA Storage Box,Home,IKEA,12579,15281.95,16046.05,18,White,L,9,4.4,3521,Discontinued
3558,SKU003558,565370497285,Nike Jeans,Fashion,Nike,48544,53469.43,56142.9,12,White,S,0,4.4,4036,Discontinued
3559,SKU003559,781565794441,Sony Storage Box,Home,Sony,25364,30165.03,31673.28,18,White,NA,10,4.3,197,Active
3560,SKU003560,626768671219,Adidas T-Shirt,Fashion,Adidas,19561,26454.55,27777.28,12,Black,NA,22,3.8,3555,Active
3561,SKU003561,037448712860,Adidas T-Shirt,Fashion,Adidas,25499,33618.49,35299.41,12,Red,S,14,4.2,4252,Discontinued
3562,SKU003562,488606653620,LG Laptop,Electronics,LG,45031,52892.59,55537.22,18,Blue,S,2,4.5,2530,Discontinued
3563,SKU003563,986740192450,LG Headphones,Electronics,LG,7773,8707.55,9142.93,18,Red,S,24,3.5,4931,Active
3564,SKU003564,777881068839,Nike T-Shirt,Fashion,Nike,3852,4697.78,4932.67,12,White,NA,12,5.0,887,Active
3565,SKU003565,911078298670,LG Smart Watch,Electronics,LG,13294,15884.42,16678.64,18,Black,S,1,4.9,4811,Discontinued
3566,SKU003566,388060298632,Apple Laptop,Electronics,Apple,31385,37194.04,39053.74,18,White,S,7,3.8,4455,Active
3567,SKU003567,302437687389,Nike Shoes,Fashion,Nike,2120,2573.08,2701.73,12,Black,NA,6,4.1,4939,Discontinued
3568,SKU003568,812738059488,Puma Shoes,Fashion,Puma,6440,7220.79,7581.83,12,White,M,16,4.9,3135,Discontinued
3569,SKU003569,411899186998,Sony Cookware,Home,Sony,5724,7468.6,7842.03,18,Blue,M,21,4.1,4986,Active
3570,SKU003570,462098921448,Apple Smart Watch,Electronics,Apple,40744,49661.42,52144.49,18,White,M,14,4.8,1935,Discontinued
3571,SKU003571,979230075240,Nike Shoes,Fashion,Nike,5040,6142.55,6449.68,12,Red,L,0,4.3,728,Active
3572,SKU003572,152868586786,Amul Cookies,Groceries,Amul,911,1052.85,1105.49,5,Black,M,8,4.2,805,Active
3573,SKU003573,202652226086,Nike T-Shirt,Fashion,Nike,49088,65558.99,68836.94,12,Red,S,4,3.7,257,Discontinued
3574,SKU003574,457319419748,Sony Chair,Home,Sony,49389,57878.43,60772.35,18,Black,S,24,3.8,3795,Discontinued
3575,SKU003575,532440992615,Samsung Laptop,Electronics,Samsung,37679,51767.08,54355.43,18,Red,M,0,4.4,685,Active
3576,SKU003576,715263134946,Sony Smart Watch,Electronics,Sony,39313,53942.06,56639.16,18,Red,L,10,3.8,611,Active
3577,SKU003577,747986056685,Amul Tea,Groceries,Amul,42483,53358.19,56026.1,5,White,S,0,4.2,3075,Discontinued
3578,SKU003578,785633831624,Britannia Milk,Groceries,Britannia,5236,7042.77,7394.91,5,Black,S,3,4.9,1576,Discontinued
3579,SKU003579,562453992435,Apple Headphones,Electronics,Apple,42988,49054.43,51507.15,18,Blue,S,13,3.9,3257,Discontinued
3580,SKU003580,297707172738,Apple Smart Watch,Electronics,Apple,35609,48608.84,51039.28,18,Blue,NA,4,3.7,2198,Discontinued
3581,SKU003581,772416804097,LG Table,Home,LG,10193,12396.98,13016.83,18,Blue,XL,12,4.9,4589,Active
3582,SKU003582,660496398185,Puma Jeans,Fashion,Puma,26568,35616.07,37396.87,12,White,S,10,4.6,3924,Discontinued
3583,SKU003583,650469593507,Sony Smartphone,Electronics,Sony,34844,46655.48,48988.25,18,Blue,XL,23,4.9,1111,Active
3584,SKU003584,481919777130,IKEA Cookware,Home,IKEA,42915,56135.45,58942.22,18,Red,NA,1,3.9,1494,Active
3585,SKU003585,091613408473,Samsung Smart Watch,Electronics,Samsung,29485,38988.01,40937.41,18,Blue,M,5,4.6,4705,Active
3586,SKU003586,351940142052,Nike Shoes,Fashion,Nike,19242,26275.07,27588.82,12,Red,L,5,3.5,4969,Discontinued
3587,SKU003587,040793955538,Sony Smart Watch,Electronics,Sony,41098,55275.31,58039.08,18,Black,S,5,3.9,3443,Discontinued
3588,SKU003588,768198822950,Nike Jacket,Fashion,Nike,12709,14432.34,15153.96,12,Blue,M,21,4.5,2173,Discontinued
3589,SKU003589,833481211942,LG Chair,Home,LG,27985,32487.0,34111.35,18,Red,S,21,4.3,2550,Active
3590,SKU003590,085376530466,LG Table,Home,LG,19603,22445.91,23568.21,18,Red,NA,5,4.5,3642,Active
3591,SKU003591,632050099285,Amul Tea,Groceries,Amul,14077,16465.97,17289.27,5,Red,M,19,3.8,4145,Discontinued
3592,SKU003592,383197364104,Adidas Jacket,Fashion,Adidas,37833,45882.2,48176.31,12,Black,S,14,3.7,4117,Discontinued
3593,SKU003593,334655889562,Puma T-Shirt,Fashion,Puma,33655,37033.39,38885.06,12,White,L,13,4.0,3786,Active
3594,SKU003594,738787224288,Adidas Jacket,Fashion,Adidas,24886,32705.53,34340.81,12,Black,XL,23,4.0,2137,Discontinued
3595,SKU003595,223527282637,Sony Chair,Home,Sony,47168,53196.05,55855.85,18,White,M,8,4.5,1778,Active
3596,SKU003596,335864756204,Adidas Shoes,Fashion,Adidas,49790,59512.62,62488.25,12,Blue,L,4,4.9,3027,Active
3597,SKU003597,208649241057,LG Headphones,Electronics,LG,3753,5099.72,5354.71,18,White,XL,13,3.8,4915,Active
3598,SKU003598,810288812232,Sony Headphones,Electronics,Sony,19154,24726.94,25963.29,18,White,S,21,3.8,1160,Active
3599,SKU003599,290568181350,Adidas T-Shirt,Fashion,Adidas,31603,41965.82,44064.11,12,White,L,20,4.3,2107,Active
3600,SKU003600,944073131534,Puma Jeans,Fashion,Puma,34826,38590.8,40520.34,12,Blue,S,24,4.4,1336,Active
3601,SKU003601,189362431464,Nike Jacket,Fashion,Nike,26541,29905.11,31400.37,12,Black,XL,8,3.5,3894,Discontinued
3602,SKU003602,646271336229,Adidas Jeans,Fashion,Adidas,23632,31225.24,32786.5,12,Black,NA,20,4.2,3101,Active
3603,SKU003603,949547856114,LG Laptop,Electronics,LG,8324,11013.47,11564.14,18,Black,S,11,4.7,4097,Active
3604,SKU003604,285358722322,Amul Butter,Groceries,Amul,30665,41631.08,43712.63,5,Blue,XL,18,4.3,2055,Discontinued
3605,SKU003605,969269797369,Britannia Butter,Groceries,Britannia,29223,33650.54,35333.07,5,White,NA,9,4.8,4898,Discontinued
3606,SKU003606,075899416856,IKEA Cookware,Home,IKEA,49403,64442.72,67664.86,18,Blue,S,22,4.1,1854,Active
3607,SKU003607,071263559149,Sony Smartphone,Electronics,Sony,11170,12823.67,13464.85,18,White,M,20,3.6,269,Active
3608,SKU003608,711689880854,Britannia Milk,Groceries,Britannia,32182,39720.78,41706.82,5,White,M,13,4.1,440,Discontinued
3609,SKU003609,233500840546,Puma T-Shirt,Fashion,Puma,17416,22685.71,23820.0,12,White,NA,14,4.5,1277,Discontinued
3610,SKU003610,535415431323,Britannia Butter,Groceries,Britannia,19077,24751.43,25989.0,5,Red,S,20,3.6,2947,Discontinued
3611,SKU003611,076788033952,Adidas Jeans,Fashion,Adidas,9711,11539.87,12116.86,12,Black,S,6,4.0,3707,Discontinued
3612,SKU003612,809009019343,Britannia Tea,Groceries,Britannia,48788,63221.77,66382.86,5,White,S,22,3.9,1545,Active
3613,SKU003613,597469067575,LG Cookware,Home,LG,44470,51244.0,53806.2,18,Black,S,22,4.8,1603,Active
3614,SKU003614,664370549593,Nike T-Shirt,Fashion,Nike,15727,22012.42,23113.04,12,Blue,XL,14,3.7,3811,Active
3615,SKU003615,787852615373,Sony Cookware,Home,Sony,25878,33312.16,34977.77,18,Black,NA,14,4.3,2874,Active
3616,SKU003616,228997846162,Samsung Smartphone,Electronics,Samsung,11505,15631.01,16412.56,18,Red,S,10,4.5,1555,Discontinued
3617,SKU003617,760129497243,Adidas Shoes,Fashion,Adidas,12553,16354.06,17171.76,12,Blue,M,21,4.4,439,Discontinued
3618,SKU003618,139518764999,Adidas Jeans,Fashion,Adidas,8485,10406.44,10926.76,12,Red,XL,11,4.5,1063,Active
3619,SKU003619,814629455689,LG Smart Watch,Electronics,LG,16634,20040.32,21042.34,18,Blue,M,22,4.6,260,Discontinued
3620,SKU003620,970479436019,Amul Butter,Groceries,Amul,40210,56225.55,59036.83,5,Black,M,12,4.7,4246,Active
3621,SKU003621,436358106215,Apple Headphones,Electronics,Apple,12531,15813.86,16604.55,18,White,XL,4,4.0,134,Active
3622,SKU003622,407363955581,Nike Jacket,Fashion,Nike,46676,61232.16,64293.77,12,Red,M,4,4.9,1806,Active
3623,SKU003623,853726815464,Nike T-Shirt,Fashion,Nike,29056,35493.61,37268.29,12,White,S,5,4.6,3762,Discontinued
3624,SKU003624,478620861322,Samsung Smartphone,Electronics,Samsung,11240,14072.14,14775.75,18,Black,M,19,4.8,2547,Active
3625,SKU003625,590456903674,Amul Tea,Groceries,Amul,36943,42715.55,44851.33,5,Red,M,15,4.6,4102,Active
3626,SKU003626,110602254034,IKEA Chair,Home,IKEA,45910,60717.22,63753.08,18,Blue,NA,23,3.9,2081,Active
3627,SKU003627,842494539878,LG Laptop,Electronics,LG,383,512.94,538.59,18,Red,S,20,4.6,4285,Active
3628,SKU003628,456742299897,Puma T-Shirt,Fashion,Puma,37867,43314.77,45480.51,12,Red,NA,24,4.1,4559,Active
3629,SKU003629,253488301212,Amul Cookies,Groceries,Amul,30057,37691.22,39575.78,5,Red,M,14,3.5,4473,Discontinued
3630,SKU003630,386421986343,Britannia Cookies,Groceries,Britannia,41181,52525.53,55151.81,5,Black,S,0,4.5,4282,Active
3631,SKU003631,166313559880,Amul Milk,Groceries,Amul,2696,3054.54,3207.27,5,Black,XL,1,4.7,294,Active
3632,SKU003632,645995953598,LG Smart Watch,Electronics,LG,40335,55253.95,58016.65,18,Blue,XL,12,4.6,2465,Discontinued
3633,SKU003633,519192740429,Samsung Headphones,Electronics,Samsung,23359,27762.39,29150.51,18,Blue,S,8,4.5,3272,Active
3634,SKU003634,426235858026,Britannia Cookies,Groceries,Britannia,21216,26838.4,28180.32,5,White,L,23,4.7,4775,Discontinued
3635,SKU003635,739535550876,Puma Jeans,Fashion,Puma,28611,36252.6,38065.23,12,Blue,L,13,4.4,3041,Active
3636,SKU003636,399983041052,Britannia Butter,Groceries,Britannia,44673,52537.48,55164.35,5,Black,L,22,4.8,1216,Discontinued
3637,SKU003637,919613665112,Nike Jeans,Fashion,Nike,14398,17769.55,18658.03,12,White,L,2,4.6,1934,Active
3638,SKU003638,103040665276,Amul Milk,Groceries,Amul,25747,28380.82,29799.86,5,Red,L,24,4.6,2458,Active
3639,SKU003639,085573151147,IKEA Chair,Home,IKEA,27612,30455.04,31977.79,18,Blue,NA,22,4.8,876,Discontinued
3640,SKU003640,432272328586,Britannia Cookies,Groceries,Britannia,16839,20515.09,21540.84,5,White,L,22,4.6,4751,Active
3641,SKU003641,117828542199,Puma Jeans,Fashion,Puma,38967,49051.3,51503.87,12,Blue,S,3,4.8,3439,Discontinued
3642,SKU003642,344812600803,Amul Tea,Groceries,Amul,9688,12753.1,13390.76,5,White,NA,14,3.7,4378,Discontinued
3643,SKU003643,958586960527,Puma Shoes,Fashion,Puma,21441,28595.9,30025.7,12,Blue,XL,19,4.9,495,Discontinued
3644,SKU003644,518388436048,Amul Tea,Groceries,Amul,31034,42879.06,45023.01,5,White,NA,10,4.0,4205,Active
3645,SKU003645,257598695882,Puma Jeans,Fashion,Puma,37002,42718.27,44854.18,12,Red,S,19,4.6,3861,Active
3646,SKU003646,540879910850,Britannia Milk,Groceries,Britannia,27848,32061.26,33664.32,5,White,XL,9,4.2,1023,Active
3647,SKU003647,695804642193,Amul Milk,Groceries,Amul,9850,12756.27,13394.08,5,Black,M,21,3.8,1321,Active
3648,SKU003648,703821165008,Britannia Butter,Groceries,Britannia,36257,41954.65,44052.38,5,White,NA,3,4.4,3307,Discontinued
3649,SKU003649,138816956496,Britannia Butter,Groceries,Britannia,21945,29882.82,31376.96,5,Blue,S,18,4.0,3772,Discontinued
3650,SKU003650,043704457342,Britannia Milk,Groceries,Britannia,28157,34492.42,36217.04,5,Red,NA,4,5.0,1048,Active
3651,SKU003651,598784557556,Britannia Cookies,Groceries,Britannia,40463,55209.61,57970.09,5,Blue,L,12,4.3,4377,Active
3652,SKU003652,900729619538,Sony Table,Home,Sony,149,198.92,208.87,18,Black,NA,11,4.5,3111,Active
3653,SKU003653,614467849306,Samsung Laptop,Electronics,Samsung,31092,42897.84,45042.73,18,Blue,XL,9,4.5,1198,Active
3654,SKU003654,240797444053,LG Cookware,Home,LG,7305,9937.62,10434.5,18,Black,L,19,4.0,1835,Discontinued
3655,SKU003655,386869452069,Amul Cookies,Groceries,Amul,6898,8301.88,8716.97,5,Black,M,21,3.9,3853,Discontinued
3656,SKU003656,093787514271,Nike Shoes,Fashion,Nike,13091,14529.07,15255.52,12,White,M,1,3.8,4604,Discontinued
3657,SKU003657,654386316896,Nike T-Shirt,Fashion,Nike,13355,16987.33,17836.7,12,Red,S,9,4.4,2245,Discontinued
3658,SKU003658,663294216466,Puma Jacket,Fashion,Puma,15475,21626.09,22707.39,12,Black,L,16,4.9,468,Discontinued
3659,SKU003659,996082609225,Adidas Shoes,Fashion,Adidas,37983,42553.96,44681.66,12,Black,S,3,3.8,2476,Active
3660,SKU003660,312920111983,LG Chair,Home,LG,49315,62263.48,65376.65,18,Black,XL,24,4.7,4335,Active
3661,SKU003661,047284965604,Adidas Jeans,Fashion,Adidas,21927,26237.95,27549.85,12,Red,XL,14,3.6,1833,Discontinued
3662,SKU003662,526133920589,Nike Jacket,Fashion,Nike,45086,53042.1,55694.21,12,White,NA,7,4.8,4306,Discontinued
3663,SKU003663,416182840639,Nike Jeans,Fashion,Nike,28161,32896.62,34541.45,12,White,NA,23,4.4,3250,Active
3664,SKU003664,250279434877,Puma Shoes,Fashion,Puma,30387,34144.96,35852.21,12,White,L,22,3.9,4642,Active
3665,SKU003665,317722199657,LG Cookware,Home,LG,34699,46705.73,49041.02,18,White,L,1,3.7,1771,Discontinued
3666,SKU003666,055608750744,Samsung Headphones,Electronics,Samsung,49525,60943.54,63990.72,18,White,S,2,4.9,2580,Discontinued
3667,SKU003667,761237070771,Sony Storage Box,Home,Sony,42324,50121.05,52627.1,18,Black,M,5,4.8,3230,Discontinued
3668,SKU003668,452276586706,Sony Table,Home,Sony,16048,18646.9,19579.25,18,Blue,NA,16,3.6,1928,Active
3669,SKU003669,990079754141,Amul Butter,Groceries,Amul,39587,49733.78,52220.47,5,White,XL,6,3.5,4658,Discontinued
3670,SKU003670,023868210054,Sony Chair,Home,Sony,35203,49181.86,51640.95,18,White,M,5,4.0,1827,Active
3671,SKU003671,625726131030,Britannia Milk,Groceries,Britannia,34130,47592.44,49972.06,5,Red,L,2,4.6,4449,Active
3672,SKU003672,197031712989,Apple Smartphone,Electronics,Apple,28526,38364.12,40282.33,18,Black,S,1,4.7,3141,Discontinued
3673,SKU003673,459731760834,Puma Jeans,Fashion,Puma,19559,24739.91,25976.91,12,Red,L,20,4.7,4076,Discontinued
3674,SKU003674,286946730172,Samsung Laptop,Electronics,Samsung,10737,13476.44,14150.26,18,White,M,18,3.8,3020,Active
3675,SKU003675,857793228638,Sony Cookware,Home,Sony,28708,34715.51,36451.29,18,Black,L,2,4.7,683,Active
3676,SKU003676,261245701161,Britannia Milk,Groceries,Britannia,39773,48954.19,51401.9,5,Blue,NA,4,3.8,89,Active
3677,SKU003677,483074662787,LG Table,Home,LG,6740,8725.01,9161.26,18,Red,XL,24,3.5,1977,Discontinued
3678,SKU003678,935217369394,Puma Jeans,Fashion,Puma,49858,55310.67,58076.2,12,White,NA,12,4.7,2962,Active
3679,SKU003679,210579231204,Sony Headphones,Electronics,Sony,15033,18796.75,19736.59,18,Red,S,22,4.6,1646,Active
3680,SKU003680,790256813646,LG Cookware,Home,LG,8835,11587.6,12166.98,18,Blue,M,21,4.4,4227,Active
3681,SKU003681,385263061294,Britannia Butter,Groceries,Britannia,48008,55040.56,57792.59,5,Blue,S,12,3.6,4566,Discontinued
3682,SKU003682,354356088912,Britannia Tea,Groceries,Britannia,31342,42817.19,44958.05,5,Black,S,18,3.6,4201,Active
3683,SKU003683,511298049341,Sony Smartphone,Electronics,Sony,11121,14985.38,15734.65,18,White,L,10,4.5,1065,Discontinued
3684,SKU003684,073914418185,LG Cookware,Home,LG,5127,6591.67,6921.25,18,Red,L,0,5.0,4262,Active
3685,SKU003685,639445412948,Samsung Laptop,Electronics,Samsung,40927,54745.8,57483.09,18,Black,L,22,4.3,1690,Active
3686,SKU003686,781386247376,Britannia Cookies,Groceries,Britannia,32739,41538.18,43615.09,5,Red,M,15,4.3,4109,Discontinued
3687,SKU003687,406381267537,Britannia Butter,Groceries,Britannia,48253,63154.86,66312.6,5,Black,M,3,4.3,904,Discontinued
3688,SKU003688,363865590542,Nike T-Shirt,Fashion,Nike,47419,57804.76,60695.0,12,Blue,S,2,3.8,467,Discontinued
3689,SKU003689,169750651444,Nike T-Shirt,Fashion,Nike,41312,48975.35,51424.12,12,Blue,XL,17,4.3,2579,Discontinued
3690,SKU003690,124199397082,LG Chair,Home,LG,40518,50976.3,53525.12,18,White,L,3,4.1,4702,Active
3691,SKU003691,326104087801,Amul Butter,Groceries,Amul,21602,27832.36,29223.98,5,White,NA,14,4.4,1643,Discontinued
3692,SKU003692,958556157552,Apple Laptop,Electronics,Apple,19218,25511.08,26786.63,18,Blue,NA,0,4.4,1979,Active
3693,SKU003693,449131546989,IKEA Storage Box,Home,IKEA,25035,29775.17,31263.93,18,White,NA,2,4.5,2435,Discontinued
3694,SKU003694,601893989669,Adidas T-Shirt,Fashion,Adidas,46291,58222.47,61133.59,12,White,L,4,4.4,3371,Active
3695,SKU003695,713437104408,Britannia Tea,Groceries,Britannia,33216,37655.35,39538.12,5,Blue,M,12,3.9,1285,Active
3696,SKU003696,738091396577,Adidas T-Shirt,Fashion,Adidas,35050,40174.62,42183.35,12,Red,M,4,4.2,699,Active
3697,SKU003697,527420816661,Britannia Milk,Groceries,Britannia,40344,56392.57,59212.2,5,Red,S,2,4.1,88,Active
3698,SKU003698,461692794796,Amul Tea,Groceries,Amul,31002,35379.46,37148.43,5,Black,NA,18,3.7,4670,Active
3699,SKU003699,276911479877,LG Smartphone,Electronics,LG,15408,21019.18,22070.14,18,Red,XL,10,4.3,3880,Active
3700,SKU003700,996513250436,Sony Cookware,Home,Sony,21238,25821.32,27112.39,18,Black,L,18,3.7,892,Discontinued
3701,SKU003701,467854049742,Sony Smartphone,Electronics,Sony,46264,59102.47,62057.59,18,Blue,NA,14,4.5,4715,Active
3702,SKU003702,149950738251,Britannia Tea,Groceries,Britannia,7110,7937.66,8334.54,5,Black,XL,10,3.9,1024,Discontinued
3703,SKU003703,310534205247,Puma Jacket,Fashion,Puma,19521,22196.53,23306.36,12,Blue,L,10,4.4,4361,Active
3704,SKU003704,967408690417,Sony Smartphone,Electronics,Sony,39250,50187.28,52696.64,18,Blue,S,21,4.7,3308,Discontinued
3705,SKU003705,456073330904,Samsung Laptop,Electronics,Samsung,10768,13837.65,14529.53,18,Red,NA,16,4.9,2142,Discontinued
3706,SKU003706,901927125333,Britannia Tea,Groceries,Britannia,3278,3771.3,3959.87,5,White,L,17,4.8,2765,Active
3707,SKU003707,183255727989,Sony Table,Home,Sony,15369,20110.52,21116.05,18,White,M,8,4.3,1189,Discontinued
3708,SKU003708,620204394517,LG Cookware,Home,LG,36324,41216.46,43277.28,18,Black,S,23,4.7,3970,Discontinued
3709,SKU003709,935121792431,Britannia Tea,Groceries,Britannia,19359,24642.76,25874.9,5,Black,L,13,3.9,1257,Active
3710,SKU003710,508752073754,Adidas Jeans,Fashion,Adidas,13191,17071.64,17925.22,12,Blue,NA,19,4.7,3304,Discontinued
3711,SKU003711,470797757670,Sony Laptop,Electronics,Sony,46326,57871.25,60764.81,18,Black,M,2,3.6,2506,Discontinued
3712,SKU003712,869531442948,Nike Shoes,Fashion,Nike,18551,21311.02,22376.57,12,Blue,S,15,4.7,2910,Discontinued
3713,SKU003713,537842003730,Sony Smartphone,Electronics,Sony,44762,54470.23,57193.74,18,Black,NA,2,4.0,4160,Discontinued
3714,SKU003714,471336844331,IKEA Cookware,Home,IKEA,21944,30659.45,32192.42,18,Blue,S,16,3.6,4581,Active
3715,SKU003715,039782365096,Sony Cookware,Home,Sony,37584,52505.78,55131.07,18,Blue,L,20,4.9,2141,Discontinued
3716,SKU003716,702436635819,LG Cookware,Home,LG,19529,22444.04,23566.24,18,Red,XL,6,5.0,3143,Discontinued
3717,SKU003717,774337478492,Nike T-Shirt,Fashion,Nike,1299,1766.6,1854.93,12,White,NA,5,4.0,4968,Discontinued
3718,SKU003718,858885173108,Adidas Jeans,Fashion,Adidas,19869,21863.82,22957.01,12,White,XL,21,3.9,4660,Active
3719,SKU003719,985959024273,Samsung Smartphone,Electronics,Samsung,487,605.61,635.89,18,Black,L,0,3.8,2261,Discontinued
3720,SKU003720,334700364614,Adidas Shoes,Fashion,Adidas,45839,59568.36,62546.78,12,Blue,L,24,4.8,4341,Active
3721,SKU003721,412361302883,Britannia Cookies,Groceries,Britannia,11976,16049.68,16852.16,5,Black,NA,16,4.0,2002,Discontinued
3722,SKU003722,209741906756,LG Storage Box,Home,LG,9663,11630.82,12212.36,18,Red,M,1,3.7,3074,Active
3723,SKU003723,294614900678,Samsung Headphones,Electronics,Samsung,13112,15494.48,16269.2,18,Blue,NA,2,4.7,2731,Active
3724,SKU003724,362224418960,IKEA Cookware,Home,IKEA,5508,7636.85,8018.69,18,Black,M,11,3.9,93,Discontinued
3725,SKU003725,459769566555,Sony Cookware,Home,Sony,8067,9792.07,10281.67,18,Blue,XL,16,3.6,3521,Active
3726,SKU003726,893687703666,LG Headphones,Electronics,LG,45760,58516.12,61441.93,18,Black,S,20,4.2,3209,Active
3727,SKU003727,724332249700,Adidas T-Shirt,Fashion,Adidas,21859,25360.63,26628.66,12,Red,NA,16,3.6,3045,Discontinued
3728,SKU003728,592909575460,LG Headphones,Electronics,LG,31763,42829.7,44971.18,18,Black,NA,11,4.0,3973,Active
3729,SKU003729,530675650572,LG Cookware,Home,LG,44204,50999.56,53549.54,18,White,M,12,4.8,1616,Discontinued
3730,SKU003730,754705954422,Britannia Tea,Groceries,Britannia,32241,40042.99,42045.14,5,Blue,M,6,4.4,551,Discontinued
3731,SKU003731,558002590976,LG Laptop,Electronics,LG,16020,21024.54,22075.77,18,White,L,5,4.6,2126,Discontinued
3732,SKU003732,449628482156,Apple Smart Watch,Electronics,Apple,45761,59888.07,62882.47,18,Black,S,2,3.8,1378,Active
3733,SKU003733,411981927654,Amul Cookies,Groceries,Amul,5557,6982.74,7331.88,5,Blue,XL,3,3.6,1843,Discontinued
3734,SKU003734,991012372713,Puma T-Shirt,Fashion,Puma,7364,9384.25,9853.46,12,Blue,NA,24,3.6,3107,Discontinued
3735,SKU003735,150472471440,Britannia Butter,Groceries,Britannia,32844,43966.52,46164.85,5,Blue,NA,6,3.8,157,Discontinued
3736,SKU003736,621116247358,LG Table,Home,LG,16522,18211.02,19121.57,18,Black,NA,16,3.8,2082,Discontinued
3737,SKU003737,794944237936,Sony Smart Watch,Electronics,Sony,33837,44298.99,46513.94,18,Red,M,19,3.5,1765,Discontinued
3738,SKU003738,842565671069,Amul Cookies,Groceries,Amul,39198,46101.81,48406.9,5,Red,M,2,4.8,1122,Discontinued
3739,SKU003739,531075986616,Sony Headphones,Electronics,Sony,49734,59581.94,62561.04,18,Black,XL,9,4.9,4973,Active
3740,SKU003740,918253866796,Puma Jacket,Fashion,Puma,18839,22153.36,23261.03,12,White,M,1,4.7,697,Discontinued
3741,SKU003741,383347689335,Samsung Headphones,Electronics,Samsung,27864,36306.6,38121.93,18,Blue,L,11,4.3,4628,Active
3742,SKU003742,182839296879,Samsung Laptop,Electronics,Samsung,44996,50770.42,53308.94,18,White,NA,5,5.0,3133,Active
3743,SKU003743,604942354931,Nike Shoes,Fashion,Nike,44421,49133.76,51590.45,12,White,S,17,4.3,2732,Active
3744,SKU003744,759439785735,Britannia Milk,Groceries,Britannia,43320,49550.24,52027.75,5,White,L,10,3.6,4430,Discontinued
3745,SKU003745,208098925198,LG Table,Home,LG,23548,31803.53,33393.71,18,Black,M,15,4.8,2516,Discontinued
3746,SKU003746,386284915272,Sony Headphones,Electronics,Sony,30627,35603.46,37383.63,18,Black,S,8,4.9,3603,Discontinued
3747,SKU003747,094249006622,Puma Jeans,Fashion,Puma,39850,44132.56,46339.19,12,Blue,L,19,5.0,582,Active
3748,SKU003748,576364610455,Puma Jacket,Fashion,Puma,2406,3143.99,3301.19,12,Blue,M,15,3.6,4455,Discontinued
3749,SKU003749,693351243586,Apple Smartphone,Electronics,Apple,623,790.94,830.49,18,White,NA,0,3.5,2060,Active
3750,SKU003750,714293018273,IKEA Storage Box,Home,IKEA,36022,41041.95,43094.05,18,Blue,NA,8,4.2,2196,Active
3751,SKU003751,586422985924,Puma Shoes,Fashion,Puma,37572,45902.27,48197.38,12,Black,M,17,4.9,745,Discontinued
3752,SKU003752,209758438820,Adidas Shoes,Fashion,Adidas,15378,17130.5,17987.03,12,Black,M,17,4.9,2616,Active
3753,SKU003753,971424230353,Puma Jeans,Fashion,Puma,12681,15994.2,16793.91,12,White,L,9,4.3,789,Discontinued
3754,SKU003754,961136839750,LG Cookware,Home,LG,27773,35708.28,37493.69,18,Blue,NA,7,4.2,3233,Active
3755,SKU003755,849899132792,Samsung Laptop,Electronics,Samsung,17417,23597.79,24777.68,18,Blue,M,16,3.7,3932,Discontinued
3756,SKU003756,699333339026,LG Table,Home,LG,1698,1995.38,2095.15,18,Red,XL,14,5.0,3405,Active
3757,SKU003757,666427833210,Apple Smartphone,Electronics,Apple,6739,9064.2,9517.41,18,Blue,XL,19,4.3,4330,Active
3758,SKU003758,103319461618,Amul Cookies,Groceries,Amul,40481,51885.4,54479.67,5,Blue,NA,23,4.6,3979,Active
3759,SKU003759,530908987973,LG Cookware,Home,LG,35912,48153.42,50561.09,18,Black,XL,18,3.9,3109,Discontinued
3760,SKU003760,524395416952,Puma Jacket,Fashion,Puma,14414,18746.37,19683.69,12,Blue,M,22,3.8,2706,Active
3761,SKU003761,006413069681,Amul Milk,Groceries,Amul,8175,10734.86,11271.6,5,Red,NA,3,3.6,3527,Active
3762,SKU003762,552509974126,Apple Smartphone,Electronics,Apple,38361,53409.91,56080.41,18,Black,NA,20,4.1,762,Active
3763,SKU003763,340739550350,LG Headphones,Electronics,LG,36394,50733.02,53269.67,18,Blue,XL,8,4.6,2229,Discontinued
3764,SKU003764,228383330295,Amul Butter,Groceries,Amul,24638,34070.76,35774.3,5,White,NA,10,4.1,428,Discontinued
3765,SKU003765,542155754769,Amul Milk,Groceries,Amul,26552,36853.09,38695.74,5,White,XL,9,4.5,1630,Discontinued
3766,SKU003766,731232632079,Apple Laptop,Electronics,Apple,18583,21278.26,22342.17,18,White,NA,16,4.0,485,Discontinued
3767,SKU003767,670560125840,Sony Headphones,Electronics,Sony,17199,23593.35,24773.02,18,Blue,S,7,4.4,2148,Discontinued
3768,SKU003768,894804113636,Britannia Milk,Groceries,Britannia,17629,20034.49,21036.21,5,Red,L,9,3.9,954,Active
3769,SKU003769,051974896436,Adidas Jeans,Fashion,Adidas,33363,37509.01,39384.46,12,Red,S,1,4.3,3870,Active
3770,SKU003770,573636742144,Britannia Cookies,Groceries,Britannia,42549,52819.51,55460.49,5,Blue,NA,11,4.2,45,Discontinued
3771,SKU003771,780010860740,Nike Shoes,Fashion,Nike,43385,50730.69,53267.22,12,Black,L,15,3.5,4284,Discontinued
3772,SKU003772,867507736449,Amul Tea,Groceries,Amul,16599,22220.15,23331.16,5,Red,M,18,4.4,623,Active
3773,SKU003773,226572849466,Amul Milk,Groceries,Amul,35846,49816.13,52306.94,5,White,S,14,3.6,4612,Discontinued
3774,SKU003774,156583226058,Samsung Headphones,Electronics,Samsung,42574,47087.91,49442.31,18,Black,L,13,4.6,1486,Discontinued
3775,SKU003775,609030967245,Sony Table,Home,Sony,24082,32605.25,34235.51,18,White,M,22,4.7,2666,Discontinued
3776,SKU003776,184963107202,Puma Shoes,Fashion,Puma,35482,40582.81,42611.95,12,Black,XL,7,4.2,1921,Active
3777,SKU003777,703902106912,Britannia Cookies,Groceries,Britannia,28760,32947.97,34595.37,5,Black,NA,24,4.7,3704,Discontinued
3778,SKU003778,633382769478,Adidas Shoes,Fashion,Adidas,2436,3136.36,3293.18,12,Blue,S,22,4.8,2434,Active
3779,SKU003779,856319220041,Samsung Smart Watch,Electronics,Samsung,30192,39895.42,41890.19,18,Red,L,18,3.8,76,Active
3780,SKU003780,263202042252,Amul Milk,Groceries,Amul,38116,49627.89,52109.28,5,Blue,XL,0,3.9,1986,Discontinued
3781,SKU003781,913410666113,Sony Cookware,Home,Sony,22685,26475.97,27799.77,18,Black,XL,5,4.9,4814,Active
3782,SKU003782,660008547472,Puma Shoes,Fashion,Puma,24311,27083.37,28437.54,12,Blue,L,8,3.9,1765,Active
3783,SKU003783,752904734674,Apple Laptop,Electronics,Apple,31204,43109.03,45264.48,18,Black,NA,4,3.7,4648,Active
3784,SKU003784,107345580283,Britannia Tea,Groceries,Britannia,49426,66368.28,69686.69,5,Blue,NA,15,3.6,391,Active
3785,SKU003785,488173997195,Apple Headphones,Electronics,Apple,39413,49171.04,51629.59,18,White,L,0,4.1,770,Active
3786,SKU003786,456800622255,Sony Chair,Home,Sony,23411,27695.11,29079.87,18,White,NA,3,4.0,3931,Active
3787,SKU003787,633665337915,Adidas Shoes,Fashion,Adidas,7069,9191.66,9651.24,12,Red,NA,7,4.3,441,Active
3788,SKU003788,166823544824,Adidas Jacket,Fashion,Adidas,23787,26456.38,27779.2,12,Red,L,22,3.7,266,Discontinued
3789,SKU003789,872351757536,Britannia Milk,Groceries,Britannia,24211,32768.52,34406.95,5,Black,XL,17,4.2,4701,Active
3790,SKU003790,281050359939,Amul Milk,Groceries,Amul,27090,31810.32,33400.84,5,White,L,13,4.4,2147,Discontinued
3791,SKU003791,027946502903,LG Cookware,Home,LG,11318,14552.58,15280.21,18,Red,XL,18,4.3,2557,Active
3792,SKU003792,811636902802,Nike Shoes,Fashion,Nike,27045,35936.27,37733.08,12,Black,XL,12,3.7,1274,Active
3793,SKU003793,948958267000,Sony Smart Watch,Electronics,Sony,19096,24612.45,25843.07,18,Blue,L,6,3.8,4619,Active
3794,SKU003794,835673931412,LG Chair,Home,LG,4231,5643.36,5925.53,18,Red,S,21,4.1,3692,Active
3795,SKU003795,775166815688,LG Chair,Home,LG,49790,66382.43,69701.55,18,Black,M,13,4.1,2524,Discontinued
3796,SKU003796,505972773821,Samsung Smart Watch,Electronics,Samsung,9581,11193.99,11753.69,18,Red,NA,1,3.9,1728,Active
3797,SKU003797,555163136802,IKEA Chair,Home,IKEA,987,1371.22,1439.78,18,Blue,NA,15,4.0,2021,Discontinued
3798,SKU003798,522924760343,Sony Storage Box,Home,Sony,40038,46053.54,48356.22,18,Blue,S,6,4.1,3014,Active
3799,SKU003799,370403161274,Britannia Butter,Groceries,Britannia,16146,21138.55,22195.48,5,Blue,L,9,4.7,411,Discontinued
3800,SKU003800,520516432178,Puma Jacket,Fashion,Puma,10444,12281.85,12895.94,12,Red,S,16,4.5,3055,Discontinued
3801,SKU003801,215250060137,Britannia Cookies,Groceries,Britannia,7895,8948.15,9395.56,5,White,XL,3,4.2,4755,Discontinued
3802,SKU003802,259282658067,Samsung Smart Watch,Electronics,Samsung,34745,38989.46,40938.93,18,White,XL,13,4.0,522,Active
3803,SKU003803,214163616071,Britannia Cookies,Groceries,Britannia,15462,17456.1,18328.9,5,Blue,L,0,4.1,159,Active
3804,SKU003804,429440406026,Britannia Tea,Groceries,Britannia,9973,12209.24,12819.7,5,Black,NA,21,4.5,429,Discontinued
3805,SKU003805,911874687980,Sony Smartphone,Electronics,Sony,17398,21641.39,22723.46,18,Black,L,9,4.9,2708,Active
3806,SKU003806,095815804415,Nike T-Shirt,Fashion,Nike,38471,49268.16,51731.57,12,White,XL,17,3.7,965,Active
3807,SKU003807,382213260183,LG Storage Box,Home,LG,32537,36216.8,38027.64,18,White,L,6,4.9,512,Discontinued
3808,SKU003808,410744853996,Britannia Butter,Groceries,Britannia,49010,54044.47,56746.69,5,Blue,XL,7,5.0,4188,Discontinued
3809,SKU003809,551385164916,Amul Milk,Groceries,Amul,10307,13703.24,14388.4,5,Red,NA,17,3.9,1620,Discontinued
3810,SKU003810,781784241136,Adidas T-Shirt,Fashion,Adidas,42026,56925.59,59771.87,12,Red,NA,18,3.9,708,Active
3811,SKU003811,298065969911,Amul Milk,Groceries,Amul,48259,64497.17,67722.03,5,Red,XL,19,4.2,1340,Active
3812,SKU003812,900297051502,Nike T-Shirt,Fashion,Nike,4644,5549.87,5827.36,12,Black,M,18,4.0,4065,Active
3813,SKU003813,328386962481,Apple Laptop,Electronics,Apple,22827,29095.67,30550.45,18,Black,S,21,4.0,3385,Discontinued
3814,SKU003814,302352619510,Britannia Butter,Groceries,Britannia,40156,44879.14,47123.1,5,Black,NA,20,4.4,1367,Discontinued
3815,SKU003815,715340186289,Sony Storage Box,Home,Sony,20532,28587.77,30017.16,18,White,L,9,4.2,4817,Active
3816,SKU003816,993774915116,Samsung Laptop,Electronics,Samsung,35555,39309.16,41274.62,18,Red,XL,1,4.9,3835,Active
3817,SKU003817,957930743680,Samsung Smartphone,Electronics,Samsung,7827,8776.23,9215.04,18,Red,M,2,4.4,4370,Discontinued
3818,SKU003818,078013632940,Amul Cookies,Groceries,Amul,28814,37111.7,38967.28,5,Blue,L,19,4.6,4005,Discontinued
3819,SKU003819,439647948197,Sony Chair,Home,Sony,539,738.27,775.18,18,Blue,M,8,4.8,4876,Discontinued
3820,SKU003820,583261739578,LG Headphones,Electronics,LG,29812,33861.71,35554.8,18,Red,S,20,4.8,2626,Discontinued
3821,SKU003821,436894987603,IKEA Chair,Home,IKEA,13449,16582.53,17411.66,18,Red,M,9,3.5,4058,Discontinued
3822,SKU003822,741917525882,IKEA Chair,Home,IKEA,2079,2427.22,2548.58,18,Red,XL,0,3.9,1039,Discontinued
3823,SKU003823,649499295574,Britannia Cookies,Groceries,Britannia,43054,53311.7,55977.28,5,Red,M,12,3.9,4597,Discontinued
3824,SKU003824,247357022539,LG Table,Home,LG,7983,10801.08,11341.13,18,Black,L,3,3.7,2328,Active
3825,SKU003825,577885585846,Sony Smart Watch,Electronics,Sony,31153,42203.46,44313.63,18,Black,L,14,3.8,1356,Active
3826,SKU003826,314999069721,Sony Smart Watch,Electronics,Sony,45172,55357.51,58125.39,18,White,S,15,4.4,2503,Active
3827,SKU003827,932080706333,Puma Jeans,Fashion,Puma,4632,5205.25,5465.51,12,Blue,M,5,4.8,2893,Discontinued
3828,SKU003828,095641695025,IKEA Cookware,Home,IKEA,12560,13977.37,14676.24,18,Red,XL,15,4.1,705,Discontinued
3829,SKU003829,302631447592,Britannia Tea,Groceries,Britannia,15610,20117.02,21122.87,5,Black,M,11,3.6,4629,Active
3830,SKU003830,274295576402,Britannia Butter,Groceries,Britannia,21312,24793.59,26033.27,5,White,M,21,4.7,287,Discontinued
3831,SKU003831,025683345426,Britannia Cookies,Groceries,Britannia,11227,12921.0,13567.05,5,White,L,6,4.0,890,Active
3832,SKU003832,835110634212,Sony Smartphone,Electronics,Sony,29008,38401.96,40322.06,18,White,NA,22,3.5,2300,Active
3833,SKU003833,933803389641,Nike Jeans,Fashion,Nike,22812,28086.13,29490.44,12,White,S,9,3.8,936,Active
3834,SKU003834,026526844497,Sony Smartphone,Electronics,Sony,14369,17130.83,17987.37,18,Black,L,6,4.8,596,Discontinued
3835,SKU003835,141213519760,Amul Butter,Groceries,Amul,37000,47259.14,49622.1,5,Red,L,17,4.6,894,Discontinued
3836,SKU003836,444224918346,Puma Jeans,Fashion,Puma,36787,46427.63,48749.01,12,White,S,11,4.1,2774,Active
3837,SKU003837,792426414100,Amul Tea,Groceries,Amul,11376,12634.39,13266.11,5,Black,NA,22,3.5,1992,Discontinued
3838,SKU003838,355405163726,Amul Milk,Groceries,Amul,25721,30506.8,32032.14,5,Blue,NA,3,4.0,3217,Active
3839,SKU003839,288890635848,Apple Smart Watch,Electronics,Apple,42668,53508.59,56184.02,18,White,M,2,4.5,1251,Active
3840,SKU003840,838626152696,IKEA Chair,Home,IKEA,21983,26684.39,28018.61,18,Red,L,5,4.1,4363,Active
3841,SKU003841,509083954996,Apple Smart Watch,Electronics,Apple,38216,48303.22,50718.38,18,Black,NA,22,3.6,2823,Discontinued
3842,SKU003842,609323498016,Samsung Smart Watch,Electronics,Samsung,5419,6751.81,7089.4,18,Blue,S,11,4.7,3930,Active
3843,SKU003843,781540211821,LG Laptop,Electronics,LG,34742,39806.87,41797.21,18,Red,L,17,4.8,2452,Active
3844,SKU003844,710640189053,Britannia Milk,Groceries,Britannia,7883,9449.88,9922.37,5,Blue,M,19,3.8,4175,Discontinued
3845,SKU003845,417619560512,IKEA Storage Box,Home,IKEA,1869,2552.09,2679.69,18,Black,NA,8,4.9,1217,Active
3846,SKU003846,975226494569,Samsung Laptop,Electronics,Samsung,22389,29818.66,31309.59,18,Red,S,10,4.9,3031,Discontinued
3847,SKU003847,854526519275,LG Smart Watch,Electronics,LG,33805,42687.07,44821.42,18,Blue,L,9,4.0,2238,Active
3848,SKU003848,971367563726,Apple Smartphone,Electronics,Apple,8224,10276.54,10790.37,18,Black,NA,2,4.4,2749,Active
3849,SKU003849,347354199510,Britannia Milk,Groceries,Britannia,20660,25948.1,27245.51,5,Black,NA,10,3.9,682,Active
3850,SKU003850,258872564098,Amul Tea,Groceries,Amul,35807,47054.51,49407.24,5,Red,L,14,4.7,4988,Active
3851,SKU003851,297263488372,Amul Cookies,Groceries,Amul,12663,17013.3,17863.97,5,White,M,4,4.6,3655,Active
3852,SKU003852,012895568695,Amul Cookies,Groceries,Amul,22614,25577.07,26855.92,5,White,M,20,4.5,0,Discontinued
3853,SKU003853,651369707780,Samsung Smart Watch,Electronics,Samsung,46571,62280.77,65394.81,18,Blue,S,19,4.6,3490,Discontinued
3854,SKU003854,532931860057,Adidas Jacket,Fashion,Adidas,36997,49597.73,52077.62,12,Black,S,11,4.0,986,Active
3855,SKU003855,454414305718,LG Storage Box,Home,LG,5368,6590.56,6920.09,18,Black,M,11,5.0,2935,Discontinued
3856,SKU003856,809174239978,Amul Cookies,Groceries,Amul,32322,35831.87,37623.46,5,Black,M,11,4.9,3811,Active
3857,SKU003857,147149379473,Amul Butter,Groceries,Amul,4079,5320.29,5586.3,5,White,XL,9,4.4,2341,Active
3858,SKU003858,841367560028,Amul Cookies,Groceries,Amul,41839,51443.78,54015.97,5,Blue,S,21,4.7,73,Discontinued
3859,SKU003859,463002214734,Puma Shoes,Fashion,Puma,33234,39453.64,41426.32,12,Red,M,3,4.9,4393,Active
3860,SKU003860,670309173638,Amul Butter,Groceries,Amul,32314,36030.19,37831.7,5,White,S,11,4.6,4060,Active
3861,SKU003861,303142337893,Sony Laptop,Electronics,Sony,2368,3140.35,3297.37,18,Black,M,12,3.8,2818,Discontinued
3862,SKU003862,277383100968,LG Headphones,Electronics,LG,49995,57233.96,60095.66,18,White,NA,7,3.8,3310,Active
3863,SKU003863,465660208027,Samsung Laptop,Electronics,Samsung,26204,29963.41,31461.58,18,Red,L,9,3.7,513,Discontinued
3864,SKU003864,379647372444,IKEA Cookware,Home,IKEA,11357,13395.57,14065.35,18,Red,S,10,3.8,3747,Discontinued
3865,SKU003865,603574650496,Britannia Tea,Groceries,Britannia,5076,6537.93,6864.83,5,Red,NA,9,4.4,2764,Discontinued
3866,SKU003866,546252022395,Britannia Milk,Groceries,Britannia,6667,8934.93,9381.68,5,White,L,10,4.9,2312,Active
3867,SKU003867,525548155410,LG Headphones,Electronics,LG,11342,13432.9,14104.55,18,Black,L,8,4.7,1129,Discontinued
3868,SKU003868,530504882655,Samsung Smart Watch,Electronics,Samsung,18678,22055.55,23158.33,18,Blue,S,24,5.0,476,Discontinued
3869,SKU003869,271602032683,Britannia Milk,Groceries,Britannia,36431,47493.61,49868.29,5,Red,XL,12,3.6,2200,Active
3870,SKU003870,460932873816,Samsung Smart Watch,Electronics,Samsung,31698,39791.97,41781.57,18,Black,L,13,4.6,745,Active
3871,SKU003871,608428186754,Puma Jeans,Fashion,Puma,44587,50464.85,52988.09,12,Black,S,22,4.0,647,Discontinued
3872,SKU003872,008564305637,Apple Headphones,Electronics,Apple,4588,5945.98,6243.28,18,Red,M,12,5.0,1789,Discontinued
3873,SKU003873,282403229915,IKEA Storage Box,Home,IKEA,37119,41766.33,43854.65,18,Red,S,16,4.0,1127,Discontinued
3874,SKU003874,404381898777,Puma Shoes,Fashion,Puma,32762,41325.37,43391.64,12,White,NA,19,4.3,2937,Active
3875,SKU003875,029042468879,Adidas Jacket,Fashion,Adidas,40980,51569.97,54148.47,12,Black,NA,4,4.8,2504,Active
3876,SKU003876,174970732422,Apple Laptop,Electronics,Apple,349,398.4,418.32,18,White,L,7,4.6,924,Active
3877,SKU003877,694667592927,LG Laptop,Electronics,LG,7251,8252.02,8664.62,18,White,XL,1,3.8,2995,Active
3878,SKU003878,701347866953,Britannia Milk,Groceries,Britannia,1219,1617.59,1698.47,5,Black,S,17,4.5,4281,Discontinued
3879,SKU003879,917390249863,Apple Smartphone,Electronics,Apple,41040,54362.48,57080.6,18,White,XL,0,4.2,3938,Discontinued
3880,SKU003880,686704653506,Adidas Jacket,Fashion,Adidas,34842,46241.52,48553.6,12,White,S,23,4.7,1105,Active
3881,SKU003881,378999981284,Nike T-Shirt,Fashion,Nike,22323,25513.02,26788.67,12,White,NA,8,3.9,3676,Active
3882,SKU003882,121670084545,Puma Jacket,Fashion,Puma,5660,6605.93,6936.23,12,Black,NA,14,4.2,4941,Discontinued
3883,SKU003883,969948376260,Sony Cookware,Home,Sony,2149,2641.05,2773.1,18,Black,XL,3,4.4,1205,Discontinued
3884,SKU003884,857363029468,Puma Jeans,Fashion,Puma,32428,40023.07,42024.22,12,Red,XL,6,3.5,2704,Discontinued
3885,SKU003885,887160009142,Sony Chair,Home,Sony,9826,11857.37,12450.24,18,Red,XL,13,4.6,15,Discontinued
3886,SKU003886,688827904894,Nike T-Shirt,Fashion,Nike,31539,36205.5,38015.78,12,Blue,XL,17,4.1,1135,Active
3887,SKU003887,903683146527,Nike Jeans,Fashion,Nike,4499,5538.76,5815.7,12,Black,S,20,3.9,4401,Discontinued
3888,SKU003888,105058440562,Amul Milk,Groceries,Amul,20440,24196.23,25406.04,5,White,S,4,3.7,385,Discontinued
3889,SKU003889,440498156581,Puma Shoes,Fashion,Puma,4919,6089.54,6394.02,12,Blue,XL,5,4.6,1430,Discontinued
3890,SKU003890,271458584631,Amul Tea,Groceries,Amul,45820,51106.5,53661.83,5,Blue,M,8,5.0,2690,Discontinued
3891,SKU003891,282114629720,Puma Jeans,Fashion,Puma,25028,29882.63,31376.76,12,Blue,XL,11,4.3,961,Discontinued
3892,SKU003892,552274169638,Sony Smartphone,Electronics,Sony,49638,59488.85,62463.29,18,Blue,S,3,3.9,3250,Discontinued
3893,SKU003893,681089289273,LG Smartphone,Electronics,LG,21787,28520.65,29946.68,18,Black,L,6,3.9,1439,Active
3894,SKU003894,318758660264,Nike Jeans,Fashion,Nike,32624,45211.15,47471.71,12,Black,M,24,4.4,840,Active
3895,SKU003895,534376628047,Sony Headphones,Electronics,Sony,38925,47948.8,50346.24,18,Blue,NA,16,4.3,4802,Active
3896,SKU003896,946652004495,Nike Jacket,Fashion,Nike,45478,57081.3,59935.37,12,Red,XL,9,3.8,3202,Discontinued
3897,SKU003897,719908279746,Apple Headphones,Electronics,Apple,43785,48174.82,50583.56,18,Blue,L,19,3.7,2192,Active
3898,SKU003898,545446735720,Sony Cookware,Home,Sony,49245,62425.36,65546.63,18,Black,M,9,3.7,1247,Discontinued
3899,SKU003899,430161421473,Britannia Tea,Groceries,Britannia,2589,3117.78,3273.67,5,White,XL,13,5.0,3305,Discontinued
3900,SKU003900,015365466035,Puma Jeans,Fashion,Puma,49890,67711.14,71096.7,12,White,L,8,4.5,2790,Discontinued
3901,SKU003901,001121698688,Adidas Jeans,Fashion,Adidas,30390,35171.75,36930.34,12,Red,L,16,4.1,1989,Active
3902,SKU003902,211158030977,Britannia Cookies,Groceries,Britannia,10365,14013.19,14713.85,5,Blue,NA,23,4.7,904,Active
3903,SKU003903,099895206582,Samsung Laptop,Electronics,Samsung,25985,36221.83,38032.92,18,White,S,9,4.8,1209,Active
3904,SKU003904,990106763013,Britannia Butter,Groceries,Britannia,27356,30910.56,32456.09,5,Red,XL,9,3.7,4212,Active
3905,SKU003905,689985552063,LG Storage Box,Home,LG,8628,9812.14,10302.75,18,Red,L,17,4.2,1167,Active
3906,SKU003906,875742693613,Sony Laptop,Electronics,Sony,14338,18434.54,19356.27,18,Blue,S,10,3.8,4657,Discontinued
3907,SKU003907,496021873806,IKEA Table,Home,IKEA,45488,61697.61,64782.49,18,Red,L,15,3.7,1753,Discontinued
3908,SKU003908,523104794511,Amul Tea,Groceries,Amul,21466,26905.62,28250.9,5,Black,L,5,4.2,4719,Discontinued
3909,SKU003909,240696831253,Britannia Tea,Groceries,Britannia,21220,26249.26,27561.72,5,White,XL,8,3.7,1957,Active
3910,SKU003910,011143237732,Puma Jeans,Fashion,Puma,20745,24434.63,25656.36,12,Black,S,24,4.2,4583,Active
3911,SKU003911,790929913202,Britannia Cookies,Groceries,Britannia,25209,32907.71,34553.1,5,White,M,19,4.0,1562,Discontinued
3912,SKU003912,427524924102,LG Table,Home,LG,18652,25066.06,26319.36,18,White,XL,0,4.3,1106,Active
3913,SKU003913,505026603918,Amul Tea,Groceries,Amul,31115,39160.42,41118.44,5,White,M,12,4.8,1201,Discontinued
3914,SKU003914,514168086201,Sony Storage Box,Home,Sony,24107,27327.86,28694.25,18,Blue,S,8,4.9,4023,Discontinued
3915,SKU003915,978044582152,IKEA Cookware,Home,IKEA,15819,21528.82,22605.26,18,Red,L,13,4.7,3744,Discontinued
3916,SKU003916,901598053407,Sony Smartphone,Electronics,Sony,33230,42026.05,44127.35,18,Black,NA,17,3.6,745,Active
3917,SKU003917,285734263435,LG Chair,Home,LG,12660,15784.57,16573.8,18,Black,L,16,3.7,803,Discontinued
3918,SKU003918,275327390510,Amul Tea,Groceries,Amul,22411,24803.45,26043.62,5,Black,L,4,4.0,2146,Active
3919,SKU003919,883665365334,Apple Smart Watch,Electronics,Apple,29805,38409.91,40330.41,18,Blue,NA,12,4.5,4367,Discontinued
3920,SKU003920,760967802960,Adidas Jeans,Fashion,Adidas,23688,27189.95,28549.45,12,Blue,S,13,3.8,158,Discontinued
3921,SKU003921,007490623639,Amul Tea,Groceries,Amul,6199,7695.07,8079.82,5,Black,L,2,3.9,1814,Discontinued
3922,SKU003922,503884109558,Samsung Laptop,Electronics,Samsung,41152,48711.3,51146.87,18,Red,XL,23,4.6,1369,Active
3923,SKU003923,649843147119,Britannia Cookies,Groceries,Britannia,33147,45656.25,47939.06,5,Blue,NA,14,4.4,4672,Active
3924,SKU003924,600750904689,Samsung Smartphone,Electronics,Samsung,38993,45746.03,48033.33,18,White,L,17,4.5,1896,Discontinued
3925,SKU003925,292034869659,Britannia Milk,Groceries,Britannia,20409,23778.56,24967.49,5,Red,L,9,4.1,4511,Discontinued
3926,SKU003926,907419229483,Sony Smartphone,Electronics,Sony,2649,3408.23,3578.64,18,Black,XL,6,3.5,1115,Active
3927,SKU003927,594834345126,Puma Shoes,Fashion,Puma,23051,28297.43,29712.3,12,Blue,L,5,4.9,2695,Active
3928,SKU003928,244419245701,Amul Tea,Groceries,Amul,16268,21128.22,22184.63,5,White,M,9,4.1,4482,Active
3929,SKU003929,691857705616,Apple Smartphone,Electronics,Apple,32682,37971.2,39869.76,18,Red,S,17,4.2,4268,Discontinued
3930,SKU003930,483148138811,LG Headphones,Electronics,LG,2556,3323.95,3490.15,18,Red,M,10,4.5,1665,Active
3931,SKU003931,036063881379,Sony Smartphone,Electronics,Sony,25524,31622.74,33203.88,18,Blue,M,6,3.9,3760,Active
3932,SKU003932,412560604258,Sony Cookware,Home,Sony,2264,2831.17,2972.73,18,Red,XL,10,4.9,389,Active
3933,SKU003933,711756109142,Adidas T-Shirt,Fashion,Adidas,45268,54008.67,56709.1,12,Black,M,3,3.8,3114,Active
3934,SKU003934,152993880115,Puma Jacket,Fashion,Puma,13286,15970.82,16769.36,12,Red,L,17,4.7,4120,Active
3935,SKU003935,664875151219,LG Headphones,Electronics,LG,10113,12359.11,12977.07,18,Blue,L,15,4.5,4253,Active
3936,SKU003936,346135843836,Nike Shoes,Fashion,Nike,31634,42759.17,44897.13,12,Blue,M,8,3.6,4485,Active
3937,SKU003937,071826755448,Adidas T-Shirt,Fashion,Adidas,3246,4099.78,4304.77,12,White,S,10,4.4,4350,Discontinued
3938,SKU003938,246977389903,Adidas T-Shirt,Fashion,Adidas,23266,27190.59,28550.12,12,White,S,15,4.4,3255,Discontinued
3939,SKU003939,130569802982,Britannia Tea,Groceries,Britannia,32658,37488.08,39362.48,5,Black,NA,10,4.8,262,Active
3940,SKU003940,185181856120,LG Smartphone,Electronics,LG,19159,21379.94,22448.94,18,Blue,S,24,3.7,3141,Discontinued
3941,SKU003941,432281743744,Sony Smart Watch,Electronics,Sony,3887,5231.43,5493.0,18,Red,NA,19,4.9,4660,Active
3942,SKU003942,882603805826,LG Chair,Home,LG,26343,29977.31,31476.18,18,Blue,NA,7,4.4,1939,Active
3943,SKU003943,127157392857,Amul Cookies,Groceries,Amul,38753,51500.75,54075.79,5,Black,M,21,4.4,3653,Discontinued
3944,SKU003944,469276384398,LG Smart Watch,Electronics,LG,38294,44300.89,46515.93,18,Black,S,0,3.8,401,Discontinued
3945,SKU003945,199048170025,Adidas Jacket,Fashion,Adidas,24662,31576.28,33155.09,12,Blue,NA,22,4.5,135,Active
3946,SKU003946,842037714035,Britannia Tea,Groceries,Britannia,20242,25179.35,26438.32,5,Red,XL,18,4.4,1727,Active
3947,SKU003947,916771870757,Apple Headphones,Electronics,Apple,17232,19019.1,19970.06,18,White,M,10,4.2,670,Discontinued
3948,SKU003948,960994999322,Nike Jeans,Fashion,Nike,29532,32874.04,34517.74,12,Red,M,14,4.6,1711,Active
3949,SKU003949,386265958199,Britannia Tea,Groceries,Britannia,16219,21896.78,22991.62,5,Black,NA,19,4.3,505,Discontinued
3950,SKU003950,633612287252,LG Cookware,Home,LG,34598,38062.02,39965.12,18,Black,XL,23,4.6,3040,Discontinued
3951,SKU003951,276920774732,Puma Jacket,Fashion,Puma,36870,47628.58,50010.01,12,Black,XL,2,3.9,2474,Active
3952,SKU003952,422499570324,Amul Cookies,Groceries,Amul,45880,53649.75,56332.24,5,White,XL,12,3.8,4218,Active
3953,SKU003953,505087522215,Adidas T-Shirt,Fashion,Adidas,31346,34971.62,36720.2,12,Red,XL,18,4.6,1401,Discontinued
3954,SKU003954,661379253186,Britannia Milk,Groceries,Britannia,43769,49364.61,51832.84,5,White,NA,16,4.8,4162,Discontinued
3955,SKU003955,129925256904,Amul Tea,Groceries,Amul,30891,39473.68,41447.36,5,Blue,L,7,4.3,3619,Discontinued
3956,SKU003956,402667351586,Apple Smart Watch,Electronics,Apple,5409,6701.53,7036.61,18,White,M,6,4.6,301,Discontinued
3957,SKU003957,954152487831,LG Storage Box,Home,LG,35736,43131.25,45287.81,18,Black,XL,1,3.8,3850,Discontinued
3958,SKU003958,774903658868,LG Smartphone,Electronics,LG,37898,47467.63,49841.01,18,Black,M,9,3.6,2558,Discontinued
3959,SKU003959,671293696616,Puma Shoes,Fashion,Puma,17164,22957.85,24105.74,12,Red,S,10,4.7,4986,Active
3960,SKU003960,962306476978,Adidas T-Shirt,Fashion,Adidas,37991,46739.91,49076.91,12,Blue,M,12,4.0,621,Active
3961,SKU003961,073699281898,Amul Butter,Groceries,Amul,6407,8903.92,9349.12,5,Blue,NA,1,3.6,4239,Discontinued
3962,SKU003962,520621686170,Amul Tea,Groceries,Amul,24230,31988.85,33588.29,5,Black,M,2,4.2,3863,Active
3963,SKU003963,435140328116,Sony Headphones,Electronics,Sony,37580,44411.27,46631.83,18,White,L,14,4.7,1069,Active
3964,SKU003964,185709947298,IKEA Storage Box,Home,IKEA,5223,5864.65,6157.88,18,Blue,M,4,4.1,971,Discontinued
3965,SKU003965,354943724696,Sony Smart Watch,Electronics,Sony,7727,8707.1,9142.45,18,White,L,22,3.8,708,Active
3966,SKU003966,666679148469,LG Chair,Home,LG,6816,8546.3,8973.61,18,Red,M,4,3.9,3202,Active
3967,SKU003967,903584843624,Samsung Smartphone,Electronics,Samsung,8502,10035.26,10537.02,18,Blue,L,9,3.6,1853,Active
3968,SKU003968,992268609361,Sony Storage Box,Home,Sony,25292,35134.95,36891.7,18,White,NA,7,4.6,2498,Discontinued
3969,SKU003969,246261021371,Sony Laptop,Electronics,Sony,17601,21421.0,22492.05,18,Blue,NA,15,4.3,3234,Active
3970,SKU003970,040454357486,LG Headphones,Electronics,LG,44820,54227.89,56939.28,18,Red,NA,10,3.5,786,Discontinued
3971,SKU003971,042857959787,LG Smartphone,Electronics,LG,44036,60061.55,63064.63,18,Red,S,2,4.5,3076,Active
3972,SKU003972,100405170064,Amul Tea,Groceries,Amul,48975,66105.66,69410.94,5,Blue,NA,20,4.0,4777,Active
3973,SKU003973,825143977193,Amul Cookies,Groceries,Amul,3282,3652.8,3835.44,5,White,L,16,4.1,2620,Discontinued
3974,SKU003974,906627986394,Sony Table,Home,Sony,49772,69288.79,72753.23,18,White,S,13,4.1,4877,Discontinued
3975,SKU003975,562886867843,Sony Laptop,Electronics,Sony,7148,8519.42,8945.39,18,Black,S,11,3.9,1994,Active
3976,SKU003976,027166734786,Adidas Shoes,Fashion,Adidas,30062,37843.98,39736.18,12,White,S,13,4.5,611,Active
3977,SKU003977,691472950780,Adidas Jeans,Fashion,Adidas,17887,19851.21,20843.77,12,Blue,M,18,3.9,4745,Discontinued
3978,SKU003978,055596198782,IKEA Table,Home,IKEA,13386,16952.16,17799.77,18,Red,XL,20,4.2,1642,Active
3979,SKU003979,489667406317,Apple Smart Watch,Electronics,Apple,31299,36023.44,37824.61,18,White,L,22,5.0,4460,Discontinued
3980,SKU003980,174523428126,Britannia Cookies,Groceries,Britannia,15725,21936.75,23033.59,5,White,XL,21,4.2,3943,Discontinued
3981,SKU003981,969017518226,Samsung Laptop,Electronics,Samsung,34939,40022.57,42023.7,18,Red,S,11,3.9,2633,Active
3982,SKU003982,953769422424,Amul Tea,Groceries,Amul,12675,16820.59,17661.62,5,White,M,22,4.6,106,Active
3983,SKU003983,337249463647,Samsung Headphones,Electronics,Samsung,7924,10830.82,11372.36,18,White,NA,13,3.8,4472,Discontinued
3984,SKU003984,011866312918,Sony Cookware,Home,Sony,44738,59285.82,62250.11,18,Red,S,24,4.5,1070,Active
3985,SKU003985,560633088191,Sony Smartphone,Electronics,Sony,38575,46841.11,49183.17,18,Red,XL,9,4.2,3494,Discontinued
3986,SKU003986,568567991705,Britannia Cookies,Groceries,Britannia,40964,50969.26,53517.72,5,Blue,NA,16,4.1,416,Active
3987,SKU003987,752301009397,Amul Butter,Groceries,Amul,18555,21001.8,22051.89,5,Blue,S,20,4.9,58,Active
3988,SKU003988,556267350938,Britannia Milk,Groceries,Britannia,23716,28520.95,29947.0,5,Red,L,8,4.8,639,Active
3989,SKU003989,325536038045,IKEA Table,Home,IKEA,3159,4140.53,4347.56,18,Black,L,11,4.0,3051,Active
3990,SKU003990,583509226058,Britannia Butter,Groceries,Britannia,2858,3870.68,4064.21,5,Blue,M,13,3.7,2897,Discontinued
3991,SKU003991,475873334321,Sony Table,Home,Sony,1909,2552.5,2680.12,18,Red,M,10,3.5,3697,Active
3992,SKU003992,995724376563,Puma T-Shirt,Fashion,Puma,6694,9306.76,9772.1,12,White,S,2,4.3,2359,Active
3993,SKU003993,437276564899,LG Table,Home,LG,8258,9759.98,10247.98,18,Red,XL,5,4.7,1738,Active
3994,SKU003994,468742602504,Nike T-Shirt,Fashion,Nike,44061,58007.06,60907.41,12,Blue,S,6,4.9,1649,Active
3995,SKU003995,084213220403,Amul Milk,Groceries,Amul,41856,57919.86,60815.85,5,Black,S,12,4.6,1768,Active
3996,SKU003996,543076592351,Samsung Smart Watch,Electronics,Samsung,12223,15644.22,16426.43,18,Red,S,8,4.4,325,Discontinued
3997,SKU003997,182659551169,IKEA Table,Home,IKEA,6734,8531.3,8957.86,18,Black,M,2,3.6,1752,Discontinued
3998,SKU003998,971902094758,Amul Milk,Groceries,Amul,27581,33939.83,35636.82,5,White,XL,14,4.9,1218,Discontinued
3999,SKU003999,432569818074,Adidas Shoes,Fashion,Adidas,28421,33081.32,34735.39,12,White,NA,11,4.9,581,Discontinued
4000,SKU004000,238901285385,LG Cookware,Home,LG,42861,56898.67,59743.6,18,Black,L,16,3.6,4304,Active
4001,SKU004001,229035843175,Adidas Jeans,Fashion,Adidas,46997,65614.73,68895.47,12,Black,L,7,4.3,3823,Active
4002,SKU004002,724527106220,Amul Butter,Groceries,Amul,44191,50951.48,53499.05,5,White,S,14,4.3,582,Active
4003,SKU004003,085912210115,Amul Milk,Groceries,Amul,44922,55138.8,57895.74,5,Blue,M,18,4.1,483,Discontinued
4004,SKU004004,770151191320,Sony Table,Home,Sony,993,1275.74,1339.53,18,Red,XL,4,4.0,3487,Active
4005,SKU004005,924962171559,Britannia Milk,Groceries,Britannia,6548,8993.44,9443.11,5,Red,NA,14,4.2,4681,Discontinued
4006,SKU004006,661554388841,Sony Smartphone,Electronics,Sony,44748,59041.93,61994.03,18,White,NA,13,3.8,1607,Discontinued
4007,SKU004007,363055659324,Puma Shoes,Fashion,Puma,33818,39363.67,41331.85,12,Red,S,21,4.1,270,Active
4008,SKU004008,505681727526,Samsung Headphones,Electronics,Samsung,37982,41977.7,44076.58,18,Red,M,12,4.2,1096,Active
4009,SKU004009,662993330636,IKEA Cookware,Home,IKEA,42551,47648.01,50030.41,18,Blue,S,12,4.5,4209,Discontinued
4010,SKU004010,277402159116,Puma Jacket,Fashion,Puma,6645,7831.7,8223.28,12,White,S,20,4.2,2582,Active
4011,SKU004011,275558666651,Sony Smartphone,Electronics,Sony,32664,38764.81,40703.05,18,White,NA,6,3.6,979,Active
4012,SKU004012,278792969520,Amul Milk,Groceries,Amul,31910,36395.41,38215.18,5,White,S,13,4.5,2809,Active
4013,SKU004013,234386080472,Sony Storage Box,Home,Sony,19835,24784.16,26023.37,18,White,M,10,3.7,1955,Active
4014,SKU004014,554036799775,Amul Cookies,Groceries,Amul,4703,6076.19,6380.0,5,Blue,L,10,4.5,77,Active
4015,SKU004015,807075747087,Sony Storage Box,Home,Sony,49177,59924.9,62921.15,18,Red,NA,12,4.5,2701,Discontinued
4016,SKU004016,451289339651,Puma Shoes,Fashion,Puma,22832,27849.43,29241.9,12,Red,XL,9,4.2,732,Active
4017,SKU004017,472982406719,LG Smartphone,Electronics,LG,39425,45290.05,47554.55,18,Blue,S,6,4.3,2522,Active
4018,SKU004018,152773282217,Nike T-Shirt,Fashion,Nike,12009,15835.49,16627.26,12,Red,XL,13,3.6,1124,Active
4019,SKU004019,562251532539,Sony Cookware,Home,Sony,21507,29979.06,31478.01,18,White,NA,1,4.6,283,Active
4020,SKU004020,193106571178,Apple Smartphone,Electronics,Apple,8737,12115.17,12720.93,18,Red,L,1,3.9,647,Active
4021,SKU004021,066216597634,Puma Jacket,Fashion,Puma,30143,35782.47,37571.59,12,Blue,XL,16,3.8,4359,Active
4022,SKU004022,656219384714,Adidas Shoes,Fashion,Adidas,3779,4729.31,4965.78,12,Black,NA,24,4.2,2449,Active
4023,SKU004023,251336321991,Britannia Cookies,Groceries,Britannia,41853,50696.0,53230.8,5,White,L,7,4.9,2343,Discontinued
4024,SKU004024,046303645117,IKEA Storage Box,Home,IKEA,20732,28493.56,29918.24,18,Black,L,12,3.6,4139,Discontinued
4025,SKU004025,038986026672,LG Table,Home,LG,20091,24463.52,25686.7,18,Blue,M,18,4.2,1976,Discontinued
4026,SKU004026,705650664450,Amul Milk,Groceries,Amul,14064,17772.43,18661.05,5,Red,S,2,4.8,2355,Active
4027,SKU004027,738824812845,Puma T-Shirt,Fashion,Puma,33867,44306.35,46521.67,12,Red,XL,20,3.9,2691,Active
4028,SKU004028,324231687091,Amul Cookies,Groceries,Amul,30393,35805.74,37596.03,5,Black,L,10,4.8,2443,Discontinued
4029,SKU004029,166836384371,IKEA Chair,Home,IKEA,19475,25592.9,26872.55,18,Red,L,0,3.5,1230,Discontinued
4030,SKU004030,714578260441,Britannia Milk,Groceries,Britannia,49359,64943.9,68191.1,5,Red,S,7,4.8,1960,Discontinued
4031,SKU004031,010353854672,Apple Smart Watch,Electronics,Apple,12277,14731.42,15467.99,18,Red,L,22,4.0,2808,Active
4032,SKU004032,987362991653,Puma Jeans,Fashion,Puma,4347,5306.48,5571.8,12,Black,S,11,4.2,3079,Active
4033,SKU004033,119895982545,Apple Headphones,Electronics,Apple,43833,58514.14,61439.85,18,Red,M,17,5.0,2552,Discontinued
4034,SKU004034,987620717605,Britannia Milk,Groceries,Britannia,49547,67639.56,71021.54,5,Red,NA,24,4.8,865,Discontinued
4035,SKU004035,878856011368,IKEA Cookware,Home,IKEA,32344,40947.56,42994.94,18,Blue,M,16,3.9,2125,Active
4036,SKU004036,815186412422,Adidas T-Shirt,Fashion,Adidas,38445,51127.69,53684.07,12,Red,S,8,3.8,3229,Active
4037,SKU004037,919024638040,Amul Cookies,Groceries,Amul,29643,36806.23,38646.54,5,Black,M,15,3.9,1565,Active
4038,SKU004038,343837277121,Sony Chair,Home,Sony,15719,21008.71,22059.15,18,White,L,20,3.6,1148,Discontinued
4039,SKU004039,626162796749,Amul Milk,Groceries,Amul,12875,16409.85,17230.34,5,Blue,XL,7,4.3,2111,Active
4040,SKU004040,783184867396,Britannia Tea,Groceries,Britannia,46193,58244.23,61156.44,5,White,M,24,4.7,3149,Discontinued
4041,SKU004041,688939149646,Britannia Cookies,Groceries,Britannia,22276,30953.67,32501.35,5,Red,XL,6,4.1,643,Discontinued
4042,SKU004042,592189719942,Britannia Butter,Groceries,Britannia,35000,48716.61,51152.44,5,Red,M,15,4.4,4087,Discontinued
4043,SKU004043,168978955953,Nike Jeans,Fashion,Nike,16174,20638.95,21670.9,12,Black,M,5,3.6,1663,Active
4044,SKU004044,145883445940,Puma T-Shirt,Fashion,Puma,18568,25252.84,26515.48,12,Blue,NA,2,4.0,604,Discontinued
4045,SKU004045,984005719051,Samsung Laptop,Electronics,Samsung,29649,39096.54,41051.37,18,Red,XL,6,3.5,3224,Active
4046,SKU004046,538044034120,Nike Jacket,Fashion,Nike,27756,33457.92,35130.82,12,Red,L,0,4.0,452,Active
4047,SKU004047,932383320884,Puma T-Shirt,Fashion,Puma,48979,57331.22,60197.78,12,Black,XL,16,3.7,791,Discontinued
4048,SKU004048,393737622056,Nike Jeans,Fashion,Nike,29486,40916.06,42961.86,12,Blue,S,10,4.5,327,Active
4049,SKU004049,997529054175,Sony Smartphone,Electronics,Sony,36208,44390.18,46609.69,18,White,NA,0,3.6,855,Discontinued
4050,SKU004050,090391312312,IKEA Cookware,Home,IKEA,40442,44947.57,47194.95,18,Blue,XL,22,3.6,1738,Discontinued
4051,SKU004051,487985530804,Sony Smart Watch,Electronics,Sony,29587,38436.64,40358.47,18,Black,XL,18,4.0,1590,Discontinued
4052,SKU004052,537783159369,Amul Tea,Groceries,Amul,23377,31685.7,33269.99,5,Black,XL,20,3.6,1546,Active
4053,SKU004053,602150908165,Britannia Milk,Groceries,Britannia,31037,40584.52,42613.75,5,Blue,S,11,3.7,903,Active
4054,SKU004054,370924218119,Sony Smart Watch,Electronics,Sony,46452,62908.59,66054.02,18,Black,XL,18,4.2,1746,Discontinued
4055,SKU004055,971082274666,IKEA Chair,Home,IKEA,33060,45132.56,47389.19,18,White,M,7,3.9,2721,Active
4056,SKU004056,585346509640,Puma Jeans,Fashion,Puma,24653,29033.41,30485.08,12,White,NA,19,4.8,2287,Active
4057,SKU004057,894347530105,Puma Jacket,Fashion,Puma,42760,58144.77,61052.01,12,White,M,6,4.0,4868,Active
4058,SKU004058,197617687130,Puma Jacket,Fashion,Puma,185,255.84,268.63,12,Red,S,4,4.9,2784,Discontinued
4059,SKU004059,755252796210,Sony Chair,Home,Sony,7099,9925.63,10421.91,18,Red,XL,12,4.4,803,Discontinued
4060,SKU004060,700800230529,IKEA Table,Home,IKEA,43323,57058.58,59911.51,18,Red,L,16,3.5,2872,Active
4061,SKU004061,296755964545,Puma Jacket,Fashion,Puma,4832,5819.3,6110.27,12,White,XL,19,4.8,2800,Active
4062,SKU004062,193276338094,Puma Jeans,Fashion,Puma,22808,26297.32,27612.19,12,Black,M,16,4.2,315,Discontinued
4063,SKU004063,237197676974,Britannia Tea,Groceries,Britannia,17205,19355.97,20323.77,5,Black,NA,20,4.3,1225,Active
4064,SKU004064,330970318355,Adidas T-Shirt,Fashion,Adidas,30934,37294.87,39159.61,12,Blue,L,6,4.2,3205,Active
4065,SKU004065,024673769116,Adidas T-Shirt,Fashion,Adidas,3934,4882.66,5126.79,12,Red,XL,5,4.8,665,Active
4066,SKU004066,691760768137,IKEA Chair,Home,IKEA,35394,42817.52,44958.4,18,White,NA,21,4.5,39,Discontinued
4067,SKU004067,617038878462,Britannia Cookies,Groceries,Britannia,35200,41935.92,44032.72,5,White,S,11,3.7,2716,Discontinued
4068,SKU004068,067914956095,Nike Jacket,Fashion,Nike,11762,15462.29,16235.4,12,Black,L,16,3.8,663,Discontinued
4069,SKU004069,617484777231,Sony Storage Box,Home,Sony,31498,39840.57,41832.6,18,White,NA,1,4.7,4497,Active
4070,SKU004070,405779307873,Adidas T-Shirt,Fashion,Adidas,9926,11931.47,12528.04,12,Red,XL,22,3.6,1884,Active
4071,SKU004071,941963503993,Amul Cookies,Groceries,Amul,47853,54688.73,57423.17,5,Blue,S,2,4.4,3354,Active
4072,SKU004072,690104401413,IKEA Cookware,Home,IKEA,22217,28254.43,29667.15,18,Red,M,2,4.8,1290,Discontinued
4073,SKU004073,889308294319,Sony Chair,Home,Sony,18343,20354.92,21372.67,18,White,M,19,4.3,3343,Discontinued
4074,SKU004074,443719676736,Britannia Tea,Groceries,Britannia,13179,18210.22,19120.73,5,Red,S,0,3.5,3656,Discontinued
4075,SKU004075,406761689493,IKEA Chair,Home,IKEA,6849,7848.1,8240.51,18,Black,M,11,4.1,4197,Active
4076,SKU004076,920847571431,Britannia Cookies,Groceries,Britannia,31389,34976.52,36725.35,5,Blue,NA,14,4.3,4811,Active
4077,SKU004077,017407539840,Amul Milk,Groceries,Amul,33940,45374.91,47643.66,5,Red,XL,18,4.6,1644,Active
4078,SKU004078,997451754996,Amul Butter,Groceries,Amul,9683,13016.16,13666.97,5,Red,XL,12,4.4,4639,Active
4079,SKU004079,127806498646,Britannia Cookies,Groceries,Britannia,39837,48484.87,50909.11,5,Blue,L,13,4.2,1949,Discontinued
4080,SKU004080,001521512612,Sony Headphones,Electronics,Sony,43712,58642.95,61575.1,18,Blue,L,11,4.5,2022,Discontinued
4081,SKU004081,468138731177,IKEA Chair,Home,IKEA,13975,19014.43,19965.15,18,White,M,3,4.4,2447,Discontinued
4082,SKU004082,853572051822,IKEA Chair,Home,IKEA,3188,4394.73,4614.47,18,Red,NA,6,3.8,2610,Discontinued
4083,SKU004083,126827571777,Nike T-Shirt,Fashion,Nike,11317,13945.55,14642.83,12,Blue,S,14,4.5,2786,Discontinued
4084,SKU004084,777992081340,Apple Laptop,Electronics,Apple,26319,29369.01,30837.46,18,Red,NA,17,4.2,3685,Discontinued
4085,SKU004085,293328722162,LG Cookware,Home,LG,15495,18267.98,19181.38,18,Blue,L,20,3.5,462,Discontinued
4086,SKU004086,189414200701,Nike Shoes,Fashion,Nike,18527,25888.68,27183.11,12,White,M,16,3.7,3177,Active
4087,SKU004087,149865038164,Sony Cookware,Home,Sony,33543,37878.68,39772.61,18,Red,S,12,4.7,327,Discontinued
4088,SKU004088,948421509559,Sony Smartphone,Electronics,Sony,32632,44329.7,46546.18,18,Blue,NA,7,3.7,2543,Discontinued
4089,SKU004089,492623886003,Sony Chair,Home,Sony,46361,52938.05,55584.95,18,Black,XL,15,4.3,1361,Discontinued
4090,SKU004090,763555258082,Amul Milk,Groceries,Amul,19259,22567.25,23695.61,5,Black,L,23,3.9,2985,Active
4091,SKU004091,344600731244,Puma Jacket,Fashion,Puma,41831,47499.2,49874.16,12,Black,NA,13,3.6,4425,Discontinued
4092,SKU004092,371690141076,Samsung Headphones,Electronics,Samsung,10213,11568.73,12147.17,18,Red,M,0,4.9,3059,Active
4093,SKU004093,952926223656,Amul Milk,Groceries,Amul,13984,15761.44,16549.51,5,Black,L,18,4.7,1578,Discontinued
4094,SKU004094,847731830654,Sony Cookware,Home,Sony,22464,31039.52,32591.5,18,Red,M,18,4.3,2471,Discontinued
4095,SKU004095,595357700292,Amul Butter,Groceries,Amul,22248,29858.3,31351.22,5,Red,S,13,4.7,462,Active
4096,SKU004096,677817936860,Puma Jeans,Fashion,Puma,40454,48544.12,50971.33,12,Black,S,22,4.6,3882,Active
4097,SKU004097,727687498455,Nike Jeans,Fashion,Nike,48546,58635.25,61567.01,12,Black,NA,5,4.1,2231,Active
4098,SKU004098,050852538232,Adidas Jacket,Fashion,Adidas,11430,13209.81,13870.3,12,Red,S,8,4.5,3673,Discontinued
4099,SKU004099,185278878230,Sony Smart Watch,Electronics,Sony,13796,16444.92,17267.17,18,Red,S,18,4.8,1410,Discontinued
4100,SKU004100,353025948259,Amul Butter,Groceries,Amul,36773,44309.78,46525.27,5,Black,NA,14,3.9,3478,Active
4101,SKU004101,176977210303,Britannia Butter,Groceries,Britannia,31915,40793.98,42833.68,5,White,L,16,4.4,2479,Active
4102,SKU004102,214853547167,Adidas T-Shirt,Fashion,Adidas,29120,33890.4,35584.92,12,Blue,XL,4,3.8,245,Active
4103,SKU004103,587246860870,Samsung Laptop,Electronics,Samsung,43343,57099.73,59954.72,18,Red,NA,13,4.2,2304,Discontinued
4104,SKU004104,608520531381,Britannia Cookies,Groceries,Britannia,38800,53645.26,56327.52,5,Black,M,10,4.0,265,Active
4105,SKU004105,294773340169,Sony Chair,Home,Sony,8708,10981.61,11530.69,18,Black,L,19,4.8,2215,Discontinued
4106,SKU004106,410374563251,Puma Shoes,Fashion,Puma,44767,61306.37,64371.69,12,White,S,19,4.5,3751,Active
4107,SKU004107,369853260978,IKEA Cookware,Home,IKEA,18261,20698.99,21733.94,18,Red,XL,6,4.7,4119,Active
4108,SKU004108,375693702561,Britannia Tea,Groceries,Britannia,11542,14821.19,15562.25,5,White,L,24,3.6,4669,Discontinued
4109,SKU004109,749850614635,IKEA Chair,Home,IKEA,4060,5668.6,5952.03,18,Black,M,21,4.8,722,Discontinued
4110,SKU004110,777128379422,Puma T-Shirt,Fashion,Puma,39236,46725.31,49061.58,12,Blue,S,16,4.4,2688,Active
4111,SKU004111,359867431746,Sony Cookware,Home,Sony,41812,46651.25,48983.81,18,Blue,XL,5,4.2,3421,Active
4112,SKU004112,833865489432,Apple Smart Watch,Electronics,Apple,3873,4872.28,5115.89,18,Red,XL,2,4.7,4795,Active
4113,SKU004113,061058735378,LG Smartphone,Electronics,LG,32522,36862.1,38705.21,18,Blue,L,3,4.4,4989,Discontinued
4114,SKU004114,084721599827,LG Laptop,Electronics,LG,45426,61719.57,64805.55,18,Black,M,2,3.5,2527,Active
4115,SKU004115,357170326374,Britannia Milk,Groceries,Britannia,36708,42063.52,44166.7,5,White,NA,0,3.6,770,Discontinued
4116,SKU004116,178058632259,LG Cookware,Home,LG,22300,30640.69,32172.72,18,Red,XL,8,4.2,1185,Discontinued
4117,SKU004117,404993419542,Amul Cookies,Groceries,Amul,32009,38634.07,40565.77,5,Blue,XL,8,3.7,4266,Discontinued
4118,SKU004118,206514194341,IKEA Table,Home,IKEA,8081,9676.96,10160.81,18,Black,M,6,4.7,877,Discontinued
4119,SKU004119,039448988385,Apple Headphones,Electronics,Apple,18359,25439.8,26711.79,18,Blue,L,20,3.9,224,Discontinued
4120,SKU004120,984658660399,IKEA Chair,Home,IKEA,38233,53155.3,55813.07,18,White,L,23,3.6,718,Active
4121,SKU004121,421765200322,Amul Butter,Groceries,Amul,38254,44290.97,46505.52,5,Black,S,17,4.7,3421,Discontinued
4122,SKU004122,118819966688,Sony Storage Box,Home,Sony,34597,43997.84,46197.73,18,Red,L,22,3.6,4264,Discontinued
4123,SKU004123,522734931271,Britannia Butter,Groceries,Britannia,19686,23422.8,24593.94,5,White,L,17,4.9,2118,Discontinued
4124,SKU004124,318181542946,IKEA Cookware,Home,IKEA,301,413.71,434.4,18,Blue,M,10,3.8,2385,Discontinued
4125,SKU004125,245669319454,LG Smartphone,Electronics,LG,37552,44738.75,46975.69,18,Red,S,1,4.5,2975,Active
4126,SKU004126,471328844383,Adidas T-Shirt,Fashion,Adidas,27636,38443.25,40365.41,12,White,S,10,3.8,514,Active
4127,SKU004127,829006505099,IKEA Storage Box,Home,IKEA,26718,30021.35,31522.42,18,Black,XL,3,3.6,4259,Active
4128,SKU004128,160187297665,IKEA Cookware,Home,IKEA,28201,36231.79,38043.38,18,Blue,XL,10,3.8,2863,Active
4129,SKU004129,792060507203,Britannia Milk,Groceries,Britannia,5833,7598.77,7978.71,5,Black,NA,11,4.9,785,Discontinued
4130,SKU004130,772767402326,Sony Table,Home,Sony,36343,46219.5,48530.47,18,Blue,L,0,4.0,1956,Active
4131,SKU004131,436996954407,Britannia Cookies,Groceries,Britannia,48500,61933.29,65029.95,5,Blue,S,12,4.6,3877,Discontinued
4132,SKU004132,334569358127,IKEA Table,Home,IKEA,12850,17259.46,18122.43,18,Red,L,6,4.7,2561,Discontinued
4133,SKU004133,405621123374,Adidas Jacket,Fashion,Adidas,36299,47586.54,49965.87,12,Red,S,14,4.0,3611,Discontinued
4134,SKU004134,143469162524,Puma T-Shirt,Fashion,Puma,11000,13493.24,14167.9,12,Red,XL,9,3.8,2203,Active
4135,SKU004135,592021558333,LG Storage Box,Home,LG,37193,47515.34,49891.11,18,Blue,L,9,3.6,4038,Discontinued
4136,SKU004136,726490935516,Britannia Tea,Groceries,Britannia,47389,65290.13,68554.64,5,White,M,5,3.7,863,Discontinued
4137,SKU004137,811420087557,Adidas Jacket,Fashion,Adidas,39281,52988.24,55637.65,12,Black,S,5,3.7,1987,Active
4138,SKU004138,871678705715,Puma T-Shirt,Fashion,Puma,43375,51293.19,53857.85,12,White,S,15,4.2,1073,Discontinued
4139,SKU004139,476703475746,Amul Butter,Groceries,Amul,12832,15664.43,16447.65,5,White,S,6,4.0,746,Discontinued
4140,SKU004140,976324859905,Apple Smartphone,Electronics,Apple,36528,48190.31,50599.83,18,White,M,15,3.8,2477,Active
4141,SKU004141,991682219364,Puma Jacket,Fashion,Puma,36776,42287.93,44402.33,12,Black,L,8,4.0,1607,Discontinued
4142,SKU004142,053666611388,Sony Laptop,Electronics,Sony,32390,44231.56,46443.14,18,Blue,L,15,4.9,452,Active
4143,SKU004143,195094016704,Amul Tea,Groceries,Amul,33182,41958.13,44056.04,5,Blue,NA,24,3.6,2267,Discontinued
4144,SKU004144,162238437455,Sony Cookware,Home,Sony,49562,61947.61,65044.99,18,White,M,4,4.5,764,Discontinued
4145,SKU004145,650657267986,Amul Butter,Groceries,Amul,47569,62305.74,65421.03,5,Black,NA,20,4.0,827,Active
4146,SKU004146,470378418149,Britannia Milk,Groceries,Britannia,398,504.73,529.97,5,White,XL,7,3.9,174,Active
4147,SKU004147,559132992391,Sony Smart Watch,Electronics,Sony,42892,56842.05,59684.15,18,Black,XL,20,3.8,2006,Active
4148,SKU004148,557006978246,Amul Milk,Groceries,Amul,27243,31471.57,33045.15,5,Blue,S,18,3.5,4630,Active
4149,SKU004149,267309284490,LG Laptop,Electronics,LG,8487,10635.02,11166.77,18,White,S,19,4.5,144,Discontinued
4150,SKU004150,099998934553,Puma Jacket,Fashion,Puma,26485,29577.71,31056.6,12,White,S,3,3.8,455,Discontinued
4151,SKU004151,762024049973,Nike Jacket,Fashion,Nike,17494,23609.24,24789.7,12,Blue,NA,21,4.4,2670,Active
4152,SKU004152,123019074460,IKEA Cookware,Home,IKEA,35386,46475.7,48799.49,18,Red,L,11,5.0,3307,Active
4153,SKU004153,294447594280,Amul Tea,Groceries,Amul,47308,62496.0,65620.8,5,Black,S,4,4.4,4767,Active
4154,SKU004154,656509458289,Amul Cookies,Groceries,Amul,9288,12869.31,13512.78,5,Blue,S,21,3.8,2923,Discontinued
4155,SKU004155,994631883648,Amul Cookies,Groceries,Amul,20203,26070.44,27373.96,5,Black,S,4,4.1,4435,Discontinued
4156,SKU004156,718263193348,Nike Shoes,Fashion,Nike,3070,3491.23,3665.79,12,Red,XL,13,3.9,4868,Active
4157,SKU004157,854488871397,Apple Smart Watch,Electronics,Apple,25692,32115.37,33721.14,18,Blue,M,3,4.6,4626,Active
4158,SKU004158,521035944126,Sony Laptop,Electronics,Sony,33955,44231.07,46442.62,18,Blue,NA,4,4.0,304,Discontinued
4159,SKU004159,613381259124,Apple Smartphone,Electronics,Apple,15445,17543.92,18421.12,18,Black,L,16,4.1,3793,Discontinued
4160,SKU004160,742407038801,LG Laptop,Electronics,LG,44436,58014.2,60914.91,18,Blue,L,12,4.9,4168,Discontinued
4161,SKU004161,779526593946,Sony Table,Home,Sony,15013,18798.61,19738.54,18,Blue,M,19,3.6,2842,Discontinued
4162,SKU004162,378168282253,LG Chair,Home,LG,40437,55497.41,58272.28,18,White,XL,8,4.2,1076,Active
4163,SKU004163,109142865282,Sony Table,Home,Sony,8827,12136.3,12743.11,18,Black,XL,4,3.8,3904,Discontinued
4164,SKU004164,852277842055,LG Headphones,Electronics,LG,14468,16642.18,17474.29,18,White,M,19,4.1,324,Discontinued
4165,SKU004165,338996426512,Nike Shoes,Fashion,Nike,7747,10458.56,10981.49,12,Red,XL,6,4.3,2029,Discontinued
4166,SKU004166,401340187845,Samsung Headphones,Electronics,Samsung,3344,4044.64,4246.87,18,Black,NA,0,3.6,2644,Active
4167,SKU004167,190220791879,Apple Headphones,Electronics,Apple,25841,29498.7,30973.64,18,Blue,L,21,4.8,180,Discontinued
4168,SKU004168,829493129291,Britannia Milk,Groceries,Britannia,20464,26060.48,27363.5,5,Black,XL,19,3.9,763,Active
4169,SKU004169,428423513314,Samsung Smart Watch,Electronics,Samsung,28081,33585.94,35265.24,18,White,M,12,3.9,4064,Active
4170,SKU004170,988265194285,Britannia Tea,Groceries,Britannia,32242,43209.6,45370.08,5,Black,S,8,4.0,4703,Discontinued
4171,SKU004171,334567083646,Samsung Smartphone,Electronics,Samsung,48838,54074.54,56778.27,18,Red,L,14,3.6,153,Active
4172,SKU004172,507943257215,Adidas Jacket,Fashion,Adidas,35262,45308.7,47574.14,12,White,M,2,4.5,3728,Discontinued
4173,SKU004173,312049413126,LG Cookware,Home,LG,26478,33818.16,35509.07,18,Red,NA,7,4.8,3367,Discontinued
4174,SKU004174,653668251346,Britannia Butter,Groceries,Britannia,4488,5796.92,6086.77,5,White,S,14,4.4,420,Active
4175,SKU004175,574147811653,IKEA Table,Home,IKEA,13319,16306.62,17121.95,18,Blue,S,6,3.6,4693,Discontinued
4176,SKU004176,350700860900,Samsung Smart Watch,Electronics,Samsung,7729,9239.26,9701.22,18,Blue,M,16,3.8,2463,Active
4177,SKU004177,067671722189,Amul Butter,Groceries,Amul,5620,7252.52,7615.15,5,Blue,XL,0,4.3,448,Active
4178,SKU004178,445562284471,LG Storage Box,Home,LG,47620,62235.57,65347.35,18,Red,L,1,4.8,2497,Discontinued
4179,SKU004179,231267027142,LG Cookware,Home,LG,4528,5932.51,6229.14,18,White,NA,6,4.6,86,Discontinued
4180,SKU004180,426588329594,Puma Jacket,Fashion,Puma,33261,44513.07,46738.72,12,Red,NA,18,4.1,582,Discontinued
4181,SKU004181,108351660180,Nike Jeans,Fashion,Nike,44212,59765.78,62754.07,12,Black,M,6,4.2,4220,Active
4182,SKU004182,399975106245,Puma T-Shirt,Fashion,Puma,42788,54215.45,56926.22,12,Red,M,24,4.8,1032,Active
4183,SKU004183,541760948096,Adidas Jeans,Fashion,Adidas,7185,9805.6,10295.88,12,Black,M,3,5.0,3625,Active
4184,SKU004184,595108513527,LG Table,Home,LG,39957,50326.31,52842.63,18,White,XL,24,3.7,4708,Active
4185,SKU004185,167448926261,Sony Storage Box,Home,Sony,3135,4028.74,4230.18,18,Black,M,14,4.4,3470,Discontinued
4186,SKU004186,399762112173,Nike Shoes,Fashion,Nike,1886,2357.11,2474.97,12,Blue,M,17,4.5,4886,Active
4187,SKU004187,799113081669,Samsung Smartphone,Electronics,Samsung,32941,43384.64,45553.87,18,Black,M,7,3.9,1247,Active
4188,SKU004188,656793883342,Amul Cookies,Groceries,Amul,30148,41659.46,43742.43,5,Black,NA,17,3.9,3510,Active
4189,SKU004189,439658824802,Sony Smart Watch,Electronics,Sony,44299,59196.06,62155.86,18,Blue,M,5,3.5,547,Discontinued
4190,SKU004190,134752826821,Nike Shoes,Fashion,Nike,12948,16890.47,17734.99,12,Red,XL,1,3.6,3932,Discontinued
4191,SKU004191,756606137830,Sony Smart Watch,Electronics,Sony,2526,3048.43,3200.85,18,Blue,NA,23,4.2,2829,Active
4192,SKU004192,219038977683,Samsung Smart Watch,Electronics,Samsung,2378,2974.3,3123.02,18,Red,M,8,4.1,2706,Active
4193,SKU004193,429828608458,Amul Milk,Groceries,Amul,17081,20540.14,21567.15,5,White,M,16,4.7,751,Active
4194,SKU004194,127471295662,LG Table,Home,LG,23363,28950.1,30397.6,18,Blue,S,1,3.7,1916,Active
4195,SKU004195,755885370532,Samsung Smart Watch,Electronics,Samsung,12527,15036.35,15788.17,18,Red,XL,4,3.8,3034,Discontinued
4196,SKU004196,217028327657,LG Cookware,Home,LG,48942,64465.19,67688.45,18,Black,M,24,4.0,2770,Discontinued
4197,SKU004197,374454624052,LG Smart Watch,Electronics,LG,18037,23478.09,24651.99,18,Red,XL,23,4.5,1504,Discontinued
4198,SKU004198,132786806597,IKEA Chair,Home,IKEA,23254,29530.05,31006.55,18,Black,L,5,4.1,2947,Discontinued
4199,SKU004199,258448743647,LG Smartphone,Electronics,LG,8896,11706.99,12292.34,18,Black,M,21,4.3,2960,Active
4200,SKU004200,699027633788,Adidas Jacket,Fashion,Adidas,3461,4805.06,5045.31,12,Blue,NA,19,4.7,1633,Discontinued
4201,SKU004201,494340904365,Britannia Milk,Groceries,Britannia,18350,25250.37,26512.89,5,Black,M,20,4.1,4961,Discontinued
4202,SKU004202,931594539513,Nike Jeans,Fashion,Nike,47242,53568.37,56246.79,12,Blue,L,21,4.2,2000,Discontinued
4203,SKU004203,954788251960,Amul Cookies,Groceries,Amul,7833,9643.55,10125.73,5,Red,L,19,3.6,3051,Discontinued
4204,SKU004204,758404038169,Puma Shoes,Fashion,Puma,21210,29367.06,30835.41,12,Red,M,8,4.2,1315,Active
4205,SKU004205,183096051329,Sony Cookware,Home,Sony,43504,57947.14,60844.5,18,Red,XL,17,4.1,4596,Discontinued
4206,SKU004206,472553654619,LG Table,Home,LG,39941,54856.6,57599.43,18,White,NA,6,3.5,1008,Discontinued
4207,SKU004207,319138134641,Puma T-Shirt,Fashion,Puma,49277,58370.15,61288.66,12,White,L,5,4.5,3801,Active
4208,SKU004208,874522559115,Nike Jacket,Fashion,Nike,15595,19024.94,19976.19,12,White,NA,8,3.6,343,Active
4209,SKU004209,598443226751,Amul Butter,Groceries,Amul,41052,47012.38,49363.0,5,Blue,L,8,4.5,760,Discontinued
4210,SKU004210,410872169582,IKEA Cookware,Home,IKEA,18981,23186.43,24345.75,18,White,L,22,4.4,4649,Discontinued
4211,SKU004211,679771039035,LG Smartphone,Electronics,LG,12887,14227.72,14939.11,18,Blue,S,6,4.5,1552,Active
4212,SKU004212,530613173857,Sony Smartphone,Electronics,Sony,960,1124.86,1181.1,18,White,M,2,4.1,2273,Active
4213,SKU004213,487995337671,Sony Smart Watch,Electronics,Sony,46010,55963.7,58761.89,18,Red,M,16,4.3,4635,Discontinued
4214,SKU004214,588060760752,Samsung Headphones,Electronics,Samsung,40200,53655.51,56338.29,18,Black,M,19,4.9,626,Discontinued
4215,SKU004215,602881439721,Adidas Shoes,Fashion,Adidas,23365,30827.41,32368.78,12,White,M,14,3.8,3487,Discontinued
4216,SKU004216,259472162976,Amul Tea,Groceries,Amul,48927,68267.79,71681.18,5,Black,S,5,3.9,1881,Active
4217,SKU004217,445372212933,Amul Butter,Groceries,Amul,37449,45074.1,47327.81,5,Red,NA,0,3.9,2236,Active
4218,SKU004218,304939971378,Nike T-Shirt,Fashion,Nike,32044,35776.44,37565.26,12,White,L,2,4.8,4361,Discontinued
4219,SKU004219,002858889332,LG Table,Home,LG,47651,57762.14,60650.25,18,Black,XL,4,4.3,637,Discontinued
4220,SKU004220,354213925200,Amul Tea,Groceries,Amul,30446,41329.28,43395.74,5,White,NA,20,3.9,1768,Active
4221,SKU004221,746046655505,Britannia Cookies,Groceries,Britannia,45913,57937.96,60834.86,5,Black,M,10,4.5,2735,Active
4222,SKU004222,730866056794,Sony Chair,Home,Sony,43771,53092.38,55747.0,18,White,NA,7,3.6,4917,Discontinued
4223,SKU004223,263186109891,Apple Laptop,Electronics,Apple,37951,46130.53,48437.06,18,Black,L,6,4.8,2309,Active
4224,SKU004224,824776923870,Britannia Tea,Groceries,Britannia,37891,42115.53,44221.31,5,Blue,NA,7,4.7,4790,Active
4225,SKU004225,745989086428,IKEA Storage Box,Home,IKEA,47828,65575.99,68854.79,18,Blue,L,9,3.7,1335,Discontinued
4226,SKU004226,309515959269,Britannia Tea,Groceries,Britannia,6740,7558.92,7936.87,5,White,M,14,4.6,1901,Active
4227,SKU004227,270593816731,LG Headphones,Electronics,LG,28088,30946.67,32494.0,18,Red,XL,2,4.6,1750,Active
4228,SKU004228,903650176224,Amul Butter,Groceries,Amul,26693,31164.4,32722.62,5,White,S,18,3.5,4811,Discontinued
4229,SKU004229,770371632888,LG Storage Box,Home,LG,37722,47983.43,50382.6,18,Red,XL,9,3.5,122,Active
4230,SKU004230,713875891231,Britannia Tea,Groceries,Britannia,47497,60241.69,63253.77,5,Blue,XL,16,3.9,1938,Active
4231,SKU004231,549031562399,Amul Tea,Groceries,Amul,29293,40495.81,42520.6,5,White,M,18,3.8,4500,Active
4232,SKU004232,210457378329,Adidas Jacket,Fashion,Adidas,13299,16987.58,17836.96,12,Blue,L,2,4.3,3199,Active
4233,SKU004233,398361324536,Sony Storage Box,Home,Sony,42974,56015.04,58815.79,18,Red,S,7,3.6,2481,Active
4234,SKU004234,950179617581,Sony Cookware,Home,Sony,19330,24332.9,25549.55,18,White,XL,3,4.5,2535,Discontinued
4235,SKU004235,065725058531,Adidas Jeans,Fashion,Adidas,20115,24737.23,25974.09,12,White,S,3,4.3,4006,Active
4236,SKU004236,503456047358,LG Laptop,Electronics,LG,42828,54813.11,57553.77,18,Red,M,5,4.6,4615,Active
4237,SKU004237,537661578728,Nike Shoes,Fashion,Nike,13612,16417.45,17238.32,12,Black,M,17,4.6,2191,Active
4238,SKU004238,142708754387,IKEA Cookware,Home,IKEA,2840,3205.1,3365.36,18,Black,S,15,4.3,3994,Active
4239,SKU004239,629291759622,Puma Jacket,Fashion,Puma,35319,44049.78,46252.27,12,Red,NA,18,4.3,1978,Active
4240,SKU004240,399051994064,Nike T-Shirt,Fashion,Nike,7878,10733.92,11270.62,12,Black,M,8,3.7,4187,Discontinued
4241,SKU004241,791959484303,Sony Cookware,Home,Sony,6657,8301.64,8716.72,18,White,XL,4,3.8,1743,Active
4242,SKU004242,403895585764,Britannia Milk,Groceries,Britannia,252,350.79,368.33,5,Blue,NA,14,5.0,4589,Active
4243,SKU004243,406198443235,Nike Shoes,Fashion,Nike,1192,1547.54,1624.92,12,Red,S,24,3.7,2654,Discontinued
4244,SKU004244,001101580743,LG Table,Home,LG,28961,40182.04,42191.14,18,Red,M,3,4.0,1683,Discontinued
4245,SKU004245,867474061632,Puma Shoes,Fashion,Puma,38577,43880.8,46074.84,12,Red,NA,20,4.4,3571,Active
4246,SKU004246,629539935253,Nike T-Shirt,Fashion,Nike,24653,30238.1,31750.01,12,White,M,6,4.6,3318,Discontinued
4247,SKU004247,419634408031,LG Chair,Home,LG,35281,42722.96,44859.11,18,Blue,NA,6,3.7,202,Discontinued
4248,SKU004248,629315887642,LG Smart Watch,Electronics,LG,48373,57947.92,60845.32,18,Red,S,3,3.6,1490,Active
4249,SKU004249,261499790059,IKEA Table,Home,IKEA,11170,13772.22,14460.83,18,Black,L,13,4.5,2949,Active
4250,SKU004250,017734028954,LG Smart Watch,Electronics,LG,17724,19979.25,20978.21,18,Red,XL,3,4.9,4832,Discontinued
4251,SKU004251,137833232492,Britannia Butter,Groceries,Britannia,39926,52798.11,55438.02,5,Black,L,5,3.8,267,Active
4252,SKU004252,514361403655,Adidas T-Shirt,Fashion,Adidas,40441,45762.92,48051.07,12,Black,S,1,4.8,2833,Active
4253,SKU004253,840875156540,Nike Jacket,Fashion,Nike,28604,32460.32,34083.34,12,Black,NA,10,4.0,4519,Discontinued
4254,SKU004254,794994172932,Sony Chair,Home,Sony,6280,8502.43,8927.55,18,White,M,10,3.5,2495,Active
4255,SKU004255,105776796604,Sony Cookware,Home,Sony,22427,28273.3,29686.97,18,Black,XL,2,4.4,1281,Active
4256,SKU004256,022243723682,LG Smart Watch,Electronics,LG,7293,9700.45,10185.47,18,Red,S,5,3.7,1654,Discontinued
4257,SKU004257,602806695521,Sony Headphones,Electronics,Sony,43809,57791.72,60681.31,18,Blue,XL,15,5.0,4542,Active
4258,SKU004258,088092689028,Adidas Jacket,Fashion,Adidas,4787,5834.03,6125.73,12,White,XL,0,3.7,4326,Discontinued
4259,SKU004259,310346567858,Sony Chair,Home,Sony,35406,39502.59,41477.72,18,White,M,10,4.0,4994,Active
4260,SKU004260,970524534842,LG Table,Home,LG,38479,51572.34,54150.96,18,White,S,8,3.9,4985,Active
4261,SKU004261,847379382732,Adidas Jeans,Fashion,Adidas,34484,43329.11,45495.57,12,Black,S,0,3.6,4646,Active
4262,SKU004262,249937096246,Britannia Tea,Groceries,Britannia,10726,12041.8,12643.89,5,Black,L,8,4.9,2932,Active
4263,SKU004263,907400353043,LG Table,Home,LG,14751,20540.03,21567.03,18,Black,S,14,4.6,3314,Active
4264,SKU004264,995459043997,IKEA Chair,Home,IKEA,26513,31735.8,33322.59,18,White,NA,9,5.0,2808,Discontinued
4265,SKU004265,336646993931,Amul Tea,Groceries,Amul,20864,25219.86,26480.85,5,Blue,L,21,4.7,258,Active
4266,SKU004266,555956817179,Nike Shoes,Fashion,Nike,40163,51499.55,54074.53,12,Black,L,21,4.9,4868,Active
4267,SKU004267,988309357641,Amul Cookies,Groceries,Amul,39632,44704.01,46939.21,5,Black,M,0,4.4,2998,Discontinued
4268,SKU004268,343417767170,Britannia Milk,Groceries,Britannia,33095,40272.51,42286.14,5,White,L,17,4.4,813,Discontinued
4269,SKU004269,575919274463,LG Smart Watch,Electronics,LG,24531,29447.61,30919.99,18,Black,XL,1,4.8,4794,Active
4270,SKU004270,507787490610,LG Chair,Home,LG,8143,9406.07,9876.37,18,Black,NA,15,4.1,4050,Active
4271,SKU004271,584490854435,Sony Table,Home,Sony,44166,60513.35,63539.02,18,Black,S,10,4.9,3682,Discontinued
4272,SKU004272,641631496664,Amul Milk,Groceries,Amul,15098,18157.99,19065.89,5,Black,L,23,4.1,2402,Discontinued
4273,SKU004273,429024206542,LG Storage Box,Home,LG,8844,11074.91,11628.66,18,Blue,L,19,4.6,3225,Discontinued
4274,SKU004274,500518141867,Britannia Cookies,Groceries,Britannia,23243,26458.81,27781.75,5,Black,XL,4,4.2,234,Discontinued
4275,SKU004275,707732733302,LG Storage Box,Home,LG,2482,3002.3,3152.42,18,Black,XL,18,4.0,712,Discontinued
4276,SKU004276,858165483363,LG Smart Watch,Electronics,LG,44693,56849.56,59692.04,18,Black,XL,9,4.6,2243,Discontinued
4277,SKU004277,228248221435,Puma Jeans,Fashion,Puma,8616,11763.35,12351.52,12,Black,L,1,4.7,1655,Discontinued
4278,SKU004278,636106002497,LG Smart Watch,Electronics,LG,27142,31327.39,32893.76,18,Blue,L,13,4.2,2895,Discontinued
4279,SKU004279,212816696672,LG Table,Home,LG,3439,4444.31,4666.53,18,Black,NA,2,4.1,739,Discontinued
4280,SKU004280,462073038410,Amul Tea,Groceries,Amul,31472,39788.76,41778.2,5,Black,XL,19,3.6,3911,Discontinued
4281,SKU004281,382782187026,LG Cookware,Home,LG,46516,62342.4,65459.52,18,White,S,7,3.7,192,Discontinued
4282,SKU004282,369508739915,Samsung Headphones,Electronics,Samsung,41782,46352.29,48669.9,18,Blue,S,4,3.5,2251,Discontinued
4283,SKU004283,744715879457,Britannia Tea,Groceries,Britannia,24383,32128.94,33735.39,5,Red,S,8,4.2,3394,Discontinued
4284,SKU004284,871201813606,Nike Jeans,Fashion,Nike,9426,11425.06,11996.31,12,White,L,3,3.9,1401,Active
4285,SKU004285,878250985867,Samsung Smartphone,Electronics,Samsung,30835,34920.38,36666.4,18,Black,M,16,4.5,2798,Discontinued
4286,SKU004286,403633596255,IKEA Table,Home,IKEA,27269,35268.76,37032.2,18,Blue,S,17,4.0,1225,Discontinued
4287,SKU004287,149442746252,Britannia Cookies,Groceries,Britannia,41835,51895.79,54490.58,5,Blue,M,4,3.9,1546,Discontinued
4288,SKU004288,407744039716,Nike T-Shirt,Fashion,Nike,29575,40465.98,42489.28,12,Blue,XL,22,4.3,4728,Discontinued
4289,SKU004289,318336684162,Amul Milk,Groceries,Amul,42377,46652.86,48985.5,5,White,XL,10,4.9,2851,Discontinued
4290,SKU004290,442314602774,Adidas T-Shirt,Fashion,Adidas,21758,27658.47,29041.39,12,Red,S,15,3.9,3414,Discontinued
4291,SKU004291,398427100349,Nike T-Shirt,Fashion,Nike,47157,56308.93,59124.38,12,Black,XL,23,4.3,1212,Active
4292,SKU004292,363540900481,IKEA Chair,Home,IKEA,3953,4622.26,4853.37,18,Red,S,14,4.9,3841,Active
4293,SKU004293,895403711916,Adidas T-Shirt,Fashion,Adidas,2259,2839.39,2981.36,12,White,L,0,4.8,3716,Discontinued
4294,SKU004294,952338842696,Britannia Tea,Groceries,Britannia,29956,32989.84,34639.33,5,White,M,2,3.7,1210,Active
4295,SKU004295,582002938167,Adidas T-Shirt,Fashion,Adidas,20782,28873.51,30317.19,12,White,XL,3,3.8,1410,Discontinued
4296,SKU004296,271432558358,Puma Jacket,Fashion,Puma,26616,32770.37,34408.89,12,Black,XL,10,4.2,3755,Discontinued
4297,SKU004297,915124662777,Samsung Smart Watch,Electronics,Samsung,19842,24066.26,25269.57,18,Blue,M,5,4.2,4269,Discontinued
4298,SKU004298,811844061249,Sony Chair,Home,Sony,4464,5734.67,6021.4,18,Blue,M,7,4.4,2369,Discontinued
4299,SKU004299,561598152635,Sony Laptop,Electronics,Sony,38726,52680.45,55314.47,18,Black,M,13,4.3,3494,Active
4300,SKU004300,386786658841,Amul Butter,Groceries,Amul,26146,34458.51,36181.44,5,White,M,20,3.8,3198,Active
4301,SKU004301,326590494541,LG Cookware,Home,LG,48643,68083.1,71487.26,18,Black,XL,21,3.6,1183,Active
4302,SKU004302,952495743273,Sony Cookware,Home,Sony,22833,29608.42,31088.84,18,Red,NA,23,3.7,4723,Discontinued
4303,SKU004303,614937077476,Apple Laptop,Electronics,Apple,34118,42988.51,45137.94,18,Blue,L,11,4.4,3257,Active
4304,SKU004304,406162725943,Sony Table,Home,Sony,43327,53216.06,55876.86,18,Blue,M,3,4.8,1799,Discontinued
4305,SKU004305,562720928100,Adidas T-Shirt,Fashion,Adidas,30341,38656.22,40589.03,12,Black,XL,19,3.9,2125,Discontinued
4306,SKU004306,599818462530,Sony Chair,Home,Sony,47250,63742.7,66929.84,18,Red,S,0,3.9,4601,Discontinued
4307,SKU004307,137199366974,Apple Smart Watch,Electronics,Apple,42788,52866.98,55510.33,18,White,M,17,4.7,1226,Discontinued
4308,SKU004308,542339090932,Britannia Tea,Groceries,Britannia,25443,30866.71,32410.05,5,Red,L,5,3.6,2917,Discontinued
4309,SKU004309,523531028240,Britannia Cookies,Groceries,Britannia,35469,46596.09,48925.89,5,White,NA,16,4.7,3061,Discontinued
4310,SKU004310,999319136835,Samsung Headphones,Electronics,Samsung,18914,22120.21,23226.22,18,White,XL,18,4.6,952,Active
4311,SKU004311,680870639439,Amul Butter,Groceries,Amul,17257,23318.77,24484.71,5,Red,XL,9,4.9,533,Active
4312,SKU004312,104684597717,Apple Headphones,Electronics,Apple,36806,50539.68,53066.66,18,Blue,XL,24,4.9,451,Active
4313,SKU004313,560391435654,Samsung Headphones,Electronics,Samsung,6149,7788.81,8178.25,18,White,L,3,4.4,2217,Active
4314,SKU004314,241010502131,Britannia Butter,Groceries,Britannia,44820,55042.73,57794.87,5,Black,XL,7,4.0,3396,Active
4315,SKU004315,463275371962,Amul Butter,Groceries,Amul,18722,20764.81,21803.05,5,Red,XL,21,4.5,2493,Active
4316,SKU004316,999531772571,Adidas Jeans,Fashion,Adidas,4212,5721.99,6008.09,12,Black,XL,8,4.2,3261,Active
4317,SKU004317,765307449775,Apple Smartphone,Electronics,Apple,29095,34731.25,36467.81,18,White,L,21,3.8,134,Active
4318,SKU004318,612143323848,Samsung Laptop,Electronics,Samsung,3867,4840.23,5082.24,18,White,L,14,4.0,1761,Active
4319,SKU004319,500726643823,Puma Jeans,Fashion,Puma,19167,21349.12,22416.58,12,Red,S,16,4.7,4191,Active
4320,SKU004320,891092330643,IKEA Cookware,Home,IKEA,27085,34345.91,36063.21,18,Black,L,24,4.2,1638,Discontinued
4321,SKU004321,365703348837,IKEA Table,Home,IKEA,2802,3158.98,3316.93,18,Black,S,11,4.1,533,Active
4322,SKU004322,910315387071,Britannia Butter,Groceries,Britannia,37472,45117.53,47373.41,5,Blue,NA,7,4.4,2959,Discontinued
4323,SKU004323,136706960033,Britannia Milk,Groceries,Britannia,24656,28814.16,30254.87,5,Blue,NA,21,4.1,2160,Discontinued
4324,SKU004324,995606255415,Sony Chair,Home,Sony,31801,40223.9,42235.1,18,White,NA,1,5.0,1347,Discontinued
4325,SKU004325,293142739804,Sony Table,Home,Sony,1230,1474.14,1547.85,18,Black,XL,21,4.5,2236,Discontinued
4326,SKU004326,661451892960,LG Chair,Home,LG,1442,1971.4,2069.97,18,Black,NA,2,4.9,715,Active
4327,SKU004327,470043459228,Sony Headphones,Electronics,Sony,4196,4915.11,5160.87,18,Black,L,1,4.7,2098,Discontinued
4328,SKU004328,297451506666,Nike Jeans,Fashion,Nike,49130,65656.54,68939.37,12,White,NA,4,4.2,4380,Discontinued
4329,SKU004329,151478343944,IKEA Table,Home,IKEA,38109,45411.82,47682.41,18,Red,XL,10,3.9,293,Active
4330,SKU004330,141954767697,IKEA Cookware,Home,IKEA,36149,39880.61,41874.64,18,Black,M,15,4.7,3337,Active
4331,SKU004331,947673204403,Amul Tea,Groceries,Amul,40606,47087.9,49442.3,5,Red,NA,1,4.0,789,Discontinued
4332,SKU004332,110307667001,Nike Jacket,Fashion,Nike,29539,37920.15,39816.16,12,Blue,S,2,4.6,795,Active
4333,SKU004333,953983619189,Sony Storage Box,Home,Sony,789,937.09,983.94,18,Blue,XL,21,4.6,3217,Discontinued
4334,SKU004334,183569883645,Sony Smartphone,Electronics,Sony,22100,30302.23,31817.34,18,Blue,XL,11,4.3,3971,Discontinued
4335,SKU004335,723251364275,Nike Jacket,Fashion,Nike,45120,51826.52,54417.85,12,Red,M,17,3.7,1780,Discontinued
4336,SKU004336,462157075276,Amul Tea,Groceries,Amul,24692,31178.72,32737.66,5,Black,L,19,4.7,299,Active
4337,SKU004337,587759949360,Sony Storage Box,Home,Sony,30070,38212.76,40123.4,18,Black,S,4,4.4,4869,Active
4338,SKU004338,832945625935,Britannia Tea,Groceries,Britannia,28908,34974.54,36723.27,5,Red,M,23,4.1,44,Discontinued
4339,SKU004339,877229477196,Amul Milk,Groceries,Amul,16847,20826.35,21867.67,5,White,M,9,4.8,792,Active
4340,SKU004340,396428878646,Nike Jeans,Fashion,Nike,5618,7514.95,7890.7,12,Blue,NA,9,4.9,2354,Active
4341,SKU004341,930710800153,Britannia Milk,Groceries,Britannia,11739,15515.4,16291.17,5,Red,S,10,3.7,3295,Discontinued
4342,SKU004342,962165305495,LG Smartphone,Electronics,LG,36110,46348.55,48665.98,18,Red,XL,9,4.7,187,Discontinued
4343,SKU004343,288504350748,Samsung Smartphone,Electronics,Samsung,38445,49133.01,51589.66,18,Red,NA,20,4.8,794,Discontinued
4344,SKU004344,943484608200,IKEA Chair,Home,IKEA,37716,51916.89,54512.73,18,Blue,L,24,4.1,3352,Active
4345,SKU004345,751200490300,Adidas Jacket,Fashion,Adidas,9316,11507.38,12082.75,12,Red,S,6,3.6,1656,Active
4346,SKU004346,250455484444,Apple Headphones,Electronics,Apple,24105,30192.79,31702.43,18,Black,XL,21,3.5,2329,Discontinued
4347,SKU004347,637503450643,Sony Headphones,Electronics,Sony,17465,19735.26,20722.02,18,Black,L,5,4.3,3585,Discontinued
4348,SKU004348,937079619134,Adidas T-Shirt,Fashion,Adidas,32056,39944.25,41941.46,12,White,M,18,3.6,3788,Active
4349,SKU004349,969730105205,LG Headphones,Electronics,LG,20333,27429.92,28801.42,18,Red,NA,5,3.8,1341,Discontinued
4350,SKU004350,128025269428,Apple Smartphone,Electronics,Apple,6288,8433.1,8854.76,18,Red,XL,20,3.9,759,Discontinued
4351,SKU004351,240407107759,Britannia Butter,Groceries,Britannia,37720,50374.57,52893.3,5,White,XL,14,4.2,4937,Discontinued
4352,SKU004352,146272877689,Amul Cookies,Groceries,Amul,26655,33921.85,35617.94,5,White,XL,2,4.8,2552,Active
4353,SKU004353,141672823168,Britannia Butter,Groceries,Britannia,7239,8465.32,8888.59,5,White,M,13,4.5,4918,Discontinued
4354,SKU004354,360404352416,Britannia Milk,Groceries,Britannia,29519,39851.22,41843.78,5,Red,M,5,3.6,3564,Discontinued
4355,SKU004355,338493369629,Apple Headphones,Electronics,Apple,2437,3386.87,3556.21,18,Blue,NA,8,4.5,1791,Discontinued
4356,SKU004356,188642867143,Puma T-Shirt,Fashion,Puma,9571,11578.05,12156.95,12,Red,NA,15,3.9,1957,Discontinued
4357,SKU004357,624443933014,Amul Milk,Groceries,Amul,11597,14710.37,15445.89,5,Red,XL,12,4.2,1763,Discontinued
4358,SKU004358,305923747412,Nike Jacket,Fashion,Nike,19752,26086.33,27390.65,12,Blue,M,14,4.1,1049,Active
4359,SKU004359,124935502191,LG Cookware,Home,LG,12004,16196.32,17006.14,18,White,XL,18,3.8,1450,Active
4360,SKU004360,109949891085,Sony Chair,Home,Sony,19430,26327.51,27643.89,18,Red,S,4,4.0,2939,Active
4361,SKU004361,724491044883,LG Storage Box,Home,LG,1526,2131.44,2238.01,18,Blue,S,6,3.8,1112,Active
4362,SKU004362,653678374619,Sony Chair,Home,Sony,36495,48536.82,50963.66,18,White,L,12,4.6,4292,Discontinued
4363,SKU004363,189454550690,IKEA Table,Home,IKEA,13451,17691.53,18576.11,18,White,L,7,4.3,1781,Active
4364,SKU004364,712736228384,LG Headphones,Electronics,LG,30432,34911.57,36657.15,18,Red,L,9,3.6,1216,Discontinued
4365,SKU004365,748808234151,Sony Table,Home,Sony,44466,57590.53,60470.06,18,Red,M,23,3.6,486,Active
4366,SKU004366,654969158497,LG Headphones,Electronics,LG,25606,31053.82,32606.51,18,White,M,1,4.2,2607,Discontinued
4367,SKU004367,867326738026,Samsung Smart Watch,Electronics,Samsung,10542,12736.77,13373.61,18,Blue,XL,12,3.9,200,Active
4368,SKU004368,496508395744,IKEA Chair,Home,IKEA,18237,23797.53,24987.41,18,White,XL,13,4.1,1652,Discontinued
4369,SKU004369,644842169856,Amul Butter,Groceries,Amul,3777,4514.08,4739.78,5,White,XL,3,3.6,3180,Active
4370,SKU004370,572455049379,Nike T-Shirt,Fashion,Nike,10400,12687.67,13322.05,12,White,NA,23,4.2,1367,Discontinued
4371,SKU004371,452527736553,Apple Smartphone,Electronics,Apple,20304,25052.32,26304.94,18,White,NA,2,3.9,324,Active
4372,SKU004372,950610156118,Amul Cookies,Groceries,Amul,22156,27809.62,29200.1,5,Red,M,24,3.8,1826,Active
4373,SKU004373,154414307846,Amul Cookies,Groceries,Amul,10533,13082.12,13736.23,5,Black,XL,1,3.9,2024,Discontinued
4374,SKU004374,194986150760,Puma Jeans,Fashion,Puma,4427,5607.12,5887.48,12,Blue,L,20,3.8,4098,Active
4375,SKU004375,735817081280,LG Headphones,Electronics,LG,23989,31209.51,32769.99,18,Black,NA,8,4.4,2096,Active
4376,SKU004376,069758985360,IKEA Table,Home,IKEA,36385,47542.42,49919.54,18,Red,NA,10,3.8,3741,Active
4377,SKU004377,694012523983,Britannia Tea,Groceries,Britannia,6108,6971.61,7320.19,5,Red,M,23,3.7,2386,Discontinued
4378,SKU004378,418426165410,Nike T-Shirt,Fashion,Nike,18734,25551.84,26829.43,12,Red,NA,15,4.4,224,Discontinued
4379,SKU004379,512807420311,Samsung Smart Watch,Electronics,Samsung,7984,10964.4,11512.62,18,Red,XL,17,3.9,2171,Active
4380,SKU004380,680725139392,Nike Jeans,Fashion,Nike,12124,13702.42,14387.54,12,Blue,M,17,4.5,3129,Discontinued
4381,SKU004381,132196882145,Nike Jeans,Fashion,Nike,2162,2897.07,3041.92,12,Black,XL,3,4.8,2020,Active
4382,SKU004382,702061605937,Sony Chair,Home,Sony,11393,13549.18,14226.64,18,Black,XL,16,4.4,4093,Active
4383,SKU004383,234786189037,Amul Milk,Groceries,Amul,20203,23372.14,24540.75,5,Black,M,22,4.0,937,Discontinued
4384,SKU004384,635788455744,Nike Jeans,Fashion,Nike,37291,46044.04,48346.24,12,White,S,6,4.5,45,Active
4385,SKU004385,059881862067,Apple Laptop,Electronics,Apple,2541,3102.59,3257.72,18,White,L,17,3.7,1542,Discontinued
4386,SKU004386,284232008732,Adidas Jacket,Fashion,Adidas,35548,44001.39,46201.46,12,White,L,18,4.5,3152,Active
4387,SKU004387,910190019971,Britannia Cookies,Groceries,Britannia,8940,10509.92,11035.42,5,White,XL,18,3.7,373,Discontinued
4388,SKU004388,641111118442,LG Table,Home,LG,44053,49996.77,52496.61,18,Black,L,20,4.6,2732,Active
4389,SKU004389,646108228089,LG Cookware,Home,LG,622,719.6,755.58,18,White,M,3,4.1,4954,Discontinued
4390,SKU004390,961684566811,Britannia Tea,Groceries,Britannia,49407,55097.16,57852.02,5,Blue,NA,5,4.7,1410,Discontinued
4391,SKU004391,760416847315,Samsung Smart Watch,Electronics,Samsung,30289,37766.44,39654.76,18,Black,XL,9,4.9,3880,Discontinued
4392,SKU004392,192924884365,Sony Storage Box,Home,Sony,46584,57310.82,60176.36,18,White,L,2,4.2,942,Discontinued
4393,SKU004393,230063046518,Britannia Cookies,Groceries,Britannia,6003,6773.25,7111.91,5,Blue,XL,24,4.7,1549,Discontinued
4394,SKU004394,792313094952,Adidas Shoes,Fashion,Adidas,1394,1798.84,1888.78,12,Red,M,15,3.5,745,Discontinued
4395,SKU004395,300742513796,Britannia Butter,Groceries,Britannia,611,708.36,743.78,5,Red,NA,10,4.3,328,Active
4396,SKU004396,979406510027,LG Laptop,Electronics,LG,17125,21300.05,22365.05,18,Red,NA,17,4.4,4681,Active
4397,SKU004397,972385491754,Britannia Cookies,Groceries,Britannia,9538,11980.5,12579.52,5,Red,M,6,4.3,984,Active
4398,SKU004398,268640707833,Amul Tea,Groceries,Amul,4419,5889.58,6184.06,5,White,XL,17,4.1,492,Active
4399,SKU004399,713318801398,Britannia Butter,Groceries,Britannia,2533,3240.69,3402.72,5,Black,NA,3,4.1,4850,Discontinued
4400,SKU004400,288373339399,LG Table,Home,LG,25720,32203.73,33813.92,18,Black,M,3,4.0,957,Discontinued
4401,SKU004401,321292311442,Puma Jacket,Fashion,Puma,18825,24575.7,25804.49,12,White,NA,13,4.2,3442,Active
4402,SKU004402,016214743631,Sony Table,Home,Sony,42318,56781.74,59620.83,18,Red,XL,3,3.5,3079,Discontinued
4403,SKU004403,831142696395,Sony Smart Watch,Electronics,Sony,36297,44362.27,46580.38,18,Red,M,14,3.6,1355,Active
4404,SKU004404,448924011642,LG Smart Watch,Electronics,LG,25119,34629.49,36360.96,18,Blue,XL,1,4.9,3585,Discontinued
4405,SKU004405,908492007126,Britannia Milk,Groceries,Britannia,26421,29882.27,31376.38,5,White,XL,5,4.6,4082,Active
4406,SKU004406,699562352433,Britannia Milk,Groceries,Britannia,13206,15391.79,16161.38,5,White,NA,19,4.9,343,Discontinued
4407,SKU004407,240241889926,Britannia Tea,Groceries,Britannia,9660,12342.8,12959.94,5,Red,M,10,5.0,828,Discontinued
4408,SKU004408,762375998002,Sony Cookware,Home,Sony,49668,65098.81,68353.75,18,Black,XL,3,4.6,1023,Discontinued
4409,SKU004409,120106095578,Britannia Butter,Groceries,Britannia,33007,45743.98,48031.18,5,Black,M,11,3.6,4167,Discontinued
4410,SKU004410,437464838367,Amul Cookies,Groceries,Amul,41588,52163.5,54771.68,5,White,NA,18,4.6,686,Active
4411,SKU004411,723288550928,Amul Milk,Groceries,Amul,44533,55690.68,58475.21,5,Blue,NA,14,3.6,641,Active
4412,SKU004412,908902612067,Puma Jacket,Fashion,Puma,37891,48239.09,50651.04,12,Black,L,24,4.9,429,Active
4413,SKU004413,303528177262,Samsung Laptop,Electronics,Samsung,38935,52313.23,54928.89,18,Red,XL,7,3.8,1561,Active
4414,SKU004414,304345091385,Samsung Smartphone,Electronics,Samsung,8066,9191.62,9651.2,18,White,L,8,4.2,3420,Active
4415,SKU004415,125998908486,Britannia Tea,Groceries,Britannia,23493,31418.27,32989.18,5,Red,M,4,4.9,4511,Active
4416,SKU004416,186575665180,Britannia Tea,Groceries,Britannia,47165,53194.24,55853.95,5,Blue,L,3,4.6,3157,Active
4417,SKU004417,253709785661,Amul Tea,Groceries,Amul,21943,25109.92,26365.42,5,White,M,10,4.0,4194,Discontinued
4418,SKU004418,199904160789,Britannia Butter,Groceries,Britannia,25142,34138.29,35845.2,5,White,XL,20,4.9,3038,Active
4419,SKU004419,569291098344,Sony Headphones,Electronics,Sony,43442,60099.33,63104.3,18,Black,S,2,3.6,3777,Active
4420,SKU004420,932874635255,IKEA Chair,Home,IKEA,3215,4180.44,4389.46,18,Red,S,14,3.9,695,Active
4421,SKU004421,685368071110,Adidas Jeans,Fashion,Adidas,28588,37060.76,38913.8,12,Red,L,12,3.8,2283,Active
4422,SKU004422,014725560127,Amul Cookies,Groceries,Amul,28745,34906.56,36651.89,5,White,L,10,4.3,407,Active
4423,SKU004423,749502138450,LG Smartphone,Electronics,LG,46778,63669.76,66853.25,18,White,S,15,3.7,125,Active
4424,SKU004424,997230064290,Apple Headphones,Electronics,Apple,43610,49691.61,52176.19,18,Red,XL,2,4.4,1919,Discontinued
4425,SKU004425,142211947564,Adidas Jeans,Fashion,Adidas,35159,46278.12,48592.03,12,Red,S,2,3.6,1458,Active
4426,SKU004426,617108218779,Samsung Laptop,Electronics,Samsung,12717,15175.11,15933.87,18,Red,L,2,4.3,601,Active
4427,SKU004427,883855779021,Amul Butter,Groceries,Amul,29553,38662.44,40595.56,5,Black,L,14,4.9,2116,Discontinued
4428,SKU004428,252885265352,IKEA Cookware,Home,IKEA,19096,25456.13,26728.94,18,Red,L,20,4.4,3857,Active
4429,SKU004429,143635094634,LG Laptop,Electronics,LG,21912,28892.93,30337.58,18,Blue,NA,21,4.4,662,Discontinued
4430,SKU004430,758253604597,Britannia Cookies,Groceries,Britannia,33156,39490.35,41464.87,5,White,NA,20,4.3,727,Active
4431,SKU004431,092647368139,Amul Cookies,Groceries,Amul,35691,46019.73,48320.72,5,Blue,L,7,3.5,4931,Discontinued
4432,SKU004432,456227644277,Apple Smart Watch,Electronics,Apple,1260,1393.48,1463.15,18,Red,L,0,4.4,4275,Discontinued
4433,SKU004433,359775528166,Britannia Milk,Groceries,Britannia,11991,14470.24,15193.75,5,Black,M,9,3.7,4515,Discontinued
4434,SKU004434,562393211562,Britannia Cookies,Groceries,Britannia,22223,24722.56,25958.69,5,Black,L,20,4.1,4947,Discontinued
4435,SKU004435,457346420286,Samsung Smartphone,Electronics,Samsung,29255,32631.71,34263.3,18,Blue,XL,1,4.5,1968,Discontinued
4436,SKU004436,013922787481,Apple Headphones,Electronics,Apple,20176,28074.96,29478.71,18,Blue,XL,11,3.6,1308,Active
4437,SKU004437,945366980602,Sony Smartphone,Electronics,Sony,26765,37041.0,38893.05,18,Black,NA,18,3.8,2151,Active
4438,SKU004438,857195373823,Nike T-Shirt,Fashion,Nike,36647,42922.54,45068.67,12,Red,L,7,3.7,3873,Discontinued
4439,SKU004439,965271888006,Adidas Shoes,Fashion,Adidas,34875,41387.65,43457.03,12,Red,S,19,5.0,2876,Active
4440,SKU004440,424353757596,Britannia Milk,Groceries,Britannia,25226,29691.34,31175.91,5,Red,M,12,4.1,4529,Active
4441,SKU004441,143259322613,Sony Headphones,Electronics,Sony,15298,20186.84,21196.18,18,Red,NA,0,4.7,1963,Discontinued
4442,SKU004442,249432796803,Adidas Jeans,Fashion,Adidas,38939,47774.21,50162.92,12,Blue,S,19,4.1,324,Discontinued
4443,SKU004443,751143112489,Nike Shoes,Fashion,Nike,34693,47412.33,49782.95,12,Blue,M,23,4.2,1004,Discontinued
4444,SKU004444,580141510830,Amul Milk,Groceries,Amul,43048,52780.03,55419.03,5,Red,XL,1,4.6,4419,Discontinued
4445,SKU004445,720009965037,Sony Cookware,Home,Sony,46146,54394.85,57114.59,18,White,XL,16,3.7,1259,Active
4446,SKU004446,080650354500,Britannia Cookies,Groceries,Britannia,38320,51735.86,54322.65,5,Blue,NA,13,4.5,4177,Active
4447,SKU004447,229602879667,Britannia Cookies,Groceries,Britannia,48958,62798.91,65938.86,5,White,S,2,3.7,2259,Active
4448,SKU004448,184329022586,Amul Cookies,Groceries,Amul,12719,17221.73,18082.82,5,Blue,L,3,3.7,1653,Active
4449,SKU004449,640698550635,Amul Milk,Groceries,Amul,23827,29582.3,31061.42,5,Red,M,15,4.2,4143,Discontinued
4450,SKU004450,838498671491,Adidas Jeans,Fashion,Adidas,44047,57034.91,59886.66,12,White,L,1,3.5,1993,Discontinued
4451,SKU004451,771992687878,Puma T-Shirt,Fashion,Puma,20531,24851.85,26094.44,12,White,M,0,4.7,2013,Active
4452,SKU004452,043586416653,Nike Jeans,Fashion,Nike,20465,23113.76,24269.45,12,Blue,NA,23,4.8,3506,Discontinued
4453,SKU004453,433530769383,Sony Table,Home,Sony,43044,51346.22,53913.53,18,Blue,S,22,4.9,1673,Active
4454,SKU004454,517853066683,Britannia Tea,Groceries,Britannia,22724,26876.27,28220.08,5,White,M,18,3.8,1970,Active
4455,SKU004455,504781942106,Britannia Tea,Groceries,Britannia,48311,60827.8,63869.19,5,Red,L,20,4.0,2671,Discontinued
4456,SKU004456,394688163560,Puma T-Shirt,Fashion,Puma,29421,39934.22,41930.93,12,Blue,XL,13,3.8,1890,Active
4457,SKU004457,158073498338,Apple Laptop,Electronics,Apple,29529,35390.19,37159.7,18,Blue,M,18,4.8,195,Active
4458,SKU004458,611216417180,Samsung Smart Watch,Electronics,Samsung,38932,49484.38,51958.6,18,Black,S,11,4.3,3887,Active
4459,SKU004459,133835548672,Sony Cookware,Home,Sony,11844,13099.99,13754.99,18,White,XL,3,4.1,2485,Discontinued
4460,SKU004460,563730874824,Amul Milk,Groceries,Amul,37207,41107.86,43163.25,5,White,L,2,3.8,3220,Active
4461,SKU004461,754036262307,Puma T-Shirt,Fashion,Puma,4278,5799.49,6089.46,12,Black,NA,6,4.3,177,Discontinued
4462,SKU004462,034687452500,Nike Shoes,Fashion,Nike,35339,42282.11,44396.22,12,Blue,M,7,3.8,4425,Active
4463,SKU004463,641927739304,Adidas T-Shirt,Fashion,Adidas,13946,15559.89,16337.88,12,Black,S,8,3.9,3466,Active
4464,SKU004464,563711765267,Sony Laptop,Electronics,Sony,13877,17805.72,18696.01,18,Red,S,20,5.0,125,Active
4465,SKU004465,348715589975,Puma Shoes,Fashion,Puma,39083,46233.62,48545.3,12,Blue,NA,16,4.8,3361,Active
4466,SKU004466,806886577108,IKEA Chair,Home,IKEA,48123,64332.08,67548.68,18,White,S,0,4.5,1937,Active
4467,SKU004467,767615974220,Sony Chair,Home,Sony,37670,44417.3,46638.17,18,Red,M,16,3.7,2642,Discontinued
4468,SKU004468,855685053499,Sony Cookware,Home,Sony,44210,57089.71,59944.2,18,Blue,S,0,4.7,2274,Active
4469,SKU004469,723882550704,LG Laptop,Electronics,LG,23824,26502.7,27827.84,18,Black,M,14,4.5,1632,Active
4470,SKU004470,241945362551,IKEA Table,Home,IKEA,44703,55236.32,57998.14,18,Red,NA,10,4.1,1099,Active
4471,SKU004471,750418838847,Britannia Milk,Groceries,Britannia,11520,14327.34,15043.71,5,Red,L,15,4.1,1283,Discontinued
4472,SKU004472,931521914677,Nike Shoes,Fashion,Nike,23197,31451.61,33024.19,12,Blue,S,24,3.7,1409,Discontinued
4473,SKU004473,293861949054,Amul Cookies,Groceries,Amul,26450,35799.79,37589.78,5,Black,L,22,3.9,3585,Active
4474,SKU004474,444917702936,Adidas Jacket,Fashion,Adidas,20162,25304.17,26569.38,12,Black,L,3,4.6,3365,Active
4475,SKU004475,363647856619,Samsung Smartphone,Electronics,Samsung,41688,56811.78,59652.37,18,Black,NA,9,4.0,4108,Discontinued
4476,SKU004476,680052056593,Apple Smartphone,Electronics,Apple,40559,56124.12,58930.33,18,White,M,14,4.9,3531,Discontinued
4477,SKU004477,500558858338,Puma T-Shirt,Fashion,Puma,37527,46669.81,49003.3,12,Black,XL,10,4.7,3774,Discontinued
4478,SKU004478,176458651611,Nike Shoes,Fashion,Nike,18928,25092.8,26347.44,12,Blue,M,10,4.4,4954,Active
4479,SKU004479,222916172011,LG Smartphone,Electronics,LG,13498,16412.84,17233.48,18,White,S,12,4.4,4573,Discontinued
4480,SKU004480,199700610645,LG Headphones,Electronics,LG,49009,56590.51,59420.04,18,Red,M,21,4.2,2540,Active
4481,SKU004481,879286815415,Amul Butter,Groceries,Amul,25340,30111.64,31617.22,5,Black,NA,18,4.9,4287,Active
4482,SKU004482,747500101910,LG Chair,Home,LG,48425,63479.0,66652.95,18,Blue,S,3,4.5,3699,Discontinued
4483,SKU004483,236031638469,LG Table,Home,LG,37116,49471.18,51944.74,18,Blue,S,18,4.0,2228,Discontinued
4484,SKU004484,694911577013,Sony Table,Home,Sony,46857,59159.98,62117.98,18,Blue,XL,13,4.1,2027,Discontinued
4485,SKU004485,375998840152,Sony Smartphone,Electronics,Sony,23268,27641.61,29023.69,18,Black,S,12,3.9,2738,Discontinued
4486,SKU004486,240620745826,Britannia Butter,Groceries,Britannia,32442,38516.22,40442.03,5,Black,XL,2,4.0,867,Active
4487,SKU004487,499840974979,Amul Cookies,Groceries,Amul,40789,49944.24,52441.45,5,Red,S,11,3.9,657,Discontinued
4488,SKU004488,768205705309,Nike Jacket,Fashion,Nike,15140,18502.68,19427.81,12,Blue,NA,8,4.8,3902,Discontinued
4489,SKU004489,206761067965,Britannia Butter,Groceries,Britannia,37644,42019.31,44120.28,5,Blue,NA,4,3.9,1049,Active
4490,SKU004490,694199336964,Apple Smart Watch,Electronics,Apple,19523,24785.79,26025.08,18,Black,L,23,4.5,499,Discontinued
4491,SKU004491,473101982441,Puma Shoes,Fashion,Puma,6547,8107.79,8513.18,12,Blue,S,21,3.6,4101,Discontinued
4492,SKU004492,569533704675,Apple Laptop,Electronics,Apple,34278,41568.63,43647.06,18,White,S,5,4.7,2100,Active
4493,SKU004493,235246624750,Nike Jeans,Fashion,Nike,14372,19816.89,20807.73,12,Blue,M,7,4.6,60,Active
4494,SKU004494,345780003265,Apple Smart Watch,Electronics,Apple,5874,7399.21,7769.17,18,Black,L,3,3.9,1595,Discontinued
4495,SKU004495,092198057595,Adidas Jeans,Fashion,Adidas,12705,16353.73,17171.42,12,White,XL,24,3.6,1474,Active
4496,SKU004496,605684313112,Britannia Cookies,Groceries,Britannia,47479,61664.97,64748.22,5,Blue,L,12,4.5,2916,Discontinued
4497,SKU004497,073312419553,Sony Table,Home,Sony,36571,47566.48,49944.8,18,Black,NA,4,4.4,4216,Discontinued
4498,SKU004498,915344651149,IKEA Table,Home,IKEA,25788,29955.53,31453.31,18,Red,NA,8,3.8,193,Active
4499,SKU004499,139245292652,Adidas Jacket,Fashion,Adidas,32321,42355.22,44472.98,12,Red,XL,2,4.5,2978,Discontinued
4500,SKU004500,823023091369,Sony Table,Home,Sony,42449,49336.26,51803.07,18,Blue,M,12,3.9,4993,Active
4501,SKU004501,252743320523,Sony Table,Home,Sony,10724,12083.82,12688.01,18,White,NA,24,4.3,4323,Active
4502,SKU004502,113327189596,Sony Smart Watch,Electronics,Sony,6146,7703.07,8088.22,18,Red,S,22,3.7,912,Discontinued
4503,SKU004503,936989670734,Sony Cookware,Home,Sony,27974,32909.95,34555.45,18,White,S,12,4.6,934,Active
4504,SKU004504,760494028273,LG Laptop,Electronics,LG,17465,23599.98,24779.98,18,Red,S,19,4.3,3759,Active
4505,SKU004505,298043097955,Amul Milk,Groceries,Amul,28826,39403.32,41373.49,5,Black,NA,1,3.7,3619,Active
4506,SKU004506,792824244462,Amul Tea,Groceries,Amul,8594,9531.64,10008.22,5,Blue,L,21,3.6,631,Active
4507,SKU004507,624855318389,Adidas T-Shirt,Fashion,Adidas,34727,40637.54,42669.42,12,Blue,M,0,3.9,3659,Discontinued
4508,SKU004508,709025980253,IKEA Cookware,Home,IKEA,47618,52806.66,55446.99,18,Blue,M,9,3.7,4634,Discontinued
4509,SKU004509,754101653747,LG Headphones,Electronics,LG,39066,44200.95,46411.0,18,White,XL,7,3.6,362,Discontinued
4510,SKU004510,662123490645,Amul Tea,Groceries,Amul,12886,16702.9,17538.05,5,White,L,19,4.7,1474,Discontinued
4511,SKU004511,178107453226,LG Cookware,Home,LG,27195,33763.94,35452.14,18,Black,L,7,4.7,881,Discontinued
4512,SKU004512,490900191064,Adidas T-Shirt,Fashion,Adidas,38559,53711.16,56396.72,12,Red,L,0,4.1,964,Active
4513,SKU004513,298359480978,Amul Butter,Groceries,Amul,23504,32426.4,34047.72,5,Red,NA,6,3.7,2180,Discontinued
4514,SKU004514,952137275126,Amul Butter,Groceries,Amul,9122,11301.5,11866.58,5,Black,NA,22,4.2,1294,Discontinued
4515,SKU004515,040969726175,Sony Chair,Home,Sony,32025,40454.13,42476.84,18,Blue,XL,10,4.3,2880,Active
4516,SKU004516,112750050148,Britannia Milk,Groceries,Britannia,46597,58936.5,61883.33,5,Red,M,20,4.8,2243,Active
4517,SKU004517,445944672482,Adidas T-Shirt,Fashion,Adidas,27127,31991.96,33591.56,12,Red,NA,20,3.8,1865,Active
4518,SKU004518,019108297342,Amul Tea,Groceries,Amul,46339,63994.05,67193.75,5,White,XL,1,4.1,4745,Discontinued
4519,SKU004519,111759712285,Nike Shoes,Fashion,Nike,46690,53362.75,56030.89,12,Red,NA,15,3.7,4299,Discontinued
4520,SKU004520,109461799480,Britannia Butter,Groceries,Britannia,11504,14592.32,15321.94,5,Black,NA,11,3.6,4931,Active
4521,SKU004521,619594492388,Sony Smart Watch,Electronics,Sony,27023,32025.15,33626.41,18,Blue,XL,19,3.7,318,Active
4522,SKU004522,871751629881,Adidas Shoes,Fashion,Adidas,12123,14208.19,14918.6,12,Blue,XL,12,3.7,2970,Active
4523,SKU004523,253550430817,Puma Jeans,Fashion,Puma,912,1105.02,1160.27,12,Red,XL,23,4.3,3647,Discontinued
4524,SKU004524,078330187262,Samsung Headphones,Electronics,Samsung,6686,9015.45,9466.22,18,Blue,XL,22,4.7,3563,Discontinued
4525,SKU004525,786463552513,Britannia Milk,Groceries,Britannia,40296,54996.23,57746.04,5,Black,S,8,4.1,4652,Discontinued
4526,SKU004526,764392151746,Sony Cookware,Home,Sony,35537,46494.27,48818.98,18,Red,L,16,4.0,137,Discontinued
4527,SKU004527,185476920430,Britannia Butter,Groceries,Britannia,44363,48884.11,51328.32,5,Blue,XL,17,4.5,4,Discontinued
4528,SKU004528,719438008087,Sony Chair,Home,Sony,39022,51386.67,53956.0,18,Red,XL,22,4.4,3374,Discontinued
4529,SKU004529,913053379884,Amul Tea,Groceries,Amul,33920,39787.39,41776.76,5,Red,NA,18,4.3,1941,Active
4530,SKU004530,046871890683,Britannia Cookies,Groceries,Britannia,27749,31337.84,32904.73,5,Black,L,19,4.5,3161,Discontinued
4531,SKU004531,415330597550,Nike Jeans,Fashion,Nike,15642,18329.28,19245.74,12,Black,XL,20,4.4,1623,Discontinued
4532,SKU004532,309476261364,IKEA Table,Home,IKEA,30391,35895.47,37690.24,18,Black,L,16,4.3,2547,Discontinued
4533,SKU004533,015455991503,Nike Shoes,Fashion,Nike,29341,32390.64,34010.17,12,Blue,S,18,4.9,52,Discontinued
4534,SKU004534,845379217660,Sony Headphones,Electronics,Sony,39961,55607.91,58388.31,18,Blue,L,5,4.5,329,Discontinued
4535,SKU004535,354780292830,Apple Laptop,Electronics,Apple,36671,49463.75,51936.94,18,Red,NA,24,4.7,519,Active
4536,SKU004536,300401874947,LG Smartphone,Electronics,LG,43108,51870.03,54463.53,18,Red,M,14,3.5,3371,Active
4537,SKU004537,893539544616,Samsung Smart Watch,Electronics,Samsung,36659,48849.61,51292.09,18,White,S,1,4.9,1780,Active
4538,SKU004538,958916732075,Sony Laptop,Electronics,Sony,34231,47314.44,49680.16,18,Black,S,8,4.4,3942,Active
4539,SKU004539,402894191095,Sony Table,Home,Sony,1926,2534.52,2661.25,18,White,S,1,3.9,3063,Discontinued
4540,SKU004540,709413013201,Apple Smart Watch,Electronics,Apple,45698,63836.46,67028.28,18,Black,S,22,3.6,4643,Active
4541,SKU004541,621785864275,Sony Smartphone,Electronics,Sony,19402,23726.99,24913.34,18,Blue,S,14,4.3,1129,Active
4542,SKU004542,738573849665,Sony Laptop,Electronics,Sony,40725,48247.94,50660.34,18,White,M,15,4.8,2282,Discontinued
4543,SKU004543,999414425543,Amul Milk,Groceries,Amul,33250,39016.73,40967.57,5,White,L,9,4.6,1994,Active
4544,SKU004544,899138929023,Sony Laptop,Electronics,Sony,31818,41504.54,43579.77,18,Red,L,18,4.0,3949,Active
4545,SKU004545,289243759699,Sony Storage Box,Home,Sony,30411,38797.47,40737.34,18,Red,S,10,4.5,972,Discontinued
4546,SKU004546,772378960903,Adidas Jeans,Fashion,Adidas,37270,51317.16,53883.02,12,Red,M,11,3.9,4003,Discontinued
4547,SKU004547,665715292992,Samsung Smart Watch,Electronics,Samsung,2955,3497.37,3672.24,18,White,NA,5,3.5,4204,Discontinued
4548,SKU004548,788165453461,IKEA Table,Home,IKEA,39724,44575.25,46804.01,18,Red,XL,21,4.1,2074,Discontinued
4549,SKU004549,423711325716,LG Storage Box,Home,LG,18625,23075.24,24229.0,18,Black,M,23,4.7,656,Active
4550,SKU004550,707731870070,Sony Headphones,Electronics,Sony,27766,35055.74,36808.53,18,Black,M,17,3.7,914,Active
4551,SKU004551,591720008968,IKEA Table,Home,IKEA,22993,27965.58,29363.86,18,Blue,L,12,4.6,2986,Active
4552,SKU004552,305942263825,Amul Tea,Groceries,Amul,9746,12696.94,13331.79,5,Blue,S,4,3.5,2720,Active
4553,SKU004553,797841222177,IKEA Cookware,Home,IKEA,42995,57733.58,60620.26,18,Red,NA,6,3.9,4880,Discontinued
4554,SKU004554,321411504592,Puma Jacket,Fashion,Puma,20289,24703.7,25938.89,12,Black,L,18,4.3,1618,Discontinued
4555,SKU004555,944089391474,Amul Milk,Groceries,Amul,21219,27324.28,28690.49,5,White,L,11,4.5,2261,Active
4556,SKU004556,758316793739,Amul Cookies,Groceries,Amul,39696,44460.63,46683.66,5,Blue,S,24,4.1,1965,Discontinued
4557,SKU004557,075733567990,Nike T-Shirt,Fashion,Nike,14555,19858.26,20851.17,12,Blue,M,9,4.6,3648,Discontinued
4558,SKU004558,024601820786,Britannia Tea,Groceries,Britannia,28848,37264.35,39127.57,5,White,L,6,3.7,511,Discontinued
4559,SKU004559,006274611436,Adidas T-Shirt,Fashion,Adidas,12065,15160.22,15918.23,12,Black,NA,5,4.7,2475,Active
4560,SKU004560,679253076510,Apple Headphones,Electronics,Apple,38817,51765.86,54354.15,18,Blue,NA,7,4.0,4102,Active
4561,SKU004561,746382221050,Samsung Laptop,Electronics,Samsung,13246,17179.16,18038.12,18,Black,XL,17,4.2,4463,Active
4562,SKU004562,037678995875,LG Smart Watch,Electronics,LG,7374,9588.36,10067.78,18,Blue,M,23,3.6,4975,Active
4563,SKU004563,044801286078,Adidas Jacket,Fashion,Adidas,45431,54790.26,57529.77,12,Red,L,8,4.2,3312,Active
4564,SKU004564,646562979630,Puma Jeans,Fashion,Puma,44106,51561.48,54139.55,12,Blue,NA,4,4.0,1666,Active
4565,SKU004565,978154300218,Britannia Butter,Groceries,Britannia,20234,24661.3,25894.37,5,Black,NA,21,4.9,2630,Active
4566,SKU004566,315237858956,Adidas T-Shirt,Fashion,Adidas,1466,1735.44,1822.21,12,White,XL,13,4.1,1445,Discontinued
4567,SKU004567,621555175739,LG Smartphone,Electronics,LG,48402,62611.72,65742.31,18,Blue,NA,16,3.5,994,Discontinued
4568,SKU004568,044253760515,Amul Butter,Groceries,Amul,25205,28815.53,30256.31,5,Black,L,15,4.1,2457,Discontinued
4569,SKU004569,387629894087,Puma Shoes,Fashion,Puma,10677,12282.27,12896.38,12,White,NA,7,3.9,2728,Active
4570,SKU004570,801527571888,Nike T-Shirt,Fashion,Nike,27210,35855.12,37647.88,12,White,L,9,4.8,1239,Discontinued
4571,SKU004571,389054553555,Adidas T-Shirt,Fashion,Adidas,15601,18085.63,18989.91,12,White,M,2,4.0,2510,Active
4572,SKU004572,117012820851,IKEA Table,Home,IKEA,2531,3046.7,3199.03,18,Red,S,4,4.3,4374,Discontinued
4573,SKU004573,423328205835,Adidas Shoes,Fashion,Adidas,8753,10476.2,11000.01,12,White,M,8,4.2,4665,Discontinued
4574,SKU004574,949684867376,IKEA Cookware,Home,IKEA,11671,13696.25,14381.06,18,White,L,20,3.9,3554,Active
4575,SKU004575,535888661361,Britannia Cookies,Groceries,Britannia,18682,25836.59,27128.42,5,Black,L,8,4.7,337,Discontinued
4576,SKU004576,612115595591,Puma Jacket,Fashion,Puma,18332,22864.26,24007.47,12,White,XL,3,3.7,516,Active
4577,SKU004577,733579135562,Nike Jeans,Fashion,Nike,18258,21734.3,22821.01,12,Black,L,6,4.6,4026,Discontinued
4578,SKU004578,209241197374,Nike Jacket,Fashion,Nike,28571,36082.28,37886.39,12,White,M,23,4.2,4227,Discontinued
4579,SKU004579,454912331927,Nike T-Shirt,Fashion,Nike,772,912.73,958.37,12,Red,M,10,4.8,529,Discontinued
4580,SKU004580,286031840003,LG Laptop,Electronics,LG,48484,65302.45,68567.57,18,Blue,S,24,4.5,156,Discontinued
4581,SKU004581,657392589365,Amul Milk,Groceries,Amul,47902,59298.15,62263.06,5,Red,M,7,3.7,1316,Discontinued
4582,SKU004582,586590604165,Amul Tea,Groceries,Amul,25130,31073.42,32627.09,5,White,M,10,3.7,3919,Active
4583,SKU004583,786849478282,Apple Smartphone,Electronics,Apple,8497,11756.95,12344.8,18,Blue,NA,14,3.8,1676,Discontinued
4584,SKU004584,346290273836,Sony Smart Watch,Electronics,Sony,1092,1209.37,1269.84,18,White,NA,16,4.2,2692,Discontinued
4585,SKU004585,948776955464,Adidas Shoes,Fashion,Adidas,5990,7181.54,7540.62,12,Red,M,12,4.2,797,Discontinued
4586,SKU004586,866668138772,LG Storage Box,Home,LG,14903,18881.38,19825.45,18,Blue,M,1,4.6,968,Active
4587,SKU004587,212859346075,Britannia Milk,Groceries,Britannia,14431,18568.16,19496.57,5,Red,L,6,4.4,4608,Discontinued
4588,SKU004588,143472644879,LG Table,Home,LG,31297,39441.44,41413.51,18,Blue,NA,8,4.9,2462,Discontinued
4589,SKU004589,848446445958,LG Storage Box,Home,LG,24856,27495.24,28870.0,18,Black,M,21,4.1,640,Discontinued
4590,SKU004590,534161810652,Sony Headphones,Electronics,Sony,3775,4505.08,4730.33,18,White,S,20,4.7,1401,Discontinued
4591,SKU004591,600059539677,IKEA Storage Box,Home,IKEA,47652,53875.89,56569.68,18,Black,L,16,3.8,500,Discontinued
4592,SKU004592,403909796094,Britannia Butter,Groceries,Britannia,36503,49299.55,51764.53,5,Red,S,13,4.4,2265,Discontinued
4593,SKU004593,979334765300,Nike T-Shirt,Fashion,Nike,27195,34099.27,35804.23,12,Red,L,3,3.5,249,Active
4594,SKU004594,353443483779,IKEA Storage Box,Home,IKEA,49937,65001.78,68251.87,18,Black,XL,17,4.3,922,Active
4595,SKU004595,804980229858,Britannia Cookies,Groceries,Britannia,40908,54277.43,56991.3,5,White,L,9,3.5,436,Discontinued
4596,SKU004596,844249061699,Amul Butter,Groceries,Amul,44533,52073.33,54677.0,5,Blue,M,22,4.1,3668,Active
4597,SKU004597,062727801561,LG Laptop,Electronics,LG,36973,50331.0,52847.55,18,Blue,XL,7,4.5,1001,Discontinued
4598,SKU004598,424621715471,Sony Smartphone,Electronics,Sony,41255,48801.97,51242.07,18,White,S,13,3.6,3483,Discontinued
4599,SKU004599,362054028400,Sony Table,Home,Sony,4818,6551.12,6878.68,18,Blue,M,10,3.6,2566,Active
4600,SKU004600,178822057280,Nike Shoes,Fashion,Nike,17485,19314.78,20280.52,12,White,NA,20,4.1,3964,Discontinued
4601,SKU004601,851451836258,Nike T-Shirt,Fashion,Nike,14608,19670.15,20653.66,12,White,XL,7,4.1,4274,Discontinued
4602,SKU004602,429438369621,Adidas Jacket,Fashion,Adidas,43256,59124.17,62080.38,12,Blue,L,19,3.7,1858,Active
4603,SKU004603,642256499403,LG Headphones,Electronics,LG,43113,49710.79,52196.33,18,Black,L,11,4.1,4015,Active
4604,SKU004604,795055906996,Samsung Laptop,Electronics,Samsung,24528,32946.0,34593.3,18,Blue,L,4,3.6,2707,Discontinued
4605,SKU004605,489463798692,Britannia Milk,Groceries,Britannia,39527,46226.88,48538.22,5,Black,S,4,4.8,4941,Discontinued
4606,SKU004606,844373721876,Amul Cookies,Groceries,Amul,7070,9375.08,9843.83,5,White,L,22,4.4,4080,Discontinued
4607,SKU004607,349467891693,IKEA Cookware,Home,IKEA,30202,35867.33,37660.7,18,Red,M,22,3.6,305,Discontinued
4608,SKU004608,838238072781,Nike T-Shirt,Fashion,Nike,18392,21154.66,22212.39,12,Blue,NA,0,3.6,1584,Discontinued
4609,SKU004609,339350766078,Nike Jacket,Fashion,Nike,35013,47639.67,50021.65,12,Black,S,14,4.4,2200,Discontinued
4610,SKU004610,482442950613,Britannia Milk,Groceries,Britannia,18330,21164.82,22223.06,5,Blue,L,11,4.5,1259,Active
4611,SKU004611,466049635474,Adidas Shoes,Fashion,Adidas,8094,10214.81,10725.55,12,Blue,S,17,3.7,2426,Active
4612,SKU004612,728411883191,Britannia Tea,Groceries,Britannia,30360,39096.25,41051.06,5,Black,NA,11,4.7,3083,Discontinued
4613,SKU004613,283326927252,Britannia Butter,Groceries,Britannia,20187,27533.73,28910.42,5,Red,XL,17,4.8,1537,Discontinued
4614,SKU004614,887348917709,Amul Milk,Groceries,Amul,46575,64463.89,67687.08,5,Blue,M,17,4.3,1937,Discontinued
4615,SKU004615,276958360920,IKEA Cookware,Home,IKEA,1056,1166.3,1224.62,18,Black,NA,4,4.8,501,Discontinued
4616,SKU004616,524415813936,Sony Chair,Home,Sony,7321,8711.91,9147.51,18,Black,S,6,4.2,3693,Active
4617,SKU004617,634191269417,Apple Smart Watch,Electronics,Apple,765,924.21,970.42,18,White,NA,4,3.8,1833,Active
4618,SKU004618,653234929674,IKEA Storage Box,Home,IKEA,8163,11335.16,11901.92,18,White,S,23,4.0,2924,Active
4619,SKU004619,645769808046,LG Chair,Home,LG,709,948.06,995.46,18,Black,NA,23,4.8,1688,Discontinued
4620,SKU004620,430368730011,Sony Headphones,Electronics,Sony,23031,29717.17,31203.03,18,Blue,M,20,4.6,1501,Discontinued
4621,SKU004621,460384785209,Puma Jeans,Fashion,Puma,43992,56701.69,59536.77,12,Black,M,2,4.1,4319,Discontinued
4622,SKU004622,053166347018,Apple Smart Watch,Electronics,Apple,13521,18372.51,19291.14,18,White,XL,3,3.9,422,Discontinued
4623,SKU004623,999995429782,Samsung Smart Watch,Electronics,Samsung,42836,58183.79,61092.98,18,Red,L,3,3.8,3620,Active
4624,SKU004624,493737425990,IKEA Storage Box,Home,IKEA,11230,14787.44,15526.81,18,Blue,XL,7,4.6,3219,Discontinued
4625,SKU004625,026010143590,Amul Butter,Groceries,Amul,13551,16042.12,16844.23,5,Red,NA,22,3.6,2481,Active
4626,SKU004626,651113762268,IKEA Table,Home,IKEA,25052,28874.84,30318.58,18,Blue,L,9,4.2,987,Discontinued
4627,SKU004627,665957210835,Nike T-Shirt,Fashion,Nike,11163,13329.84,13996.33,12,Red,XL,13,3.8,4721,Active
4628,SKU004628,261032364495,IKEA Cookware,Home,IKEA,40159,48071.76,50475.35,18,Blue,L,6,4.7,4022,Active
4629,SKU004629,604824857389,Apple Headphones,Electronics,Apple,20293,25538.82,26815.76,18,White,XL,22,4.4,3756,Discontinued
4630,SKU004630,701736829845,Puma T-Shirt,Fashion,Puma,33961,41821.9,43913.0,12,White,XL,18,3.5,4583,Active
4631,SKU004631,466844349060,Samsung Laptop,Electronics,Samsung,30830,42365.61,44483.89,18,Red,L,22,4.4,2556,Discontinued
4632,SKU004632,423634100715,Adidas T-Shirt,Fashion,Adidas,2655,3145.96,3303.26,12,Blue,NA,7,4.6,586,Discontinued
4633,SKU004633,738472629705,Amul Milk,Groceries,Amul,41140,51304.62,53869.85,5,White,M,6,4.0,3153,Active
4634,SKU004634,156081460521,Adidas Jacket,Fashion,Adidas,24554,32196.85,33806.69,12,Black,NA,9,3.9,3471,Active
4635,SKU004635,797716653257,Sony Cookware,Home,Sony,17168,21233.8,22295.49,18,White,XL,0,3.8,1214,Discontinued
4636,SKU004636,569861921676,Amul Butter,Groceries,Amul,9953,12867.84,13511.23,5,Red,M,0,3.8,4560,Discontinued
4637,SKU004637,574992443728,Adidas Jacket,Fashion,Adidas,21789,24165.36,25373.63,12,Red,M,13,3.9,63,Active
4638,SKU004638,283640291147,Adidas T-Shirt,Fashion,Adidas,45669,51364.78,53933.02,12,Black,NA,9,4.1,1457,Active
4639,SKU004639,943421051370,Amul Butter,Groceries,Amul,16731,20557.61,21585.49,5,Red,S,20,4.4,4652,Active
4640,SKU004640,502274891576,IKEA Cookware,Home,IKEA,34617,47076.82,49430.66,18,Blue,NA,17,4.5,4676,Discontinued
4641,SKU004641,409296686072,Britannia Cookies,Groceries,Britannia,21605,24764.22,26002.43,5,Blue,L,10,3.6,873,Discontinued
4642,SKU004642,422536624050,Britannia Cookies,Groceries,Britannia,23298,27670.93,29054.48,5,Red,NA,4,3.8,3015,Discontinued
4643,SKU004643,942653384176,Nike Jeans,Fashion,Nike,16170,19514.58,20490.31,12,Black,S,9,4.7,3321,Active
4644,SKU004644,186560693675,Adidas Shoes,Fashion,Adidas,25765,33257.08,34919.93,12,White,NA,14,4.6,1482,Active
4645,SKU004645,145428329271,LG Smart Watch,Electronics,LG,11825,14794.44,15534.16,18,Blue,S,0,4.3,4752,Discontinued
4646,SKU004646,472869977726,Amul Butter,Groceries,Amul,4758,6423.79,6744.98,5,Red,XL,9,4.3,2330,Discontinued
4647,SKU004647,633495188635,Sony Laptop,Electronics,Sony,37763,42979.73,45128.72,18,Blue,M,20,4.6,1420,Active
4648,SKU004648,224462607487,Sony Cookware,Home,Sony,21145,24990.45,26239.97,18,White,L,4,3.8,380,Discontinued
4649,SKU004649,359510989561,Sony Storage Box,Home,Sony,42580,53798.6,56488.53,18,Red,L,2,3.8,3791,Discontinued
4650,SKU004650,362917549258,Samsung Laptop,Electronics,Samsung,44067,56182.73,58991.87,18,White,XL,5,3.6,1253,Discontinued
4651,SKU004651,155934935813,Britannia Tea,Groceries,Britannia,14464,19140.73,20097.77,5,White,S,14,3.6,3651,Active
4652,SKU004652,813260249004,Britannia Cookies,Groceries,Britannia,23809,28431.18,29852.74,5,Red,NA,13,4.0,4022,Discontinued
4653,SKU004653,066589729457,Sony Headphones,Electronics,Sony,12920,15998.82,16798.76,18,Blue,L,8,3.9,3354,Active
4654,SKU004654,286068037341,Sony Chair,Home,Sony,19941,23863.17,25056.33,18,Blue,XL,6,3.5,1984,Active
4655,SKU004655,173084605541,Amul Cookies,Groceries,Amul,25569,35779.89,37568.88,5,White,M,19,4.5,2050,Active
4656,SKU004656,572428723156,Adidas T-Shirt,Fashion,Adidas,542,757.57,795.45,12,Black,M,20,4.6,151,Discontinued
4657,SKU004657,685005462457,Nike Shoes,Fashion,Nike,46288,51173.23,53731.89,12,Black,L,23,4.8,4403,Discontinued
4658,SKU004658,912487779818,Nike Shoes,Fashion,Nike,22243,30787.0,32326.35,12,Black,NA,18,4.2,1659,Active
4659,SKU004659,861640011113,Amul Milk,Groceries,Amul,7826,8921.48,9367.55,5,White,S,4,3.7,304,Active
4660,SKU004660,501262378759,Britannia Butter,Groceries,Britannia,14019,15476.5,16250.33,5,Red,NA,14,4.9,3698,Discontinued
4661,SKU004661,342952788959,LG Smart Watch,Electronics,LG,16953,19194.75,20154.49,18,Blue,S,18,3.7,2404,Active
4662,SKU004662,290543375896,Puma T-Shirt,Fashion,Puma,13955,16703.81,17539.0,12,Blue,S,2,4.9,3010,Active
4663,SKU004663,133486818745,Apple Smartphone,Electronics,Apple,16288,19433.51,20405.19,18,Blue,M,22,4.3,1457,Discontinued
4664,SKU004664,771966939364,Samsung Smart Watch,Electronics,Samsung,6103,7978.73,8377.67,18,White,L,8,4.0,1732,Discontinued
4665,SKU004665,198408195436,LG Headphones,Electronics,LG,15071,18612.19,19542.8,18,Red,M,21,4.1,3825,Active
4666,SKU004666,182400056851,IKEA Storage Box,Home,IKEA,49332,58262.67,61175.8,18,White,S,17,3.9,2581,Discontinued
4667,SKU004667,579699516117,Puma T-Shirt,Fashion,Puma,787,1005.65,1055.93,12,Black,L,2,4.4,3586,Discontinued
4668,SKU004668,171952647013,Sony Smartphone,Electronics,Sony,1054,1280.68,1344.71,18,White,L,24,4.3,816,Active
4669,SKU004669,806917938392,Samsung Headphones,Electronics,Samsung,32195,41078.1,43132.0,18,Black,XL,12,4.4,2063,Discontinued
4670,SKU004670,857899395710,Samsung Headphones,Electronics,Samsung,47948,57411.93,60282.53,18,Black,S,14,4.4,2021,Active
4671,SKU004671,530528597126,Nike Jeans,Fashion,Nike,10599,12672.77,13306.41,12,Blue,S,12,4.6,1955,Discontinued
4672,SKU004672,854524752427,Puma Shoes,Fashion,Puma,17280,19963.43,20961.6,12,Red,M,20,4.8,793,Discontinued
4673,SKU004673,325970761982,Amul Tea,Groceries,Amul,29268,36380.71,38199.75,5,Blue,XL,17,4.3,4345,Active
4674,SKU004674,263187169814,Sony Cookware,Home,Sony,34655,42928.28,45074.69,18,Black,S,5,3.6,841,Discontinued
4675,SKU004675,960485975124,Adidas Shoes,Fashion,Adidas,21419,29708.54,31193.97,12,Blue,L,13,4.7,4260,Active
4676,SKU004676,696287077865,LG Chair,Home,LG,37874,48586.36,51015.68,18,White,M,8,4.8,646,Active
4677,SKU004677,468880696472,Amul Cookies,Groceries,Amul,13625,16537.13,17363.99,5,Red,M,5,3.6,1457,Discontinued
4678,SKU004678,913654541050,LG Table,Home,LG,41667,46339.86,48656.85,18,Black,M,13,4.5,1529,Active
4679,SKU004679,268480369868,Apple Laptop,Electronics,Apple,28727,32108.83,33714.27,18,Black,M,7,3.6,1434,Active
4680,SKU004680,554706910249,Adidas T-Shirt,Fashion,Adidas,14148,16368.1,17186.51,12,Black,XL,17,4.5,3762,Discontinued
4681,SKU004681,648907371884,Amul Butter,Groceries,Amul,18118,21469.54,22543.02,5,White,M,5,4.6,2371,Discontinued
4682,SKU004682,127741155926,Sony Laptop,Electronics,Sony,26080,30995.54,32545.32,18,Red,NA,20,3.8,2510,Active
4683,SKU004683,402538443836,Amul Milk,Groceries,Amul,21134,28099.28,29504.24,5,Red,NA,4,4.2,4828,Active
4684,SKU004684,487098859700,Nike T-Shirt,Fashion,Nike,12508,16666.09,17499.39,12,Blue,M,4,4.2,3556,Discontinued
4685,SKU004685,013584921330,IKEA Table,Home,IKEA,18799,23363.26,24531.42,18,Red,S,7,5.0,2242,Discontinued
4686,SKU004686,691596982949,LG Cookware,Home,LG,24875,29921.42,31417.49,18,Black,NA,5,4.8,2415,Discontinued
4687,SKU004687,510327533123,Amul Tea,Groceries,Amul,45183,62383.75,65502.94,5,Blue,M,24,4.4,1123,Active
4688,SKU004688,781506553025,Nike Shoes,Fashion,Nike,18302,25201.11,26461.17,12,White,XL,9,4.5,2819,Active
4689,SKU004689,170944393400,Adidas T-Shirt,Fashion,Adidas,19925,23785.93,24975.23,12,Black,XL,7,4.6,4143,Discontinued
4690,SKU004690,623428834657,Sony Cookware,Home,Sony,18308,24941.65,26188.73,18,Black,NA,3,4.8,2593,Discontinued
4691,SKU004691,007825280287,Amul Butter,Groceries,Amul,23763,26767.19,28105.55,5,Black,S,23,4.8,4752,Active
4692,SKU004692,541315998132,Amul Tea,Groceries,Amul,26066,35743.06,37530.21,5,Black,L,14,4.4,4577,Discontinued
4693,SKU004693,942145213167,IKEA Table,Home,IKEA,19518,23655.03,24837.78,18,Blue,L,4,3.8,1471,Discontinued
4694,SKU004694,287263820812,Britannia Cookies,Groceries,Britannia,6722,8819.83,9260.82,5,Red,XL,17,4.9,2342,Active
4695,SKU004695,860487682480,Adidas Shoes,Fashion,Adidas,44145,51892.27,54486.88,12,Red,S,7,4.5,2305,Active
4696,SKU004696,252222805114,Nike Shoes,Fashion,Nike,13972,19140.63,20097.66,12,Red,M,8,3.8,3868,Discontinued
4697,SKU004697,946333194553,Amul Butter,Groceries,Amul,2002,2291.53,2406.11,5,White,M,22,4.3,1964,Discontinued
4698,SKU004698,921652221749,Samsung Headphones,Electronics,Samsung,12522,15745.75,16533.04,18,White,NA,0,4.4,1259,Discontinued
4699,SKU004699,250026962075,LG Table,Home,LG,49054,66450.35,69772.87,18,Blue,XL,6,4.7,3750,Discontinued
4700,SKU004700,059863676421,LG Table,Home,LG,10526,11890.27,12484.78,18,Blue,M,18,4.7,4139,Discontinued
4701,SKU004701,490160577434,IKEA Storage Box,Home,IKEA,44182,55928.44,58724.86,18,White,M,5,3.8,3372,Discontinued
4702,SKU004702,935882001030,LG Smartphone,Electronics,LG,5893,7647.59,8029.97,18,Blue,NA,24,4.5,4304,Discontinued
4703,SKU004703,853250627308,Amul Butter,Groceries,Amul,17102,20346.0,21363.3,5,Blue,XL,13,4.6,1602,Active
4704,SKU004704,747209158165,LG Chair,Home,LG,40528,51837.26,54429.12,18,Red,XL,7,4.3,2616,Discontinued
4705,SKU004705,469451798802,Adidas T-Shirt,Fashion,Adidas,5283,6896.75,7241.59,12,White,M,19,4.3,3873,Active
4706,SKU004706,235300179204,Puma Jacket,Fashion,Puma,17843,21127.84,22184.23,12,White,M,21,4.8,4702,Discontinued
4707,SKU004707,276826047318,Amul Butter,Groceries,Amul,38803,49133.96,51590.66,5,Black,M,19,4.2,3108,Discontinued
4708,SKU004708,630240054650,Sony Storage Box,Home,Sony,21212,28622.7,30053.84,18,Red,S,3,3.6,1634,Discontinued
4709,SKU004709,531987761532,Sony Table,Home,Sony,38595,48125.72,50532.01,18,Black,M,22,4.1,2409,Active
4710,SKU004710,538737379694,IKEA Table,Home,IKEA,36693,48018.97,50419.92,18,White,L,20,4.8,2101,Active
4711,SKU004711,387344526443,LG Smart Watch,Electronics,LG,31513,38269.23,40182.69,18,Blue,XL,16,4.2,2682,Active
4712,SKU004712,337709021810,Adidas Jacket,Fashion,Adidas,21333,27479.25,28853.21,12,Black,S,11,5.0,40,Discontinued
4713,SKU004713,931373193369,Nike Jacket,Fashion,Nike,5719,7658.34,8041.26,12,White,M,12,4.3,2070,Active
4714,SKU004714,773651360379,Britannia Cookies,Groceries,Britannia,36806,44587.23,46816.59,5,Black,XL,3,4.7,3597,Discontinued
4715,SKU004715,420012757876,Puma Shoes,Fashion,Puma,38882,53403.09,56073.24,12,Blue,NA,23,4.2,3105,Discontinued
4716,SKU004716,879231965903,Apple Smart Watch,Electronics,Apple,16703,19514.8,20490.54,18,White,XL,12,4.1,1273,Discontinued
4717,SKU004717,700298015585,Britannia Milk,Groceries,Britannia,38526,42743.31,44880.48,5,Red,NA,14,3.8,4574,Active
4718,SKU004718,917776606954,Apple Smart Watch,Electronics,Apple,28105,38125.06,40031.31,18,Blue,M,20,4.5,1455,Active
4719,SKU004719,882667737859,Britannia Butter,Groceries,Britannia,10853,14775.37,15514.14,5,Red,L,21,4.3,343,Discontinued
4720,SKU004720,396428216273,Apple Smart Watch,Electronics,Apple,38912,53466.13,56139.44,18,White,S,3,4.0,1357,Active
4721,SKU004721,986692350355,Apple Smartphone,Electronics,Apple,16420,18194.46,19104.18,18,White,S,0,3.6,3907,Discontinued
4722,SKU004722,006199485672,Amul Milk,Groceries,Amul,563,659.54,692.52,5,Blue,M,0,3.6,3813,Discontinued
4723,SKU004723,016872724359,Adidas Jacket,Fashion,Adidas,38213,43247.56,45409.94,12,Red,XL,12,3.6,2816,Active
4724,SKU004724,734458258822,Britannia Cookies,Groceries,Britannia,7875,10286.25,10800.56,5,Red,S,7,3.6,3078,Active
4725,SKU004725,050132590318,Apple Headphones,Electronics,Apple,10585,12190.06,12799.56,18,Black,M,16,3.7,4881,Active
4726,SKU004726,677925585010,Puma T-Shirt,Fashion,Puma,3071,4173.66,4382.34,12,Black,NA,18,3.8,4801,Discontinued
4727,SKU004727,675825417446,Puma Jeans,Fashion,Puma,45719,51832.07,54423.67,12,Black,S,15,4.2,122,Active
4728,SKU004728,713893227390,LG Cookware,Home,LG,994,1241.76,1303.85,18,Black,NA,3,3.8,1651,Active
4729,SKU004729,377106705859,Amul Milk,Groceries,Amul,40856,54214.61,56925.34,5,Black,S,5,3.7,1868,Discontinued
4730,SKU004730,822219216692,Amul Butter,Groceries,Amul,44480,50840.46,53382.48,5,Black,S,20,3.7,4874,Discontinued
4731,SKU004731,082245534858,LG Table,Home,LG,37973,44080.41,46284.43,18,Black,XL,23,4.0,2651,Active
4732,SKU004732,676281834940,Apple Smartphone,Electronics,Apple,21911,26334.33,27651.05,18,Black,XL,6,4.1,4027,Discontinued
4733,SKU004733,280495366811,Adidas Shoes,Fashion,Adidas,13516,18154.07,19061.77,12,Black,S,11,4.2,2690,Discontinued
4734,SKU004734,291632175624,Adidas Jeans,Fashion,Adidas,46661,55822.9,58614.05,12,White,S,23,4.7,4483,Active
4735,SKU004735,989251486933,Britannia Cookies,Groceries,Britannia,42875,59776.01,62764.81,5,Blue,XL,20,3.9,3137,Active
4736,SKU004736,341406835412,Samsung Headphones,Electronics,Samsung,48251,60795.19,63834.95,18,White,XL,0,3.7,4836,Active
4737,SKU004737,102769116937,Nike Jeans,Fashion,Nike,5247,7275.33,7639.1,12,Blue,NA,5,3.8,4398,Discontinued
4738,SKU004738,418745026995,Britannia Tea,Groceries,Britannia,14996,16535.31,17362.08,5,Red,L,13,4.5,2375,Active
4739,SKU004739,068053750689,Britannia Tea,Groceries,Britannia,8707,11564.04,12142.24,5,Red,M,13,3.6,1507,Discontinued
4740,SKU004740,640776612952,IKEA Cookware,Home,IKEA,28361,35613.89,37394.58,18,Blue,S,16,5.0,2927,Active
4741,SKU004741,306031623716,IKEA Chair,Home,IKEA,48269,66875.51,70219.29,18,Blue,M,0,4.2,4130,Discontinued
4742,SKU004742,761160884121,Samsung Laptop,Electronics,Samsung,13480,17428.99,18300.44,18,Red,XL,19,4.4,1821,Active
4743,SKU004743,662159904708,Apple Headphones,Electronics,Apple,16692,21781.96,22871.06,18,White,M,15,3.6,1726,Active
4744,SKU004744,034482988719,IKEA Storage Box,Home,IKEA,13204,18386.73,19306.07,18,Blue,NA,2,3.8,3088,Active
4745,SKU004745,391445630251,Adidas Shoes,Fashion,Adidas,8261,11546.34,12123.66,12,White,M,22,4.1,2673,Active
4746,SKU004746,216366101224,Apple Smart Watch,Electronics,Apple,5928,7608.54,7988.97,18,Blue,M,8,3.7,157,Discontinued
4747,SKU004747,824343960802,Samsung Smart Watch,Electronics,Samsung,48324,59523.22,62499.38,18,Black,S,22,3.8,1708,Discontinued
4748,SKU004748,758131846451,Samsung Smart Watch,Electronics,Samsung,7409,9092.28,9546.89,18,Black,S,16,4.5,2867,Active
4749,SKU004749,902349708425,Britannia Butter,Groceries,Britannia,47912,62828.47,65969.89,5,Red,M,14,4.5,3016,Discontinued
4750,SKU004750,218775251009,Nike Shoes,Fashion,Nike,16008,18723.46,19659.63,12,Black,S,8,3.9,2221,Discontinued
4751,SKU004751,679803163775,Amul Butter,Groceries,Amul,42690,57862.74,60755.88,5,White,M,16,4.3,776,Active
4752,SKU004752,999054054154,Britannia Milk,Groceries,Britannia,17353,22057.09,23159.94,5,Red,M,11,4.9,2678,Active
4753,SKU004753,154249708177,Nike Shoes,Fashion,Nike,26130,29666.79,31150.13,12,Red,L,6,4.7,1265,Discontinued
4754,SKU004754,598834176039,IKEA Cookware,Home,IKEA,35109,42444.91,44567.16,18,Red,M,3,4.4,1320,Discontinued
4755,SKU004755,342786643847,Sony Smartphone,Electronics,Sony,45251,61339.41,64406.38,18,Black,L,8,4.3,3658,Discontinued
4756,SKU004756,332255022043,Britannia Cookies,Groceries,Britannia,13966,16214.72,17025.46,5,Black,NA,14,3.5,2086,Active
4757,SKU004757,287792563943,Samsung Laptop,Electronics,Samsung,18280,21589.91,22669.41,18,White,S,3,3.8,315,Active
4758,SKU004758,189175695864,Amul Tea,Groceries,Amul,2907,3915.89,4111.68,5,White,NA,16,4.1,4139,Discontinued
4759,SKU004759,378197724822,Amul Butter,Groceries,Amul,44539,62095.33,65200.1,5,Red,L,0,5.0,883,Discontinued
4760,SKU004760,843634670780,Samsung Headphones,Electronics,Samsung,10879,13170.34,13828.86,18,Black,M,6,4.4,3810,Active
4761,SKU004761,028987866765,LG Chair,Home,LG,20459,26127.12,27433.48,18,Blue,L,6,4.9,3213,Discontinued
4762,SKU004762,544715124647,LG Laptop,Electronics,LG,34336,47181.07,49540.12,18,Red,NA,11,4.5,2009,Active
4763,SKU004763,660981517835,Sony Laptop,Electronics,Sony,177,208.05,218.45,18,Red,L,1,4.8,4363,Active
4764,SKU004764,293485925334,Amul Tea,Groceries,Amul,25003,31533.93,33110.63,5,Red,S,13,4.2,1502,Discontinued
4765,SKU004765,597114582043,LG Table,Home,LG,19762,27621.02,29002.07,18,Blue,L,21,4.5,1862,Discontinued
4766,SKU004766,310600201985,Sony Smartphone,Electronics,Sony,36409,49494.78,51969.52,18,White,XL,16,4.8,1565,Active
4767,SKU004767,961584509738,Amul Milk,Groceries,Amul,11252,13610.4,14290.92,5,Black,S,18,4.4,3782,Discontinued
4768,SKU004768,841983005502,Puma Jeans,Fashion,Puma,14016,18078.41,18982.33,12,Black,NA,9,4.2,958,Discontinued
4769,SKU004769,227180643454,Samsung Laptop,Electronics,Samsung,20954,26052.21,27354.82,18,Black,L,18,4.2,1238,Discontinued
4770,SKU004770,991079512840,IKEA Table,Home,IKEA,40628,51266.6,53829.93,18,Blue,XL,3,4.7,384,Discontinued
4771,SKU004771,916782696494,Nike Jeans,Fashion,Nike,17557,23834.99,25026.74,12,Blue,S,5,4.7,4443,Discontinued
4772,SKU004772,894148862067,Nike Shoes,Fashion,Nike,33241,42546.08,44673.38,12,Blue,L,16,4.4,293,Discontinued
4773,SKU004773,130088771460,Amul Tea,Groceries,Amul,44041,53487.69,56162.07,5,Black,L,24,4.3,151,Active
4774,SKU004774,760472381160,Sony Cookware,Home,Sony,49086,67584.99,70964.24,18,Blue,S,23,4.7,4336,Active
4775,SKU004775,060106217969,Sony Table,Home,Sony,36804,47495.49,49870.26,18,White,M,24,3.6,1260,Discontinued
4776,SKU004776,019426625712,Puma Shoes,Fashion,Puma,34976,42741.2,44878.26,12,Black,M,22,3.7,3352,Discontinued
4777,SKU004777,395914551848,Sony Chair,Home,Sony,28476,34620.82,36351.86,18,White,NA,6,4.2,3694,Active
4778,SKU004778,048650657171,Amul Tea,Groceries,Amul,16228,18127.54,19033.92,5,Red,S,13,4.3,3517,Active
4779,SKU004779,912221012120,Puma Jeans,Fashion,Puma,29974,35572.85,37351.49,12,White,NA,8,4.8,2700,Active
4780,SKU004780,426548371220,Britannia Cookies,Groceries,Britannia,49454,67873.06,71266.71,5,Black,NA,5,4.8,1747,Active
4781,SKU004781,521683262451,Nike T-Shirt,Fashion,Nike,19550,25081.42,26335.49,12,Black,M,1,5.0,903,Active
4782,SKU004782,820343271629,Sony Smartphone,Electronics,Sony,15471,19252.19,20214.8,18,Blue,NA,22,5.0,2689,Discontinued
4783,SKU004783,149068165528,Amul Milk,Groceries,Amul,36072,41671.2,43754.76,5,Red,NA,1,4.1,4574,Active
4784,SKU004784,336208640517,Amul Tea,Groceries,Amul,34746,44505.36,46730.63,5,Blue,S,18,4.3,2937,Discontinued
4785,SKU004785,392287053173,IKEA Table,Home,IKEA,19202,26685.97,28020.27,18,Red,L,7,4.3,3507,Active
4786,SKU004786,609659055005,Amul Butter,Groceries,Amul,47245,59601.12,62581.18,5,White,S,7,4.1,2463,Active
4787,SKU004787,725411250434,Puma Jacket,Fashion,Puma,6660,7330.66,7697.19,12,White,L,10,4.4,3935,Active
4788,SKU004788,090099662840,Puma Jeans,Fashion,Puma,31265,38727.81,40664.2,12,White,S,3,4.2,3511,Discontinued
4789,SKU004789,422198592541,LG Chair,Home,LG,13960,15671.09,16454.64,18,Blue,NA,23,4.0,4045,Discontinued
4790,SKU004790,378608288437,Sony Chair,Home,Sony,44273,59096.5,62051.33,18,Blue,M,5,3.7,4856,Active
4791,SKU004791,801206913038,Britannia Milk,Groceries,Britannia,13605,18415.62,19336.4,5,White,NA,5,4.5,3070,Discontinued
4792,SKU004792,896308657481,Puma Jacket,Fashion,Puma,15626,19987.54,20986.92,12,Blue,L,13,4.7,991,Active
4793,SKU004793,204765039429,LG Smartphone,Electronics,LG,46629,60924.89,63971.13,18,White,S,23,4.3,4300,Discontinued
4794,SKU004794,803632164719,Amul Butter,Groceries,Amul,33730,46626.61,48957.94,5,Red,S,8,3.6,1567,Active
4795,SKU004795,970613377192,IKEA Cookware,Home,IKEA,42325,54776.6,57515.43,18,Black,L,21,4.0,2004,Active
4796,SKU004796,853005713222,Britannia Butter,Groceries,Britannia,39573,54162.12,56870.23,5,Red,M,20,4.2,3003,Discontinued
4797,SKU004797,066130654839,Puma Jeans,Fashion,Puma,39294,49640.9,52122.95,12,Red,S,5,3.9,1384,Discontinued
4798,SKU004798,586427061951,Apple Headphones,Electronics,Apple,5517,6741.54,7078.62,18,Red,S,15,4.2,2601,Discontinued
4799,SKU004799,189151414049,Adidas Shoes,Fashion,Adidas,38796,48298.15,50713.06,12,White,L,23,4.2,1481,Discontinued
4800,SKU004800,333998452961,Sony Chair,Home,Sony,12170,16621.67,17452.75,18,Red,S,8,3.7,950,Discontinued
4801,SKU004801,924912191723,Nike Jeans,Fashion,Nike,33522,43835.97,46027.77,12,Red,XL,0,4.5,1830,Discontinued
4802,SKU004802,495114859958,LG Smart Watch,Electronics,LG,48103,57132.53,59989.16,18,Black,NA,12,4.6,4311,Discontinued
4803,SKU004803,429189909218,Amul Butter,Groceries,Amul,19309,21926.13,23022.44,5,Red,NA,13,4.0,2573,Discontinued
4804,SKU004804,013072200234,Amul Cookies,Groceries,Amul,267,296.47,311.29,5,Blue,M,16,4.2,2081,Discontinued
4805,SKU004805,912367407322,LG Cookware,Home,LG,23231,28192.49,29602.11,18,White,M,20,4.8,4738,Active
4806,SKU004806,597990066468,Britannia Butter,Groceries,Britannia,23961,28307.44,29722.81,5,White,M,9,4.6,4780,Active
4807,SKU004807,506169355443,LG Smartphone,Electronics,LG,9158,12493.99,13118.69,18,Black,NA,9,4.6,4460,Active
4808,SKU004808,783559891431,IKEA Cookware,Home,IKEA,20904,25496.23,26771.04,18,Black,L,0,3.6,2078,Active
4809,SKU004809,051326137149,Apple Headphones,Electronics,Apple,3732,4388.65,4608.08,18,Blue,L,12,4.8,1215,Discontinued
4810,SKU004810,014964215689,LG Table,Home,LG,23387,30540.52,32067.55,18,Red,S,3,4.7,1604,Active
4811,SKU004811,791933575785,Nike Shoes,Fashion,Nike,4539,5639.34,5921.31,12,Blue,M,5,3.9,4161,Active
4812,SKU004812,834371965922,Amul Butter,Groceries,Amul,24209,30816.49,32357.31,5,White,XL,1,4.5,605,Discontinued
4813,SKU004813,735433414323,Apple Smart Watch,Electronics,Apple,6439,8807.36,9247.73,18,Blue,NA,12,4.9,3376,Active
4814,SKU004814,912471250855,Nike T-Shirt,Fashion,Nike,11463,12992.12,13641.73,12,Red,L,20,3.9,2238,Active
4815,SKU004815,984723128792,Puma Jacket,Fashion,Puma,40340,45470.58,47744.11,12,Black,M,14,4.8,929,Active
4816,SKU004816,615789081205,Samsung Smart Watch,Electronics,Samsung,12184,17011.63,17862.21,18,Blue,L,19,3.9,4959,Discontinued
4817,SKU004817,777984153091,Britannia Tea,Groceries,Britannia,20859,26352.66,27670.29,5,Red,M,10,4.2,3376,Discontinued
4818,SKU004818,180113501825,Amul Cookies,Groceries,Amul,18856,21345.93,22413.23,5,Blue,S,14,4.4,3721,Discontinued
4819,SKU004819,648368729611,LG Cookware,Home,LG,14921,18870.56,19814.09,18,Red,XL,5,4.1,2499,Active
4820,SKU004820,433853934516,Apple Smart Watch,Electronics,Apple,9303,10984.55,11533.78,18,White,S,23,4.5,268,Discontinued
4821,SKU004821,557887241545,Adidas Shoes,Fashion,Adidas,16839,22453.15,23575.81,12,Blue,L,24,4.0,2187,Active
4822,SKU004822,018323713873,Samsung Headphones,Electronics,Samsung,30588,36425.41,38246.68,18,Red,M,6,4.1,4907,Discontinued
4823,SKU004823,068720646748,Sony Headphones,Electronics,Sony,16907,20954.71,22002.45,18,Blue,L,5,4.8,857,Discontinued
4824,SKU004824,023362676706,Nike Jeans,Fashion,Nike,4185,4784.26,5023.47,12,Red,L,8,3.7,2600,Active
4825,SKU004825,629265698797,Adidas Jeans,Fashion,Adidas,18096,22758.47,23896.39,12,White,L,11,4.4,620,Discontinued
4826,SKU004826,325455923836,Nike T-Shirt,Fashion,Nike,34651,41466.55,43539.88,12,Red,NA,7,3.8,2238,Discontinued
4827,SKU004827,355056628771,LG Smart Watch,Electronics,LG,22018,30821.02,32362.07,18,White,M,15,4.6,1838,Discontinued
4828,SKU004828,416761234997,Samsung Smart Watch,Electronics,Samsung,47815,66243.42,69555.59,18,White,S,10,4.6,4224,Discontinued
4829,SKU004829,904152319069,Sony Laptop,Electronics,Sony,22903,29901.86,31396.95,18,Black,L,5,4.6,1641,Discontinued
4830,SKU004830,244652133175,Apple Laptop,Electronics,Apple,20146,27984.85,29384.09,18,Black,S,8,4.7,4625,Discontinued
4831,SKU004831,160315902866,Nike Shoes,Fashion,Nike,46332,63026.69,66178.02,12,Blue,L,18,4.6,1246,Active
4832,SKU004832,311283666738,Amul Milk,Groceries,Amul,11786,14342.08,15059.18,5,Red,M,13,4.2,4485,Active
4833,SKU004833,813637062549,Apple Smart Watch,Electronics,Apple,13348,16904.77,17750.01,18,Red,NA,11,3.6,327,Discontinued
4834,SKU004834,244565793673,Puma Jacket,Fashion,Puma,5684,7135.76,7492.55,12,Red,M,9,4.1,4677,Active
4835,SKU004835,883864034112,Adidas Jacket,Fashion,Adidas,15636,21395.11,22464.87,12,White,NA,17,3.8,2950,Active
4836,SKU004836,353822342960,Britannia Cookies,Groceries,Britannia,13778,16376.69,17195.52,5,White,M,16,4.0,1761,Discontinued
4837,SKU004837,921759288814,Adidas Shoes,Fashion,Adidas,39371,46266.12,48579.43,12,Red,S,13,3.6,1318,Discontinued
4838,SKU004838,458459323293,Amul Milk,Groceries,Amul,32762,38862.33,40805.45,5,Blue,S,17,4.6,1999,Discontinued
4839,SKU004839,343262322059,Puma Jeans,Fashion,Puma,45278,51126.76,53683.1,12,Red,S,3,4.4,4857,Discontinued
4840,SKU004840,547023556800,Britannia Cookies,Groceries,Britannia,31241,36762.08,38600.18,5,White,S,11,4.7,3297,Discontinued
4841,SKU004841,394798714906,Apple Laptop,Electronics,Apple,43912,52634.34,55266.06,18,White,NA,3,4.8,1876,Active
4842,SKU004842,955688144802,LG Smart Watch,Electronics,LG,13753,15786.9,16576.24,18,Blue,NA,4,3.7,501,Active
4843,SKU004843,332130897256,LG Smartphone,Electronics,LG,41308,55660.97,58444.02,18,White,S,13,4.5,1173,Discontinued
4844,SKU004844,323856891472,Puma Shoes,Fashion,Puma,7270,8415.87,8836.66,12,Black,NA,10,4.8,4878,Active
4845,SKU004845,798898394640,LG Storage Box,Home,LG,40568,47226.74,49588.08,18,Blue,S,13,4.8,2379,Discontinued
4846,SKU004846,088596546495,Nike T-Shirt,Fashion,Nike,1323,1574.98,1653.73,12,Black,S,3,4.0,1050,Active
4847,SKU004847,848409215626,Nike Jacket,Fashion,Nike,26872,31250.27,32812.78,12,Red,M,4,4.0,1071,Active
4848,SKU004848,645512435427,LG Cookware,Home,LG,29823,38921.6,40867.68,18,White,M,5,4.0,2338,Discontinued
4849,SKU004849,215633886293,Adidas Shoes,Fashion,Adidas,15484,19975.09,20973.84,12,Black,S,21,4.2,1296,Active
4850,SKU004850,207374157794,Nike Shoes,Fashion,Nike,46209,56470.04,59293.54,12,Black,NA,23,3.7,90,Discontinued
4851,SKU004851,221720803896,Amul Tea,Groceries,Amul,31163,36830.1,38671.61,5,Red,S,13,5.0,1472,Discontinued
4852,SKU004852,701063499925,Amul Butter,Groceries,Amul,34100,41374.78,43443.52,5,White,L,1,3.5,1867,Discontinued
4853,SKU004853,406867432630,Apple Laptop,Electronics,Apple,1135,1562.66,1640.79,18,Blue,NA,3,4.6,3538,Active
4854,SKU004854,964344458750,Adidas T-Shirt,Fashion,Adidas,28146,38725.1,40661.36,12,Blue,S,23,3.5,143,Discontinued
4855,SKU004855,182236411805,Puma Jeans,Fashion,Puma,31515,40154.75,42162.49,12,Blue,S,18,3.6,565,Discontinued
4856,SKU004856,744523260048,Britannia Tea,Groceries,Britannia,17716,23038.44,24190.36,5,White,NA,19,4.7,741,Discontinued
4857,SKU004857,810956927329,LG Storage Box,Home,LG,25144,33556.58,35234.41,18,Blue,M,10,4.5,1557,Active
4858,SKU004858,972872754854,Amul Tea,Groceries,Amul,45642,59913.76,62909.45,5,White,L,9,4.3,4240,Active
4859,SKU004859,746971830338,Nike Shoes,Fashion,Nike,42820,56016.64,58817.47,12,Black,M,17,4.5,1014,Discontinued
4860,SKU004860,050246962101,Adidas Jacket,Fashion,Adidas,6023,6926.44,7272.76,12,White,L,14,4.3,4456,Discontinued
4861,SKU004861,984730626897,LG Smartphone,Electronics,LG,2917,3308.59,3474.02,18,White,S,7,4.9,3771,Discontinued
4862,SKU004862,673180596044,IKEA Storage Box,Home,IKEA,6861,8667.29,9100.65,18,Blue,XL,18,4.9,2292,Discontinued
4863,SKU004863,375369180286,IKEA Chair,Home,IKEA,2823,3282.62,3446.75,18,Black,XL,17,4.5,1917,Discontinued
4864,SKU004864,441769813884,Britannia Butter,Groceries,Britannia,26451,31913.68,33509.36,5,Red,L,3,4.1,345,Discontinued
4865,SKU004865,742371049259,Britannia Milk,Groceries,Britannia,23853,29381.71,30850.8,5,Blue,S,24,3.8,3627,Discontinued
4866,SKU004866,493629542960,Apple Laptop,Electronics,Apple,14853,20572.92,21601.57,18,White,L,12,4.3,738,Active
4867,SKU004867,243787809346,IKEA Table,Home,IKEA,8019,9684.7,10168.94,18,Blue,S,4,3.8,3151,Discontinued
4868,SKU004868,285711076880,Nike Jacket,Fashion,Nike,19089,21315.57,22381.35,12,Blue,M,13,3.5,4962,Active
4869,SKU004869,262411711511,LG Laptop,Electronics,LG,6546,8019.79,8420.78,18,White,M,19,4.5,2905,Discontinued
4870,SKU004870,027718129555,IKEA Storage Box,Home,IKEA,31730,35278.63,37042.56,18,Black,XL,14,3.8,4080,Active
4871,SKU004871,564248836696,Puma Jeans,Fashion,Puma,39865,50795.97,53335.77,12,Blue,L,7,4.4,4363,Discontinued
4872,SKU004872,765153020802,Puma Jeans,Fashion,Puma,36097,43090.69,45245.22,12,Black,XL,11,3.8,2260,Active
4873,SKU004873,997809437464,LG Laptop,Electronics,LG,9477,10980.85,11529.89,18,White,L,3,4.1,4577,Active
4874,SKU004874,984888171267,Puma Shoes,Fashion,Puma,47344,64460.0,67683.0,12,Red,L,19,4.3,4017,Active
4875,SKU004875,567876194703,Samsung Smartphone,Electronics,Samsung,47203,58139.03,61045.98,18,White,XL,16,4.4,4063,Discontinued
4876,SKU004876,101835267587,Nike T-Shirt,Fashion,Nike,5076,6893.63,7238.31,12,White,XL,23,4.0,1895,Active
4877,SKU004877,263802678423,Sony Cookware,Home,Sony,32879,43176.8,45335.64,18,Red,S,13,3.9,197,Active
4878,SKU004878,777196387457,LG Headphones,Electronics,LG,36003,50092.16,52596.77,18,Black,NA,8,3.5,3903,Active
4879,SKU004879,133224860084,Britannia Tea,Groceries,Britannia,47580,65493.71,68768.4,5,White,M,24,4.4,1674,Discontinued
4880,SKU004880,861425673348,LG Chair,Home,LG,32988,40279.37,42293.34,18,Black,M,9,3.8,556,Active
4881,SKU004881,712431272259,Sony Laptop,Electronics,Sony,274,371.68,390.26,18,Black,XL,22,4.5,4467,Discontinued
4882,SKU004882,860146379850,Britannia Milk,Groceries,Britannia,5905,6573.21,6901.87,5,Black,S,13,4.2,3138,Active
4883,SKU004883,056854712141,Amul Cookies,Groceries,Amul,3288,4040.4,4242.42,5,Blue,NA,6,3.6,3033,Active
4884,SKU004884,331178520319,LG Smart Watch,Electronics,LG,44161,53702.06,56387.16,18,Black,M,19,4.8,366,Discontinued
4885,SKU004885,344676003383,Nike T-Shirt,Fashion,Nike,12600,13919.47,14615.44,12,Blue,M,10,4.0,2101,Active
4886,SKU004886,166941506843,LG Table,Home,LG,31495,38290.18,40204.69,18,White,L,19,3.9,1294,Active
4887,SKU004887,819058032624,Amul Cookies,Groceries,Amul,34714,41455.26,43528.02,5,Red,L,7,3.7,4712,Active
4888,SKU004888,071938493001,Nike Shoes,Fashion,Nike,25713,30009.29,31509.75,12,Blue,XL,19,4.9,4689,Discontinued
4889,SKU004889,118203551194,Apple Headphones,Electronics,Apple,283,355.69,373.47,18,Black,L,18,4.7,3946,Active
4890,SKU004890,378777882139,Apple Smartphone,Electronics,Apple,47946,61037.07,64088.92,18,Red,L,20,4.7,2789,Active
4891,SKU004891,432722487639,Amul Milk,Groceries,Amul,15796,19104.6,20059.83,5,Black,NA,10,4.7,4841,Discontinued
4892,SKU004892,713346122106,Nike Jacket,Fashion,Nike,1923,2141.09,2248.14,12,White,XL,20,4.9,2681,Discontinued
4893,SKU004893,859599901485,Apple Headphones,Electronics,Apple,4172,5661.04,5944.09,18,Red,XL,6,4.3,941,Active
4894,SKU004894,234959815478,Adidas Jeans,Fashion,Adidas,34391,43761.14,45949.2,12,White,M,22,4.4,3922,Active
4895,SKU004895,364986362415,Puma Jacket,Fashion,Puma,5428,6380.69,6699.72,12,White,S,7,3.6,671,Discontinued
4896,SKU004896,595516423429,Sony Laptop,Electronics,Sony,40115,54096.19,56801.0,18,Red,NA,10,3.9,670,Active
4897,SKU004897,046762062817,IKEA Cookware,Home,IKEA,7475,9488.93,9963.38,18,White,S,8,4.8,4665,Discontinued
4898,SKU004898,524212415489,Britannia Milk,Groceries,Britannia,22068,27569.35,28947.82,5,Red,S,1,4.6,974,Discontinued
4899,SKU004899,715038898917,Puma Jeans,Fashion,Puma,26835,32351.7,33969.29,12,Red,L,1,4.7,434,Discontinued
4900,SKU004900,508230260081,Sony Table,Home,Sony,44415,55548.32,58325.74,18,White,L,24,4.4,2628,Active
4901,SKU004901,699364878201,Apple Smartphone,Electronics,Apple,30595,41887.37,43981.74,18,Black,XL,23,3.7,3079,Discontinued
4902,SKU004902,541174236873,Sony Headphones,Electronics,Sony,30684,42816.81,44957.65,18,White,S,19,4.8,2738,Discontinued
4903,SKU004903,850257628919,Apple Smartphone,Electronics,Apple,48837,65554.47,68832.19,18,Red,XL,15,4.5,269,Active
4904,SKU004904,939447705071,LG Laptop,Electronics,LG,48814,57308.82,60174.26,18,Black,NA,14,4.2,705,Active
4905,SKU004905,393333183464,Nike Jeans,Fashion,Nike,17519,21465.95,22539.25,12,Red,XL,4,4.7,4752,Discontinued
4906,SKU004906,163717124548,Britannia Cookies,Groceries,Britannia,45001,50804.02,53344.22,5,Red,S,15,3.5,1693,Discontinued
4907,SKU004907,653102738619,LG Storage Box,Home,LG,21516,24234.57,25446.3,18,Blue,XL,16,4.1,3171,Discontinued
4908,SKU004908,840587935849,Nike Jeans,Fashion,Nike,48713,55026.27,57777.58,12,Red,XL,10,3.6,4386,Active
4909,SKU004909,677253528806,IKEA Chair,Home,IKEA,35766,47662.22,50045.33,18,Red,M,18,4.3,872,Active
4910,SKU004910,733318053791,Puma T-Shirt,Fashion,Puma,47014,62859.38,66002.35,12,White,M,10,3.8,946,Discontinued
4911,SKU004911,763360031072,Apple Laptop,Electronics,Apple,18622,21899.29,22994.25,18,White,XL,23,3.9,853,Discontinued
4912,SKU004912,723972749055,Apple Laptop,Electronics,Apple,12824,16130.91,16937.46,18,Red,L,10,4.1,332,Active
4913,SKU004913,354615154395,LG Table,Home,LG,29041,35581.83,37360.92,18,Red,XL,3,3.7,1794,Active
4914,SKU004914,793767363647,Puma T-Shirt,Fashion,Puma,33891,42587.61,44716.99,12,White,M,1,3.9,868,Discontinued
4915,SKU004915,914249565955,Samsung Smartphone,Electronics,Samsung,2794,3119.92,3275.92,18,Blue,XL,4,4.7,1958,Discontinued
4916,SKU004916,676987756452,Amul Tea,Groceries,Amul,20308,26244.04,27556.24,5,Black,XL,24,4.0,2649,Discontinued
4917,SKU004917,170473157118,Britannia Milk,Groceries,Britannia,12001,16570.54,17399.07,5,White,S,5,4.6,2705,Active
4918,SKU004918,371639572593,Amul Cookies,Groceries,Amul,32121,38233.28,40144.94,5,Red,L,13,3.8,1129,Active
4919,SKU004919,636383863892,Amul Milk,Groceries,Amul,12486,17037.73,17889.62,5,Red,NA,8,4.0,4266,Active
4920,SKU004920,637520508718,LG Smartphone,Electronics,LG,13386,16611.37,17441.94,18,Blue,NA,9,3.7,2741,Discontinued
4921,SKU004921,736349875430,Puma Shoes,Fashion,Puma,45293,53369.28,56037.74,12,White,L,13,4.5,4103,Active
4922,SKU004922,254064481600,Puma Jacket,Fashion,Puma,5342,5914.6,6210.33,12,Red,NA,20,4.7,84,Active
4923,SKU004923,653146150634,LG Smartphone,Electronics,LG,14126,16980.06,17829.06,18,Red,M,13,4.3,3061,Active
4924,SKU004924,359051077473,IKEA Chair,Home,IKEA,25721,30780.75,32319.79,18,Red,NA,19,4.9,3320,Discontinued
4925,SKU004925,005545655385,Puma Jacket,Fashion,Puma,11374,15447.08,16219.43,12,Red,L,0,4.5,3830,Discontinued
4926,SKU004926,678788689459,Amul Tea,Groceries,Amul,14327,15927.56,16723.94,5,Red,NA,22,4.2,1681,Discontinued
4927,SKU004927,978471672099,Britannia Cookies,Groceries,Britannia,38256,47180.3,49539.32,5,White,L,3,4.7,3592,Discontinued
4928,SKU004928,926354709589,Amul Tea,Groceries,Amul,5986,6780.48,7119.5,5,White,L,7,3.7,3583,Active
4929,SKU004929,124804364667,Apple Smartphone,Electronics,Apple,23345,30755.56,32293.34,18,Black,XL,2,3.8,4606,Discontinued
4930,SKU004930,131855626457,Nike T-Shirt,Fashion,Nike,36558,44354.02,46571.72,12,Red,NA,4,4.1,2660,Active
4931,SKU004931,561893331156,Puma Jacket,Fashion,Puma,4352,5615.95,5896.75,12,Blue,M,1,4.9,3069,Discontinued
4932,SKU004932,477891292031,Amul Cookies,Groceries,Amul,12712,14864.29,15607.5,5,Blue,XL,3,4.9,2298,Active
4933,SKU004933,103190750158,Puma Jeans,Fashion,Puma,31231,37042.24,38894.35,12,White,L,5,4.3,3835,Discontinued
4934,SKU004934,114250710841,Britannia Cookies,Groceries,Britannia,2323,2928.12,3074.53,5,Blue,S,4,4.8,4330,Active
4935,SKU004935,254918542600,Sony Table,Home,Sony,48598,57427.48,60298.85,18,White,M,7,3.8,1171,Active
4936,SKU004936,018613468085,Britannia Tea,Groceries,Britannia,42892,55360.37,58128.39,5,Red,L,22,4.0,4766,Discontinued
4937,SKU004937,458003663694,Sony Headphones,Electronics,Sony,24000,26702.42,28037.54,18,Red,XL,21,4.1,373,Active
4938,SKU004938,848833496785,Sony Storage Box,Home,Sony,43052,59171.71,62130.3,18,Blue,S,1,4.8,2554,Discontinued
4939,SKU004939,432737897390,Nike Shoes,Fashion,Nike,30193,34195.43,35905.2,12,White,M,16,3.7,373,Active
4940,SKU004940,422409034758,Apple Smart Watch,Electronics,Apple,13348,17356.93,18224.78,18,White,XL,17,3.6,2206,Discontinued
4941,SKU004941,496719218656,Adidas Jacket,Fashion,Adidas,19810,24278.86,25492.8,12,Black,L,4,4.9,4623,Active
4942,SKU004942,572620655014,LG Table,Home,LG,22280,28043.91,29446.11,18,Black,L,11,3.7,2810,Discontinued
4943,SKU004943,336967682935,Britannia Milk,Groceries,Britannia,14887,17038.75,17890.69,5,Black,L,23,4.4,751,Active
4944,SKU004944,041884847789,IKEA Cookware,Home,IKEA,1934,2610.14,2740.65,18,Black,S,17,3.8,2148,Discontinued
4945,SKU004945,862310277076,Britannia Tea,Groceries,Britannia,25107,34239.59,35951.57,5,Red,M,5,4.1,510,Active
4946,SKU004946,834351677057,Nike Jeans,Fashion,Nike,9124,12116.84,12722.68,12,White,M,7,4.4,1544,Active
4947,SKU004947,380980556779,Adidas Jacket,Fashion,Adidas,24138,29428.97,30900.42,12,White,M,6,3.8,3584,Discontinued
4948,SKU004948,475053221918,IKEA Table,Home,IKEA,10323,12147.4,12754.77,18,Blue,NA,19,4.3,671,Discontinued
4949,SKU004949,693291382969,Puma T-Shirt,Fashion,Puma,12199,15701.0,16486.05,12,Blue,XL,5,4.2,4001,Active
4950,SKU004950,700879895818,Nike Jacket,Fashion,Nike,45074,49617.68,52098.56,12,Black,M,20,3.5,1967,Discontinued
4951,SKU004951,413173471835,IKEA Storage Box,Home,IKEA,22594,25716.31,27002.13,18,Black,M,2,3.6,2908,Active
4952,SKU004952,996226507996,IKEA Chair,Home,IKEA,21306,28670.04,30103.54,18,Black,M,20,4.5,618,Active
4953,SKU004953,359949221964,LG Smart Watch,Electronics,LG,46170,57668.37,60551.79,18,Black,M,3,4.0,1227,Discontinued
4954,SKU004954,712503359481,LG Cookware,Home,LG,14145,18390.71,19310.25,18,Blue,L,8,4.3,4497,Discontinued
4955,SKU004955,992869668302,Sony Table,Home,Sony,27475,35593.22,37372.88,18,Red,M,21,4.4,3419,Active
4956,SKU004956,735085345595,Britannia Tea,Groceries,Britannia,6050,7553.49,7931.16,5,Black,S,21,4.6,3109,Active
4957,SKU004957,480072698703,Britannia Cookies,Groceries,Britannia,27536,37052.66,38905.29,5,Red,XL,16,4.6,3632,Active
4958,SKU004958,067334139219,Apple Smartphone,Electronics,Apple,7682,10069.48,10572.95,18,Blue,S,21,4.3,3360,Active
4959,SKU004959,076167017155,Puma T-Shirt,Fashion,Puma,9915,12528.19,13154.6,12,White,L,5,3.9,1944,Discontinued
4960,SKU004960,870116485479,Adidas Jeans,Fashion,Adidas,39560,47126.57,49482.9,12,Black,S,4,3.6,4620,Discontinued
4961,SKU004961,025347539913,Sony Table,Home,Sony,23578,29679.68,31163.66,18,Blue,S,15,4.7,1978,Active
4962,SKU004962,641174784835,Puma Jacket,Fashion,Puma,5953,7212.17,7572.78,12,Blue,M,17,4.7,1580,Active
4963,SKU004963,817628252438,LG Storage Box,Home,LG,34634,43924.0,46120.2,18,Blue,L,8,4.0,1323,Discontinued
4964,SKU004964,556394052907,LG Chair,Home,LG,23652,26684.73,28018.97,18,Blue,M,18,4.8,645,Discontinued
4965,SKU004965,417934866172,Nike Shoes,Fashion,Nike,27535,35539.42,37316.39,12,White,M,18,3.8,2988,Active
4966,SKU004966,089996774764,Sony Headphones,Electronics,Sony,39314,50930.64,53477.17,18,Blue,NA,14,4.6,4880,Active
4967,SKU004967,751078592953,Sony Table,Home,Sony,950,1317.1,1382.95,18,Red,L,12,4.5,3045,Discontinued
4968,SKU004968,883623533478,Puma Shoes,Fashion,Puma,3827,4464.77,4688.01,12,Black,NA,17,4.3,3337,Active
4969,SKU004969,798152430615,Amul Cookies,Groceries,Amul,5166,6632.65,6964.28,5,Red,NA,14,4.8,3680,Active
4970,SKU004970,016977070564,Samsung Smart Watch,Electronics,Samsung,276,376.4,395.22,18,Red,S,1,4.4,1222,Discontinued
4971,SKU004971,712383794796,Apple Headphones,Electronics,Apple,12276,16293.62,17108.3,18,Blue,L,6,4.4,2704,Discontinued
4972,SKU004972,222193569414,Nike Shoes,Fashion,Nike,24790,27596.14,28975.95,12,White,M,19,3.8,1235,Discontinued
4973,SKU004973,661249445037,Sony Laptop,Electronics,Sony,20039,26745.34,28082.61,18,White,S,2,4.7,3662,Discontinued
4974,SKU004974,027815848406,Nike Shoes,Fashion,Nike,40181,47444.77,49817.01,12,White,L,3,4.8,4363,Active
4975,SKU004975,346682925100,LG Smartphone,Electronics,LG,28908,37832.05,39723.65,18,Red,S,2,3.9,749,Active
4976,SKU004976,902171679067,Apple Headphones,Electronics,Apple,30357,35283.6,37047.78,18,Red,M,8,4.2,871,Active
4977,SKU004977,253192100434,Nike Jacket,Fashion,Nike,46705,56408.25,59228.66,12,White,M,13,4.7,2047,Discontinued
4978,SKU004978,493615463813,Apple Laptop,Electronics,Apple,1507,1961.77,2059.86,18,Blue,NA,7,3.7,4973,Active
4979,SKU004979,031915165866,Adidas Shoes,Fashion,Adidas,26327,34303.97,36019.17,12,Red,NA,8,3.5,3906,Active
4980,SKU004980,329325286499,Britannia Milk,Groceries,Britannia,8468,10937.84,11484.73,5,Red,S,23,4.6,1725,Active
4981,SKU004981,522837944489,Nike T-Shirt,Fashion,Nike,30886,35021.56,36772.64,12,Blue,XL,8,4.4,3329,Discontinued
4982,SKU004982,080973842216,Sony Smartphone,Electronics,Sony,11243,13145.42,13802.69,18,White,L,14,3.9,3232,Discontinued
4983,SKU004983,064599535047,Apple Smartphone,Electronics,Apple,20764,26569.09,27897.54,18,Black,XL,17,4.2,2050,Active
4984,SKU004984,416414010236,LG Chair,Home,LG,3938,4743.67,4980.85,18,Black,S,16,4.2,4264,Active
4985,SKU004985,635306939174,LG Laptop,Electronics,LG,37800,41710.88,43796.42,18,Black,M,5,3.5,490,Discontinued
4986,SKU004986,854193590248,Puma Shoes,Fashion,Puma,47948,62890.62,66035.15,12,Red,S,21,4.0,437,Discontinued
4987,SKU004987,507351760167,Nike Jeans,Fashion,Nike,30925,35481.96,37256.06,12,White,M,23,4.7,842,Discontinued
4988,SKU004988,312132915873,Amul Milk,Groceries,Amul,7065,8569.43,8997.9,5,Black,M,1,3.5,1378,Active
4989,SKU004989,851581284960,Apple Headphones,Electronics,Apple,13753,16477.78,17301.67,18,White,M,22,4.1,3638,Discontinued
4990,SKU004990,661118425073,Britannia Cookies,Groceries,Britannia,9579,11693.21,12277.87,5,White,L,17,3.9,4865,Discontinued
4991,SKU004991,108951477531,Apple Laptop,Electronics,Apple,4126,5497.58,5772.46,18,Black,XL,24,4.9,2581,Active
4992,SKU004992,619246329429,IKEA Table,Home,IKEA,40572,46187.24,48496.6,18,Blue,L,2,4.2,4742,Discontinued
4993,SKU004993,782064187149,Adidas Shoes,Fashion,Adidas,7236,9577.02,10055.87,12,Blue,XL,13,5.0,3584,Discontinued
4994,SKU004994,468135851218,Sony Laptop,Electronics,Sony,36276,47888.56,50282.99,18,Red,S,17,3.5,2481,Discontinued
4995,SKU004995,967091006810,Sony Headphones,Electronics,Sony,18156,20434.15,21455.86,18,Red,L,4,5.0,3820,Active
4996,SKU004996,438296034792,LG Smartphone,Electronics,LG,43740,49659.82,52142.81,18,Red,L,14,4.8,2453,Active
4997,SKU004997,783423108706,LG Smartphone,Electronics,LG,40746,50658.7,53191.64,18,Blue,L,15,5.0,2090,Discontinued
4998,SKU004998,938576596924,Britannia Milk,Groceries,Britannia,25615,28480.5,29904.53,5,White,S,3,4.6,4227,Discontinued
4999,SKU004999,738179763581,Puma Shoes,Fashion,Puma,15874,21041.15,22093.21,12,Blue,NA,5,4.7,2589,Active
5000,SKU005000,791652423340,Adidas Jeans,Fashion,Adidas,28728,35449.96,37222.46,12,Red,L,5,4.7,3380,Discontinued
