return_id,order_id,return_reason,refund_amount,return_status
1,16033,Customer Changed Mind,1639.12,Refunded
2,14615,Wrong Product,19789.75,Refunded
3,7738,Late Delivery,13874.92,Refunded
4,40705,Late Delivery,13122.6,Refunded
5,19748,Wrong Product,11084.72,Refunded
6,29611,Customer Changed Mind,1279.4,Refunded
7,28014,Late Delivery,10730.46,Refunded
8,38193,Quality Issue,15407.49,Refunded
9,33214,Damaged,14662.76,Refunded
10,7255,Damaged,26134.73,Refunded
11,44660,Customer Changed Mind,1744.89,Refunded
12,818,Wrong Product,16405.56,Refunded
13,48677,Wrong Product,15786.16,Refunded
14,5711,Late Delivery,18880.42,Refunded
15,21399,Customer Changed Mind,24455.83,Refunded
16,20368,Quality Issue,1068.42,Refunded
17,418,Damaged,23198.33,Refunded
18,49846,Late Delivery,18869.77,Refunded
19,36276,Customer Changed Mind,26069.72,Refunded
20,1946,Quality Issue,12138.56,Refunded
21,32747,Late Delivery,7238.66,Refunded
22,35917,Customer Changed Mind,6573.38,Refunded
23,19206,Quality Issue,1146.64,Refunded
24,46673,Quality Issue,12609.07,Refunded
25,36777,Late Delivery,8642.47,Refunded
26,39026,Damaged,18335.34,Refunded
27,5773,Late Delivery,18899.04,Refunded
28,32822,Quality Issue,13056.3,Refunded
29,13432,Quality Issue,2464.04,Refunded
30,4444,Customer Changed Mind,21659.76,Refunded
31,43230,Customer Changed Mind,8206.95,Refunded
32,49962,Damaged,20699.52,Refunded
33,38964,Quality Issue,6556.36,Refunded
34,30908,Wrong Product,623.0,Refunded
35,48490,Customer Changed Mind,17129.47,Refunded
36,43756,Damaged,17734.85,Refunded
37,14315,Late Delivery,6845.54,Refunded
38,13224,Customer Changed Mind,14871.23,Refunded
39,18892,Wrong Product,16066.01,Refunded
40,37965,Quality Issue,20208.69,Refunded
41,40017,Late Delivery,27459.93,Refunded
42,44595,Wrong Product,16667.42,Refunded
43,30585,Customer Changed Mind,5574.83,Refunded
44,25614,Quality Issue,662.38,Refunded
45,5065,Damaged,17698.67,Refunded
46,16312,Wrong Product,20717.49,Refunded
47,5907,Late Delivery,26456.14,Refunded
48,11443,Quality Issue,11741.99,Refunded
49,19532,Wrong Product,17373.03,Refunded
50,15024,Quality Issue,7123.22,Refunded
51,15644,Customer Changed Mind,2472.47,Refunded
52,40574,Customer Changed Mind,798.18,Refunded
53,20340,Late Delivery,23914.02,Refunded
54,21092,Damaged,5813.21,Refunded
55,19416,Late Delivery,24681.0,Refunded
56,6206,Customer Changed Mind,18997.23,Refunded
57,10982,Late Delivery,4362.39,Refunded
58,20617,Late Delivery,7694.27,Refunded
59,15800,Wrong Product,9278.52,Refunded
60,45458,Customer Changed Mind,9603.86,Refunded
61,37001,Customer Changed Mind,16612.42,Refunded
62,4032,Wrong Product,11049.9,Refunded
63,24161,Customer Changed Mind,14627.96,Refunded
64,20250,Quality Issue,8890.69,Refunded
65,40475,Late Delivery,16763.74,Refunded
66,34359,Late Delivery,6235.64,Refunded
67,26042,Quality Issue,16637.74,Refunded
68,17390,Damaged,6163.12,Refunded
69,6814,Quality Issue,2217.96,Refunded
70,22702,Wrong Product,26007.29,Refunded
71,24520,Quality Issue,25786.47,Refunded
72,32924,Late Delivery,25398.9,Refunded
73,22849,Customer Changed Mind,23304.13,Refunded
74,14431,Customer Changed Mind,892.67,Refunded
75,32604,Damaged,21365.43,Refunded
76,35406,Quality Issue,17269.91,Refunded
77,42854,Wrong Product,10722.14,Refunded
78,11661,Late Delivery,24769.77,Refunded
79,38511,Customer Changed Mind,6910.83,Refunded
80,21395,Wrong Product,9120.63,Refunded
81,43835,Damaged,24857.59,Refunded
82,27233,Quality Issue,17098.92,Refunded
83,42380,Damaged,2412.98,Refunded
84,16087,Wrong Product,16573.71,Refunded
85,25839,Wrong Product,1125.29,Refunded
86,34711,Damaged,7945.44,Refunded
87,10460,Quality Issue,3182.21,Refunded
88,8521,Quality Issue,14983.36,Refunded
89,15328,Customer Changed Mind,5044.4,Refunded
90,9203,Quality Issue,1935.98,Refunded
91,45747,Quality Issue,23138.23,Refunded
92,20246,Customer Changed Mind,13755.86,Refunded
93,14651,Late Delivery,24310.45,Refunded
94,43628,Late Delivery,10682.4,Refunded
95,41057,Late Delivery,3063.7,Refunded
96,18863,Quality Issue,15513.51,Refunded
97,8959,Damaged,10818.59,Refunded
98,41953,Wrong Product,22355.51,Refunded
99,40637,Damaged,6050.01,Refunded
100,42476,Customer Changed Mind,24390.91,Refunded
101,45281,Damaged,7398.42,Refunded
102,49441,Late Delivery,20856.49,Refunded
103,22564,Quality Issue,16654.5,Refunded
104,47166,Wrong Product,18222.59,Refunded
105,7075,Quality Issue,22913.2,Refunded
106,26213,Quality Issue,21784.99,Refunded
107,18491,Wrong Product,27346.47,Refunded
108,22411,Late Delivery,21079.29,Refunded
109,39376,Wrong Product,1422.88,Refunded
110,34595,Damaged,7576.83,Refunded
111,7489,Customer Changed Mind,12694.62,Refunded
112,17050,Damaged,23457.95,Refunded
113,28459,Late Delivery,14324.42,Refunded
114,36316,Late Delivery,12375.18,Refunded
115,19883,Customer Changed Mind,6827.29,Refunded
116,37528,Late Delivery,11333.79,Refunded
117,27186,Late Delivery,6449.28,Refunded
118,12231,Customer Changed Mind,5005.6,Refunded
119,4516,Wrong Product,19909.56,Refunded
120,2219,Customer Changed Mind,15647.78,Refunded
121,40382,Quality Issue,23840.47,Refunded
122,34050,Late Delivery,3098.94,Refunded
123,48077,Customer Changed Mind,14628.33,Refunded
124,6408,Quality Issue,22978.15,Refunded
125,39451,Quality Issue,12163.26,Refunded
126,24005,Damaged,14583.88,Refunded
127,3245,Wrong Product,9853.93,Refunded
128,16475,Damaged,19559.63,Refunded
129,35613,Wrong Product,1680.05,Refunded
130,8595,Wrong Product,24506.85,Refunded
131,5721,Customer Changed Mind,1031.56,Refunded
132,37002,Late Delivery,2719.19,Refunded
133,3019,Late Delivery,24199.36,Refunded
134,25753,Quality Issue,4606.09,Refunded
135,20920,Wrong Product,11809.89,Refunded
136,23130,Damaged,8461.38,Refunded
137,37513,Late Delivery,13191.39,Refunded
138,13910,Wrong Product,8870.1,Refunded
139,2970,Wrong Product,3801.33,Refunded
140,15915,Late Delivery,4514.16,Refunded
141,20111,Wrong Product,24213.95,Refunded
142,11495,Customer Changed Mind,17083.05,Refunded
143,20197,Quality Issue,25868.83,Refunded
144,17705,Wrong Product,28007.43,Refunded
145,24562,Late Delivery,17383.7,Refunded
146,36657,Late Delivery,8994.47,Refunded
147,40172,Wrong Product,10364.49,Refunded
148,32,Wrong Product,3220.45,Refunded
149,15810,Late Delivery,17676.1,Refunded
150,46720,Wrong Product,1808.12,Refunded
151,22153,Late Delivery,26627.43,Refunded
152,4418,Wrong Product,3351.96,Refunded
153,37592,Late Delivery,7822.8,Refunded
154,16520,Quality Issue,15933.09,Refunded
155,20806,Damaged,17478.65,Refunded
156,21559,Damaged,11942.42,Refunded
157,43722,Wrong Product,17961.93,Refunded
158,48634,Customer Changed Mind,10060.29,Refunded
159,18132,Damaged,18212.8,Refunded
160,27220,Late Delivery,10876.55,Refunded
161,9202,Quality Issue,1650.96,Refunded
162,22052,Damaged,21702.95,Refunded
163,46592,Quality Issue,13005.79,Refunded
164,22550,Quality Issue,22139.5,Refunded
165,13078,Damaged,10957.56,Refunded
166,29248,Late Delivery,26585.48,Refunded
167,20664,Damaged,23496.96,Refunded
168,47308,Late Delivery,4951.4,Refunded
169,12716,Damaged,12990.17,Refunded
170,37216,Customer Changed Mind,3633.05,Refunded
171,34174,Customer Changed Mind,28156.08,Refunded
172,20780,Quality Issue,764.85,Refunded
173,35434,Quality Issue,7079.79,Refunded
174,39203,Quality Issue,5339.77,Refunded
175,13876,Wrong Product,21452.72,Refunded
176,26866,Quality Issue,1189.39,Refunded
177,41787,Damaged,12236.81,Refunded
178,9024,Damaged,11043.55,Refunded
179,35155,Wrong Product,8739.28,Refunded
180,45703,Damaged,22456.39,Refunded
181,7286,Customer Changed Mind,5072.88,Refunded
182,31673,Quality Issue,18224.21,Refunded
183,39911,Damaged,23162.78,Refunded
184,23467,Late Delivery,15546.92,Refunded
185,8102,Quality Issue,7951.04,Refunded
186,36403,Customer Changed Mind,19792.17,Refunded
187,39918,Damaged,16243.56,Refunded
188,36946,Quality Issue,25207.08,Refunded
189,48497,Quality Issue,16138.54,Refunded
190,49052,Customer Changed Mind,5565.7,Refunded
191,33248,Customer Changed Mind,22625.57,Refunded
192,29186,Wrong Product,12990.43,Refunded
193,36842,Late Delivery,18363.1,Refunded
194,16469,Damaged,13582.23,Refunded
195,3534,Quality Issue,6509.88,Refunded
196,40558,Wrong Product,19629.74,Refunded
197,13447,Wrong Product,5637.46,Refunded
198,18805,Customer Changed Mind,8208.44,Refunded
199,30034,Customer Changed Mind,19270.9,Refunded
200,26807,Quality Issue,11226.39,Refunded
201,16200,Wrong Product,19131.94,Refunded
202,40510,Quality Issue,1474.56,Refunded
203,16889,Damaged,2805.83,Refunded
204,4465,Quality Issue,21589.81,Refunded
205,39335,Wrong Product,14923.03,Refunded
206,39226,Wrong Product,14665.06,Refunded
207,5662,Late Delivery,1928.98,Refunded
208,13850,Damaged,11524.79,Refunded
209,29788,Late Delivery,16705.96,Refunded
210,34716,Quality Issue,17069.0,Refunded
211,26953,Wrong Product,4685.0,Refunded
212,17235,Customer Changed Mind,2732.06,Refunded
213,27450,Customer Changed Mind,10928.42,Refunded
214,49214,Customer Changed Mind,1108.73,Refunded
215,26504,Customer Changed Mind,8266.85,Refunded
216,7793,Late Delivery,19510.28,Refunded
217,48817,Wrong Product,18455.03,Refunded
218,19024,Damaged,1662.58,Refunded
219,17481,Wrong Product,18809.8,Refunded
220,44817,Quality Issue,23079.61,Refunded
221,43985,Late Delivery,13615.22,Refunded
222,46482,Late Delivery,6737.63,Refunded
223,46706,Late Delivery,4844.98,Refunded
224,24133,Quality Issue,11182.87,Refunded
225,9869,Customer Changed Mind,21629.25,Refunded
226,22503,Quality Issue,18861.44,Refunded
227,44314,Quality Issue,8081.06,Refunded
228,13703,Late Delivery,19334.51,Refunded
229,14714,Quality Issue,19357.49,Refunded
230,5203,Customer Changed Mind,23123.87,Refunded
231,3608,Customer Changed Mind,24346.25,Refunded
232,20716,Quality Issue,15709.98,Refunded
233,19358,Damaged,11463.32,Refunded
234,29405,Late Delivery,5237.63,Refunded
235,22655,Wrong Product,13702.41,Refunded
236,3441,Quality Issue,11885.09,Refunded
237,15384,Damaged,2226.59,Refunded
238,42998,Customer Changed Mind,20067.94,Refunded
239,3536,Damaged,18545.93,Refunded
240,45262,Damaged,15799.11,Refunded
241,34669,Customer Changed Mind,20886.35,Refunded
242,29483,Late Delivery,9217.65,Refunded
243,43382,Quality Issue,7939.11,Refunded
244,21758,Quality Issue,14143.77,Refunded
245,38157,Customer Changed Mind,14850.44,Refunded
246,45106,Wrong Product,12028.42,Refunded
247,3553,Customer Changed Mind,4283.79,Refunded
248,2802,Damaged,11837.31,Refunded
249,14556,Late Delivery,6050.26,Refunded
250,26270,Damaged,21410.31,Refunded
251,28284,Quality Issue,2271.26,Refunded
252,19267,Wrong Product,17854.53,Refunded
253,6372,Customer Changed Mind,17648.68,Refunded
254,25891,Quality Issue,23069.71,Refunded
255,26959,Late Delivery,26610.03,Refunded
256,24753,Customer Changed Mind,17169.09,Refunded
257,39931,Quality Issue,1745.1,Refunded
258,18777,Customer Changed Mind,12496.02,Refunded
259,37675,Damaged,1465.13,Refunded
260,27025,Wrong Product,23497.99,Refunded
261,41566,Damaged,9072.43,Refunded
262,33228,Customer Changed Mind,22076.48,Refunded
263,44724,Customer Changed Mind,1367.19,Refunded
264,22781,Damaged,1606.9,Refunded
265,31376,Wrong Product,12517.56,Refunded
266,41303,Customer Changed Mind,22389.8,Refunded
267,44098,Quality Issue,5002.3,Refunded
268,46094,Damaged,24365.23,Refunded
269,34486,Late Delivery,21484.46,Refunded
270,42466,Damaged,27085.21,Refunded
271,15468,Quality Issue,26319.39,Refunded
272,29314,Late Delivery,20026.78,Refunded
273,45435,Customer Changed Mind,20051.87,Refunded
274,48870,Late Delivery,10481.04,Refunded
275,25119,Damaged,27237.49,Refunded
276,23773,Quality Issue,12090.89,Refunded
277,7556,Quality Issue,20062.77,Refunded
278,22798,Customer Changed Mind,5318.34,Refunded
279,35095,Wrong Product,6077.44,Refunded
280,10208,Wrong Product,20053.56,Refunded
281,34582,Damaged,12783.79,Refunded
282,9618,Late Delivery,17847.35,Refunded
283,4666,Late Delivery,6427.96,Refunded
284,22257,Wrong Product,27982.59,Refunded
285,5392,Late Delivery,3816.98,Refunded
286,48703,Customer Changed Mind,15336.96,Refunded
287,4435,Customer Changed Mind,14450.49,Refunded
288,39238,Customer Changed Mind,5283.19,Refunded
289,3246,Wrong Product,14245.17,Refunded
290,46509,Damaged,23393.45,Refunded
291,12402,Damaged,8791.79,Refunded
292,42961,Wrong Product,24967.64,Refunded
293,33431,Wrong Product,21740.47,Refunded
294,23506,Customer Changed Mind,25086.75,Refunded
295,17958,Damaged,16679.41,Refunded
296,24355,Customer Changed Mind,24108.9,Refunded
297,20871,Quality Issue,12919.0,Refunded
298,12641,Customer Changed Mind,21986.11,Refunded
299,32480,Customer Changed Mind,18253.43,Refunded
300,29516,Late Delivery,8411.1,Refunded
301,15391,Wrong Product,23951.01,Refunded
302,18795,Damaged,14910.03,Refunded
303,43690,Quality Issue,1920.54,Refunded
304,804,Damaged,22415.68,Refunded
305,225,Customer Changed Mind,24217.02,Refunded
306,24625,Late Delivery,7600.41,Refunded
307,49785,Wrong Product,3075.36,Refunded
308,48303,Quality Issue,28593.92,Refunded
309,46292,Damaged,8689.57,Refunded
310,7635,Wrong Product,13113.29,Refunded
311,17839,Quality Issue,15530.16,Refunded
312,48736,Quality Issue,14089.03,Refunded
313,9924,Quality Issue,23387.98,Refunded
314,43180,Customer Changed Mind,3697.36,Refunded
315,47648,Quality Issue,12907.33,Refunded
316,47560,Damaged,13209.07,Refunded
317,36447,Late Delivery,20531.62,Refunded
318,26569,Customer Changed Mind,3975.39,Refunded
319,7389,Wrong Product,10046.61,Refunded
320,31219,Late Delivery,7870.73,Refunded
321,16760,Customer Changed Mind,13418.89,Refunded
322,39902,Quality Issue,15301.11,Refunded
323,40339,Customer Changed Mind,13025.28,Refunded
324,31404,Damaged,3744.81,Refunded
325,34654,Wrong Product,19801.57,Refunded
326,36261,Late Delivery,5405.5,Refunded
327,33428,Quality Issue,1348.3,Refunded
328,33198,Wrong Product,20142.3,Refunded
329,27112,Wrong Product,9965.68,Refunded
330,8816,Wrong Product,15584.12,Refunded
331,13199,Customer Changed Mind,7357.81,Refunded
332,7410,Wrong Product,20611.19,Refunded
333,20270,Damaged,19842.87,Refunded
334,12094,Quality Issue,25721.47,Refunded
335,3663,Wrong Product,10484.29,Refunded
336,23751,Quality Issue,14341.41,Refunded
337,9482,Late Delivery,7124.61,Refunded
338,35367,Late Delivery,2281.3,Refunded
339,46762,Customer Changed Mind,23028.39,Refunded
340,2692,Late Delivery,23224.21,Refunded
341,14566,Customer Changed Mind,22894.54,Refunded
342,17396,Wrong Product,9130.64,Refunded
343,44438,Quality Issue,17303.99,Refunded
344,33128,Wrong Product,9869.04,Refunded
345,34974,Damaged,4532.76,Refunded
346,1653,Quality Issue,24908.51,Refunded
347,32660,Quality Issue,12818.53,Refunded
348,36520,Damaged,15867.09,Refunded
349,11563,Damaged,953.84,Refunded
350,33364,Quality Issue,6733.02,Refunded
351,31321,Customer Changed Mind,2155.72,Refunded
352,41625,Damaged,15105.66,Refunded
353,17566,Customer Changed Mind,13007.13,Refunded
354,21238,Late Delivery,14807.24,Refunded
355,47183,Damaged,6345.98,Refunded
356,14677,Wrong Product,10525.46,Refunded
357,47818,Wrong Product,10520.18,Refunded
358,2453,Damaged,4287.67,Refunded
359,1414,Customer Changed Mind,1907.16,Refunded
360,22631,Late Delivery,14127.61,Refunded
361,36821,Damaged,4755.82,Refunded
362,43599,Customer Changed Mind,15307.01,Refunded
363,47642,Customer Changed Mind,5177.97,Refunded
364,9208,Wrong Product,22238.17,Refunded
365,17831,Customer Changed Mind,1095.65,Refunded
366,25330,Customer Changed Mind,9368.22,Refunded
367,33064,Damaged,13054.27,Refunded
368,26563,Customer Changed Mind,23761.78,Refunded
369,37381,Damaged,16252.22,Refunded
370,8162,Wrong Product,22288.94,Refunded
371,40597,Wrong Product,1934.4,Refunded
372,21371,Damaged,17958.1,Refunded
373,7033,Wrong Product,4719.57,Refunded
374,20352,Late Delivery,21899.37,Refunded
375,9840,Wrong Product,7245.23,Refunded
376,6505,Customer Changed Mind,12839.85,Refunded
377,4674,Late Delivery,11251.31,Refunded
378,26897,Quality Issue,734.45,Refunded
379,14584,Quality Issue,2944.81,Refunded
380,12410,Late Delivery,8823.58,Refunded
381,49197,Quality Issue,5568.16,Refunded
382,44897,Wrong Product,13302.89,Refunded
383,967,Quality Issue,11274.04,Refunded
384,21663,Damaged,22180.9,Refunded
385,25144,Late Delivery,19983.34,Refunded
386,16012,Quality Issue,22005.85,Refunded
387,44100,Quality Issue,12715.49,Refunded
388,539,Wrong Product,25546.63,Refunded
389,9225,Wrong Product,1408.97,Refunded
390,33496,Late Delivery,15629.74,Refunded
391,667,Customer Changed Mind,24931.71,Refunded
392,36294,Customer Changed Mind,8077.56,Refunded
393,36061,Quality Issue,3362.62,Refunded
394,24066,Damaged,16671.24,Refunded
395,47861,Quality Issue,6608.78,Refunded
396,44745,Wrong Product,3061.53,Refunded
397,6633,Quality Issue,24591.88,Refunded
398,13495,Late Delivery,20734.03,Refunded
399,27226,Customer Changed Mind,24606.02,Refunded
400,16869,Wrong Product,6745.79,Refunded
401,56,Quality Issue,5120.46,Refunded
402,10969,Damaged,14223.02,Refunded
403,21757,Late Delivery,20096.64,Refunded
404,34157,Quality Issue,24460.43,Refunded
405,48321,Damaged,21504.21,Refunded
406,44382,Wrong Product,23400.59,Refunded
407,34850,Customer Changed Mind,5291.27,Refunded
408,9218,Wrong Product,10369.37,Refunded
409,423,Customer Changed Mind,17300.56,Refunded
410,47081,Quality Issue,25078.78,Refunded
411,9044,Wrong Product,724.07,Refunded
412,34224,Customer Changed Mind,9399.73,Refunded
413,28902,Damaged,5913.17,Refunded
414,22809,Quality Issue,7633.9,Refunded
415,14335,Wrong Product,25259.44,Refunded
416,40206,Late Delivery,11240.53,Refunded
417,18529,Wrong Product,12144.54,Refunded
418,18974,Late Delivery,9885.19,Refunded
419,28619,Wrong Product,8214.49,Refunded
420,21311,Wrong Product,18999.63,Refunded
421,31485,Customer Changed Mind,10566.57,Refunded
422,32870,Late Delivery,8957.38,Refunded
423,31988,Wrong Product,9787.72,Refunded
424,41749,Customer Changed Mind,11164.89,Refunded
425,20719,Customer Changed Mind,28962.36,Refunded
426,5608,Wrong Product,22043.63,Refunded
427,36641,Damaged,14709.93,Refunded
428,49255,Wrong Product,13728.07,Refunded
429,25454,Wrong Product,22093.56,Refunded
430,6096,Quality Issue,19196.01,Refunded
431,36919,Late Delivery,6429.34,Refunded
432,39598,Late Delivery,3483.48,Refunded
433,34725,Damaged,2984.89,Refunded
434,7757,Wrong Product,6689.55,Refunded
435,31830,Damaged,6739.55,Refunded
436,11814,Quality Issue,24309.34,Refunded
437,33812,Quality Issue,2954.91,Refunded
438,46268,Late Delivery,15313.34,Refunded
439,30546,Damaged,8426.28,Refunded
440,1973,Customer Changed Mind,5573.56,Refunded
441,15788,Quality Issue,6877.39,Refunded
442,34914,Damaged,6727.41,Refunded
443,14888,Quality Issue,4764.8,Refunded
444,2895,Late Delivery,15149.71,Refunded
445,37698,Damaged,8997.64,Refunded
446,25736,Late Delivery,2521.14,Refunded
447,15300,Customer Changed Mind,782.16,Refunded
448,23429,Quality Issue,27535.14,Refunded
449,15918,Damaged,1631.05,Refunded
450,29414,Damaged,22874.74,Refunded
451,10379,Quality Issue,24893.4,Refunded
452,45393,Wrong Product,13532.96,Refunded
453,47102,Late Delivery,4784.85,Refunded
454,33005,Quality Issue,26295.1,Refunded
455,47383,Late Delivery,15824.14,Refunded
456,36769,Quality Issue,11708.08,Refunded
457,30320,Quality Issue,13018.85,Refunded
458,9917,Damaged,27733.22,Refunded
459,28808,Quality Issue,8890.13,Refunded
460,19152,Wrong Product,20954.06,Refunded
461,16051,Wrong Product,773.96,Refunded
462,35848,Wrong Product,4308.47,Refunded
463,24369,Customer Changed Mind,13782.74,Refunded
464,44670,Customer Changed Mind,12271.74,Refunded
465,41845,Late Delivery,23516.48,Refunded
466,26109,Damaged,3385.88,Refunded
467,36790,Quality Issue,8175.57,Refunded
468,36358,Late Delivery,18770.49,Refunded
469,25328,Customer Changed Mind,4780.58,Refunded
470,44268,Quality Issue,8754.17,Refunded
471,22648,Customer Changed Mind,21174.89,Refunded
472,46339,Wrong Product,20325.54,Refunded
473,33171,Late Delivery,19805.36,Refunded
474,24068,Damaged,26959.12,Refunded
475,29137,Damaged,2266.26,Refunded
476,19447,Quality Issue,5170.57,Refunded
477,3128,Quality Issue,20003.78,Refunded
478,16021,Wrong Product,14487.8,Refunded
479,36680,Quality Issue,10429.92,Refunded
480,39774,Quality Issue,11937.41,Refunded
481,31361,Damaged,1119.19,Refunded
482,35585,Late Delivery,26249.98,Refunded
483,28901,Damaged,21706.88,Refunded
484,46746,Customer Changed Mind,21427.6,Refunded
485,11373,Damaged,26432.94,Refunded
486,30239,Wrong Product,21642.14,Refunded
487,49028,Late Delivery,6204.02,Refunded
488,17612,Quality Issue,3235.45,Refunded
489,23985,Wrong Product,4410.54,Refunded
490,31208,Quality Issue,20159.45,Refunded
491,49457,Wrong Product,2489.75,Refunded
492,38134,Customer Changed Mind,825.19,Refunded
493,14946,Damaged,20453.51,Refunded
494,33003,Quality Issue,3534.9,Refunded
495,23599,Late Delivery,15265.75,Refunded
496,7061,Customer Changed Mind,22497.97,Refunded
497,1767,Late Delivery,12552.41,Refunded
498,36500,Wrong Product,7269.66,Refunded
499,22220,Wrong Product,10265.4,Refunded
500,17032,Wrong Product,17176.28,Refunded
501,27396,Customer Changed Mind,8231.59,Refunded
502,27856,Quality Issue,21446.67,Refunded
503,14924,Late Delivery,17557.58,Refunded
504,12115,Wrong Product,25803.01,Refunded
505,44266,Customer Changed Mind,5042.98,Refunded
506,35092,Damaged,2023.19,Refunded
507,19549,Damaged,2206.69,Refunded
508,49532,Customer Changed Mind,12562.51,Refunded
509,28169,Wrong Product,8042.08,Refunded
510,27338,Late Delivery,3954.45,Refunded
511,36336,Damaged,9233.38,Refunded
512,17577,Customer Changed Mind,23452.92,Refunded
513,34902,Damaged,12607.75,Refunded
514,4277,Quality Issue,23640.84,Refunded
515,2641,Wrong Product,9048.82,Refunded
516,1862,Damaged,9940.77,Refunded
517,110,Quality Issue,18356.6,Refunded
518,32510,Late Delivery,16831.06,Refunded
519,28602,Quality Issue,17353.95,Refunded
520,17145,Wrong Product,28956.5,Refunded
521,6650,Quality Issue,21281.18,Refunded
522,47844,Wrong Product,18209.35,Refunded
523,39442,Damaged,20317.47,Refunded
524,14289,Late Delivery,1534.41,Refunded
525,49171,Damaged,10470.85,Refunded
526,14666,Damaged,9968.18,Refunded
527,46656,Damaged,5896.68,Refunded
528,29618,Wrong Product,8374.21,Refunded
529,39653,Quality Issue,6800.02,Refunded
530,40150,Wrong Product,18440.3,Refunded
531,26738,Wrong Product,17647.37,Refunded
532,4690,Quality Issue,7489.8,Refunded
533,36921,Wrong Product,17818.81,Refunded
534,16554,Damaged,20261.33,Refunded
535,42630,Customer Changed Mind,16422.26,Refunded
536,29180,Damaged,14758.42,Refunded
537,7939,Quality Issue,8008.34,Refunded
538,36786,Late Delivery,14312.57,Refunded
539,30095,Wrong Product,20668.21,Refunded
540,28709,Damaged,9641.67,Refunded
541,41424,Customer Changed Mind,9424.86,Refunded
542,37918,Quality Issue,18932.81,Refunded
543,31223,Damaged,5441.14,Refunded
544,27955,Late Delivery,7797.0,Refunded
545,30189,Wrong Product,10159.95,Refunded
546,37063,Quality Issue,5111.46,Refunded
547,20416,Wrong Product,1001.96,Refunded
548,15982,Wrong Product,22309.85,Refunded
549,14222,Customer Changed Mind,22605.9,Refunded
550,9980,Late Delivery,1575.03,Refunded
551,31020,Customer Changed Mind,18418.65,Refunded
552,47707,Late Delivery,3290.74,Refunded
553,16238,Wrong Product,8938.45,Refunded
554,42795,Wrong Product,12305.96,Refunded
555,38295,Wrong Product,7649.27,Refunded
556,864,Customer Changed Mind,24866.48,Refunded
557,42451,Customer Changed Mind,25260.47,Refunded
558,48958,Customer Changed Mind,16741.97,Refunded
559,47086,Quality Issue,23991.46,Refunded
560,18532,Damaged,26095.81,Refunded
561,17404,Late Delivery,20826.84,Refunded
562,30996,Late Delivery,8650.74,Refunded
563,42138,Late Delivery,21411.47,Refunded
564,3551,Quality Issue,8928.15,Refunded
565,271,Wrong Product,7490.44,Refunded
566,31279,Damaged,4490.23,Refunded
567,19298,Late Delivery,2104.85,Refunded
568,47032,Late Delivery,4271.27,Refunded
569,47657,Customer Changed Mind,17018.22,Refunded
570,34714,Late Delivery,4138.81,Refunded
571,13027,Quality Issue,10055.94,Refunded
572,13198,Damaged,17115.14,Refunded
573,26973,Wrong Product,8555.2,Refunded
574,24944,Wrong Product,24358.6,Refunded
575,11651,Late Delivery,19598.95,Refunded
576,13765,Quality Issue,12943.21,Refunded
577,25956,Wrong Product,6447.38,Refunded
578,37075,Damaged,17339.86,Refunded
579,11788,Late Delivery,10346.19,Refunded
580,18707,Quality Issue,1848.88,Refunded
581,30938,Quality Issue,12799.87,Refunded
582,19891,Late Delivery,11010.9,Refunded
583,29390,Quality Issue,632.15,Refunded
584,9884,Late Delivery,4526.07,Refunded
585,32665,Wrong Product,12028.84,Refunded
586,5179,Quality Issue,16929.39,Refunded
587,40797,Customer Changed Mind,2264.9,Refunded
588,19173,Damaged,10560.07,Refunded
589,4215,Damaged,7861.16,Refunded
590,43595,Quality Issue,6856.41,Refunded
591,30685,Damaged,16493.91,Refunded
592,34401,Wrong Product,7179.33,Refunded
593,38716,Late Delivery,1826.82,Refunded
594,18310,Late Delivery,21052.05,Refunded
595,16419,Quality Issue,10373.58,Refunded
596,38707,Customer Changed Mind,12177.46,Refunded
597,19315,Wrong Product,22250.93,Refunded
598,33920,Quality Issue,2142.01,Refunded
599,37279,Late Delivery,18433.6,Refunded
600,30534,Wrong Product,27526.47,Refunded
601,29653,Customer Changed Mind,10852.62,Refunded
602,39904,Quality Issue,9285.42,Refunded
603,27398,Late Delivery,16470.33,Refunded
604,45338,Damaged,16752.57,Refunded
605,6368,Wrong Product,10411.62,Refunded
606,34916,Quality Issue,24876.04,Refunded
607,11971,Quality Issue,19211.66,Refunded
608,39237,Late Delivery,16530.37,Refunded
609,29202,Damaged,1322.9,Refunded
610,24850,Customer Changed Mind,4498.81,Refunded
611,39897,Late Delivery,22796.73,Refunded
612,23378,Damaged,18557.09,Refunded
613,49320,Damaged,3836.79,Refunded
614,780,Damaged,8449.77,Refunded
615,19887,Wrong Product,10571.74,Refunded
616,448,Late Delivery,8323.49,Refunded
617,35957,Wrong Product,22327.82,Refunded
618,798,Wrong Product,4130.84,Refunded
619,48855,Quality Issue,20952.83,Refunded
620,22581,Customer Changed Mind,11497.06,Refunded
621,29184,Quality Issue,25637.33,Refunded
622,5470,Customer Changed Mind,22767.68,Refunded
623,7454,Damaged,20853.97,Refunded
624,8877,Damaged,1417.13,Refunded
625,20241,Late Delivery,23504.87,Refunded
626,23957,Damaged,17499.46,Refunded
627,44722,Wrong Product,6718.69,Refunded
628,6108,Wrong Product,9539.63,Refunded
629,7379,Damaged,9717.16,Refunded
630,14021,Quality Issue,16812.15,Refunded
631,43144,Quality Issue,9902.26,Refunded
632,46447,Wrong Product,20194.32,Refunded
633,37183,Customer Changed Mind,18589.23,Refunded
634,12597,Damaged,17742.72,Refunded
635,48361,Customer Changed Mind,15887.99,Refunded
636,21765,Late Delivery,13842.98,Refunded
637,8140,Quality Issue,5452.07,Refunded
638,24264,Quality Issue,17138.49,Refunded
639,41251,Damaged,21971.09,Refunded
640,36394,Wrong Product,8095.28,Refunded
641,11952,Customer Changed Mind,21675.47,Refunded
642,47457,Damaged,11501.73,Refunded
643,41626,Quality Issue,5399.38,Refunded
644,44837,Quality Issue,15365.32,Refunded
645,9581,Wrong Product,4407.77,Refunded
646,22498,Damaged,20128.56,Refunded
647,36376,Wrong Product,8699.34,Refunded
648,13819,Damaged,12289.24,Refunded
649,12305,Damaged,904.42,Refunded
650,4468,Customer Changed Mind,15379.59,Refunded
651,30236,Wrong Product,4913.28,Refunded
652,45741,Customer Changed Mind,12221.79,Refunded
653,46902,Quality Issue,19791.56,Refunded
654,11780,Quality Issue,7257.91,Refunded
655,10780,Quality Issue,13509.93,Refunded
656,24479,Damaged,8055.34,Refunded
657,38641,Customer Changed Mind,5266.0,Refunded
658,37729,Late Delivery,15960.67,Refunded
659,7002,Damaged,3699.51,Refunded
660,25009,Customer Changed Mind,2160.77,Refunded
661,29654,Customer Changed Mind,5634.87,Refunded
662,9320,Quality Issue,8949.1,Refunded
663,21683,Wrong Product,20339.4,Refunded
664,28995,Customer Changed Mind,17065.84,Refunded
665,43114,Damaged,27212.79,Refunded
666,13322,Late Delivery,9099.33,Refunded
667,18406,Late Delivery,26914.46,Refunded
668,30350,Damaged,1699.41,Refunded
669,45779,Quality Issue,7158.34,Refunded
670,41623,Quality Issue,1419.45,Refunded
671,19694,Late Delivery,22311.12,Refunded
672,14826,Damaged,19838.18,Refunded
673,13701,Late Delivery,22958.14,Refunded
674,5032,Damaged,13517.14,Refunded
675,44667,Quality Issue,13357.87,Refunded
676,37282,Damaged,18541.47,Refunded
677,18628,Damaged,19373.0,Refunded
678,45811,Wrong Product,23463.86,Refunded
679,31134,Wrong Product,11784.12,Refunded
680,8079,Customer Changed Mind,7797.05,Refunded
681,12751,Damaged,5421.24,Refunded
682,33110,Quality Issue,15348.2,Refunded
683,35111,Customer Changed Mind,27515.26,Refunded
684,23969,Late Delivery,17736.56,Refunded
685,15765,Late Delivery,23213.72,Refunded
686,29493,Wrong Product,9852.21,Refunded
687,29670,Damaged,7555.1,Refunded
688,8311,Wrong Product,22396.03,Refunded
689,15819,Wrong Product,5798.99,Refunded
690,31119,Damaged,4618.48,Refunded
691,7654,Late Delivery,3959.9,Refunded
692,27619,Wrong Product,23398.22,Refunded
693,14455,Damaged,14177.52,Refunded
694,47995,Damaged,8815.42,Refunded
695,45118,Customer Changed Mind,3403.23,Refunded
696,19794,Damaged,18795.62,Refunded
697,44418,Quality Issue,15074.88,Refunded
698,6791,Wrong Product,6258.34,Refunded
699,19020,Customer Changed Mind,1845.73,Refunded
700,21153,Quality Issue,15162.43,Refunded
701,44859,Wrong Product,21762.72,Refunded
702,33049,Damaged,8771.73,Refunded
703,8663,Quality Issue,3604.99,Refunded
704,36089,Damaged,591.84,Refunded
705,42114,Wrong Product,15743.76,Refunded
706,42097,Late Delivery,14582.58,Refunded
707,19868,Late Delivery,15033.49,Refunded
708,42242,Customer Changed Mind,13502.89,Refunded
709,13054,Quality Issue,3703.46,Refunded
710,31685,Quality Issue,12308.08,Refunded
711,8077,Customer Changed Mind,1513.13,Refunded
712,24231,Late Delivery,18898.6,Refunded
713,30020,Customer Changed Mind,1486.17,Refunded
714,36709,Quality Issue,17646.78,Refunded
715,21131,Wrong Product,2798.65,Refunded
716,32737,Wrong Product,12272.94,Refunded
717,21340,Damaged,19434.41,Refunded
718,28257,Late Delivery,1329.99,Refunded
719,43688,Damaged,2373.13,Refunded
720,2534,Wrong Product,17972.88,Refunded
721,13469,Quality Issue,6451.59,Refunded
722,28282,Damaged,24073.16,Refunded
723,14834,Wrong Product,11782.88,Refunded
724,42881,Wrong Product,8081.06,Refunded
725,32931,Quality Issue,1206.34,Refunded
726,1154,Late Delivery,1695.59,Refunded
727,12618,Wrong Product,9261.51,Refunded
728,27492,Quality Issue,6163.15,Refunded
729,34907,Quality Issue,2199.05,Refunded
730,27165,Customer Changed Mind,8404.54,Refunded
731,19528,Damaged,26471.28,Refunded
732,19309,Customer Changed Mind,22982.65,Refunded
733,41629,Quality Issue,3193.8,Refunded
734,48029,Quality Issue,4023.56,Refunded
735,30165,Late Delivery,16050.69,Refunded
736,44087,Damaged,15227.45,Refunded
737,3383,Wrong Product,15996.9,Refunded
738,27373,Quality Issue,14997.53,Refunded
739,40757,Wrong Product,14306.77,Refunded
740,19522,Customer Changed Mind,24194.3,Refunded
741,12285,Damaged,12698.58,Refunded
742,37768,Late Delivery,23802.79,Refunded
743,36775,Damaged,28697.47,Refunded
744,29339,Wrong Product,8076.78,Refunded
745,46566,Late Delivery,3907.78,Refunded
746,29147,Damaged,10515.79,Refunded
747,30536,Customer Changed Mind,20378.33,Refunded
748,31226,Wrong Product,14154.11,Refunded
749,23409,Customer Changed Mind,2085.78,Refunded
750,8319,Damaged,9512.84,Refunded
751,22554,Customer Changed Mind,4382.79,Refunded
752,12933,Customer Changed Mind,20158.3,Refunded
753,22562,Late Delivery,15302.9,Refunded
754,4574,Wrong Product,13975.88,Refunded
755,15282,Customer Changed Mind,2232.48,Refunded
756,6084,Customer Changed Mind,2244.5,Refunded
757,46182,Quality Issue,3857.77,Refunded
758,23061,Late Delivery,24944.78,Refunded
759,28915,Wrong Product,12464.9,Refunded
760,14963,Customer Changed Mind,6455.2,Refunded
761,31711,Customer Changed Mind,18803.0,Refunded
762,39913,Wrong Product,12837.49,Refunded
763,32337,Late Delivery,22438.75,Refunded
764,31281,Quality Issue,24224.96,Refunded
765,25347,Quality Issue,9307.76,Refunded
766,12566,Late Delivery,20678.65,Refunded
767,31991,Wrong Product,16235.38,Refunded
768,14193,Quality Issue,9709.39,Refunded
769,28434,Customer Changed Mind,2605.22,Refunded
770,4650,Customer Changed Mind,21793.59,Refunded
771,44515,Quality Issue,25632.97,Refunded
772,49684,Customer Changed Mind,22567.98,Refunded
773,34782,Customer Changed Mind,25281.31,Refunded
774,44545,Quality Issue,21769.9,Refunded
775,4656,Damaged,14257.15,Refunded
776,40600,Quality Issue,18514.33,Refunded
777,19603,Late Delivery,573.75,Refunded
778,38141,Wrong Product,7192.76,Refunded
779,7726,Quality Issue,2795.77,Refunded
780,8280,Late Delivery,12257.23,Refunded
781,42403,Customer Changed Mind,19346.97,Refunded
782,19781,Late Delivery,7025.98,Refunded
783,14853,Damaged,17438.33,Refunded
784,6832,Customer Changed Mind,1347.97,Refunded
785,17487,Wrong Product,5149.68,Refunded
786,42705,Late Delivery,22655.22,Refunded
787,48807,Customer Changed Mind,1460.33,Refunded
788,14321,Wrong Product,16119.23,Refunded
789,43013,Customer Changed Mind,6013.22,Refunded
790,22709,Late Delivery,8903.6,Refunded
791,22225,Late Delivery,13637.24,Refunded
792,26008,Quality Issue,24722.18,Refunded
793,22118,Quality Issue,7815.0,Refunded
794,29754,Late Delivery,16088.92,Refunded
795,31871,Damaged,16014.98,Refunded
796,46537,Wrong Product,8775.94,Refunded
797,2770,Late Delivery,11984.17,Refunded
798,17868,Customer Changed Mind,15544.63,Refunded
799,40893,Quality Issue,14345.39,Refunded
800,16762,Late Delivery,9148.04,Refunded
801,25202,Customer Changed Mind,22820.83,Refunded
802,36244,Wrong Product,9573.68,Refunded
803,38792,Damaged,6781.62,Refunded
804,35535,Customer Changed Mind,22436.13,Refunded
805,7465,Quality Issue,4338.56,Refunded
806,33604,Late Delivery,1654.56,Refunded
807,24192,Wrong Product,3635.71,Refunded
808,28151,Quality Issue,21246.39,Refunded
809,1102,Damaged,27105.42,Refunded
810,49497,Wrong Product,13629.2,Refunded
811,8445,Wrong Product,15470.05,Refunded
812,21797,Quality Issue,14345.75,Refunded
813,40303,Late Delivery,8012.66,Refunded
814,20574,Late Delivery,18329.05,Refunded
815,16748,Damaged,11666.26,Refunded
816,46508,Late Delivery,16806.44,Refunded
817,19621,Quality Issue,11651.1,Refunded
818,3522,Quality Issue,8320.1,Refunded
819,12721,Customer Changed Mind,8584.35,Refunded
820,16260,Customer Changed Mind,17147.57,Refunded
821,39375,Wrong Product,5957.01,Refunded
822,27232,Customer Changed Mind,19879.8,Refunded
823,26683,Quality Issue,7166.75,Refunded
824,49400,Late Delivery,16886.88,Refunded
825,36177,Quality Issue,15833.17,Refunded
826,21460,Late Delivery,23306.26,Refunded
827,31939,Damaged,10053.59,Refunded
828,15199,Damaged,12367.31,Refunded
829,48323,Customer Changed Mind,10168.07,Refunded
830,31949,Damaged,6493.67,Refunded
831,31104,Quality Issue,15871.8,Refunded
832,14910,Damaged,23507.11,Refunded
833,39149,Quality Issue,14533.43,Refunded
834,5665,Wrong Product,22418.22,Refunded
835,13506,Quality Issue,20272.7,Refunded
836,40412,Damaged,17034.6,Refunded
837,11603,Late Delivery,25941.36,Refunded
838,21354,Late Delivery,17901.54,Refunded
839,10038,Wrong Product,24510.69,Refunded
840,21514,Damaged,9141.02,Refunded
841,49410,Wrong Product,15914.88,Refunded
842,6109,Wrong Product,14324.89,Refunded
843,2421,Wrong Product,10552.38,Refunded
844,30613,Wrong Product,12579.12,Refunded
845,35374,Damaged,17906.72,Refunded
846,27957,Quality Issue,15942.74,Refunded
847,11058,Late Delivery,11479.44,Refunded
848,5108,Late Delivery,18626.69,Refunded
849,29383,Quality Issue,20729.18,Refunded
850,5756,Quality Issue,8118.56,Refunded
851,19539,Quality Issue,10120.84,Refunded
852,12357,Damaged,10128.28,Refunded
853,47991,Customer Changed Mind,17570.98,Refunded
854,16250,Customer Changed Mind,13238.76,Refunded
855,32711,Quality Issue,23452.05,Refunded
856,43778,Customer Changed Mind,12137.31,Refunded
857,11324,Customer Changed Mind,20285.17,Refunded
858,13649,Late Delivery,14556.0,Refunded
859,39192,Quality Issue,24123.75,Refunded
860,11872,Customer Changed Mind,13557.96,Refunded
861,22119,Late Delivery,17115.06,Refunded
862,34088,Wrong Product,2693.83,Refunded
863,23843,Late Delivery,11003.16,Refunded
864,31591,Wrong Product,6990.74,Refunded
865,42729,Wrong Product,9545.99,Refunded
866,1537,Late Delivery,26952.33,Refunded
867,37859,Customer Changed Mind,6130.83,Refunded
868,45341,Damaged,19845.32,Refunded
869,9525,Quality Issue,20760.68,Refunded
870,28527,Customer Changed Mind,8583.31,Refunded
871,40925,Late Delivery,15723.31,Refunded
872,37374,Late Delivery,10388.71,Refunded
873,35700,Customer Changed Mind,1094.77,Refunded
874,226,Late Delivery,16819.79,Refunded
875,10984,Quality Issue,14665.79,Refunded
876,29116,Customer Changed Mind,12694.76,Refunded
877,49925,Damaged,19685.49,Refunded
878,34964,Customer Changed Mind,22844.67,Refunded
879,30745,Customer Changed Mind,22034.1,Refunded
880,3026,Wrong Product,2338.33,Refunded
881,21613,Quality Issue,4038.5,Refunded
882,22163,Customer Changed Mind,8208.83,Refunded
883,17114,Late Delivery,5045.61,Refunded
884,24182,Late Delivery,6347.31,Refunded
885,38313,Customer Changed Mind,20535.2,Refunded
886,40589,Late Delivery,19705.35,Refunded
887,13734,Damaged,10130.44,Refunded
888,13118,Wrong Product,23588.14,Refunded
889,39334,Damaged,16896.12,Refunded
890,18530,Customer Changed Mind,1483.62,Refunded
891,40094,Wrong Product,8230.39,Refunded
892,1445,Late Delivery,4380.93,Refunded
893,28790,Customer Changed Mind,12570.72,Refunded
894,34687,Quality Issue,11289.39,Refunded
895,2995,Wrong Product,2318.48,Refunded
896,21805,Wrong Product,18529.78,Refunded
897,22944,Late Delivery,16360.05,Refunded
898,16385,Damaged,20175.83,Refunded
899,22904,Customer Changed Mind,6866.06,Refunded
900,7028,Customer Changed Mind,5795.01,Refunded
901,33213,Late Delivery,19023.11,Refunded
902,27828,Late Delivery,7635.14,Refunded
903,33373,Wrong Product,3506.69,Refunded
904,35179,Wrong Product,23035.2,Refunded
905,41593,Customer Changed Mind,25742.43,Refunded
906,23319,Late Delivery,3970.16,Refunded
907,21492,Wrong Product,20978.49,Refunded
908,21587,Damaged,6912.04,Refunded
909,23959,Damaged,20670.16,Refunded
910,48444,Quality Issue,3726.38,Refunded
911,44991,Wrong Product,13241.26,Refunded
912,1746,Wrong Product,18639.87,Refunded
913,24135,Damaged,5048.25,Refunded
914,30903,Quality Issue,16717.54,Refunded
915,11522,Late Delivery,12164.34,Refunded
916,48635,Late Delivery,18045.48,Refunded
917,49935,Wrong Product,5721.27,Refunded
918,14108,Late Delivery,20456.43,Refunded
919,10970,Customer Changed Mind,10676.27,Refunded
920,9057,Late Delivery,8885.53,Refunded
921,47040,Quality Issue,23939.63,Refunded
922,37939,Late Delivery,4397.08,Refunded
923,43065,Wrong Product,8619.73,Refunded
924,26912,Late Delivery,22129.93,Refunded
925,6671,Late Delivery,19805.11,Refunded
926,5196,Customer Changed Mind,9949.67,Refunded
927,45750,Wrong Product,22597.05,Refunded
928,9451,Damaged,23438.1,Refunded
929,45781,Quality Issue,13985.24,Refunded
930,48754,Damaged,4488.8,Refunded
931,365,Late Delivery,6353.76,Refunded
932,8332,Late Delivery,16038.22,Refunded
933,32520,Damaged,13039.94,Refunded
934,23714,Quality Issue,23289.54,Refunded
935,46548,Customer Changed Mind,14383.4,Refunded
936,7872,Customer Changed Mind,23057.69,Refunded
937,31232,Wrong Product,21960.39,Refunded
938,38940,Wrong Product,3841.09,Refunded
939,4431,Damaged,16947.25,Refunded
940,37665,Customer Changed Mind,20840.35,Refunded
941,43432,Customer Changed Mind,20123.75,Refunded
942,18160,Wrong Product,1980.24,Refunded
943,38996,Late Delivery,21336.41,Refunded
944,10962,Late Delivery,903.06,Refunded
945,6503,Customer Changed Mind,23942.2,Refunded
946,36629,Quality Issue,3187.57,Refunded
947,23810,Late Delivery,6394.91,Refunded
948,34616,Wrong Product,15798.6,Refunded
949,17197,Customer Changed Mind,12957.44,Refunded
950,34090,Late Delivery,712.25,Refunded
951,18081,Wrong Product,12889.09,Refunded
952,939,Customer Changed Mind,21867.07,Refunded
953,46975,Damaged,23182.98,Refunded
954,12,Late Delivery,3448.5,Refunded
955,27420,Customer Changed Mind,26527.7,Refunded
956,2076,Quality Issue,22552.76,Refunded
957,2790,Damaged,16926.8,Refunded
958,40363,Quality Issue,5587.63,Refunded
959,7771,Damaged,12020.78,Refunded
960,10989,Customer Changed Mind,11677.75,Refunded
961,44845,Customer Changed Mind,24962.72,Refunded
962,10631,Damaged,21914.06,Refunded
963,2799,Customer Changed Mind,22941.29,Refunded
964,18927,Customer Changed Mind,10609.01,Refunded
965,33889,Damaged,18231.34,Refunded
966,30989,Damaged,17395.79,Refunded
967,33368,Damaged,17093.27,Refunded
968,44144,Late Delivery,19273.3,Refunded
969,45909,Quality Issue,3464.79,Refunded
970,15758,Customer Changed Mind,8653.73,Refunded
971,2549,Quality Issue,2983.24,Refunded
972,30796,Wrong Product,5873.12,Refunded
973,14979,Wrong Product,16250.62,Refunded
974,39068,Late Delivery,12979.59,Refunded
975,2248,Damaged,12743.55,Refunded
976,16429,Wrong Product,1361.75,Refunded
977,2321,Late Delivery,15596.95,Refunded
978,5149,Quality Issue,20632.13,Refunded
979,14793,Late Delivery,23221.41,Refunded
980,18515,Late Delivery,19880.32,Refunded
981,31545,Quality Issue,18601.48,Refunded
982,43028,Wrong Product,4495.23,Refunded
983,47001,Quality Issue,24775.24,Refunded
984,22093,Damaged,9470.83,Refunded
985,38573,Wrong Product,15947.04,Refunded
986,28102,Wrong Product,2467.07,Refunded
987,6770,Late Delivery,7437.77,Refunded
988,40769,Damaged,26149.17,Refunded
989,29575,Damaged,22291.71,Refunded
990,13059,Quality Issue,27863.57,Refunded
991,3446,Quality Issue,20960.97,Refunded
992,29098,Wrong Product,14808.14,Refunded
993,702,Late Delivery,4779.14,Refunded
994,41979,Late Delivery,21726.17,Refunded
995,21451,Customer Changed Mind,6513.92,Refunded
996,27131,Customer Changed Mind,19824.87,Refunded
997,23202,Quality Issue,4541.96,Refunded
998,30735,Wrong Product,19297.12,Refunded
999,10577,Quality Issue,22358.06,Refunded
1000,47138,Customer Changed Mind,23899.11,Refunded
1001,7138,Damaged,23057.53,Refunded
1002,30562,Damaged,11826.24,Refunded
1003,49872,Customer Changed Mind,10316.41,Refunded
1004,22742,Customer Changed Mind,7532.94,Refunded
1005,33892,Customer Changed Mind,13042.17,Refunded
1006,49421,Quality Issue,18926.99,Refunded
1007,4777,Wrong Product,7680.94,Refunded
1008,13532,Quality Issue,19834.59,Refunded
1009,5063,Late Delivery,12872.01,Refunded
1010,2900,Late Delivery,11351.16,Refunded
1011,34031,Quality Issue,2608.99,Refunded
1012,30669,Quality Issue,23834.43,Refunded
1013,47611,Customer Changed Mind,22523.82,Refunded
1014,49739,Late Delivery,16108.45,Refunded
1015,11900,Late Delivery,11186.75,Refunded
1016,5055,Customer Changed Mind,23604.36,Refunded
1017,12631,Late Delivery,20774.35,Refunded
1018,44396,Wrong Product,3503.68,Refunded
1019,19558,Wrong Product,8449.71,Refunded
1020,43297,Wrong Product,1318.72,Refunded
1021,18219,Wrong Product,6686.57,Refunded
1022,30398,Wrong Product,13078.94,Refunded
1023,8186,Customer Changed Mind,6732.89,Refunded
1024,48576,Quality Issue,12029.73,Refunded
1025,1105,Damaged,23206.62,Refunded
1026,27216,Customer Changed Mind,3554.05,Refunded
1027,14602,Wrong Product,11964.07,Refunded
1028,38530,Damaged,19456.55,Refunded
1029,43429,Damaged,18410.19,Refunded
1030,39692,Wrong Product,10692.94,Refunded
1031,35410,Wrong Product,10676.75,Refunded
1032,36225,Wrong Product,22665.51,Refunded
1033,29565,Customer Changed Mind,19306.83,Refunded
1034,18626,Customer Changed Mind,10829.3,Refunded
1035,31692,Damaged,25501.99,Refunded
1036,37716,Customer Changed Mind,15488.44,Refunded
1037,31687,Wrong Product,9884.41,Refunded
1038,47415,Damaged,18583.72,Refunded
1039,19420,Customer Changed Mind,24391.66,Refunded
1040,33152,Damaged,20456.09,Refunded
1041,7309,Damaged,4579.87,Refunded
1042,22995,Damaged,18775.31,Refunded
1043,42969,Customer Changed Mind,12833.11,Refunded
1044,8067,Wrong Product,25549.47,Refunded
1045,48979,Late Delivery,13529.84,Refunded
1046,18069,Late Delivery,12362.75,Refunded
1047,21937,Damaged,27686.48,Refunded
1048,44092,Quality Issue,7075.96,Refunded
1049,6432,Wrong Product,25635.19,Refunded
1050,25544,Damaged,22698.27,Refunded
1051,39817,Quality Issue,13571.67,Refunded
1052,22149,Quality Issue,14674.57,Refunded
1053,3827,Customer Changed Mind,11206.34,Refunded
1054,5090,Quality Issue,11343.54,Refunded
1055,12984,Quality Issue,28043.34,Refunded
1056,26696,Wrong Product,23975.66,Refunded
1057,13405,Wrong Product,19526.08,Refunded
1058,18107,Quality Issue,11177.07,Refunded
1059,461,Quality Issue,2418.79,Refunded
1060,19789,Customer Changed Mind,5467.09,Refunded
1061,36487,Late Delivery,14956.41,Refunded
1062,32386,Damaged,10647.75,Refunded
1063,38431,Customer Changed Mind,27432.46,Refunded
1064,19508,Late Delivery,27641.73,Refunded
1065,48629,Quality Issue,16259.27,Refunded
1066,20484,Customer Changed Mind,16039.01,Refunded
1067,35679,Quality Issue,24929.93,Refunded
1068,37906,Customer Changed Mind,17923.2,Refunded
1069,11953,Late Delivery,9910.28,Refunded
1070,16908,Damaged,18502.01,Refunded
1071,19579,Late Delivery,24222.86,Refunded
1072,498,Damaged,2838.39,Refunded
1073,48328,Customer Changed Mind,18716.95,Refunded
1074,4986,Late Delivery,24092.02,Refunded
1075,48204,Damaged,11651.91,Refunded
1076,19939,Wrong Product,10063.03,Refunded
1077,5978,Quality Issue,24616.95,Refunded
1078,20102,Customer Changed Mind,21065.91,Refunded
1079,4987,Damaged,8937.59,Refunded
1080,19607,Quality Issue,20339.86,Refunded
1081,6981,Damaged,20522.99,Refunded
1082,10497,Customer Changed Mind,5326.06,Refunded
1083,245,Damaged,8805.99,Refunded
1084,10544,Wrong Product,26490.01,Refunded
1085,13889,Late Delivery,19916.35,Refunded
1086,20147,Quality Issue,15134.69,Refunded
1087,29439,Wrong Product,21908.52,Refunded
1088,41252,Customer Changed Mind,2700.13,Refunded
1089,5733,Wrong Product,4512.45,Refunded
1090,34513,Customer Changed Mind,16847.57,Refunded
1091,28996,Quality Issue,10758.6,Refunded
1092,28013,Customer Changed Mind,17888.93,Refunded
1093,21326,Late Delivery,9490.99,Refunded
1094,5442,Damaged,8052.29,Refunded
1095,16659,Late Delivery,726.84,Refunded
1096,12373,Quality Issue,24341.12,Refunded
1097,4355,Wrong Product,6386.52,Refunded
1098,27182,Customer Changed Mind,10529.05,Refunded
1099,26264,Damaged,20249.87,Refunded
1100,31652,Late Delivery,13064.66,Refunded
1101,10921,Late Delivery,9433.64,Refunded
1102,33470,Damaged,22398.55,Refunded
1103,35321,Damaged,26291.04,Refunded
1104,43172,Damaged,23490.51,Refunded
1105,34250,Damaged,18671.68,Refunded
1106,38749,Damaged,2727.64,Refunded
1107,18696,Wrong Product,12718.7,Refunded
1108,12180,Late Delivery,10587.78,Refunded
1109,31929,Damaged,13910.76,Refunded
1110,36605,Quality Issue,5114.45,Refunded
1111,17509,Damaged,6721.41,Refunded
1112,38325,Quality Issue,10374.84,Refunded
1113,40300,Damaged,24032.46,Refunded
1114,46024,Damaged,13486.65,Refunded
1115,20857,Damaged,18897.77,Refunded
1116,49931,Wrong Product,23156.98,Refunded
1117,18384,Customer Changed Mind,10519.45,Refunded
1118,14541,Customer Changed Mind,17165.26,Refunded
1119,46972,Damaged,19225.16,Refunded
1120,41395,Quality Issue,16878.28,Refunded
1121,44746,Wrong Product,2890.46,Refunded
1122,41580,Late Delivery,25617.72,Refunded
1123,20976,Damaged,3014.67,Refunded
1124,24035,Quality Issue,15884.69,Refunded
1125,7642,Damaged,20260.96,Refunded
1126,1512,Late Delivery,22687.92,Refunded
1127,13413,Customer Changed Mind,7865.47,Refunded
1128,966,Wrong Product,13162.48,Refunded
1129,6521,Late Delivery,1458.95,Refunded
1130,18717,Customer Changed Mind,22137.72,Refunded
1131,8200,Customer Changed Mind,4199.43,Refunded
1132,27310,Quality Issue,27316.69,Refunded
1133,17644,Quality Issue,737.46,Refunded
1134,29502,Quality Issue,10953.33,Refunded
1135,26096,Quality Issue,20884.4,Refunded
1136,15339,Late Delivery,20211.07,Refunded
1137,23123,Customer Changed Mind,8688.24,Refunded
1138,17241,Damaged,8849.33,Refunded
1139,47555,Damaged,23636.79,Refunded
1140,10965,Quality Issue,8124.02,Refunded
1141,29545,Quality Issue,17924.87,Refunded
1142,15692,Damaged,17923.07,Refunded
1143,33838,Late Delivery,24189.44,Refunded
1144,24111,Damaged,23554.23,Refunded
1145,32969,Wrong Product,19143.21,Refunded
1146,30659,Late Delivery,14695.74,Refunded
1147,25951,Customer Changed Mind,12415.91,Refunded
1148,16620,Late Delivery,2701.52,Refunded
1149,23871,Damaged,20175.67,Refunded
1150,3046,Quality Issue,19353.49,Refunded
1151,31952,Damaged,22587.87,Refunded
1152,19279,Late Delivery,9253.22,Refunded
1153,26717,Customer Changed Mind,18337.5,Refunded
1154,47985,Quality Issue,16027.62,Refunded
1155,130,Wrong Product,23468.76,Refunded
1156,13307,Customer Changed Mind,13098.9,Refunded
1157,45286,Wrong Product,14996.4,Refunded
1158,47740,Customer Changed Mind,8971.48,Refunded
1159,32985,Damaged,23294.32,Refunded
1160,32639,Quality Issue,13097.29,Refunded
1161,47929,Late Delivery,22210.1,Refunded
1162,19477,Damaged,14284.46,Refunded
1163,33614,Customer Changed Mind,2972.16,Refunded
1164,2518,Quality Issue,21274.67,Refunded
1165,8472,Damaged,12045.67,Refunded
1166,11379,Customer Changed Mind,12397.74,Refunded
1167,20478,Late Delivery,3440.67,Refunded
1168,39957,Damaged,19946.66,Refunded
1169,43511,Wrong Product,13357.73,Refunded
1170,19850,Customer Changed Mind,14745.2,Refunded
1171,4643,Quality Issue,23399.83,Refunded
1172,3283,Customer Changed Mind,7746.28,Refunded
1173,23161,Late Delivery,21488.55,Refunded
1174,5855,Late Delivery,6316.3,Refunded
1175,16765,Quality Issue,12194.19,Refunded
1176,26561,Wrong Product,17355.02,Refunded
1177,44757,Quality Issue,12448.67,Refunded
1178,10293,Late Delivery,4342.34,Refunded
1179,36052,Quality Issue,11059.9,Refunded
1180,8201,Late Delivery,7726.52,Refunded
1181,37130,Wrong Product,9528.58,Refunded
1182,37963,Customer Changed Mind,2871.87,Refunded
1183,34279,Customer Changed Mind,11252.65,Refunded
1184,49353,Quality Issue,23151.04,Refunded
1185,11006,Wrong Product,6519.07,Refunded
1186,38565,Damaged,5164.65,Refunded
1187,14567,Quality Issue,4885.62,Refunded
1188,8804,Wrong Product,14886.89,Refunded
1189,5784,Quality Issue,22236.58,Refunded
1190,27894,Customer Changed Mind,13850.58,Refunded
1191,49601,Customer Changed Mind,2725.85,Refunded
1192,1853,Wrong Product,18203.29,Refunded
1193,38971,Late Delivery,24310.98,Refunded
1194,4662,Quality Issue,1680.22,Refunded
1195,36748,Late Delivery,12195.56,Refunded
1196,31874,Quality Issue,6496.98,Refunded
1197,35561,Quality Issue,12802.9,Refunded
1198,30317,Quality Issue,23862.71,Refunded
1199,36753,Wrong Product,12931.96,Refunded
1200,12473,Damaged,13187.44,Refunded
1201,31133,Damaged,23024.37,Refunded
1202,6550,Damaged,8505.23,Refunded
1203,43699,Late Delivery,15250.25,Refunded
1204,6095,Late Delivery,3510.05,Refunded
1205,48901,Customer Changed Mind,19205.21,Refunded
1206,8033,Wrong Product,17633.2,Refunded
1207,33663,Customer Changed Mind,18946.27,Refunded
1208,5934,Late Delivery,23782.99,Refunded
1209,41359,Damaged,21824.13,Refunded
1210,46601,Wrong Product,6108.31,Refunded
1211,38418,Customer Changed Mind,16338.0,Refunded
1212,19756,Customer Changed Mind,7155.31,Refunded
1213,24383,Quality Issue,14653.84,Refunded
1214,1332,Customer Changed Mind,28373.27,Refunded
1215,29354,Damaged,6561.32,Refunded
1216,40483,Damaged,10061.93,Refunded
1217,36464,Quality Issue,11633.51,Refunded
1218,45637,Wrong Product,16332.13,Refunded
1219,30891,Customer Changed Mind,25962.75,Refunded
1220,12427,Late Delivery,22546.91,Refunded
1221,44007,Quality Issue,13550.85,Refunded
1222,20567,Late Delivery,8635.89,Refunded
1223,23990,Customer Changed Mind,5337.75,Refunded
1224,6401,Quality Issue,14052.24,Refunded
1225,3397,Damaged,27157.02,Refunded
1226,14636,Wrong Product,5068.64,Refunded
1227,21567,Wrong Product,13939.99,Refunded
1228,6225,Damaged,3870.36,Refunded
1229,6915,Wrong Product,12823.38,Refunded
1230,3210,Quality Issue,8345.85,Refunded
1231,11665,Wrong Product,5307.69,Refunded
1232,40120,Quality Issue,11420.32,Refunded
1233,32374,Late Delivery,2000.4,Refunded
1234,10685,Quality Issue,1200.89,Refunded
1235,10529,Late Delivery,16067.28,Refunded
1236,2935,Quality Issue,9906.58,Refunded
1237,28525,Customer Changed Mind,23339.56,Refunded
1238,9157,Damaged,2687.28,Refunded
1239,26682,Damaged,21225.98,Refunded
1240,14581,Damaged,3187.44,Refunded
1241,114,Late Delivery,4981.06,Refunded
1242,6862,Late Delivery,3286.32,Refunded
1243,40961,Customer Changed Mind,6485.72,Refunded
1244,36022,Quality Issue,8367.51,Refunded
1245,35247,Quality Issue,10504.23,Refunded
1246,34140,Quality Issue,12890.47,Refunded
1247,37973,Late Delivery,8742.75,Refunded
1248,5319,Damaged,15462.4,Refunded
1249,16346,Wrong Product,18848.08,Refunded
1250,48917,Quality Issue,16498.1,Refunded
1251,163,Late Delivery,4171.74,Refunded
1252,24506,Damaged,13138.79,Refunded
1253,35240,Quality Issue,16636.91,Refunded
1254,18343,Wrong Product,21882.75,Refunded
1255,14036,Quality Issue,18202.82,Refunded
1256,15826,Customer Changed Mind,3729.14,Refunded
1257,39438,Customer Changed Mind,1738.41,Refunded
1258,6008,Late Delivery,15812.73,Refunded
1259,22653,Quality Issue,23400.52,Refunded
1260,37149,Late Delivery,8094.0,Refunded
1261,43404,Late Delivery,22696.68,Refunded
1262,3549,Quality Issue,2937.3,Refunded
1263,8819,Late Delivery,16133.37,Refunded
1264,9084,Damaged,26985.77,Refunded
1265,38624,Damaged,19139.03,Refunded
1266,15786,Quality Issue,10386.01,Refunded
1267,11790,Wrong Product,15939.85,Refunded
1268,6838,Customer Changed Mind,14205.59,Refunded
1269,46824,Wrong Product,6760.61,Refunded
1270,12378,Quality Issue,13609.89,Refunded
1271,4235,Quality Issue,6719.22,Refunded
1272,38670,Damaged,9217.31,Refunded
1273,13375,Late Delivery,4971.85,Refunded
1274,8944,Damaged,8822.36,Refunded
1275,34093,Customer Changed Mind,20373.8,Refunded
1276,9930,Quality Issue,24292.14,Refunded
1277,16109,Late Delivery,8514.05,Refunded
1278,32562,Customer Changed Mind,20790.27,Refunded
1279,41733,Wrong Product,1698.16,Refunded
1280,17082,Late Delivery,23190.49,Refunded
1281,40885,Damaged,7877.93,Refunded
1282,6585,Damaged,18783.43,Refunded
1283,15187,Late Delivery,17241.72,Refunded
1284,24898,Late Delivery,12601.06,Refunded
1285,42235,Damaged,2560.12,Refunded
1286,17,Damaged,22597.94,Refunded
1287,5847,Quality Issue,25836.47,Refunded
1288,4337,Wrong Product,20886.73,Refunded
1289,2959,Damaged,6256.87,Refunded
1290,44041,Late Delivery,10218.13,Refunded
1291,3906,Wrong Product,25150.03,Refunded
1292,23514,Late Delivery,27207.97,Refunded
1293,31210,Customer Changed Mind,19584.03,Refunded
1294,12126,Wrong Product,19357.77,Refunded
1295,39975,Late Delivery,26737.05,Refunded
1296,46738,Wrong Product,23837.82,Refunded
1297,35828,Customer Changed Mind,21036.7,Refunded
1298,44035,Customer Changed Mind,23487.36,Refunded
1299,7430,Quality Issue,25287.81,Refunded
1300,47201,Wrong Product,7611.64,Refunded
1301,42683,Wrong Product,24918.78,Refunded
1302,20646,Wrong Product,7789.67,Refunded
1303,39771,Late Delivery,17323.91,Refunded
1304,21254,Customer Changed Mind,15894.5,Refunded
1305,11569,Damaged,24445.0,Refunded
1306,31839,Quality Issue,18394.83,Refunded
1307,40422,Damaged,15242.41,Refunded
1308,19514,Late Delivery,1680.43,Refunded
1309,12558,Wrong Product,17548.04,Refunded
1310,9033,Wrong Product,7637.22,Refunded
1311,44186,Late Delivery,12763.29,Refunded
1312,45977,Wrong Product,16714.68,Refunded
1313,6964,Customer Changed Mind,18894.78,Refunded
1314,32516,Quality Issue,19530.07,Refunded
1315,39775,Wrong Product,21826.48,Refunded
1316,34484,Customer Changed Mind,11918.0,Refunded
1317,3038,Customer Changed Mind,13832.41,Refunded
1318,10669,Wrong Product,4450.98,Refunded
1319,5939,Damaged,9351.23,Refunded
1320,28585,Wrong Product,19852.38,Refunded
1321,4232,Late Delivery,1329.85,Refunded
1322,5896,Customer Changed Mind,7091.54,Refunded
1323,30559,Late Delivery,15998.14,Refunded
1324,40324,Damaged,16887.19,Refunded
1325,41244,Customer Changed Mind,22198.56,Refunded
1326,10119,Wrong Product,14884.2,Refunded
1327,2331,Wrong Product,8508.78,Refunded
1328,33698,Late Delivery,14617.76,Refunded
1329,7980,Customer Changed Mind,10957.97,Refunded
1330,29327,Quality Issue,12547.28,Refunded
1331,25362,Customer Changed Mind,9535.7,Refunded
1332,43582,Damaged,780.22,Refunded
1333,8223,Late Delivery,8336.41,Refunded
1334,3737,Damaged,10646.11,Refunded
1335,33251,Customer Changed Mind,13350.12,Refunded
1336,14637,Late Delivery,19649.18,Refunded
1337,37938,Late Delivery,16509.98,Refunded
1338,23124,Late Delivery,22732.43,Refunded
1339,33381,Damaged,2519.83,Refunded
1340,26159,Quality Issue,16810.07,Refunded
1341,33534,Customer Changed Mind,23713.98,Refunded
1342,22577,Late Delivery,4618.59,Refunded
1343,31278,Quality Issue,24557.52,Refunded
1344,43129,Quality Issue,11360.03,Refunded
1345,27880,Wrong Product,12655.7,Refunded
1346,40059,Damaged,23580.51,Refunded
1347,15141,Quality Issue,640.33,Refunded
1348,33103,Damaged,20008.8,Refunded
1349,3134,Customer Changed Mind,9250.4,Refunded
1350,48912,Customer Changed Mind,5390.04,Refunded
1351,27655,Late Delivery,24795.1,Refunded
1352,18848,Customer Changed Mind,3165.57,Refunded
1353,45449,Customer Changed Mind,7592.93,Refunded
1354,35000,Customer Changed Mind,15602.48,Refunded
1355,17775,Damaged,3560.35,Refunded
1356,48682,Customer Changed Mind,15836.0,Refunded
1357,5549,Quality Issue,18554.4,Refunded
1358,16295,Late Delivery,8508.22,Refunded
1359,32190,Quality Issue,27756.35,Refunded
1360,48259,Quality Issue,18587.89,Refunded
1361,13694,Quality Issue,16411.14,Refunded
1362,11567,Customer Changed Mind,20879.08,Refunded
1363,8158,Late Delivery,25147.97,Refunded
1364,10062,Damaged,4216.9,Refunded
1365,15029,Late Delivery,28403.94,Refunded
1366,13089,Quality Issue,1683.89,Refunded
1367,32096,Late Delivery,16742.01,Refunded
1368,4562,Late Delivery,5846.79,Refunded
1369,22978,Customer Changed Mind,27352.29,Refunded
1370,16027,Quality Issue,19346.05,Refunded
1371,35011,Late Delivery,25522.48,Refunded
1372,33382,Customer Changed Mind,3239.08,Refunded
1373,32115,Late Delivery,8762.04,Refunded
1374,44606,Late Delivery,22917.47,Refunded
1375,25859,Wrong Product,15170.76,Refunded
1376,9394,Wrong Product,10923.03,Refunded
1377,36293,Customer Changed Mind,8385.89,Refunded
1378,35370,Customer Changed Mind,23506.95,Refunded
1379,40041,Wrong Product,12696.68,Refunded
1380,32250,Customer Changed Mind,12192.25,Refunded
1381,49697,Wrong Product,11884.92,Refunded
1382,34177,Late Delivery,16491.49,Refunded
1383,45642,Damaged,5765.53,Refunded
1384,4787,Late Delivery,15679.6,Refunded
1385,4395,Wrong Product,20635.25,Refunded
1386,12838,Quality Issue,11239.62,Refunded
1387,47055,Quality Issue,11954.63,Refunded
1388,40163,Damaged,4191.74,Refunded
1389,5805,Quality Issue,10793.84,Refunded
1390,5741,Customer Changed Mind,8651.87,Refunded
1391,9573,Late Delivery,19162.94,Refunded
1392,12999,Wrong Product,17126.81,Refunded
1393,43176,Customer Changed Mind,14316.58,Refunded
1394,47447,Wrong Product,5840.77,Refunded
1395,33279,Late Delivery,23203.82,Refunded
1396,38531,Wrong Product,5093.48,Refunded
1397,30406,Damaged,24624.07,Refunded
1398,36195,Customer Changed Mind,1541.46,Refunded
1399,30550,Quality Issue,23294.86,Refunded
1400,44743,Wrong Product,13650.13,Refunded
1401,33452,Customer Changed Mind,24409.18,Refunded
1402,38636,Wrong Product,25022.67,Refunded
1403,23728,Wrong Product,20289.05,Refunded
1404,8837,Late Delivery,6826.21,Refunded
1405,5147,Damaged,23442.72,Refunded
1406,31918,Wrong Product,5498.78,Refunded
1407,1186,Wrong Product,2600.51,Refunded
1408,22757,Customer Changed Mind,25990.38,Refunded
1409,13943,Quality Issue,22032.2,Refunded
1410,8314,Damaged,13097.17,Refunded
1411,39663,Late Delivery,24240.73,Refunded
1412,46020,Quality Issue,26006.9,Refunded
1413,39512,Late Delivery,23468.19,Refunded
1414,21117,Quality Issue,7926.7,Refunded
1415,34615,Customer Changed Mind,8338.6,Refunded
1416,28116,Late Delivery,1757.3,Refunded
1417,21246,Wrong Product,14136.93,Refunded
1418,2808,Wrong Product,13811.37,Refunded
1419,8141,Wrong Product,14675.6,Refunded
1420,5865,Late Delivery,6095.03,Refunded
1421,19725,Damaged,19368.68,Refunded
1422,28451,Customer Changed Mind,17575.49,Refunded
1423,37218,Wrong Product,20181.19,Refunded
1424,46334,Damaged,4920.71,Refunded
1425,12571,Wrong Product,15842.84,Refunded
1426,18977,Wrong Product,28305.62,Refunded
1427,29964,Wrong Product,2345.35,Refunded
1428,21871,Damaged,23692.84,Refunded
1429,9255,Quality Issue,17307.02,Refunded
1430,41445,Wrong Product,15017.12,Refunded
1431,8836,Damaged,21137.81,Refunded
1432,34353,Damaged,16171.53,Refunded
1433,42212,Late Delivery,21387.97,Refunded
1434,27335,Customer Changed Mind,6362.9,Refunded
1435,45752,Customer Changed Mind,13547.79,Refunded
1436,20028,Damaged,9826.08,Refunded
1437,8750,Damaged,4054.11,Refunded
1438,48172,Customer Changed Mind,4716.57,Refunded
1439,39752,Late Delivery,17203.43,Refunded
1440,40695,Customer Changed Mind,22632.09,Refunded
1441,16303,Customer Changed Mind,23133.36,Refunded
1442,18563,Quality Issue,23667.33,Refunded
1443,17016,Damaged,13290.69,Refunded
1444,14996,Late Delivery,15479.57,Refunded
1445,18691,Late Delivery,22957.94,Refunded
1446,9445,Late Delivery,14025.32,Refunded
1447,8767,Late Delivery,19264.37,Refunded
1448,28385,Damaged,11290.57,Refunded
1449,28274,Damaged,23117.45,Refunded
1450,48805,Wrong Product,18376.95,Refunded
1451,4201,Late Delivery,7239.13,Refunded
1452,14914,Late Delivery,1399.67,Refunded
1453,3095,Wrong Product,5204.33,Refunded
1454,8081,Late Delivery,28678.22,Refunded
1455,1010,Late Delivery,5755.51,Refunded
1456,5680,Customer Changed Mind,2409.45,Refunded
1457,3006,Damaged,16387.37,Refunded
1458,25536,Wrong Product,5514.19,Refunded
1459,16351,Customer Changed Mind,6528.36,Refunded
1460,11865,Quality Issue,16647.4,Refunded
1461,13105,Quality Issue,14537.7,Refunded
1462,5451,Customer Changed Mind,951.57,Refunded
1463,9232,Wrong Product,21992.62,Refunded
1464,23407,Wrong Product,23002.26,Refunded
1465,18418,Damaged,5070.63,Refunded
1466,33046,Damaged,2612.96,Refunded
1467,34375,Late Delivery,13933.3,Refunded
1468,5189,Quality Issue,20932.14,Refunded
1469,24494,Customer Changed Mind,22015.33,Refunded
1470,32809,Customer Changed Mind,6035.36,Refunded
1471,2818,Late Delivery,3692.36,Refunded
1472,21085,Late Delivery,6699.3,Refunded
1473,20386,Late Delivery,22043.99,Refunded
1474,7882,Quality Issue,16190.18,Refunded
1475,24210,Late Delivery,1619.74,Refunded
1476,27349,Late Delivery,21733.18,Refunded
1477,31488,Quality Issue,23873.69,Refunded
1478,25851,Damaged,23222.76,Refunded
1479,27930,Late Delivery,10161.72,Refunded
1480,5912,Quality Issue,14809.74,Refunded
1481,16095,Quality Issue,20527.62,Refunded
1482,27959,Late Delivery,20739.77,Refunded
1483,45386,Wrong Product,3510.87,Refunded
1484,18121,Late Delivery,20534.03,Refunded
1485,13863,Wrong Product,1075.53,Refunded
1486,8095,Wrong Product,20858.83,Refunded
1487,30448,Quality Issue,12497.97,Refunded
1488,7905,Wrong Product,19077.29,Refunded
1489,7406,Quality Issue,22974.98,Refunded
1490,14461,Late Delivery,5337.54,Refunded
1491,2908,Wrong Product,3471.17,Refunded
1492,38110,Wrong Product,21455.7,Refunded
1493,24694,Customer Changed Mind,13430.72,Refunded
1494,5104,Customer Changed Mind,12017.76,Refunded
1495,77,Late Delivery,10431.09,Refunded
1496,1917,Damaged,24256.41,Refunded
1497,40258,Quality Issue,19823.99,Refunded
1498,47250,Customer Changed Mind,17456.47,Refunded
1499,41619,Late Delivery,2732.9,Refunded
1500,2932,Late Delivery,11597.52,Refunded
1501,12166,Wrong Product,23442.33,Refunded
1502,15948,Quality Issue,18060.22,Refunded
1503,42088,Damaged,23104.49,Refunded
1504,26509,Customer Changed Mind,14184.3,Refunded
1505,39153,Damaged,24522.6,Refunded
1506,2727,Late Delivery,9168.12,Refunded
1507,33038,Customer Changed Mind,5891.75,Refunded
1508,6721,Wrong Product,27748.43,Refunded
1509,4770,Customer Changed Mind,15799.34,Refunded
1510,28679,Late Delivery,3280.3,Refunded
1511,38769,Damaged,22578.41,Refunded
1512,31288,Damaged,20505.87,Refunded
1513,43321,Customer Changed Mind,14966.49,Refunded
1514,23060,Late Delivery,1850.81,Refunded
1515,7068,Quality Issue,11915.48,Refunded
1516,39812,Damaged,19707.39,Refunded
1517,27328,Quality Issue,19585.86,Refunded
1518,1191,Wrong Product,5383.04,Refunded
1519,20010,Late Delivery,27045.49,Refunded
1520,20730,Wrong Product,6873.12,Refunded
1521,41930,Customer Changed Mind,20782.84,Refunded
1522,2266,Late Delivery,12853.09,Refunded
1523,1816,Quality Issue,16123.03,Refunded
1524,23258,Wrong Product,12617.27,Refunded
1525,37458,Quality Issue,18347.61,Refunded
1526,29020,Quality Issue,3561.19,Refunded
1527,21090,Wrong Product,10065.04,Refunded
1528,20205,Damaged,7834.65,Refunded
1529,33594,Late Delivery,23343.03,Refunded
1530,26749,Customer Changed Mind,8129.16,Refunded
1531,32406,Late Delivery,5226.83,Refunded
1532,18826,Customer Changed Mind,9425.18,Refunded
1533,9925,Wrong Product,3781.88,Refunded
1534,17119,Quality Issue,10263.89,Refunded
1535,35305,Customer Changed Mind,13850.41,Refunded
1536,5481,Customer Changed Mind,4937.83,Refunded
1537,6039,Wrong Product,27635.52,Refunded
1538,28229,Late Delivery,2644.0,Refunded
1539,41946,Wrong Product,7586.63,Refunded
1540,14594,Quality Issue,10971.2,Refunded
1541,41312,Late Delivery,23828.1,Refunded
1542,33047,Late Delivery,8420.6,Refunded
1543,18676,Wrong Product,3802.11,Refunded
1544,8431,Quality Issue,24756.78,Refunded
1545,34336,Late Delivery,2820.47,Refunded
1546,21134,Damaged,15961.88,Refunded
1547,22023,Wrong Product,14036.57,Refunded
1548,10202,Quality Issue,9801.72,Refunded
1549,40322,Quality Issue,16361.17,Refunded
1550,14089,Wrong Product,17110.81,Refunded
1551,20068,Quality Issue,16166.39,Refunded
1552,12489,Wrong Product,15026.41,Refunded
1553,31102,Late Delivery,4565.64,Refunded
1554,9657,Late Delivery,10484.45,Refunded
1555,12920,Quality Issue,15177.32,Refunded
1556,3707,Quality Issue,1788.71,Refunded
1557,37099,Customer Changed Mind,21086.58,Refunded
1558,38256,Damaged,23919.83,Refunded
1559,11673,Wrong Product,19392.89,Refunded
1560,40608,Late Delivery,16683.88,Refunded
1561,30184,Customer Changed Mind,23116.32,Refunded
1562,16052,Customer Changed Mind,21705.86,Refunded
1563,8136,Customer Changed Mind,18913.16,Refunded
1564,30263,Late Delivery,18558.4,Refunded
1565,26780,Quality Issue,9447.26,Refunded
1566,25181,Customer Changed Mind,17579.9,Refunded
1567,39453,Damaged,22476.97,Refunded
1568,46684,Wrong Product,17953.4,Refunded
1569,40106,Quality Issue,15810.72,Refunded
1570,33266,Late Delivery,23239.37,Refunded
1571,35287,Late Delivery,20647.71,Refunded
1572,24851,Damaged,11973.47,Refunded
1573,25498,Customer Changed Mind,12778.5,Refunded
1574,22239,Quality Issue,11565.74,Refunded
1575,13239,Late Delivery,19342.63,Refunded
1576,22037,Late Delivery,2353.56,Refunded
1577,20847,Damaged,19640.28,Refunded
1578,47790,Customer Changed Mind,14032.35,Refunded
1579,11902,Late Delivery,13407.02,Refunded
1580,13028,Late Delivery,6280.27,Refunded
1581,12822,Wrong Product,29030.47,Refunded
1582,14258,Quality Issue,20318.88,Refunded
1583,13848,Damaged,13018.8,Refunded
1584,35323,Wrong Product,16103.58,Refunded
1585,26160,Wrong Product,5174.53,Refunded
1586,43018,Quality Issue,16320.5,Refunded
1587,25667,Customer Changed Mind,8867.17,Refunded
1588,42796,Quality Issue,598.74,Refunded
1589,37871,Wrong Product,6882.67,Refunded
1590,26141,Wrong Product,12667.97,Refunded
1591,19649,Wrong Product,1252.27,Refunded
1592,40815,Wrong Product,8922.16,Refunded
1593,32089,Late Delivery,27293.43,Refunded
1594,31940,Quality Issue,11670.1,Refunded
1595,25349,Late Delivery,3204.22,Refunded
1596,26231,Quality Issue,12751.83,Refunded
1597,38924,Late Delivery,20363.62,Refunded
1598,35210,Late Delivery,12084.0,Refunded
1599,28595,Quality Issue,8764.46,Refunded
1600,29663,Damaged,14220.58,Refunded
1601,47539,Damaged,7180.65,Refunded
1602,28391,Customer Changed Mind,11501.85,Refunded
1603,21965,Quality Issue,26213.07,Refunded
1604,42158,Quality Issue,3971.41,Refunded
1605,15149,Damaged,17933.5,Refunded
1606,15685,Quality Issue,11795.64,Refunded
1607,33538,Wrong Product,2650.11,Refunded
1608,14189,Customer Changed Mind,7449.11,Refunded
1609,12063,Wrong Product,22413.67,Refunded
1610,13490,Late Delivery,26848.55,Refunded
1611,40788,Damaged,10594.04,Refunded
1612,23004,Customer Changed Mind,8984.61,Refunded
1613,10107,Customer Changed Mind,16736.88,Refunded
1614,42579,Damaged,10757.74,Refunded
1615,26524,Late Delivery,26673.4,Refunded
1616,43350,Quality Issue,15876.17,Refunded
1617,16838,Customer Changed Mind,19440.56,Refunded
1618,34078,Late Delivery,6701.43,Refunded
1619,25197,Wrong Product,18998.83,Refunded
1620,4732,Late Delivery,24304.54,Refunded
1621,18693,Damaged,13379.83,Refunded
1622,5456,Quality Issue,20591.65,Refunded
1623,14975,Damaged,19723.67,Refunded
1624,30381,Wrong Product,10767.96,Refunded
1625,9160,Customer Changed Mind,26508.5,Refunded
1626,21572,Late Delivery,15035.43,Refunded
1627,15941,Wrong Product,18391.42,Refunded
1628,16047,Quality Issue,18413.04,Refunded
1629,30328,Quality Issue,3328.53,Refunded
1630,49147,Customer Changed Mind,8578.27,Refunded
1631,6193,Quality Issue,6301.37,Refunded
1632,6520,Damaged,14686.03,Refunded
1633,38306,Wrong Product,9396.08,Refunded
1634,10575,Customer Changed Mind,4539.64,Refunded
1635,18031,Damaged,23759.13,Refunded
1636,48057,Late Delivery,20120.47,Refunded
1637,40931,Quality Issue,26521.09,Refunded
1638,9668,Wrong Product,2655.68,Refunded
1639,43052,Customer Changed Mind,13312.37,Refunded
1640,38538,Wrong Product,18668.84,Refunded
1641,14999,Wrong Product,18810.52,Refunded
1642,44411,Late Delivery,9439.33,Refunded
1643,493,Customer Changed Mind,10807.22,Refunded
1644,4924,Customer Changed Mind,7731.04,Refunded
1645,37019,Customer Changed Mind,1774.91,Refunded
1646,41722,Late Delivery,21139.05,Refunded
1647,40806,Late Delivery,15117.01,Refunded
1648,7109,Wrong Product,24580.44,Refunded
1649,37368,Late Delivery,28310.7,Refunded
1650,47007,Damaged,11131.73,Refunded
1651,2939,Quality Issue,19436.41,Refunded
1652,15609,Quality Issue,22387.13,Refunded
1653,4802,Quality Issue,3523.28,Refunded
1654,6200,Wrong Product,4167.26,Refunded
1655,14194,Customer Changed Mind,11181.3,Refunded
1656,12015,Late Delivery,15511.22,Refunded
1657,42094,Customer Changed Mind,11506.08,Refunded
1658,47554,Late Delivery,14385.21,Refunded
1659,17575,Late Delivery,2870.89,Refunded
1660,47639,Wrong Product,9675.43,Refunded
1661,13385,Wrong Product,10097.6,Refunded
1662,20698,Customer Changed Mind,4462.36,Refunded
1663,46563,Damaged,18061.3,Refunded
1664,44829,Damaged,11907.51,Refunded
1665,30302,Wrong Product,25042.35,Refunded
1666,28589,Damaged,20498.57,Refunded
1667,38360,Wrong Product,2414.51,Refunded
1668,6591,Quality Issue,19912.49,Refunded
1669,25279,Damaged,11205.94,Refunded
1670,11538,Quality Issue,12789.51,Refunded
1671,43390,Customer Changed Mind,13748.46,Refunded
1672,16313,Quality Issue,15249.08,Refunded
1673,3778,Late Delivery,10660.65,Refunded
1674,9537,Quality Issue,5456.58,Refunded
1675,1340,Damaged,9567.62,Refunded
1676,32035,Late Delivery,18573.25,Refunded
1677,5294,Damaged,7974.72,Refunded
1678,19154,Damaged,5008.87,Refunded
1679,19008,Damaged,12786.26,Refunded
1680,27264,Wrong Product,10493.69,Refunded
1681,21749,Customer Changed Mind,25293.74,Refunded
1682,1443,Quality Issue,18384.75,Refunded
1683,47200,Damaged,20596.1,Refunded
1684,14274,Customer Changed Mind,15617.74,Refunded
1685,47739,Wrong Product,21465.33,Refunded
1686,38277,Wrong Product,13784.02,Refunded
1687,2420,Quality Issue,4403.81,Refunded
1688,13958,Customer Changed Mind,17507.41,Refunded
1689,30701,Damaged,15945.71,Refunded
1690,24185,Late Delivery,946.52,Refunded
1691,40248,Wrong Product,4332.24,Refunded
1692,9164,Late Delivery,26584.73,Refunded
1693,47793,Late Delivery,9284.98,Refunded
1694,26665,Quality Issue,9386.47,Refunded
1695,28833,Customer Changed Mind,22916.07,Refunded
1696,37202,Late Delivery,1112.22,Refunded
1697,21596,Quality Issue,6180.65,Refunded
1698,11670,Damaged,22300.34,Refunded
1699,10690,Late Delivery,797.82,Refunded
1700,32887,Late Delivery,11140.58,Refunded
1701,14476,Wrong Product,27805.52,Refunded
1702,29547,Customer Changed Mind,17712.46,Refunded
1703,9654,Wrong Product,15924.18,Refunded
1704,39437,Late Delivery,2036.48,Refunded
1705,31243,Late Delivery,23781.91,Refunded
1706,34324,Quality Issue,4777.74,Refunded
1707,26811,Quality Issue,3174.21,Refunded
1708,43593,Damaged,16986.25,Refunded
1709,36242,Quality Issue,18162.8,Refunded
1710,40748,Wrong Product,7628.17,Refunded
1711,9565,Quality Issue,18852.18,Refunded
1712,12826,Wrong Product,17760.03,Refunded
1713,38089,Customer Changed Mind,27851.81,Refunded
1714,35922,Wrong Product,2607.46,Refunded
1715,14617,Damaged,4637.32,Refunded
1716,12585,Wrong Product,12379.74,Refunded
1717,23700,Customer Changed Mind,2016.21,Refunded
1718,28185,Late Delivery,4391.69,Refunded
1719,2291,Customer Changed Mind,11320.06,Refunded
1720,25700,Quality Issue,9810.45,Refunded
1721,197,Late Delivery,4196.2,Refunded
1722,8006,Wrong Product,25218.52,Refunded
1723,13433,Damaged,28743.19,Refunded
1724,48740,Quality Issue,10140.44,Refunded
1725,12583,Late Delivery,10533.35,Refunded
1726,27041,Wrong Product,9999.43,Refunded
1727,26476,Wrong Product,12862.44,Refunded
1728,44882,Late Delivery,23786.99,Refunded
1729,3253,Damaged,8201.13,Refunded
1730,1848,Damaged,23452.16,Refunded
1731,14977,Customer Changed Mind,10206.14,Refunded
1732,37890,Customer Changed Mind,9882.51,Refunded
1733,41393,Late Delivery,24847.74,Refunded
1734,15656,Quality Issue,10258.97,Refunded
1735,3844,Wrong Product,9280.7,Refunded
1736,38990,Quality Issue,5524.13,Refunded
1737,40002,Damaged,3044.41,Refunded
1738,31240,Damaged,8281.01,Refunded
1739,8149,Customer Changed Mind,21454.12,Refunded
1740,38668,Damaged,6942.82,Refunded
1741,24914,Damaged,25693.71,Refunded
1742,23982,Quality Issue,17848.5,Refunded
1743,48552,Late Delivery,849.21,Refunded
1744,2570,Late Delivery,11480.58,Refunded
1745,20176,Late Delivery,12200.06,Refunded
1746,12247,Late Delivery,17526.96,Refunded
1747,32238,Quality Issue,13023.63,Refunded
1748,25140,Wrong Product,18990.51,Refunded
1749,23576,Quality Issue,5706.25,Refunded
1750,45109,Customer Changed Mind,25124.55,Refunded
1751,49341,Damaged,18262.87,Refunded
1752,14592,Wrong Product,4157.27,Refunded
1753,20659,Damaged,12794.02,Refunded
1754,26581,Late Delivery,8059.41,Refunded
1755,47964,Late Delivery,24048.16,Refunded
1756,23387,Quality Issue,20434.31,Refunded
1757,29370,Damaged,23308.34,Refunded
1758,5051,Damaged,19757.63,Refunded
1759,10075,Damaged,9370.39,Refunded
1760,27827,Damaged,3718.78,Refunded
1761,48969,Late Delivery,12187.43,Refunded
1762,14348,Damaged,3632.11,Refunded
1763,48983,Customer Changed Mind,13549.16,Refunded
1764,27292,Wrong Product,16874.48,Refunded
1765,31598,Wrong Product,1130.66,Refunded
1766,30401,Quality Issue,23974.94,Refunded
1767,21993,Quality Issue,15033.98,Refunded
1768,13417,Wrong Product,20856.71,Refunded
1769,44937,Quality Issue,1881.19,Refunded
1770,31253,Customer Changed Mind,6013.74,Refunded
1771,37159,Wrong Product,22372.29,Refunded
1772,25041,Wrong Product,24702.84,Refunded
1773,38151,Customer Changed Mind,2256.98,Refunded
1774,7627,Quality Issue,7631.59,Refunded
1775,37548,Quality Issue,2422.71,Refunded
1776,3957,Customer Changed Mind,9770.83,Refunded
1777,4036,Customer Changed Mind,6441.51,Refunded
1778,30030,Late Delivery,9855.66,Refunded
1779,27155,Damaged,24872.23,Refunded
1780,18009,Quality Issue,5433.29,Refunded
1781,29979,Quality Issue,21012.37,Refunded
1782,36963,Quality Issue,25835.93,Refunded
1783,26513,Customer Changed Mind,22057.76,Refunded
1784,12617,Customer Changed Mind,9973.94,Refunded
1785,18385,Quality Issue,7291.62,Refunded
1786,43642,Wrong Product,14055.69,Refunded
1787,21041,Late Delivery,5477.62,Refunded
1788,34825,Late Delivery,16187.09,Refunded
1789,21905,Damaged,28525.31,Refunded
1790,33788,Customer Changed Mind,14584.11,Refunded
1791,29939,Wrong Product,21892.59,Refunded
1792,24426,Quality Issue,28485.32,Refunded
1793,14417,Damaged,22197.84,Refunded
1794,28465,Quality Issue,7365.09,Refunded
1795,36966,Wrong Product,22973.55,Refunded
1796,21319,Customer Changed Mind,2526.7,Refunded
1797,33352,Customer Changed Mind,11126.24,Refunded
1798,34823,Quality Issue,1269.14,Refunded
1799,26771,Damaged,20554.44,Refunded
1800,2892,Customer Changed Mind,21397.54,Refunded
1801,39830,Damaged,3072.65,Refunded
1802,24672,Late Delivery,8179.07,Refunded
1803,37156,Wrong Product,9683.78,Refunded
1804,14178,Wrong Product,13356.05,Refunded
1805,21129,Damaged,14552.08,Refunded
1806,14024,Customer Changed Mind,26032.89,Refunded
1807,44394,Customer Changed Mind,12571.43,Refunded
1808,25171,Damaged,16219.03,Refunded
1809,12306,Customer Changed Mind,5054.63,Refunded
1810,43959,Late Delivery,1349.62,Refunded
1811,27190,Wrong Product,10158.86,Refunded
1812,39932,Customer Changed Mind,22854.68,Refunded
1813,39229,Customer Changed Mind,21843.86,Refunded
1814,32062,Customer Changed Mind,5886.58,Refunded
1815,17304,Customer Changed Mind,1980.87,Refunded
1816,46143,Quality Issue,18256.59,Refunded
1817,13591,Damaged,1792.87,Refunded
1818,15830,Late Delivery,24411.84,Refunded
1819,7102,Damaged,7849.88,Refunded
1820,8058,Damaged,10900.8,Refunded
1821,27811,Wrong Product,18154.99,Refunded
1822,37102,Late Delivery,15981.85,Refunded
1823,40606,Quality Issue,20107.64,Refunded
1824,34926,Customer Changed Mind,14836.21,Refunded
1825,29642,Wrong Product,26535.69,Refunded
1826,15950,Wrong Product,19201.18,Refunded
1827,20652,Quality Issue,9133.81,Refunded
1828,31201,Quality Issue,4349.74,Refunded
1829,10052,Damaged,23878.53,Refunded
1830,11108,Quality Issue,12934.89,Refunded
1831,3990,Customer Changed Mind,25139.32,Refunded
1832,47083,Damaged,17999.67,Refunded
1833,33710,Quality Issue,13876.92,Refunded
1834,12310,Damaged,10453.34,Refunded
1835,697,Wrong Product,15880.04,Refunded
1836,13314,Quality Issue,9725.88,Refunded
1837,5287,Damaged,19091.18,Refunded
1838,39893,Late Delivery,7539.74,Refunded
1839,24654,Customer Changed Mind,12647.18,Refunded
1840,32933,Wrong Product,22093.71,Refunded
1841,5931,Damaged,9553.34,Refunded
1842,15150,Customer Changed Mind,6724.03,Refunded
1843,8298,Customer Changed Mind,21989.76,Refunded
1844,21115,Wrong Product,17427.14,Refunded
1845,25250,Wrong Product,8934.68,Refunded
1846,16393,Damaged,1868.86,Refunded
1847,38173,Damaged,9656.05,Refunded
1848,11595,Late Delivery,8671.05,Refunded
1849,43980,Damaged,21954.56,Refunded
1850,30727,Quality Issue,12043.98,Refunded
1851,46104,Customer Changed Mind,8932.44,Refunded
1852,3458,Customer Changed Mind,3804.77,Refunded
1853,43611,Damaged,14224.59,Refunded
1854,49223,Late Delivery,1955.28,Refunded
1855,29229,Late Delivery,1007.22,Refunded
1856,21335,Quality Issue,8960.47,Refunded
1857,24001,Customer Changed Mind,8320.67,Refunded
1858,49146,Late Delivery,14370.98,Refunded
1859,42414,Damaged,2525.86,Refunded
1860,28238,Wrong Product,7068.15,Refunded
1861,47285,Wrong Product,4660.62,Refunded
1862,17981,Late Delivery,23329.13,Refunded
1863,11126,Damaged,23917.13,Refunded
1864,22765,Damaged,20370.53,Refunded
1865,39852,Customer Changed Mind,27115.73,Refunded
1866,23462,Late Delivery,10616.6,Refunded
1867,12565,Late Delivery,14381.71,Refunded
1868,35558,Damaged,16945.61,Refunded
1869,14099,Damaged,16150.17,Refunded
1870,48319,Customer Changed Mind,3068.09,Refunded
1871,5354,Damaged,21987.88,Refunded
1872,8502,Damaged,13602.14,Refunded
1873,1850,Quality Issue,20085.63,Refunded
1874,6548,Quality Issue,25691.42,Refunded
1875,25323,Customer Changed Mind,6760.48,Refunded
1876,49119,Damaged,6270.18,Refunded
1877,34648,Customer Changed Mind,25147.65,Refunded
1878,38655,Customer Changed Mind,11721.47,Refunded
1879,30623,Late Delivery,11182.46,Refunded
1880,9946,Late Delivery,12415.23,Refunded
1881,41091,Customer Changed Mind,20946.46,Refunded
1882,7447,Damaged,9147.17,Refunded
1883,11336,Late Delivery,22216.25,Refunded
1884,12084,Wrong Product,1375.76,Refunded
1885,42971,Customer Changed Mind,2141.51,Refunded
1886,38462,Quality Issue,1618.56,Refunded
1887,9054,Damaged,19464.69,Refunded
1888,31924,Wrong Product,1726.21,Refunded
1889,5833,Damaged,4183.39,Refunded
1890,35795,Wrong Product,17615.17,Refunded
1891,46352,Quality Issue,28113.95,Refunded
1892,45310,Late Delivery,23020.99,Refunded
1893,19529,Customer Changed Mind,19752.92,Refunded
1894,49576,Late Delivery,2223.14,Refunded
1895,35357,Customer Changed Mind,24806.68,Refunded
1896,6174,Late Delivery,19613.78,Refunded
1897,24485,Quality Issue,7688.85,Refunded
1898,42714,Customer Changed Mind,20656.15,Refunded
1899,16657,Customer Changed Mind,12187.24,Refunded
1900,35638,Customer Changed Mind,5846.42,Refunded
1901,43227,Late Delivery,16512.66,Refunded
1902,40978,Wrong Product,9214.3,Refunded
1903,20561,Damaged,19113.25,Refunded
1904,2356,Damaged,19157.17,Refunded
1905,27123,Damaged,15439.99,Refunded
1906,24974,Customer Changed Mind,10333.97,Refunded
1907,37186,Damaged,1462.92,Refunded
1908,34194,Customer Changed Mind,23378.17,Refunded
1909,29548,Wrong Product,19282.92,Refunded
1910,45162,Late Delivery,12597.05,Refunded
1911,35190,Customer Changed Mind,23464.43,Refunded
1912,29602,Customer Changed Mind,2772.33,Refunded
1913,44894,Customer Changed Mind,19195.17,Refunded
1914,15324,Customer Changed Mind,23606.4,Refunded
1915,9095,Customer Changed Mind,11726.49,Refunded
1916,43445,Late Delivery,13979.8,Refunded
1917,33833,Customer Changed Mind,20943.96,Refunded
1918,7356,Wrong Product,8534.08,Refunded
1919,41305,Damaged,1098.49,Refunded
1920,16971,Late Delivery,21425.15,Refunded
1921,41069,Late Delivery,10261.15,Refunded
1922,23476,Quality Issue,15318.73,Refunded
1923,17912,Customer Changed Mind,18767.81,Refunded
1924,32773,Quality Issue,22311.22,Refunded
1925,41505,Quality Issue,1956.38,Refunded
1926,10863,Customer Changed Mind,9355.64,Refunded
1927,28231,Quality Issue,14313.48,Refunded
1928,39713,Customer Changed Mind,27924.25,Refunded
1929,42671,Quality Issue,26089.14,Refunded
1930,14415,Quality Issue,23101.33,Refunded
1931,4928,Customer Changed Mind,26332.31,Refunded
1932,7687,Wrong Product,19664.89,Refunded
1933,10050,Late Delivery,15216.4,Refunded
1934,36824,Customer Changed Mind,12006.83,Refunded
1935,30016,Late Delivery,5734.6,Refunded
1936,39666,Wrong Product,17847.06,Refunded
1937,1274,Damaged,18470.6,Refunded
1938,22857,Wrong Product,1900.8,Refunded
1939,2236,Wrong Product,11409.51,Refunded
1940,36745,Late Delivery,26534.98,Refunded
1941,37678,Wrong Product,16624.7,Refunded
1942,37728,Damaged,10196.53,Refunded
1943,13730,Quality Issue,4134.19,Refunded
1944,8637,Quality Issue,15255.48,Refunded
1945,38128,Customer Changed Mind,12869.06,Refunded
1946,2703,Wrong Product,1838.53,Refunded
1947,27157,Quality Issue,11512.2,Refunded
1948,5614,Late Delivery,2129.96,Refunded
1949,16508,Damaged,1380.34,Refunded
1950,7730,Customer Changed Mind,4036.28,Refunded
1951,30747,Wrong Product,14468.1,Refunded
1952,22368,Quality Issue,1895.19,Refunded
1953,30594,Late Delivery,28722.52,Refunded
1954,29596,Customer Changed Mind,12679.94,Refunded
1955,20059,Quality Issue,9197.3,Refunded
1956,44651,Damaged,4324.84,Refunded
1957,2517,Quality Issue,3070.2,Refunded
1958,32204,Damaged,3548.98,Refunded
1959,43656,Wrong Product,1535.13,Refunded
1960,46076,Customer Changed Mind,17742.0,Refunded
1961,10772,Quality Issue,10292.23,Refunded
1962,24856,Customer Changed Mind,22506.01,Refunded
1963,32807,Quality Issue,5655.1,Refunded
1964,10788,Damaged,8739.51,Refunded
1965,11857,Damaged,18152.67,Refunded
1966,26326,Late Delivery,21942.18,Refunded
1967,3907,Quality Issue,26014.57,Refunded
1968,19526,Wrong Product,6609.59,Refunded
1969,11776,Late Delivery,15270.77,Refunded
1970,35353,Damaged,26158.59,Refunded
1971,25625,Damaged,2443.25,Refunded
1972,26833,Wrong Product,26002.44,Refunded
1973,2095,Wrong Product,22543.3,Refunded
1974,39547,Wrong Product,2080.97,Refunded
1975,28180,Late Delivery,6024.77,Refunded
1976,34330,Late Delivery,5546.91,Refunded
1977,21454,Damaged,6934.98,Refunded
1978,42752,Customer Changed Mind,3141.54,Refunded
1979,18877,Quality Issue,15726.95,Refunded
1980,7168,Customer Changed Mind,18004.18,Refunded
1981,11556,Quality Issue,17628.68,Refunded
1982,45832,Damaged,16357.38,Refunded
1983,28928,Customer Changed Mind,8464.06,Refunded
1984,31637,Late Delivery,23396.79,Refunded
1985,5377,Quality Issue,3026.24,Refunded
1986,25158,Wrong Product,11309.27,Refunded
1987,36645,Quality Issue,20290.37,Refunded
1988,38645,Damaged,13289.7,Refunded
1989,39974,Quality Issue,19513.39,Refunded
1990,30269,Late Delivery,9687.33,Refunded
1991,46244,Damaged,2144.43,Refunded
1992,39297,Customer Changed Mind,9091.95,Refunded
1993,18028,Late Delivery,28831.76,Refunded
1994,31735,Customer Changed Mind,25188.51,Refunded
1995,24271,Quality Issue,26511.15,Refunded
1996,1,Customer Changed Mind,16674.16,Refunded
1997,21118,Late Delivery,11130.99,Refunded
1998,26579,Wrong Product,1917.78,Refunded
1999,21934,Damaged,14934.67,Refunded
2000,6525,Customer Changed Mind,10760.21,Refunded
2001,44192,Customer Changed Mind,3926.75,Refunded
2002,20737,Wrong Product,6392.01,Refunded
2003,21430,Late Delivery,16786.69,Refunded
2004,11066,Damaged,10635.42,Refunded
2005,1071,Damaged,20710.17,Refunded
2006,40038,Quality Issue,8831.89,Refunded
2007,48849,Wrong Product,5645.29,Refunded
2008,13478,Customer Changed Mind,562.01,Refunded
2009,45757,Late Delivery,13371.13,Refunded
2010,43121,Quality Issue,17939.47,Refunded
2011,4890,Late Delivery,10175.46,Refunded
2012,26510,Damaged,11803.9,Refunded
2013,36419,Wrong Product,7627.47,Refunded
2014,21316,Wrong Product,12414.14,Refunded
2015,13640,Wrong Product,7798.97,Refunded
2016,14135,Wrong Product,16348.5,Refunded
2017,45983,Quality Issue,24509.61,Refunded
2018,42305,Customer Changed Mind,24463.66,Refunded
2019,2766,Customer Changed Mind,18735.56,Refunded
2020,1857,Quality Issue,17591.19,Refunded
2021,13234,Quality Issue,14918.79,Refunded
2022,26742,Customer Changed Mind,14274.35,Refunded
2023,14377,Customer Changed Mind,21486.29,Refunded
2024,5557,Damaged,7457.79,Refunded
2025,49496,Quality Issue,19915.63,Refunded
2026,47446,Quality Issue,2049.54,Refunded
2027,13503,Wrong Product,1438.03,Refunded
2028,28695,Wrong Product,15384.5,Refunded
2029,2179,Quality Issue,17201.98,Refunded
2030,46699,Customer Changed Mind,24828.06,Refunded
2031,42909,Late Delivery,12646.27,Refunded
2032,22640,Quality Issue,27043.8,Refunded
2033,6448,Customer Changed Mind,11367.53,Refunded
2034,37375,Damaged,24296.55,Refunded
2035,47337,Damaged,15108.47,Refunded
2036,39688,Customer Changed Mind,27802.74,Refunded
2037,19712,Damaged,13866.08,Refunded
2038,26202,Customer Changed Mind,12309.97,Refunded
2039,21821,Wrong Product,20852.61,Refunded
2040,18669,Customer Changed Mind,17647.9,Refunded
2041,45945,Quality Issue,6615.36,Refunded
2042,42190,Customer Changed Mind,19294.29,Refunded
2043,47856,Customer Changed Mind,6144.98,Refunded
2044,17502,Late Delivery,14414.65,Refunded
2045,7433,Damaged,3162.07,Refunded
2046,24089,Damaged,20655.25,Refunded
2047,20027,Damaged,3342.11,Refunded
2048,13956,Customer Changed Mind,8034.43,Refunded
2049,39513,Wrong Product,21889.07,Refunded
2050,16220,Late Delivery,15044.09,Refunded
2051,16903,Wrong Product,7813.19,Refunded
2052,6767,Wrong Product,17273.08,Refunded
2053,29107,Wrong Product,13440.75,Refunded
2054,35755,Wrong Product,7130.33,Refunded
2055,41283,Wrong Product,10910.85,Refunded
2056,44304,Wrong Product,25302.29,Refunded
2057,6531,Customer Changed Mind,4926.98,Refunded
2058,17501,Late Delivery,13622.15,Refunded
2059,19363,Late Delivery,6083.78,Refunded
2060,15846,Customer Changed Mind,21346.83,Refunded
2061,7209,Late Delivery,17301.95,Refunded
2062,9036,Wrong Product,27701.18,Refunded
2063,28334,Customer Changed Mind,6504.88,Refunded
2064,12985,Wrong Product,22488.73,Refunded
2065,36847,Late Delivery,26146.16,Refunded
2066,10102,Customer Changed Mind,7717.51,Refunded
2067,1770,Quality Issue,22442.1,Refunded
2068,1606,Quality Issue,13845.41,Refunded
2069,14016,Late Delivery,22076.66,Refunded
2070,25131,Damaged,11162.59,Refunded
2071,49613,Wrong Product,18794.3,Refunded
2072,3340,Customer Changed Mind,20666.2,Refunded
2073,24162,Late Delivery,9679.09,Refunded
2074,21859,Late Delivery,7873.17,Refunded
2075,42801,Wrong Product,4316.14,Refunded
2076,48154,Late Delivery,20841.91,Refunded
2077,23374,Quality Issue,18771.3,Refunded
2078,21146,Damaged,5799.52,Refunded
2079,16072,Quality Issue,9718.15,Refunded
2080,34244,Late Delivery,4085.45,Refunded
2081,334,Damaged,10388.46,Refunded
2082,24609,Quality Issue,18245.06,Refunded
2083,45473,Late Delivery,18603.5,Refunded
2084,36451,Damaged,18357.09,Refunded
2085,48887,Quality Issue,16466.62,Refunded
2086,26468,Damaged,11761.02,Refunded
2087,28680,Quality Issue,2245.54,Refunded
2088,44547,Late Delivery,2980.37,Refunded
2089,15032,Customer Changed Mind,15966.74,Refunded
2090,3208,Quality Issue,28498.33,Refunded
2091,15531,Quality Issue,23710.75,Refunded
2092,10407,Late Delivery,20239.02,Refunded
2093,10576,Late Delivery,18130.03,Refunded
2094,23442,Damaged,17059.29,Refunded
2095,11634,Quality Issue,14364.91,Refunded
2096,43850,Customer Changed Mind,2205.61,Refunded
2097,4269,Wrong Product,23266.38,Refunded
2098,27687,Late Delivery,8893.05,Refunded
2099,31869,Damaged,10621.63,Refunded
2100,7251,Late Delivery,1319.1,Refunded
2101,4097,Customer Changed Mind,7120.43,Refunded
2102,18580,Late Delivery,24789.1,Refunded
2103,48757,Customer Changed Mind,6731.37,Refunded
2104,28422,Quality Issue,23189.35,Refunded
2105,17911,Wrong Product,3738.32,Refunded
2106,30518,Wrong Product,6313.71,Refunded
2107,47039,Damaged,9175.35,Refunded
2108,35251,Customer Changed Mind,3218.37,Refunded
2109,26220,Late Delivery,14479.94,Refunded
2110,31428,Damaged,14943.07,Refunded
2111,41653,Late Delivery,10599.46,Refunded
2112,10308,Late Delivery,14369.11,Refunded
2113,36432,Wrong Product,21111.03,Refunded
2114,4614,Wrong Product,11822.02,Refunded
2115,2673,Wrong Product,20934.46,Refunded
2116,12709,Damaged,25238.46,Refunded
2117,46839,Wrong Product,16165.57,Refunded
2118,37074,Wrong Product,10930.11,Refunded
2119,8560,Wrong Product,23818.26,Refunded
2120,17305,Wrong Product,3505.15,Refunded
2121,26422,Late Delivery,6091.28,Refunded
2122,750,Wrong Product,2238.07,Refunded
2123,15436,Late Delivery,8497.11,Refunded
2124,9396,Late Delivery,13971.39,Refunded
2125,11172,Damaged,7549.19,Refunded
2126,3420,Customer Changed Mind,1018.85,Refunded
2127,40868,Damaged,1049.33,Refunded
2128,32646,Quality Issue,17483.79,Refunded
2129,24552,Late Delivery,1076.18,Refunded
2130,3145,Late Delivery,14916.8,Refunded
2131,20079,Wrong Product,14520.03,Refunded
2132,39240,Quality Issue,25132.24,Refunded
2133,15591,Quality Issue,20805.75,Refunded
2134,34755,Customer Changed Mind,5144.85,Refunded
2135,26506,Customer Changed Mind,4519.6,Refunded
2136,33449,Late Delivery,13681.86,Refunded
2137,35645,Customer Changed Mind,7210.53,Refunded
2138,7558,Quality Issue,19300.24,Refunded
2139,39925,Damaged,15479.93,Refunded
2140,36728,Quality Issue,17877.82,Refunded
2141,16648,Quality Issue,711.28,Refunded
2142,28975,Late Delivery,10385.71,Refunded
2143,8830,Late Delivery,12220.87,Refunded
2144,20594,Wrong Product,18611.56,Refunded
2145,1961,Customer Changed Mind,11010.08,Refunded
2146,30160,Damaged,3538.81,Refunded
2147,46052,Customer Changed Mind,21350.87,Refunded
2148,46955,Damaged,16719.36,Refunded
2149,34799,Quality Issue,17723.54,Refunded
2150,30909,Damaged,17799.15,Refunded
2151,35913,Wrong Product,12054.31,Refunded
2152,45240,Damaged,1991.05,Refunded
2153,48523,Quality Issue,20752.28,Refunded
2154,45357,Wrong Product,13192.18,Refunded
2155,41618,Customer Changed Mind,13240.33,Refunded
2156,611,Late Delivery,15645.5,Refunded
2157,35975,Damaged,716.13,Refunded
2158,43001,Late Delivery,21537.86,Refunded
2159,11554,Quality Issue,14980.78,Refunded
2160,26586,Late Delivery,12476.42,Refunded
2161,26440,Quality Issue,16124.07,Refunded
2162,23727,Customer Changed Mind,10226.16,Refunded
2163,10937,Late Delivery,13815.04,Refunded
2164,44130,Quality Issue,4838.6,Refunded
2165,24724,Damaged,4150.22,Refunded
2166,47178,Damaged,13572.64,Refunded
2167,352,Wrong Product,23614.55,Refunded
2168,32270,Customer Changed Mind,6958.37,Refunded
2169,45131,Wrong Product,5449.27,Refunded
2170,1030,Damaged,8210.29,Refunded
2171,27113,Customer Changed Mind,14848.61,Refunded
2172,27517,Quality Issue,20557.66,Refunded
2173,31805,Quality Issue,18405.34,Refunded
2174,22038,Damaged,13198.77,Refunded
2175,20539,Wrong Product,17119.79,Refunded
2176,1331,Wrong Product,1715.93,Refunded
2177,16751,Quality Issue,17930.6,Refunded
2178,16678,Customer Changed Mind,5692.98,Refunded
2179,49991,Wrong Product,7133.43,Refunded
2180,49246,Wrong Product,8554.36,Refunded
2181,4953,Wrong Product,2130.22,Refunded
2182,2036,Wrong Product,27049.49,Refunded
2183,32263,Late Delivery,7538.56,Refunded
2184,5923,Quality Issue,5580.31,Refunded
2185,25084,Quality Issue,16532.08,Refunded
2186,9606,Customer Changed Mind,18130.87,Refunded
2187,23487,Wrong Product,20880.16,Refunded
2188,9691,Customer Changed Mind,5940.88,Refunded
2189,11285,Late Delivery,16526.71,Refunded
2190,39865,Quality Issue,9848.71,Refunded
2191,28440,Damaged,22188.23,Refunded
2192,4488,Quality Issue,18985.65,Refunded
2193,39627,Quality Issue,1787.43,Refunded
2194,1061,Late Delivery,23447.63,Refunded
2195,49207,Customer Changed Mind,26260.44,Refunded
2196,43677,Wrong Product,9114.84,Refunded
2197,42935,Damaged,11782.56,Refunded
2198,40467,Customer Changed Mind,6905.33,Refunded
2199,34062,Quality Issue,7664.68,Refunded
2200,25049,Wrong Product,19921.65,Refunded
2201,23236,Late Delivery,11439.4,Refunded
2202,25335,Damaged,21930.34,Refunded
2203,47030,Damaged,25672.87,Refunded
2204,6057,Damaged,9755.53,Refunded
2205,41808,Late Delivery,1765.41,Refunded
2206,3831,Customer Changed Mind,28037.87,Refunded
2207,2644,Late Delivery,16365.53,Refunded
2208,27835,Customer Changed Mind,16870.57,Refunded
2209,17227,Damaged,15919.44,Refunded
2210,44949,Wrong Product,5471.12,Refunded
2211,30858,Quality Issue,17612.4,Refunded
2212,26551,Wrong Product,5158.39,Refunded
2213,24567,Quality Issue,985.79,Refunded
2214,47600,Customer Changed Mind,20588.58,Refunded
2215,48951,Damaged,9625.95,Refunded
2216,48644,Wrong Product,8450.47,Refunded
2217,48300,Quality Issue,1395.07,Refunded
2218,33499,Damaged,6349.98,Refunded
2219,10218,Customer Changed Mind,24847.31,Refunded
2220,33704,Customer Changed Mind,8404.86,Refunded
2221,34168,Late Delivery,26447.41,Refunded
2222,32656,Wrong Product,22508.83,Refunded
2223,37539,Customer Changed Mind,13592.49,Refunded
2224,49859,Quality Issue,3195.71,Refunded
2225,19635,Customer Changed Mind,25261.34,Refunded
2226,46945,Late Delivery,8727.76,Refunded
2227,8751,Wrong Product,13503.36,Refunded
2228,38068,Customer Changed Mind,14117.48,Refunded
2229,12072,Late Delivery,5149.81,Refunded
2230,45577,Quality Issue,7628.38,Refunded
2231,22000,Wrong Product,9997.59,Refunded
2232,16925,Wrong Product,8652.53,Refunded
2233,34333,Damaged,18102.83,Refunded
2234,16343,Late Delivery,2785.05,Refunded
2235,13468,Quality Issue,12944.9,Refunded
2236,39604,Quality Issue,20161.24,Refunded
2237,47368,Wrong Product,22089.17,Refunded
2238,38821,Wrong Product,10101.43,Refunded
2239,23842,Damaged,17263.43,Refunded
2240,12619,Customer Changed Mind,4075.39,Refunded
2241,9,Late Delivery,17129.39,Refunded
2242,44045,Wrong Product,19287.86,Refunded
2243,34444,Damaged,1338.71,Refunded
2244,30068,Wrong Product,19940.87,Refunded
2245,9138,Wrong Product,8248.59,Refunded
2246,33520,Customer Changed Mind,21874.38,Refunded
2247,19255,Late Delivery,7783.26,Refunded
2248,16961,Customer Changed Mind,1983.01,Refunded
2249,36965,Late Delivery,11399.88,Refunded
2250,30360,Late Delivery,21177.61,Refunded
2251,40259,Quality Issue,12335.99,Refunded
2252,5609,Quality Issue,13792.09,Refunded
2253,21786,Damaged,23458.07,Refunded
2254,47434,Customer Changed Mind,5256.0,Refunded
2255,47578,Damaged,18882.3,Refunded
2256,15711,Customer Changed Mind,10210.82,Refunded
2257,26415,Damaged,1460.24,Refunded
2258,12699,Customer Changed Mind,24410.39,Refunded
2259,31748,Wrong Product,15393.96,Refunded
2260,49648,Damaged,7782.56,Refunded
2261,11593,Damaged,5291.1,Refunded
2262,46748,Customer Changed Mind,25653.77,Refunded
2263,32909,Customer Changed Mind,13735.34,Refunded
2264,25576,Customer Changed Mind,5374.39,Refunded
2265,13675,Wrong Product,19688.48,Refunded
2266,11822,Damaged,26887.66,Refunded
2267,18586,Damaged,1349.52,Refunded
2268,41142,Quality Issue,2411.75,Refunded
2269,5872,Late Delivery,2362.82,Refunded
2270,33524,Quality Issue,22492.97,Refunded
2271,28025,Damaged,9852.38,Refunded
2272,47416,Quality Issue,14970.63,Refunded
2273,39539,Quality Issue,10500.77,Refunded
2274,23683,Wrong Product,20487.28,Refunded
2275,38019,Wrong Product,20604.27,Refunded
2276,15686,Late Delivery,5278.01,Refunded
2277,26097,Quality Issue,28455.72,Refunded
2278,21020,Customer Changed Mind,4658.79,Refunded
2279,15548,Wrong Product,23393.49,Refunded
2280,39825,Wrong Product,4210.18,Refunded
2281,43537,Wrong Product,22145.13,Refunded
2282,10195,Quality Issue,8395.69,Refunded
2283,3069,Wrong Product,4751.64,Refunded
2284,14409,Quality Issue,28557.52,Refunded
2285,27886,Quality Issue,22321.26,Refunded
2286,3040,Quality Issue,6836.6,Refunded
2287,32872,Damaged,15113.23,Refunded
2288,14838,Wrong Product,13725.9,Refunded
2289,17312,Customer Changed Mind,1101.49,Refunded
2290,23928,Late Delivery,26295.99,Refunded
2291,10636,Customer Changed Mind,21904.03,Refunded
2292,8463,Late Delivery,14888.15,Refunded
2293,3713,Customer Changed Mind,2749.43,Refunded
2294,30188,Wrong Product,2011.23,Refunded
2295,10604,Quality Issue,10404.27,Refunded
2296,28289,Customer Changed Mind,4000.91,Refunded
2297,32775,Quality Issue,26591.22,Refunded
2298,42610,Late Delivery,4162.59,Refunded
2299,36757,Customer Changed Mind,18726.43,Refunded
2300,6147,Wrong Product,19150.01,Refunded
2301,4753,Quality Issue,5447.06,Refunded
2302,31917,Late Delivery,22194.79,Refunded
2303,28749,Late Delivery,2748.33,Refunded
2304,34698,Wrong Product,5050.04,Refunded
2305,10693,Quality Issue,3336.37,Refunded
2306,27867,Quality Issue,12021.72,Refunded
2307,33227,Customer Changed Mind,3282.5,Refunded
2308,36050,Late Delivery,8853.31,Refunded
2309,35208,Wrong Product,10720.04,Refunded
2310,28728,Late Delivery,21596.32,Refunded
2311,38268,Quality Issue,3763.77,Refunded
2312,46256,Damaged,7238.46,Refunded
2313,17146,Quality Issue,5932.9,Refunded
2314,24076,Damaged,17462.31,Refunded
2315,29808,Late Delivery,13435.58,Refunded
2316,35135,Wrong Product,10789.96,Refunded
2317,11194,Late Delivery,22694.29,Refunded
2318,14903,Late Delivery,3170.45,Refunded
2319,689,Customer Changed Mind,3871.47,Refunded
2320,46712,Wrong Product,13984.61,Refunded
2321,12401,Customer Changed Mind,19957.39,Refunded
2322,32314,Late Delivery,19659.35,Refunded
2323,8736,Damaged,13322.36,Refunded
2324,30109,Quality Issue,2602.49,Refunded
2325,16550,Quality Issue,22617.32,Refunded
2326,3992,Wrong Product,12016.33,Refunded
2327,27837,Late Delivery,4269.54,Refunded
2328,12278,Customer Changed Mind,11010.76,Refunded
2329,32615,Damaged,15282.38,Refunded
2330,11793,Quality Issue,24905.67,Refunded
2331,16529,Wrong Product,3318.05,Refunded
2332,7504,Quality Issue,18669.06,Refunded
2333,16239,Quality Issue,9459.34,Refunded
2334,15647,Wrong Product,11650.56,Refunded
2335,17480,Late Delivery,8290.32,Refunded
2336,33355,Customer Changed Mind,19643.6,Refunded
2337,48603,Damaged,13530.41,Refunded
2338,21068,Wrong Product,9363.95,Refunded
2339,3697,Wrong Product,8463.88,Refunded
2340,4405,Customer Changed Mind,1929.58,Refunded
2341,12480,Quality Issue,14960.31,Refunded
2342,23572,Wrong Product,13810.47,Refunded
2343,33983,Quality Issue,2757.89,Refunded
2344,2532,Damaged,19183.52,Refunded
2345,14451,Late Delivery,663.44,Refunded
2346,41746,Quality Issue,1424.97,Refunded
2347,18631,Damaged,7790.04,Refunded
2348,43058,Quality Issue,971.31,Refunded
2349,47777,Damaged,7603.09,Refunded
2350,7405,Customer Changed Mind,6315.23,Refunded
2351,18086,Quality Issue,7898.06,Refunded
2352,45185,Damaged,15467.43,Refunded
2353,19415,Wrong Product,3099.54,Refunded
2354,18689,Late Delivery,1859.43,Refunded
2355,39915,Quality Issue,2258.7,Refunded
2356,5369,Damaged,16484.76,Refunded
2357,43938,Damaged,19272.41,Refunded
2358,11687,Quality Issue,20588.93,Refunded
2359,39034,Customer Changed Mind,15066.64,Refunded
2360,13960,Wrong Product,24600.1,Refunded
2361,8382,Customer Changed Mind,17516.37,Refunded
2362,42207,Customer Changed Mind,4411.24,Refunded
2363,19314,Damaged,23841.76,Refunded
2364,10177,Late Delivery,19706.31,Refunded
2365,30894,Damaged,1947.23,Refunded
2366,5280,Damaged,17088.23,Refunded
2367,31873,Wrong Product,18138.17,Refunded
2368,25697,Damaged,9217.29,Refunded
2369,10352,Customer Changed Mind,12000.15,Refunded
2370,8078,Quality Issue,14327.15,Refunded
2371,46290,Quality Issue,17492.59,Refunded
2372,34881,Customer Changed Mind,22543.7,Refunded
2373,39040,Customer Changed Mind,21081.57,Refunded
2374,24268,Damaged,25031.62,Refunded
2375,17070,Late Delivery,22124.43,Refunded
2376,481,Damaged,13153.26,Refunded
2377,31159,Damaged,19340.61,Refunded
2378,7473,Damaged,13447.46,Refunded
2379,24072,Damaged,2963.97,Refunded
2380,2365,Damaged,23169.36,Refunded
2381,27443,Quality Issue,9501.91,Refunded
2382,31257,Damaged,15910.51,Refunded
2383,30661,Customer Changed Mind,25060.67,Refunded
2384,35313,Customer Changed Mind,10810.51,Refunded
2385,3081,Customer Changed Mind,11875.07,Refunded
2386,7890,Quality Issue,25773.89,Refunded
2387,29004,Quality Issue,11468.27,Refunded
2388,41865,Damaged,24795.34,Refunded
2389,28271,Customer Changed Mind,8524.08,Refunded
2390,26039,Late Delivery,15710.05,Refunded
2391,37168,Late Delivery,12915.58,Refunded
2392,43154,Customer Changed Mind,20683.02,Refunded
2393,39011,Damaged,6431.85,Refunded
2394,7188,Wrong Product,9552.08,Refunded
2395,46629,Damaged,13870.86,Refunded
2396,38470,Late Delivery,17146.87,Refunded
2397,33490,Quality Issue,7112.5,Refunded
2398,45397,Damaged,27456.08,Refunded
2399,10624,Customer Changed Mind,8719.87,Refunded
2400,31822,Customer Changed Mind,19960.93,Refunded
2401,19219,Quality Issue,4461.71,Refunded
2402,23997,Wrong Product,19899.59,Refunded
2403,26589,Quality Issue,14976.01,Refunded
2404,36165,Late Delivery,12583.04,Refunded
2405,41233,Late Delivery,1289.25,Refunded
2406,37833,Wrong Product,26239.78,Refunded
2407,26219,Customer Changed Mind,11199.42,Refunded
2408,31174,Customer Changed Mind,4304.49,Refunded
2409,1567,Wrong Product,26950.64,Refunded
2410,27601,Damaged,17013.92,Refunded
2411,2423,Quality Issue,19071.51,Refunded
2412,49555,Customer Changed Mind,9070.58,Refunded
2413,22899,Quality Issue,28851.58,Refunded
2414,16658,Damaged,11251.35,Refunded
2415,13358,Late Delivery,14717.2,Refunded
2416,41220,Wrong Product,22021.98,Refunded
2417,13548,Customer Changed Mind,24174.21,Refunded
2418,30312,Damaged,3157.91,Refunded
2419,358,Damaged,1540.48,Refunded
2420,43914,Wrong Product,23036.51,Refunded
2421,26593,Wrong Product,5642.46,Refunded
2422,49780,Late Delivery,13591.42,Refunded
2423,5999,Damaged,22013.63,Refunded
2424,22771,Wrong Product,12250.91,Refunded
2425,15909,Quality Issue,9150.9,Refunded
2426,22888,Quality Issue,6856.47,Refunded
2427,17690,Late Delivery,2074.83,Refunded
2428,36,Late Delivery,23618.69,Refunded
2429,20597,Customer Changed Mind,9892.35,Refunded
2430,18161,Customer Changed Mind,13052.46,Refunded
2431,11020,Customer Changed Mind,8292.17,Refunded
2432,25984,Customer Changed Mind,8471.56,Refunded
2433,18954,Damaged,19600.64,Refunded
2434,27577,Late Delivery,26587.4,Refunded
2435,4958,Late Delivery,10191.85,Refunded
2436,2240,Damaged,1520.11,Refunded
2437,21831,Quality Issue,8960.27,Refunded
2438,33700,Wrong Product,16227.36,Refunded
2439,48019,Customer Changed Mind,6395.53,Refunded
2440,29409,Quality Issue,24856.67,Refunded
2441,3047,Damaged,19533.49,Refunded
2442,1530,Damaged,13334.02,Refunded
2443,13959,Customer Changed Mind,9688.18,Refunded
2444,16337,Quality Issue,25007.65,Refunded
2445,22148,Quality Issue,3106.37,Refunded
2446,3528,Damaged,4794.7,Refunded
2447,948,Wrong Product,25880.09,Refunded
2448,4611,Quality Issue,10008.97,Refunded
2449,14436,Late Delivery,3864.98,Refunded
2450,4830,Wrong Product,817.05,Refunded
2451,16693,Wrong Product,21966.68,Refunded
2452,12246,Damaged,18482.51,Refunded
2453,41335,Quality Issue,6908.56,Refunded
2454,47807,Customer Changed Mind,24758.59,Refunded
2455,34872,Late Delivery,3958.95,Refunded
2456,35521,Quality Issue,3330.24,Refunded
2457,5736,Damaged,15908.18,Refunded
2458,33475,Quality Issue,11691.82,Refunded
2459,35399,Customer Changed Mind,4666.94,Refunded
2460,16383,Quality Issue,4689.87,Refunded
2461,5228,Late Delivery,25018.7,Refunded
2462,24564,Customer Changed Mind,24103.78,Refunded
2463,23902,Wrong Product,22398.33,Refunded
2464,31297,Wrong Product,11875.74,Refunded
2465,47431,Wrong Product,19870.04,Refunded
2466,42727,Customer Changed Mind,20608.8,Refunded
2467,29662,Wrong Product,21031.06,Refunded
2468,42658,Late Delivery,22130.07,Refunded
2469,33159,Customer Changed Mind,15034.89,Refunded
2470,27799,Wrong Product,3225.54,Refunded
2471,43099,Wrong Product,18474.9,Refunded
2472,13953,Late Delivery,7775.6,Refunded
2473,29287,Late Delivery,931.1,Refunded
2474,8355,Customer Changed Mind,897.65,Refunded
2475,10556,Damaged,15223.74,Refunded
2476,33622,Customer Changed Mind,25362.18,Refunded
2477,1252,Damaged,1122.94,Refunded
2478,37623,Customer Changed Mind,17622.45,Refunded
2479,28252,Wrong Product,20237.16,Refunded
2480,2897,Wrong Product,11145.87,Refunded
2481,21387,Quality Issue,22405.23,Refunded
2482,45139,Damaged,5883.54,Refunded
2483,10634,Wrong Product,19632.97,Refunded
2484,14790,Damaged,1649.53,Refunded
2485,25575,Quality Issue,18713.49,Refunded
2486,319,Late Delivery,3365.17,Refunded
2487,20035,Quality Issue,8652.73,Refunded
2488,4265,Damaged,5840.7,Refunded
2489,14460,Damaged,4141.22,Refunded
2490,11162,Wrong Product,24009.1,Refunded
2491,34161,Damaged,6629.37,Refunded
2492,39273,Customer Changed Mind,2941.78,Refunded
2493,38238,Late Delivery,2858.87,Refunded
2494,30226,Quality Issue,1254.93,Refunded
2495,21539,Damaged,23465.83,Refunded
2496,7097,Late Delivery,23349.1,Refunded
2497,28402,Wrong Product,1457.38,Refunded
2498,43152,Damaged,22970.63,Refunded
2499,9267,Customer Changed Mind,18657.53,Refunded
2500,13226,Customer Changed Mind,23345.99,Refunded
2501,16887,Customer Changed Mind,9789.07,Refunded
2502,10724,Late Delivery,4217.46,Refunded
2503,36234,Damaged,18752.6,Refunded
2504,1584,Customer Changed Mind,27926.85,Refunded
2505,39049,Quality Issue,7792.31,Refunded
2506,21530,Quality Issue,7111.42,Refunded
2507,18090,Late Delivery,2190.53,Refunded
2508,18034,Late Delivery,2163.51,Refunded
2509,18523,Customer Changed Mind,5253.46,Refunded
2510,26690,Quality Issue,1684.52,Refunded
2511,31575,Customer Changed Mind,7298.17,Refunded
2512,49605,Quality Issue,18844.67,Refunded
2513,28166,Customer Changed Mind,7463.62,Refunded
2514,16022,Wrong Product,23955.73,Refunded
2515,23549,Wrong Product,15548.18,Refunded
2516,1234,Customer Changed Mind,27404.08,Refunded
2517,22497,Damaged,5610.94,Refunded
2518,49313,Wrong Product,2589.47,Refunded
2519,19087,Damaged,22995.33,Refunded
2520,28613,Wrong Product,20013.71,Refunded
2521,23830,Damaged,26114.71,Refunded
2522,23138,Damaged,12124.78,Refunded
2523,8052,Quality Issue,21549.56,Refunded
2524,28737,Quality Issue,6059.21,Refunded
2525,1966,Late Delivery,21773.13,Refunded
2526,40524,Wrong Product,21701.64,Refunded
2527,21856,Late Delivery,4563.17,Refunded
2528,33464,Quality Issue,13289.57,Refunded
2529,16622,Wrong Product,1401.03,Refunded
2530,44985,Customer Changed Mind,27418.16,Refunded
2531,38041,Damaged,3173.69,Refunded
2532,48670,Late Delivery,21233.78,Refunded
2533,49654,Late Delivery,6062.39,Refunded
2534,36970,Wrong Product,7872.65,Refunded
2535,26731,Damaged,7189.07,Refunded
2536,40147,Damaged,24713.99,Refunded
2537,25823,Quality Issue,24306.69,Refunded
2538,23517,Customer Changed Mind,2886.11,Refunded
2539,44504,Late Delivery,1577.52,Refunded
2540,17736,Quality Issue,13323.67,Refunded
2541,16245,Wrong Product,18224.07,Refunded
2542,42786,Quality Issue,26036.99,Refunded
2543,39189,Damaged,11823.99,Refunded
2544,49198,Damaged,14182.1,Refunded
2545,10249,Wrong Product,11152.17,Refunded
2546,23788,Wrong Product,24439.23,Refunded
2547,39250,Quality Issue,22603.71,Refunded
2548,37036,Late Delivery,19564.44,Refunded
2549,48448,Late Delivery,25954.9,Refunded
2550,18652,Quality Issue,11101.83,Refunded
2551,32624,Wrong Product,25631.69,Refunded
2552,41248,Late Delivery,23523.4,Refunded
2553,9676,Late Delivery,22355.3,Refunded
2554,17909,Late Delivery,12869.98,Refunded
2555,9495,Damaged,5173.22,Refunded
2556,14575,Wrong Product,23366.58,Refunded
2557,27381,Quality Issue,14916.62,Refunded
2558,8453,Customer Changed Mind,11070.29,Refunded
2559,42966,Quality Issue,10344.61,Refunded
2560,46262,Customer Changed Mind,13375.61,Refunded
2561,16007,Wrong Product,10014.81,Refunded
2562,28250,Customer Changed Mind,4408.86,Refunded
2563,47150,Customer Changed Mind,21572.8,Refunded
2564,35932,Damaged,2056.89,Refunded
2565,26999,Wrong Product,26722.12,Refunded
2566,36263,Quality Issue,18447.18,Refunded
2567,25773,Customer Changed Mind,7166.95,Refunded
2568,12304,Customer Changed Mind,21466.62,Refunded
2569,13453,Wrong Product,12804.74,Refunded
2570,44246,Damaged,14377.49,Refunded
2571,42527,Quality Issue,3260.38,Refunded
2572,32965,Damaged,13023.42,Refunded
2573,12844,Wrong Product,9241.87,Refunded
2574,35829,Customer Changed Mind,15276.98,Refunded
2575,5647,Wrong Product,1983.65,Refunded
2576,4756,Customer Changed Mind,5710.81,Refunded
2577,27682,Damaged,13410.81,Refunded
2578,30784,Late Delivery,18704.24,Refunded
2579,29070,Quality Issue,22656.14,Refunded
2580,14961,Wrong Product,17003.66,Refunded
2581,5857,Damaged,10219.81,Refunded
2582,8528,Damaged,2102.11,Refunded
2583,35967,Wrong Product,13499.83,Refunded
2584,3140,Wrong Product,8692.26,Refunded
2585,17379,Quality Issue,22609.17,Refunded
2586,37797,Quality Issue,19262.87,Refunded
2587,8330,Customer Changed Mind,22275.65,Refunded
2588,12018,Late Delivery,4302.34,Refunded
2589,40895,Customer Changed Mind,17334.9,Refunded
2590,7210,Quality Issue,7209.63,Refunded
2591,29196,Wrong Product,25636.69,Refunded
2592,5271,Quality Issue,17323.64,Refunded
2593,29042,Wrong Product,8989.32,Refunded
2594,9728,Customer Changed Mind,7400.35,Refunded
2595,27834,Late Delivery,3372.47,Refunded
2596,8621,Late Delivery,28393.42,Refunded
2597,32630,Wrong Product,6018.64,Refunded
2598,23971,Quality Issue,22238.9,Refunded
2599,46593,Late Delivery,10872.23,Refunded
2600,32921,Wrong Product,23801.75,Refunded
2601,4249,Late Delivery,10481.75,Refunded
2602,44408,Wrong Product,2579.23,Refunded
2603,12784,Damaged,11662.38,Refunded
2604,37242,Late Delivery,24652.0,Refunded
2605,34731,Customer Changed Mind,3174.82,Refunded
2606,35775,Wrong Product,6596.6,Refunded
2607,28022,Late Delivery,21386.94,Refunded
2608,10365,Wrong Product,8698.64,Refunded
2609,46135,Customer Changed Mind,18760.97,Refunded
2610,37688,Wrong Product,5580.48,Refunded
2611,38993,Customer Changed Mind,14289.41,Refunded
2612,21464,Late Delivery,8962.53,Refunded
2613,39092,Quality Issue,5474.09,Refunded
2614,36650,Customer Changed Mind,10702.59,Refunded
2615,40024,Quality Issue,26238.19,Refunded
2616,48612,Wrong Product,24185.1,Refunded
2617,41918,Wrong Product,2395.75,Refunded
2618,35619,Quality Issue,10599.8,Refunded
2619,2148,Quality Issue,4935.82,Refunded
2620,46691,Customer Changed Mind,8030.95,Refunded
2621,21818,Late Delivery,17164.95,Refunded
2622,18553,Wrong Product,23103.74,Refunded
2623,25648,Damaged,2091.54,Refunded
2624,27584,Late Delivery,21503.16,Refunded
2625,15682,Wrong Product,16006.39,Refunded
2626,13175,Late Delivery,15276.17,Refunded
2627,3510,Damaged,26134.03,Refunded
2628,31450,Quality Issue,17988.66,Refunded
2629,4407,Late Delivery,9379.19,Refunded
2630,21140,Quality Issue,8014.96,Refunded
2631,41219,Customer Changed Mind,16328.92,Refunded
2632,16592,Damaged,7642.71,Refunded
2633,23987,Late Delivery,3766.37,Refunded
2634,18148,Quality Issue,18848.55,Refunded
2635,13233,Damaged,1456.47,Refunded
2636,40991,Customer Changed Mind,14792.82,Refunded
2637,12744,Late Delivery,24188.91,Refunded
2638,6969,Wrong Product,13777.91,Refunded
2639,9763,Quality Issue,12611.88,Refunded
2640,42483,Late Delivery,22564.35,Refunded
2641,26678,Late Delivery,6228.5,Refunded
2642,3685,Wrong Product,10651.69,Refunded
2643,10866,Quality Issue,19663.99,Refunded
2644,47687,Customer Changed Mind,14735.78,Refunded
2645,12307,Late Delivery,4723.51,Refunded
2646,31431,Damaged,17219.23,Refunded
2647,25594,Quality Issue,7657.16,Refunded
2648,6756,Customer Changed Mind,6785.01,Refunded
2649,20393,Quality Issue,5980.97,Refunded
2650,31899,Wrong Product,14043.15,Refunded
2651,42197,Late Delivery,21428.09,Refunded
2652,15002,Late Delivery,22698.62,Refunded
2653,14796,Customer Changed Mind,2744.03,Refunded
2654,203,Late Delivery,7172.76,Refunded
2655,37067,Wrong Product,14041.99,Refunded
2656,32357,Quality Issue,16112.85,Refunded
2657,14338,Wrong Product,24505.53,Refunded
2658,20505,Late Delivery,806.35,Refunded
2659,26824,Customer Changed Mind,4067.94,Refunded
2660,22584,Damaged,20051.29,Refunded
2661,12790,Customer Changed Mind,19326.35,Refunded
2662,27542,Customer Changed Mind,8692.08,Refunded
2663,4291,Quality Issue,13267.06,Refunded
2664,49757,Customer Changed Mind,16412.87,Refunded
2665,13587,Quality Issue,6271.24,Refunded
2666,43037,Damaged,3515.86,Refunded
2667,49642,Late Delivery,21845.9,Refunded
2668,47261,Customer Changed Mind,6712.0,Refunded
2669,49480,Quality Issue,12236.08,Refunded
2670,11448,Wrong Product,7579.81,Refunded
2671,5548,Wrong Product,11476.3,Refunded
2672,41852,Quality Issue,28378.31,Refunded
2673,39770,Wrong Product,23996.58,Refunded
2674,46006,Damaged,3065.97,Refunded
2675,32157,Quality Issue,1356.25,Refunded
2676,18049,Late Delivery,12132.98,Refunded
2677,37285,Damaged,20675.22,Refunded
2678,24056,Late Delivery,4626.62,Refunded
2679,46265,Late Delivery,21183.68,Refunded
2680,33720,Damaged,27957.18,Refunded
2681,21017,Late Delivery,3587.16,Refunded
2682,19719,Customer Changed Mind,12878.14,Refunded
2683,8910,Late Delivery,11142.82,Refunded
2684,12890,Wrong Product,7769.65,Refunded
2685,6884,Customer Changed Mind,11721.74,Refunded
2686,15747,Wrong Product,21031.65,Refunded
2687,12707,Customer Changed Mind,1639.63,Refunded
2688,33238,Quality Issue,2525.14,Refunded
2689,41717,Quality Issue,4986.01,Refunded
2690,2408,Late Delivery,2025.83,Refunded
2691,5829,Wrong Product,4162.14,Refunded
2692,40441,Quality Issue,1476.24,Refunded
2693,222,Wrong Product,3997.89,Refunded
2694,8890,Wrong Product,15630.41,Refunded
2695,17484,Late Delivery,7993.66,Refunded
2696,27316,Late Delivery,6081.54,Refunded
2697,10633,Quality Issue,17704.84,Refunded
2698,41537,Quality Issue,12441.23,Refunded
2699,8585,Damaged,6030.13,Refunded
2700,42573,Quality Issue,22936.21,Refunded
2701,48610,Customer Changed Mind,18157.02,Refunded
2702,28059,Customer Changed Mind,21372.91,Refunded
2703,43521,Late Delivery,1487.98,Refunded
2704,2662,Late Delivery,22723.45,Refunded
2705,38542,Quality Issue,16038.72,Refunded
2706,9789,Late Delivery,15351.96,Refunded
2707,3609,Wrong Product,24478.0,Refunded
2708,44512,Quality Issue,7104.98,Refunded
2709,30899,Customer Changed Mind,27326.79,Refunded
2710,47076,Quality Issue,16637.88,Refunded
2711,2485,Wrong Product,25062.51,Refunded
2712,48359,Quality Issue,25539.88,Refunded
2713,33849,Customer Changed Mind,13657.69,Refunded
2714,10209,Customer Changed Mind,4486.83,Refunded
2715,12645,Customer Changed Mind,12018.31,Refunded
2716,24767,Damaged,13069.11,Refunded
2717,28983,Late Delivery,9730.61,Refunded
2718,34200,Late Delivery,3015.3,Refunded
2719,31009,Customer Changed Mind,6966.04,Refunded
2720,29692,Late Delivery,14061.47,Refunded
2721,13232,Damaged,5332.61,Refunded
2722,25175,Quality Issue,20465.8,Refunded
2723,48375,Wrong Product,8772.94,Refunded
2724,7263,Late Delivery,10512.08,Refunded
2725,1799,Quality Issue,1810.01,Refunded
2726,835,Customer Changed Mind,8727.61,Refunded
2727,49260,Damaged,24481.15,Refunded
2728,8645,Late Delivery,13119.14,Refunded
2729,28882,Late Delivery,14128.8,Refunded
2730,24743,Damaged,4148.71,Refunded
2731,8101,Wrong Product,6322.98,Refunded
2732,49812,Quality Issue,15681.68,Refunded
2733,46188,Damaged,1395.92,Refunded
2734,19194,Quality Issue,2204.38,Refunded
2735,42361,Damaged,17107.83,Refunded
2736,19013,Late Delivery,24439.72,Refunded
2737,4496,Late Delivery,2663.24,Refunded
2738,13879,Wrong Product,18426.9,Refunded
2739,22066,Damaged,1573.49,Refunded
2740,45266,Late Delivery,18379.1,Refunded
2741,2729,Quality Issue,4866.18,Refunded
2742,44155,Late Delivery,1371.88,Refunded
2743,41577,Late Delivery,21580.32,Refunded
2744,20072,Quality Issue,23620.94,Refunded
2745,14051,Quality Issue,23700.04,Refunded
2746,41645,Customer Changed Mind,8218.64,Refunded
2747,37638,Wrong Product,2538.47,Refunded
2748,32566,Quality Issue,8020.51,Refunded
2749,45051,Late Delivery,28317.25,Refunded
2750,17875,Late Delivery,4145.67,Refunded
2751,2115,Damaged,15998.26,Refunded
2752,13386,Quality Issue,3975.2,Refunded
2753,11301,Quality Issue,5672.26,Refunded
2754,25203,Quality Issue,13567.49,Refunded
2755,34267,Wrong Product,3554.41,Refunded
2756,12715,Customer Changed Mind,25456.93,Refunded
2757,2212,Customer Changed Mind,8899.0,Refunded
2758,11151,Quality Issue,13344.95,Refunded
2759,16292,Wrong Product,703.55,Refunded
2760,12224,Customer Changed Mind,14871.0,Refunded
2761,26463,Quality Issue,17097.7,Refunded
2762,598,Quality Issue,11631.98,Refunded
2763,32879,Quality Issue,14795.16,Refunded
2764,35157,Customer Changed Mind,12957.8,Refunded
2765,2941,Customer Changed Mind,5434.31,Refunded
2766,35461,Late Delivery,17289.77,Refunded
2767,48109,Late Delivery,8871.14,Refunded
2768,2116,Wrong Product,22795.78,Refunded
2769,17926,Late Delivery,17377.09,Refunded
2770,44768,Customer Changed Mind,2453.15,Refunded
2771,7211,Quality Issue,27759.09,Refunded
2772,47389,Customer Changed Mind,21098.35,Refunded
2773,31411,Quality Issue,8254.57,Refunded
2774,40839,Damaged,16591.65,Refunded
2775,46489,Late Delivery,15604.09,Refunded
2776,48435,Wrong Product,15205.92,Refunded
2777,40053,Wrong Product,1881.95,Refunded
2778,33606,Quality Issue,7959.55,Refunded
2779,24262,Damaged,14485.83,Refunded
2780,36131,Wrong Product,5466.85,Refunded
2781,35592,Damaged,18007.73,Refunded
2782,19329,Wrong Product,4660.04,Refunded
2783,25752,Wrong Product,11911.6,Refunded
2784,33015,Wrong Product,3589.5,Refunded
2785,6813,Customer Changed Mind,23370.41,Refunded
2786,13792,Quality Issue,11621.26,Refunded
2787,40764,Late Delivery,4898.36,Refunded
2788,144,Quality Issue,25050.3,Refunded
2789,39555,Wrong Product,15525.78,Refunded
2790,19626,Customer Changed Mind,15673.13,Refunded
2791,49415,Damaged,24490.1,Refunded
2792,4006,Customer Changed Mind,7502.46,Refunded
2793,5242,Quality Issue,22004.4,Refunded
2794,5141,Damaged,6404.81,Refunded
2795,37187,Customer Changed Mind,3091.99,Refunded
2796,23579,Quality Issue,5131.22,Refunded
2797,43836,Wrong Product,6434.7,Refunded
2798,49564,Late Delivery,21824.97,Refunded
2799,5298,Damaged,6399.44,Refunded
2800,4946,Damaged,18293.94,Refunded
2801,9623,Wrong Product,12190.47,Refunded
2802,13657,Damaged,17163.55,Refunded
2803,39171,Wrong Product,21892.86,Refunded
2804,43651,Customer Changed Mind,23461.3,Refunded
2805,19265,Damaged,13327.24,Refunded
2806,5027,Wrong Product,4286.41,Refunded
2807,2164,Wrong Product,20527.54,Refunded
2808,23526,Damaged,14597.82,Refunded
2809,37529,Wrong Product,5869.73,Refunded
2810,12508,Damaged,11416.77,Refunded
2811,49719,Quality Issue,9144.1,Refunded
2812,29899,Late Delivery,16647.54,Refunded
2813,11613,Wrong Product,3451.82,Refunded
2814,27721,Wrong Product,15027.79,Refunded
2815,14530,Customer Changed Mind,14970.53,Refunded
2816,23890,Late Delivery,14497.07,Refunded
2817,29586,Quality Issue,4304.07,Refunded
2818,45506,Customer Changed Mind,6063.11,Refunded
2819,45408,Late Delivery,5014.61,Refunded
2820,2768,Wrong Product,10234.16,Refunded
2821,8679,Damaged,18415.28,Refunded
2822,9592,Quality Issue,22472.14,Refunded
2823,24401,Damaged,3407.45,Refunded
2824,31479,Customer Changed Mind,19377.59,Refunded
2825,31700,Late Delivery,16402.79,Refunded
2826,11746,Wrong Product,14255.8,Refunded
2827,6831,Late Delivery,12880.43,Refunded
2828,19200,Damaged,15811.07,Refunded
2829,19169,Customer Changed Mind,22545.08,Refunded
2830,2465,Wrong Product,17072.81,Refunded
2831,26319,Late Delivery,5092.48,Refunded
2832,44639,Quality Issue,19988.42,Refunded
2833,846,Wrong Product,16771.68,Refunded
2834,8964,Customer Changed Mind,27337.89,Refunded
2835,34612,Late Delivery,14129.34,Refunded
2836,21213,Damaged,14585.57,Refunded
2837,37316,Customer Changed Mind,3201.15,Refunded
2838,16127,Late Delivery,23519.81,Refunded
2839,3485,Customer Changed Mind,4227.06,Refunded
2840,40344,Quality Issue,6261.1,Refunded
2841,20228,Damaged,8850.4,Refunded
2842,8513,Damaged,11274.17,Refunded
2843,1507,Damaged,13654.17,Refunded
2844,30768,Late Delivery,24267.52,Refunded
2845,34464,Quality Issue,13983.52,Refunded
2846,32698,Damaged,20966.43,Refunded
2847,37739,Late Delivery,18325.0,Refunded
2848,18599,Late Delivery,8362.09,Refunded
2849,42355,Damaged,801.3,Refunded
2850,30143,Damaged,8654.19,Refunded
2851,49080,Wrong Product,19271.95,Refunded
2852,28546,Damaged,11560.28,Refunded
2853,44384,Late Delivery,17974.95,Refunded
2854,30050,Late Delivery,16855.43,Refunded
2855,11629,Late Delivery,23173.52,Refunded
2856,26365,Late Delivery,6303.64,Refunded
2857,38252,Damaged,19856.86,Refunded
2858,45986,Customer Changed Mind,24783.0,Refunded
2859,25382,Quality Issue,14604.94,Refunded
2860,14619,Quality Issue,20156.51,Refunded
2861,25533,Wrong Product,13415.76,Refunded
2862,43469,Wrong Product,11307.05,Refunded
2863,40552,Quality Issue,18450.6,Refunded
2864,35990,Damaged,19204.86,Refunded
2865,11662,Wrong Product,17178.97,Refunded
2866,2688,Late Delivery,4337.46,Refunded
2867,44448,Late Delivery,22103.25,Refunded
2868,13951,Customer Changed Mind,10499.18,Refunded
2869,27067,Late Delivery,6662.81,Refunded
2870,16319,Customer Changed Mind,27777.44,Refunded
2871,37386,Damaged,10826.05,Refunded
2872,23557,Customer Changed Mind,15080.19,Refunded
2873,32076,Late Delivery,2337.19,Refunded
2874,16915,Quality Issue,16818.75,Refunded
2875,42464,Customer Changed Mind,14185.39,Refunded
2876,40986,Quality Issue,5536.54,Refunded
2877,1939,Customer Changed Mind,13593.02,Refunded
2878,11992,Wrong Product,19741.0,Refunded
2879,7963,Customer Changed Mind,19603.99,Refunded
2880,36811,Customer Changed Mind,12283.08,Refunded
2881,40621,Late Delivery,2181.7,Refunded
2882,23289,Late Delivery,17130.55,Refunded
2883,15398,Damaged,13775.27,Refunded
2884,46741,Late Delivery,23024.78,Refunded
2885,6047,Customer Changed Mind,18363.95,Refunded
2886,16290,Late Delivery,6519.98,Refunded
2887,36932,Quality Issue,20402.93,Refunded
2888,46152,Quality Issue,12514.54,Refunded
2889,18870,Wrong Product,6702.9,Refunded
2890,24705,Customer Changed Mind,4923.04,Refunded
2891,45081,Quality Issue,25428.61,Refunded
2892,39816,Late Delivery,10348.0,Refunded
2893,5663,Late Delivery,8061.4,Refunded
2894,47358,Damaged,16186.33,Refunded
2895,13857,Quality Issue,24210.18,Refunded
2896,19562,Damaged,6354.52,Refunded
2897,246,Damaged,13493.52,Refunded
2898,4691,Damaged,11632.66,Refunded
2899,25807,Quality Issue,4240.22,Refunded
2900,6069,Damaged,1836.62,Refunded
2901,44871,Damaged,13921.46,Refunded
2902,22607,Customer Changed Mind,15977.58,Refunded
2903,13920,Damaged,10337.38,Refunded
2904,43357,Quality Issue,6720.5,Refunded
2905,6903,Late Delivery,12736.07,Refunded
2906,14234,Wrong Product,7167.83,Refunded
2907,43142,Damaged,28563.05,Refunded
2908,16963,Wrong Product,5601.45,Refunded
2909,21470,Customer Changed Mind,12802.83,Refunded
2910,9129,Late Delivery,22397.46,Refunded
2911,45916,Damaged,10039.82,Refunded
2912,3084,Customer Changed Mind,22733.41,Refunded
2913,43268,Quality Issue,15143.25,Refunded
2914,28892,Late Delivery,2951.57,Refunded
2915,40325,Customer Changed Mind,18674.89,Refunded
2916,46801,Wrong Product,726.24,Refunded
2917,6662,Wrong Product,1876.09,Refunded
2918,44161,Late Delivery,7069.48,Refunded
2919,24759,Customer Changed Mind,23318.93,Refunded
2920,33611,Quality Issue,10180.14,Refunded
2921,25163,Quality Issue,1644.92,Refunded
2922,6469,Late Delivery,20036.8,Refunded
2923,3669,Quality Issue,19533.12,Refunded
2924,38817,Quality Issue,24038.31,Refunded
2925,8251,Quality Issue,14642.2,Refunded
2926,15456,Late Delivery,9914.32,Refunded
2927,432,Wrong Product,3322.91,Refunded
2928,10182,Quality Issue,22981.36,Refunded
2929,3782,Customer Changed Mind,12399.42,Refunded
2930,647,Late Delivery,5241.62,Refunded
2931,15009,Late Delivery,6699.47,Refunded
2932,7768,Quality Issue,24471.81,Refunded
2933,41882,Customer Changed Mind,5329.2,Refunded
2934,984,Damaged,6268.91,Refunded
2935,40351,Wrong Product,21079.26,Refunded
2936,40894,Damaged,1474.05,Refunded
2937,45648,Customer Changed Mind,15114.73,Refunded
2938,48010,Damaged,18525.49,Refunded
2939,5443,Late Delivery,24430.45,Refunded
2940,22957,Customer Changed Mind,6698.67,Refunded
2941,5277,Customer Changed Mind,20608.98,Refunded
2942,39934,Quality Issue,1012.28,Refunded
2943,39307,Wrong Product,23547.58,Refunded
2944,44,Customer Changed Mind,10380.38,Refunded
2945,43139,Late Delivery,19704.65,Refunded
2946,5641,Late Delivery,5384.97,Refunded
2947,18023,Customer Changed Mind,17692.23,Refunded
2948,5516,Quality Issue,17731.94,Refunded
2949,5216,Wrong Product,22307.84,Refunded
2950,22523,Damaged,17564.36,Refunded
2951,10105,Late Delivery,17028.02,Refunded
2952,44533,Wrong Product,6179.95,Refunded
2953,40316,Late Delivery,19878.36,Refunded
2954,12727,Damaged,19249.4,Refunded
2955,43340,Late Delivery,3050.39,Refunded
2956,12028,Damaged,16140.38,Refunded
2957,39679,Late Delivery,20588.86,Refunded
2958,35302,Damaged,3697.43,Refunded
2959,708,Damaged,12542.53,Refunded
2960,30939,Wrong Product,10204.01,Refunded
2961,24104,Customer Changed Mind,22869.63,Refunded
2962,26611,Quality Issue,3673.7,Refunded
2963,34483,Damaged,4651.25,Refunded
2964,27973,Wrong Product,15738.34,Refunded
2965,30665,Damaged,26401.72,Refunded
2966,41991,Wrong Product,17716.67,Refunded
2967,23229,Wrong Product,26357.64,Refunded
2968,12672,Damaged,18448.11,Refunded
2969,37872,Late Delivery,2109.47,Refunded
2970,14104,Wrong Product,14646.33,Refunded
2971,46183,Late Delivery,2689.47,Refunded
2972,14786,Customer Changed Mind,20025.55,Refunded
2973,29658,Late Delivery,21337.76,Refunded
2974,31627,Damaged,15483.29,Refunded
2975,11914,Customer Changed Mind,10132.61,Refunded
2976,11439,Damaged,24155.39,Refunded
2977,28984,Quality Issue,18340.73,Refunded
2978,23545,Quality Issue,17757.58,Refunded
2979,47424,Customer Changed Mind,2759.81,Refunded
2980,33719,Quality Issue,13444.38,Refunded
2981,45389,Late Delivery,24643.73,Refunded
2982,10013,Late Delivery,15967.96,Refunded
2983,9918,Wrong Product,16452.66,Refunded
2984,12974,Damaged,17845.85,Refunded
2985,49890,Late Delivery,20120.04,Refunded
2986,18998,Quality Issue,10403.3,Refunded
2987,49381,Quality Issue,25069.18,Refunded
2988,29415,Quality Issue,16194.22,Refunded
2989,26076,Late Delivery,20980.46,Refunded
2990,23861,Quality Issue,19387.54,Refunded
2991,22665,Customer Changed Mind,6777.12,Refunded
2992,11816,Damaged,15705.16,Refunded
2993,47466,Late Delivery,16232.08,Refunded
2994,47288,Wrong Product,22432.42,Refunded
2995,5514,Late Delivery,1566.06,Refunded
2996,11739,Late Delivery,19005.76,Refunded
2997,29482,Customer Changed Mind,7231.37,Refunded
2998,22053,Late Delivery,21487.93,Refunded
2999,35530,Wrong Product,17943.49,Refunded
3000,41745,Wrong Product,21099.19,Refunded
3001,10583,Quality Issue,9778.56,Refunded
3002,48477,Late Delivery,8632.16,Refunded
3003,24873,Wrong Product,2250.35,Refunded
3004,10073,Damaged,4069.93,Refunded
3005,28818,Quality Issue,15071.58,Refunded
3006,42738,Late Delivery,16364.91,Refunded
3007,12382,Customer Changed Mind,13396.06,Refunded
3008,35796,Late Delivery,4610.43,Refunded
3009,14231,Late Delivery,4099.02,Refunded
3010,41001,Quality Issue,27604.43,Refunded
3011,2989,Wrong Product,10472.18,Refunded
3012,44061,Late Delivery,21301.15,Refunded
3013,44475,Quality Issue,1581.09,Refunded
3014,15248,Late Delivery,11745.05,Refunded
3015,2598,Damaged,1730.98,Refunded
3016,21408,Customer Changed Mind,9457.93,Refunded
3017,49128,Customer Changed Mind,14033.31,Refunded
3018,31469,Quality Issue,13055.66,Refunded
3019,22441,Customer Changed Mind,8284.18,Refunded
3020,40772,Quality Issue,18693.89,Refunded
3021,27076,Late Delivery,21517.9,Refunded
3022,48680,Late Delivery,13202.81,Refunded
3023,41145,Wrong Product,19035.16,Refunded
3024,38215,Damaged,21126.94,Refunded
3025,49067,Late Delivery,660.47,Refunded
3026,15563,Customer Changed Mind,16368.08,Refunded
3027,23300,Customer Changed Mind,21814.23,Refunded
3028,24523,Damaged,19627.32,Refunded
3029,40313,Damaged,22335.86,Refunded
3030,43208,Damaged,22396.51,Refunded
3031,32258,Wrong Product,4052.66,Refunded
3032,20491,Late Delivery,21623.19,Refunded
3033,42281,Quality Issue,17908.7,Refunded
3034,34541,Late Delivery,1878.9,Refunded
3035,32765,Damaged,5533.4,Refunded
3036,16951,Wrong Product,25460.63,Refunded
3037,22360,Damaged,10758.81,Refunded
3038,8518,Damaged,24851.44,Refunded
3039,11812,Quality Issue,14223.12,Refunded
3040,2650,Damaged,7679.33,Refunded
3041,31199,Damaged,11205.51,Refunded
3042,15110,Damaged,25050.03,Refunded
3043,38055,Quality Issue,18141.99,Refunded
3044,44486,Customer Changed Mind,21813.87,Refunded
3045,6465,Customer Changed Mind,15197.1,Refunded
3046,44699,Damaged,11688.87,Refunded
3047,42109,Quality Issue,3391.74,Refunded
3048,1874,Customer Changed Mind,5639.56,Refunded
3049,12326,Wrong Product,13054.68,Refunded
3050,34332,Quality Issue,15502.98,Refunded
3051,43160,Quality Issue,23536.37,Refunded
3052,1430,Damaged,15603.29,Refunded
3053,2042,Damaged,3775.04,Refunded
3054,37101,Late Delivery,14201.88,Refunded
3055,10833,Late Delivery,18098.67,Refunded
3056,36326,Wrong Product,12395.52,Refunded
3057,11909,Customer Changed Mind,12698.59,Refunded
3058,1977,Damaged,11527.45,Refunded
3059,26267,Wrong Product,12415.94,Refunded
3060,45593,Wrong Product,11260.93,Refunded
3061,38724,Wrong Product,800.23,Refunded
3062,1124,Quality Issue,8303.87,Refunded
3063,32169,Wrong Product,19985.35,Refunded
3064,29193,Quality Issue,15112.07,Refunded
3065,22575,Late Delivery,1471.73,Refunded
3066,11356,Quality Issue,6100.34,Refunded
3067,11581,Damaged,24866.69,Refunded
3068,10716,Customer Changed Mind,6650.45,Refunded
3069,4406,Damaged,8878.82,Refunded
3070,21433,Customer Changed Mind,15450.82,Refunded
3071,17687,Wrong Product,14468.59,Refunded
3072,49145,Wrong Product,14293.0,Refunded
3073,46564,Wrong Product,2440.39,Refunded
3074,2594,Late Delivery,10164.14,Refunded
3075,44165,Wrong Product,17307.93,Refunded
3076,3297,Customer Changed Mind,22674.8,Refunded
3077,3832,Customer Changed Mind,17464.62,Refunded
3078,37383,Customer Changed Mind,20221.66,Refunded
3079,39630,Customer Changed Mind,13561.6,Refunded
3080,9159,Late Delivery,28252.15,Refunded
3081,28687,Late Delivery,2131.38,Refunded
3082,12054,Customer Changed Mind,20490.06,Refunded
3083,4897,Wrong Product,20916.98,Refunded
3084,24826,Late Delivery,17292.99,Refunded
3085,42462,Damaged,13701.43,Refunded
3086,30974,Wrong Product,13658.53,Refunded
3087,21939,Late Delivery,25867.5,Refunded
3088,30048,Damaged,13753.59,Refunded
3089,46014,Quality Issue,15559.05,Refunded
3090,43236,Wrong Product,18892.12,Refunded
3091,40184,Quality Issue,14164.86,Refunded
3092,39392,Late Delivery,4306.4,Refunded
3093,5669,Wrong Product,3586.69,Refunded
3094,43986,Quality Issue,3790.3,Refunded
3095,17175,Wrong Product,16595.32,Refunded
3096,19224,Quality Issue,22682.93,Refunded
3097,1316,Wrong Product,6523.57,Refunded
3098,5539,Damaged,3715.52,Refunded
3099,38841,Customer Changed Mind,15582.96,Refunded
3100,8561,Wrong Product,11241.39,Refunded
3101,24574,Customer Changed Mind,2518.15,Refunded
3102,31194,Damaged,12529.93,Refunded
3103,22674,Quality Issue,13663.52,Refunded
3104,46436,Quality Issue,10128.79,Refunded
3105,26265,Damaged,12896.82,Refunded
3106,44838,Late Delivery,19043.11,Refunded
3107,22272,Quality Issue,26484.78,Refunded
3108,15995,Customer Changed Mind,1511.28,Refunded
3109,40998,Late Delivery,9605.97,Refunded
3110,35288,Customer Changed Mind,7114.95,Refunded
3111,7607,Damaged,12932.02,Refunded
3112,20535,Damaged,639.65,Refunded
3113,24455,Quality Issue,6427.23,Refunded
3114,17300,Quality Issue,14064.73,Refunded
3115,24769,Customer Changed Mind,22371.89,Refunded
3116,35660,Damaged,17075.37,Refunded
3117,1772,Damaged,22262.06,Refunded
3118,39021,Late Delivery,15060.62,Refunded
3119,31866,Damaged,26510.67,Refunded
3120,22321,Quality Issue,13007.45,Refunded
3121,18501,Quality Issue,12300.95,Refunded
3122,6336,Late Delivery,20334.69,Refunded
3123,43143,Damaged,24947.59,Refunded
3124,39099,Late Delivery,11841.41,Refunded
3125,30730,Wrong Product,3484.02,Refunded
3126,14243,Late Delivery,23920.86,Refunded
3127,15587,Damaged,4660.47,Refunded
3128,25676,Wrong Product,11261.29,Refunded
3129,16128,Quality Issue,12231.38,Refunded
3130,5637,Damaged,20328.77,Refunded
3131,5161,Damaged,15303.79,Refunded
3132,14229,Quality Issue,18739.64,Refunded
3133,39586,Customer Changed Mind,8893.95,Refunded
3134,12903,Wrong Product,23598.09,Refunded
3135,23361,Late Delivery,12205.1,Refunded
3136,40087,Customer Changed Mind,21430.28,Refunded
3137,5635,Customer Changed Mind,2314.84,Refunded
3138,8784,Late Delivery,13100.61,Refunded
3139,40192,Damaged,5362.47,Refunded
3140,33252,Late Delivery,19708.38,Refunded
3141,31141,Customer Changed Mind,9046.95,Refunded
3142,38082,Late Delivery,24606.65,Refunded
3143,19578,Customer Changed Mind,3979.65,Refunded
3144,6259,Wrong Product,24224.41,Refunded
3145,49229,Wrong Product,23724.48,Refunded
3146,37349,Late Delivery,17650.94,Refunded
3147,39423,Wrong Product,23507.24,Refunded
3148,24049,Quality Issue,15248.84,Refunded
3149,471,Late Delivery,13487.36,Refunded
3150,14904,Quality Issue,23274.45,Refunded
3151,48881,Wrong Product,17810.75,Refunded
3152,14473,Wrong Product,24930.26,Refunded
3153,11688,Late Delivery,3270.76,Refunded
3154,29152,Customer Changed Mind,13724.17,Refunded
3155,18704,Customer Changed Mind,18120.69,Refunded
3156,11481,Wrong Product,3684.05,Refunded
3157,26820,Customer Changed Mind,16619.4,Refunded
3158,48660,Customer Changed Mind,11547.24,Refunded
3159,10566,Damaged,28271.0,Refunded
3160,33422,Customer Changed Mind,17503.85,Refunded
3161,15250,Customer Changed Mind,13338.01,Refunded
3162,47408,Quality Issue,5848.07,Refunded
3163,17525,Wrong Product,5833.29,Refunded
3164,26457,Quality Issue,7444.78,Refunded
3165,36733,Wrong Product,14691.04,Refunded
3166,6675,Wrong Product,1630.41,Refunded
3167,8588,Wrong Product,6410.61,Refunded
3168,7376,Customer Changed Mind,14090.51,Refunded
3169,44346,Wrong Product,15108.28,Refunded
3170,36566,Customer Changed Mind,25968.21,Refunded
3171,14807,Damaged,15725.68,Refunded
3172,47526,Late Delivery,20107.76,Refunded
3173,27941,Quality Issue,3084.66,Refunded
3174,648,Damaged,19637.53,Refunded
3175,17376,Customer Changed Mind,22531.31,Refunded
3176,45572,Wrong Product,18894.97,Refunded
3177,49274,Quality Issue,25797.63,Refunded
3178,44440,Late Delivery,18226.99,Refunded
3179,13108,Customer Changed Mind,10612.08,Refunded
3180,30493,Customer Changed Mind,11859.22,Refunded
3181,12517,Late Delivery,12695.37,Refunded
3182,8541,Wrong Product,4110.87,Refunded
3183,31380,Quality Issue,17912.75,Refunded
3184,2709,Quality Issue,10387.81,Refunded
3185,35517,Damaged,18303.79,Refunded
3186,39367,Customer Changed Mind,18015.34,Refunded
3187,1358,Wrong Product,25449.76,Refunded
3188,22346,Late Delivery,13783.61,Refunded
3189,33888,Damaged,785.92,Refunded
3190,10040,Quality Issue,24720.08,Refunded
3191,48630,Wrong Product,7127.29,Refunded
3192,16401,Late Delivery,20387.49,Refunded
3193,44974,Customer Changed Mind,14479.74,Refunded
3194,18321,Customer Changed Mind,14209.77,Refunded
3195,42111,Damaged,12027.27,Refunded
3196,44361,Quality Issue,11077.91,Refunded
3197,23806,Late Delivery,14613.26,Refunded
3198,40081,Wrong Product,15249.09,Refunded
3199,1732,Damaged,27264.93,Refunded
3200,2509,Damaged,22829.22,Refunded
3201,44814,Late Delivery,7247.12,Refunded
3202,4901,Quality Issue,9451.53,Refunded
3203,5306,Late Delivery,14406.18,Refunded
3204,34836,Customer Changed Mind,11359.93,Refunded
3205,17192,Late Delivery,10283.16,Refunded
3206,25101,Damaged,6067.82,Refunded
3207,4392,Damaged,8306.62,Refunded
3208,19885,Damaged,2737.01,Refunded
3209,36475,Damaged,12975.24,Refunded
3210,955,Late Delivery,14360.48,Refunded
3211,23232,Late Delivery,4642.14,Refunded
3212,39504,Damaged,1609.23,Refunded
3213,33665,Quality Issue,15883.86,Refunded
3214,32508,Quality Issue,19142.01,Refunded
3215,25992,Quality Issue,11230.63,Refunded
3216,34193,Late Delivery,1629.92,Refunded
3217,15473,Late Delivery,16876.16,Refunded
3218,40526,Wrong Product,8843.84,Refunded
3219,29149,Quality Issue,1559.56,Refunded
3220,5766,Wrong Product,14172.72,Refunded
3221,46779,Late Delivery,16817.64,Refunded
3222,38445,Customer Changed Mind,20830.55,Refunded
3223,40428,Customer Changed Mind,25820.78,Refunded
3224,38003,Late Delivery,24832.04,Refunded
3225,25460,Customer Changed Mind,23750.5,Refunded
3226,39708,Damaged,10421.66,Refunded
3227,35749,Quality Issue,21247.84,Refunded
3228,8983,Damaged,15930.72,Refunded
3229,26826,Damaged,19741.88,Refunded
3230,20256,Late Delivery,3421.6,Refunded
3231,46913,Late Delivery,6140.33,Refunded
3232,32149,Wrong Product,24333.12,Refunded
3233,12481,Damaged,15074.99,Refunded
3234,24063,Wrong Product,23991.03,Refunded
3235,33201,Wrong Product,14755.6,Refunded
3236,23133,Late Delivery,4945.59,Refunded
3237,30954,Customer Changed Mind,22993.12,Refunded
3238,11514,Customer Changed Mind,982.96,Refunded
3239,41941,Late Delivery,13348.89,Refunded
3240,11915,Customer Changed Mind,23955.69,Refunded
3241,18539,Customer Changed Mind,14846.17,Refunded
3242,18175,Quality Issue,9193.17,Refunded
3243,20843,Damaged,19842.54,Refunded
3244,30272,Quality Issue,23827.13,Refunded
3245,41585,Late Delivery,3417.66,Refunded
3246,33430,Quality Issue,16872.12,Refunded
3247,21894,Customer Changed Mind,8115.98,Refunded
3248,36779,Quality Issue,23154.43,Refunded
3249,30137,Damaged,579.66,Refunded
3250,24050,Damaged,25260.2,Refunded
3251,21742,Late Delivery,8278.58,Refunded
3252,26186,Customer Changed Mind,21274.01,Refunded
3253,15177,Quality Issue,22679.58,Refunded
3254,33998,Customer Changed Mind,14169.37,Refunded
3255,18327,Customer Changed Mind,19738.93,Refunded
3256,16357,Damaged,9395.15,Refunded
3257,42759,Quality Issue,23251.4,Refunded
3258,45370,Late Delivery,7956.51,Refunded
3259,14172,Customer Changed Mind,23902.15,Refunded
3260,36829,Quality Issue,18348.73,Refunded
3261,48792,Customer Changed Mind,1960.28,Refunded
3262,38791,Wrong Product,23832.94,Refunded
3263,30456,Late Delivery,18252.88,Refunded
3264,40262,Quality Issue,5309.2,Refunded
3265,15146,Quality Issue,21385.49,Refunded
3266,27539,Late Delivery,15676.71,Refunded
3267,45065,Quality Issue,13063.61,Refunded
3268,39680,Customer Changed Mind,26811.28,Refunded
3269,1899,Wrong Product,15281.45,Refunded
3270,25146,Late Delivery,8677.92,Refunded
3271,4487,Wrong Product,12481.3,Refunded
3272,2946,Customer Changed Mind,1005.81,Refunded
3273,7791,Damaged,8786.7,Refunded
3274,36815,Late Delivery,17343.47,Refunded
3275,20830,Late Delivery,1952.7,Refunded
3276,24602,Quality Issue,2296.39,Refunded
3277,47222,Wrong Product,12319.77,Refunded
3278,19802,Customer Changed Mind,7874.5,Refunded
3279,1395,Damaged,11401.58,Refunded
3280,21775,Late Delivery,19634.88,Refunded
3281,32723,Wrong Product,1297.07,Refunded
3282,48646,Late Delivery,10083.93,Refunded
3283,11884,Quality Issue,18472.12,Refunded
3284,31664,Wrong Product,12234.01,Refunded
3285,21455,Wrong Product,24680.96,Refunded
3286,28830,Quality Issue,14348.93,Refunded
3287,36884,Damaged,5115.02,Refunded
3288,42918,Quality Issue,14826.31,Refunded
3289,29224,Customer Changed Mind,6030.57,Refunded
3290,2251,Customer Changed Mind,7154.91,Refunded
3291,6494,Damaged,19130.93,Refunded
3292,31844,Customer Changed Mind,18576.78,Refunded
3293,27406,Quality Issue,4343.15,Refunded
3294,5759,Late Delivery,11134.95,Refunded
3295,720,Quality Issue,26771.39,Refunded
3296,1937,Late Delivery,1770.76,Refunded
3297,22229,Quality Issue,1633.97,Refunded
3298,32120,Late Delivery,19241.52,Refunded
3299,30091,Late Delivery,9245.83,Refunded
3300,40708,Late Delivery,14722.8,Refunded
3301,9168,Wrong Product,12333.0,Refunded
3302,13716,Late Delivery,18867.27,Refunded
3303,40726,Quality Issue,4100.97,Refunded
3304,8272,Customer Changed Mind,10106.89,Refunded
3305,37552,Quality Issue,7679.28,Refunded
3306,14551,Damaged,24238.9,Refunded
3307,10485,Damaged,17776.75,Refunded
3308,25920,Quality Issue,20329.38,Refunded
3309,32669,Damaged,15206.77,Refunded
3310,23354,Customer Changed Mind,19705.83,Refunded
3311,27638,Quality Issue,9263.6,Refunded
3312,31475,Customer Changed Mind,19676.65,Refunded
3313,18910,Late Delivery,17011.83,Refunded
3314,6322,Wrong Product,4754.21,Refunded
3315,3386,Damaged,28311.07,Refunded
3316,2087,Quality Issue,4824.83,Refunded
3317,2271,Quality Issue,24908.97,Refunded
3318,41592,Wrong Product,15100.07,Refunded
3319,40302,Quality Issue,23587.33,Refunded
3320,25241,Quality Issue,12624.64,Refunded
3321,32206,Damaged,11226.59,Refunded
3322,43777,Damaged,5582.77,Refunded
3323,29996,Customer Changed Mind,20978.11,Refunded
3324,12768,Quality Issue,4748.13,Refunded
3325,5739,Quality Issue,13307.93,Refunded
3326,41914,Quality Issue,623.98,Refunded
3327,499,Customer Changed Mind,20862.74,Refunded
3328,25852,Customer Changed Mind,4264.58,Refunded
3329,25665,Damaged,22275.0,Refunded
3330,27732,Customer Changed Mind,4634.17,Refunded
3331,20933,Wrong Product,7093.82,Refunded
3332,5128,Wrong Product,19155.94,Refunded
3333,22714,Late Delivery,2978.32,Refunded
3334,44049,Damaged,14132.15,Refunded
3335,19272,Customer Changed Mind,19507.49,Refunded
3336,9555,Quality Issue,7985.92,Refunded
3337,5302,Late Delivery,25079.25,Refunded
3338,40538,Customer Changed Mind,26006.55,Refunded
3339,26768,Quality Issue,19574.69,Refunded
3340,28433,Late Delivery,22571.68,Refunded
3341,37570,Damaged,19429.76,Refunded
3342,48085,Quality Issue,1672.73,Refunded
3343,41757,Customer Changed Mind,3742.83,Refunded
3344,8290,Wrong Product,11334.37,Refunded
3345,4889,Damaged,2126.74,Refunded
3346,35548,Damaged,7252.59,Refunded
3347,46635,Late Delivery,6650.92,Refunded
3348,17618,Customer Changed Mind,17037.19,Refunded
3349,42423,Wrong Product,1823.04,Refunded
3350,47959,Wrong Product,19158.29,Refunded
3351,22262,Quality Issue,20660.14,Refunded
3352,5704,Quality Issue,13873.44,Refunded
3353,26396,Quality Issue,20148.53,Refunded
3354,28253,Customer Changed Mind,18155.45,Refunded
3355,27547,Wrong Product,9643.29,Refunded
3356,18825,Customer Changed Mind,3790.55,Refunded
3357,41581,Damaged,5136.9,Refunded
3358,27715,Wrong Product,22279.8,Refunded
3359,37335,Quality Issue,17449.4,Refunded
3360,44106,Damaged,18426.65,Refunded
3361,30757,Damaged,4062.23,Refunded
3362,15567,Wrong Product,14354.77,Refunded
3363,42646,Customer Changed Mind,20471.33,Refunded
3364,32826,Quality Issue,9969.46,Refunded
3365,7650,Wrong Product,19549.44,Refunded
3366,7717,Damaged,8679.97,Refunded
3367,5785,Quality Issue,8613.12,Refunded
3368,38857,Quality Issue,24848.45,Refunded
3369,48648,Late Delivery,9198.88,Refunded
3370,46981,Damaged,21709.87,Refunded
3371,36584,Customer Changed Mind,5529.35,Refunded
3372,10554,Customer Changed Mind,26726.48,Refunded
3373,24985,Wrong Product,4905.61,Refunded
3374,41958,Late Delivery,25645.37,Refunded
3375,18821,Customer Changed Mind,6428.5,Refunded
3376,44097,Quality Issue,8863.25,Refunded
3377,40582,Quality Issue,14305.29,Refunded
3378,7502,Damaged,1737.37,Refunded
3379,37361,Wrong Product,5873.72,Refunded
3380,4315,Late Delivery,12982.13,Refunded
3381,32620,Customer Changed Mind,9199.66,Refunded
3382,29691,Damaged,11295.52,Refunded
3383,22775,Late Delivery,7537.78,Refunded
3384,15318,Wrong Product,1726.42,Refunded
3385,15015,Damaged,18632.39,Refunded
3386,1919,Late Delivery,6888.74,Refunded
3387,41720,Wrong Product,1390.88,Refunded
3388,2813,Quality Issue,16684.02,Refunded
3389,18749,Late Delivery,18323.46,Refunded
3390,35100,Customer Changed Mind,7011.0,Refunded
3391,36169,Customer Changed Mind,16231.63,Refunded
3392,23481,Quality Issue,22967.99,Refunded
3393,11683,Late Delivery,6144.52,Refunded
3394,9968,Customer Changed Mind,12845.66,Refunded
3395,871,Quality Issue,18530.46,Refunded
3396,15076,Customer Changed Mind,4214.95,Refunded
3397,48930,Quality Issue,13007.8,Refunded
3398,19454,Quality Issue,22315.97,Refunded
3399,31301,Damaged,7756.16,Refunded
3400,10434,Customer Changed Mind,7590.35,Refunded
3401,46869,Wrong Product,21457.18,Refunded
3402,48542,Quality Issue,22248.12,Refunded
3403,12351,Wrong Product,14316.38,Refunded
3404,13577,Customer Changed Mind,2122.35,Refunded
3405,1826,Customer Changed Mind,12297.12,Refunded
3406,7413,Wrong Product,8173.28,Refunded
3407,15997,Customer Changed Mind,3101.75,Refunded
3408,21255,Wrong Product,19737.17,Refunded
3409,1304,Customer Changed Mind,2630.77,Refunded
3410,24348,Damaged,22404.84,Refunded
3411,32659,Late Delivery,22913.95,Refunded
3412,49949,Damaged,8558.36,Refunded
3413,18143,Customer Changed Mind,11483.6,Refunded
3414,44560,Customer Changed Mind,5432.39,Refunded
3415,4969,Late Delivery,9287.97,Refunded
3416,45533,Late Delivery,22069.4,Refunded
3417,25096,Wrong Product,15885.07,Refunded
3418,34501,Quality Issue,12139.66,Refunded
3419,26385,Customer Changed Mind,26808.55,Refunded
3420,37775,Damaged,19288.84,Refunded
3421,44309,Late Delivery,14232.65,Refunded
3422,23936,Wrong Product,10944.43,Refunded
3423,21750,Late Delivery,7457.31,Refunded
3424,39643,Damaged,26885.24,Refunded
3425,23196,Customer Changed Mind,19594.12,Refunded
3426,29284,Quality Issue,18771.79,Refunded
3427,14517,Wrong Product,23100.35,Refunded
3428,12214,Damaged,13799.1,Refunded
3429,39078,Late Delivery,19228.31,Refunded
3430,48002,Quality Issue,2696.93,Refunded
3431,48117,Damaged,1521.35,Refunded
3432,9697,Customer Changed Mind,15085.34,Refunded
3433,4234,Wrong Product,23633.28,Refunded
3434,13355,Damaged,7763.06,Refunded
3435,20962,Customer Changed Mind,20526.12,Refunded
3436,28931,Customer Changed Mind,16740.41,Refunded
3437,34517,Damaged,2628.63,Refunded
3438,34121,Customer Changed Mind,20862.1,Refunded
3439,19317,Customer Changed Mind,13905.09,Refunded
3440,8906,Customer Changed Mind,18426.65,Refunded
3441,30609,Damaged,8661.36,Refunded
3442,14034,Customer Changed Mind,21908.16,Refunded
3443,29055,Late Delivery,22455.72,Refunded
3444,22022,Quality Issue,13702.49,Refunded
3445,46905,Wrong Product,6630.62,Refunded
3446,7539,Damaged,22671.95,Refunded
3447,33895,Quality Issue,22170.25,Refunded
3448,47364,Damaged,3620.62,Refunded
3449,20214,Quality Issue,9499.82,Refunded
3450,19904,Quality Issue,14694.85,Refunded
3451,40727,Wrong Product,16710.05,Refunded
3452,35976,Late Delivery,8776.97,Refunded
3453,24810,Late Delivery,16277.3,Refunded
3454,31320,Wrong Product,23735.97,Refunded
3455,12602,Wrong Product,14770.11,Refunded
3456,5321,Customer Changed Mind,3892.62,Refunded
3457,37594,Customer Changed Mind,21490.02,Refunded
3458,12376,Damaged,21430.62,Refunded
3459,48977,Customer Changed Mind,4109.77,Refunded
3460,38259,Customer Changed Mind,15343.79,Refunded
3461,24003,Customer Changed Mind,15717.01,Refunded
3462,24639,Wrong Product,15206.53,Refunded
3463,42199,Customer Changed Mind,27014.46,Refunded
3464,29463,Quality Issue,12366.13,Refunded
3465,4330,Damaged,14581.85,Refunded
3466,31651,Late Delivery,10066.38,Refunded
3467,31422,Quality Issue,16923.42,Refunded
3468,8212,Quality Issue,3016.31,Refunded
3469,39106,Wrong Product,25740.28,Refunded
3470,40161,Customer Changed Mind,18318.78,Refunded
3471,17917,Customer Changed Mind,9556.5,Refunded
3472,49504,Customer Changed Mind,19276.22,Refunded
3473,14073,Customer Changed Mind,24057.93,Refunded
3474,23115,Late Delivery,15356.8,Refunded
3475,774,Damaged,3030.57,Refunded
3476,38755,Wrong Product,23341.95,Refunded
3477,19396,Damaged,11663.7,Refunded
3478,14084,Late Delivery,19695.66,Refunded
3479,33253,Late Delivery,5015.74,Refunded
3480,41859,Late Delivery,25837.58,Refunded
3481,43109,Quality Issue,15165.51,Refunded
3482,22423,Quality Issue,19234.35,Refunded
3483,25539,Damaged,7887.9,Refunded
3484,43905,Damaged,10957.9,Refunded
3485,14537,Quality Issue,19154.83,Refunded
3486,11735,Damaged,3239.0,Refunded
3487,26055,Quality Issue,14249.48,Refunded
3488,44358,Damaged,13720.45,Refunded
3489,39867,Quality Issue,7353.62,Refunded
3490,39989,Wrong Product,11735.1,Refunded
3491,26921,Late Delivery,11493.16,Refunded
3492,43249,Wrong Product,25464.75,Refunded
3493,20316,Late Delivery,6915.22,Refunded
3494,49209,Customer Changed Mind,20162.74,Refunded
3495,44274,Late Delivery,21644.44,Refunded
3496,21264,Customer Changed Mind,845.46,Refunded
3497,17126,Wrong Product,10931.27,Refunded
3498,43106,Wrong Product,6876.11,Refunded
3499,3819,Quality Issue,6505.66,Refunded
3500,13594,Late Delivery,6714.26,Refunded
3501,43800,Damaged,8397.6,Refunded
3502,769,Customer Changed Mind,17065.01,Refunded
3503,48695,Customer Changed Mind,627.53,Refunded
3504,43920,Late Delivery,642.93,Refunded
3505,21186,Late Delivery,1353.69,Refunded
3506,47729,Late Delivery,11621.56,Refunded
3507,1575,Damaged,10944.11,Refunded
3508,39413,Late Delivery,12636.57,Refunded
3509,45790,Wrong Product,14571.34,Refunded
3510,21114,Quality Issue,9901.89,Refunded
3511,31222,Customer Changed Mind,7789.45,Refunded
3512,22249,Damaged,24958.47,Refunded
3513,47841,Quality Issue,21941.38,Refunded
3514,7397,Customer Changed Mind,22101.34,Refunded
3515,40476,Late Delivery,5697.81,Refunded
3516,23360,Customer Changed Mind,18652.73,Refunded
3517,14974,Quality Issue,16842.83,Refunded
3518,1926,Quality Issue,3921.22,Refunded
3519,32903,Wrong Product,15085.58,Refunded
3520,22160,Late Delivery,22097.69,Refunded
3521,40114,Damaged,5861.48,Refunded
3522,13269,Quality Issue,6692.05,Refunded
3523,17793,Late Delivery,19895.17,Refunded
3524,8342,Late Delivery,19896.45,Refunded
3525,1166,Wrong Product,16515.39,Refunded
3526,28291,Customer Changed Mind,25173.91,Refunded
3527,2316,Wrong Product,26498.96,Refunded
3528,49072,Quality Issue,26671.07,Refunded
3529,612,Wrong Product,8101.38,Refunded
3530,1344,Customer Changed Mind,18418.02,Refunded
3531,1794,Quality Issue,2967.55,Refunded
3532,49673,Damaged,14513.74,Refunded
3533,40923,Wrong Product,2944.33,Refunded
3534,42617,Damaged,17187.25,Refunded
3535,9187,Quality Issue,13545.55,Refunded
3536,28315,Customer Changed Mind,16105.32,Refunded
3537,38125,Damaged,22866.11,Refunded
3538,35078,Damaged,18710.35,Refunded
3539,31905,Customer Changed Mind,13490.54,Refunded
3540,31160,Wrong Product,9781.95,Refunded
3541,31509,Wrong Product,1102.66,Refunded
3542,21145,Late Delivery,18030.57,Refunded
3543,30703,Wrong Product,16197.03,Refunded
3544,17696,Quality Issue,2004.14,Refunded
3545,46216,Late Delivery,22186.63,Refunded
3546,6112,Wrong Product,3284.69,Refunded
3547,39430,Customer Changed Mind,11487.81,Refunded
3548,6942,Customer Changed Mind,23574.31,Refunded
3549,25798,Quality Issue,13212.59,Refunded
3550,46018,Damaged,20612.3,Refunded
3551,26618,Wrong Product,4259.81,Refunded
3552,43641,Wrong Product,860.63,Refunded
3553,41232,Customer Changed Mind,20796.04,Refunded
3554,35231,Customer Changed Mind,4117.05,Refunded
3555,1922,Quality Issue,24386.05,Refunded
3556,13311,Damaged,23321.21,Refunded
3557,1941,Quality Issue,7770.42,Refunded
3558,13331,Late Delivery,23921.48,Refunded
3559,38505,Customer Changed Mind,16930.59,Refunded
3560,42740,Wrong Product,13977.6,Refunded
3561,5285,Customer Changed Mind,4171.03,Refunded
3562,16988,Wrong Product,20793.25,Refunded
3563,46621,Wrong Product,18082.77,Refunded
3564,16493,Damaged,7500.6,Refunded
3565,33302,Damaged,16103.93,Refunded
3566,44211,Quality Issue,15908.22,Refunded
3567,1231,Quality Issue,21305.31,Refunded
3568,29890,Damaged,17036.11,Refunded
3569,45855,Customer Changed Mind,1676.87,Refunded
3570,12567,Late Delivery,12960.01,Refunded
3571,36151,Customer Changed Mind,14011.58,Refunded
3572,30830,Customer Changed Mind,22036.04,Refunded
3573,1171,Customer Changed Mind,22406.98,Refunded
3574,33856,Damaged,17239.92,Refunded
3575,6195,Late Delivery,11850.91,Refunded
3576,8449,Late Delivery,26672.99,Refunded
3577,41607,Late Delivery,1381.7,Refunded
3578,13240,Wrong Product,7979.34,Refunded
3579,32523,Quality Issue,15291.61,Refunded
3580,31088,Damaged,4843.43,Refunded
3581,40576,Wrong Product,23270.39,Refunded
3582,3753,Wrong Product,20451.49,Refunded
3583,26044,Wrong Product,9290.24,Refunded
3584,16822,Customer Changed Mind,7982.43,Refunded
3585,4997,Wrong Product,9026.21,Refunded
3586,14568,Quality Issue,9483.2,Refunded
3587,930,Customer Changed Mind,19955.32,Refunded
3588,40203,Late Delivery,16657.41,Refunded
3589,39247,Damaged,603.37,Refunded
3590,39900,Wrong Product,1857.69,Refunded
3591,4965,Quality Issue,4547.68,Refunded
3592,31349,Late Delivery,18482.0,Refunded
3593,41133,Wrong Product,4737.01,Refunded
3594,18509,Damaged,10269.97,Refunded
3595,45353,Wrong Product,20049.24,Refunded
3596,46850,Damaged,7735.48,Refunded
3597,16321,Late Delivery,680.67,Refunded
3598,49923,Wrong Product,15927.9,Refunded
3599,11359,Wrong Product,21063.51,Refunded
3600,5429,Wrong Product,13052.91,Refunded
3601,37039,Late Delivery,4262.88,Refunded
3602,497,Wrong Product,15051.94,Refunded
3603,12283,Damaged,8111.66,Refunded
3604,24913,Customer Changed Mind,2917.88,Refunded
3605,681,Quality Issue,25248.71,Refunded
3606,46468,Late Delivery,4727.67,Refunded
3607,10375,Quality Issue,5404.26,Refunded
3608,37056,Quality Issue,20424.23,Refunded
3609,46454,Late Delivery,19188.06,Refunded
3610,48383,Customer Changed Mind,8762.6,Refunded
3611,463,Quality Issue,9122.46,Refunded
3612,26871,Late Delivery,1671.16,Refunded
3613,47646,Damaged,18822.68,Refunded
3614,38584,Wrong Product,14125.26,Refunded
3615,34440,Quality Issue,2246.58,Refunded
3616,38633,Wrong Product,5281.45,Refunded
3617,16432,Customer Changed Mind,17542.73,Refunded
3618,45836,Wrong Product,5286.41,Refunded
3619,42809,Wrong Product,1900.15,Refunded
3620,43402,Quality Issue,20829.51,Refunded
3621,29920,Late Delivery,18279.18,Refunded
3622,36787,Customer Changed Mind,4502.22,Refunded
3623,23698,Customer Changed Mind,22649.43,Refunded
3624,14763,Late Delivery,3006.49,Refunded
3625,663,Customer Changed Mind,24819.35,Refunded
3626,42558,Damaged,19786.46,Refunded
3627,26401,Wrong Product,18865.8,Refunded
3628,10348,Wrong Product,18295.25,Refunded
3629,34032,Damaged,4908.84,Refunded
3630,28814,Quality Issue,15983.28,Refunded
3631,16463,Customer Changed Mind,1597.39,Refunded
3632,32239,Damaged,3290.6,Refunded
3633,42900,Damaged,18493.81,Refunded
3634,6802,Damaged,6273.65,Refunded
3635,45488,Customer Changed Mind,19483.35,Refunded
3636,39136,Wrong Product,10796.5,Refunded
3637,38650,Quality Issue,15653.77,Refunded
3638,42911,Damaged,2107.73,Refunded
3639,5841,Quality Issue,20114.96,Refunded
3640,13068,Wrong Product,6284.32,Refunded
3641,25373,Late Delivery,15397.58,Refunded
3642,35469,Wrong Product,7681.72,Refunded
3643,42079,Quality Issue,22879.31,Refunded
3644,40897,Customer Changed Mind,10162.96,Refunded
3645,13698,Customer Changed Mind,23063.63,Refunded
3646,47753,Late Delivery,16591.88,Refunded
3647,32500,Customer Changed Mind,9058.06,Refunded
3648,27783,Damaged,754.78,Refunded
3649,19383,Damaged,25480.31,Refunded
3650,13666,Damaged,12574.59,Refunded
3651,30314,Damaged,25618.54,Refunded
3652,10180,Quality Issue,7039.29,Refunded
3653,37062,Late Delivery,13679.96,Refunded
3654,49703,Damaged,24232.04,Refunded
3655,11549,Quality Issue,8739.0,Refunded
3656,33385,Customer Changed Mind,5123.43,Refunded
3657,32081,Late Delivery,16078.45,Refunded
3658,26769,Quality Issue,9261.06,Refunded
3659,48141,Quality Issue,21419.91,Refunded
3660,9522,Customer Changed Mind,4451.16,Refunded
3661,16532,Customer Changed Mind,5015.25,Refunded
3662,28514,Late Delivery,832.36,Refunded
3663,8305,Quality Issue,14073.86,Refunded
3664,7440,Late Delivery,27535.75,Refunded
3665,46419,Damaged,12522.2,Refunded
3666,29219,Quality Issue,16507.33,Refunded
3667,4478,Quality Issue,23122.66,Refunded
3668,12505,Customer Changed Mind,26147.82,Refunded
3669,37836,Late Delivery,16659.44,Refunded
3670,1685,Damaged,14989.39,Refunded
3671,44966,Wrong Product,4321.73,Refunded
3672,39529,Quality Issue,8416.55,Refunded
3673,25056,Wrong Product,24754.63,Refunded
3674,8586,Quality Issue,6789.98,Refunded
3675,38399,Customer Changed Mind,8292.59,Refunded
3676,5973,Wrong Product,21282.38,Refunded
3677,40078,Damaged,20412.12,Refunded
3678,45008,Damaged,22267.83,Refunded
3679,40632,Quality Issue,3127.58,Refunded
3680,12113,Quality Issue,21275.57,Refunded
3681,12117,Damaged,10131.55,Refunded
3682,24312,Damaged,2282.23,Refunded
3683,32335,Damaged,12738.09,Refunded
3684,26728,Late Delivery,709.77,Refunded
3685,39162,Wrong Product,2766.47,Refunded
3686,28734,Late Delivery,8934.58,Refunded
3687,25177,Wrong Product,2992.22,Refunded
3688,31356,Wrong Product,8676.57,Refunded
3689,20474,Customer Changed Mind,16979.01,Refunded
3690,38722,Damaged,23808.48,Refunded
3691,21026,Damaged,23753.37,Refunded
3692,39402,Customer Changed Mind,12920.55,Refunded
3693,10805,Customer Changed Mind,18642.89,Refunded
3694,40539,Damaged,13263.33,Refunded
3695,44633,Wrong Product,15286.78,Refunded
3696,21101,Customer Changed Mind,25243.12,Refunded
3697,43821,Wrong Product,24588.75,Refunded
3698,38818,Customer Changed Mind,8267.51,Refunded
3699,18963,Customer Changed Mind,14579.25,Refunded
3700,5014,Damaged,20203.55,Refunded
3701,33257,Customer Changed Mind,6460.38,Refunded
3702,21372,Late Delivery,17172.07,Refunded
3703,47633,Wrong Product,6080.29,Refunded
3704,35405,Late Delivery,982.76,Refunded
3705,8954,Damaged,5880.16,Refunded
3706,4649,Damaged,2297.31,Refunded
3707,5506,Late Delivery,10741.63,Refunded
3708,8160,Quality Issue,6847.11,Refunded
3709,38368,Customer Changed Mind,5174.77,Refunded
3710,2433,Quality Issue,15388.8,Refunded
3711,24830,Late Delivery,7879.71,Refunded
3712,29086,Customer Changed Mind,25890.51,Refunded
3713,11202,Quality Issue,3266.94,Refunded
3714,29293,Wrong Product,16837.44,Refunded
3715,33874,Late Delivery,9980.99,Refunded
3716,18358,Damaged,4819.21,Refunded
3717,20021,Quality Issue,11927.18,Refunded
3718,6861,Customer Changed Mind,7795.18,Refunded
3719,10245,Damaged,19613.3,Refunded
3720,31707,Late Delivery,24690.11,Refunded
3721,33415,Quality Issue,1405.05,Refunded
3722,26557,Damaged,17757.48,Refunded
3723,40276,Quality Issue,17688.19,Refunded
3724,23755,Damaged,18256.07,Refunded
3725,37337,Damaged,23611.72,Refunded
3726,24471,Damaged,15008.96,Refunded
3727,19058,Customer Changed Mind,10773.66,Refunded
3728,25512,Damaged,27074.01,Refunded
3729,5659,Late Delivery,21020.78,Refunded
3730,43839,Damaged,2664.0,Refunded
3731,13376,Late Delivery,15777.35,Refunded
3732,44084,Late Delivery,3077.97,Refunded
3733,34973,Late Delivery,15829.89,Refunded
3734,13457,Wrong Product,2118.06,Refunded
3735,38663,Wrong Product,6288.53,Refunded
3736,3740,Damaged,9320.59,Refunded
3737,25657,Wrong Product,11272.65,Refunded
3738,41085,Damaged,23423.39,Refunded
3739,15857,Customer Changed Mind,14659.16,Refunded
3740,24841,Late Delivery,13778.23,Refunded
3741,21343,Wrong Product,23368.08,Refunded
3742,1670,Quality Issue,22187.43,Refunded
3743,9776,Quality Issue,5289.11,Refunded
3744,20381,Customer Changed Mind,16381.03,Refunded
3745,25361,Quality Issue,23895.4,Refunded
3746,34894,Customer Changed Mind,6025.0,Refunded
3747,41458,Quality Issue,12971.07,Refunded
3748,20238,Late Delivery,10332.46,Refunded
3749,18939,Wrong Product,10894.09,Refunded
3750,8778,Wrong Product,4190.51,Refunded
3751,47299,Quality Issue,17017.73,Refunded
3752,46990,Wrong Product,2973.21,Refunded
3753,24064,Damaged,5093.02,Refunded
3754,1219,Quality Issue,17791.63,Refunded
3755,478,Wrong Product,17012.82,Refunded
3756,3185,Damaged,6317.12,Refunded
3757,25491,Customer Changed Mind,1033.2,Refunded
3758,18465,Damaged,19395.05,Refunded
3759,4493,Customer Changed Mind,17040.75,Refunded
3760,24714,Late Delivery,7171.91,Refunded
3761,21535,Late Delivery,13399.22,Refunded
3762,2761,Customer Changed Mind,13922.74,Refunded
3763,6031,Late Delivery,3948.0,Refunded
3764,40725,Late Delivery,19963.95,Refunded
3765,11779,Damaged,13339.39,Refunded
3766,42661,Damaged,2868.15,Refunded
3767,44277,Late Delivery,19043.14,Refunded
3768,40812,Damaged,7135.51,Refunded
3769,19844,Late Delivery,17390.83,Refunded
3770,3776,Wrong Product,3042.18,Refunded
3771,27927,Late Delivery,13986.4,Refunded
3772,38070,Quality Issue,11906.57,Refunded
3773,32451,Quality Issue,10283.49,Refunded
3774,48261,Damaged,26849.21,Refunded
3775,43565,Wrong Product,15013.55,Refunded
3776,47975,Wrong Product,16824.17,Refunded
3777,18248,Customer Changed Mind,9781.95,Refunded
3778,25666,Wrong Product,22734.48,Refunded
3779,20300,Wrong Product,16361.01,Refunded
3780,25734,Quality Issue,19622.42,Refunded
3781,634,Damaged,12759.56,Refunded
3782,46037,Late Delivery,10390.6,Refunded
3783,27558,Wrong Product,16521.04,Refunded
3784,15702,Late Delivery,13112.64,Refunded
3785,29257,Quality Issue,2018.05,Refunded
3786,10771,Late Delivery,26009.56,Refunded
3787,22243,Late Delivery,16935.36,Refunded
3788,7164,Damaged,4221.81,Refunded
3789,34847,Wrong Product,18278.74,Refunded
3790,27999,Customer Changed Mind,24503.57,Refunded
3791,43091,Late Delivery,12221.68,Refunded
3792,46434,Quality Issue,15317.02,Refunded
3793,11348,Late Delivery,15212.85,Refunded
3794,22976,Damaged,14583.25,Refunded
3795,22722,Wrong Product,5729.25,Refunded
3796,48581,Quality Issue,2908.73,Refunded
3797,49489,Late Delivery,28443.43,Refunded
3798,49083,Wrong Product,24449.5,Refunded
3799,19326,Wrong Product,11094.24,Refunded
3800,26656,Damaged,27555.06,Refunded
3801,42659,Wrong Product,5538.74,Refunded
3802,11476,Damaged,3245.26,Refunded
3803,11645,Customer Changed Mind,17983.51,Refunded
3804,18380,Late Delivery,26451.39,Refunded
3805,12656,Customer Changed Mind,22814.98,Refunded
3806,31078,Damaged,9123.67,Refunded
3807,20106,Wrong Product,26405.53,Refunded
3808,9891,Quality Issue,1977.48,Refunded
3809,3317,Damaged,11202.33,Refunded
3810,10027,Quality Issue,27507.04,Refunded
3811,45061,Damaged,23431.31,Refunded
3812,26113,Customer Changed Mind,19967.28,Refunded
3813,31648,Quality Issue,5088.59,Refunded
3814,21517,Damaged,23937.9,Refunded
3815,16495,Damaged,7045.7,Refunded
3816,6267,Damaged,16039.73,Refunded
3817,45968,Quality Issue,6955.41,Refunded
3818,26567,Customer Changed Mind,4900.86,Refunded
3819,9408,Damaged,13959.36,Refunded
3820,40779,Customer Changed Mind,702.93,Refunded
3821,23711,Wrong Product,857.27,Refunded
3822,16020,Customer Changed Mind,21035.1,Refunded
3823,35528,Customer Changed Mind,12342.1,Refunded
3824,30710,Customer Changed Mind,23732.15,Refunded
3825,7875,Damaged,11199.2,Refunded
3826,37619,Quality Issue,27364.19,Refunded
3827,9550,Wrong Product,1114.37,Refunded
3828,30201,Quality Issue,24130.24,Refunded
3829,2930,Wrong Product,25081.06,Refunded
3830,17085,Quality Issue,14129.17,Refunded
3831,23051,Late Delivery,18978.75,Refunded
3832,28542,Customer Changed Mind,26384.21,Refunded
3833,1064,Quality Issue,5409.35,Refunded
3834,42968,Late Delivery,14147.73,Refunded
3835,40997,Quality Issue,18209.77,Refunded
3836,23735,Wrong Product,24268.47,Refunded
3837,14688,Damaged,17007.08,Refunded
3838,41022,Quality Issue,9624.32,Refunded
3839,32956,Damaged,9897.09,Refunded
3840,13470,Wrong Product,8963.34,Refunded
3841,29126,Wrong Product,11528.81,Refunded
3842,40221,Quality Issue,17278.18,Refunded
3843,13324,Quality Issue,18329.6,Refunded
3844,34285,Quality Issue,14483.65,Refunded
3845,34471,Customer Changed Mind,21576.49,Refunded
3846,32487,Damaged,15452.94,Refunded
3847,32064,Late Delivery,20858.17,Refunded
3848,26367,Customer Changed Mind,1814.7,Refunded
3849,10616,Quality Issue,4964.99,Refunded
3850,35224,Late Delivery,23061.61,Refunded
3851,44663,Damaged,1265.64,Refunded
3852,31574,Wrong Product,4943.15,Refunded
3853,9709,Wrong Product,24169.07,Refunded
3854,27223,Quality Issue,9396.38,Refunded
3855,13893,Customer Changed Mind,7582.05,Refunded
3856,15153,Damaged,2825.87,Refunded
3857,49010,Damaged,19305.72,Refunded
3858,6348,Wrong Product,10817.27,Refunded
3859,4578,Quality Issue,7121.17,Refunded
3860,21053,Customer Changed Mind,20522.98,Refunded
3861,37309,Late Delivery,28641.02,Refunded
3862,16114,Damaged,7085.9,Refunded
3863,45260,Quality Issue,10206.55,Refunded
3864,8123,Late Delivery,15319.98,Refunded
3865,9955,Late Delivery,942.93,Refunded
3866,45988,Quality Issue,18907.74,Refunded
3867,30811,Wrong Product,7856.92,Refunded
3868,25418,Damaged,16710.13,Refunded
3869,35263,Damaged,6033.24,Refunded
3870,17253,Damaged,5751.71,Refunded
3871,17293,Customer Changed Mind,10093.6,Refunded
3872,36046,Late Delivery,6330.44,Refunded
3873,8386,Customer Changed Mind,15295.41,Refunded
3874,34404,Quality Issue,20116.28,Refunded
3875,13044,Late Delivery,17193.31,Refunded
3876,39204,Customer Changed Mind,17256.82,Refunded
3877,29512,Damaged,5062.9,Refunded
3878,16825,Customer Changed Mind,6292.56,Refunded
3879,43856,Customer Changed Mind,1861.59,Refunded
3880,36816,Customer Changed Mind,22384.61,Refunded
3881,19545,Quality Issue,22043.16,Refunded
3882,17313,Wrong Product,3124.93,Refunded
3883,48599,Quality Issue,9660.27,Refunded
3884,42751,Late Delivery,11345.42,Refunded
3885,26576,Wrong Product,23792.96,Refunded
3886,16341,Quality Issue,1444.01,Refunded
3887,23366,Quality Issue,22231.32,Refunded
3888,45543,Damaged,19087.82,Refunded
3889,6204,Quality Issue,4781.11,Refunded
3890,30501,Quality Issue,11275.05,Refunded
3891,49446,Damaged,10964.34,Refunded
3892,9599,Wrong Product,18687.48,Refunded
3893,19519,Damaged,2292.88,Refunded
3894,31633,Quality Issue,22122.46,Refunded
3895,46178,Quality Issue,17607.34,Refunded
3896,46717,Wrong Product,3840.6,Refunded
3897,16184,Damaged,26690.31,Refunded
3898,41669,Late Delivery,15525.9,Refunded
3899,5015,Late Delivery,7232.31,Refunded
3900,38893,Customer Changed Mind,5441.72,Refunded
3901,14065,Customer Changed Mind,23094.3,Refunded
3902,29218,Wrong Product,21707.15,Refunded
3903,21879,Quality Issue,11328.44,Refunded
3904,22659,Wrong Product,24634.27,Refunded
3905,22721,Wrong Product,20017.43,Refunded
3906,38703,Late Delivery,12908.98,Refunded
3907,36208,Late Delivery,22175.67,Refunded
3908,5571,Late Delivery,13637.92,Refunded
3909,28358,Damaged,5433.82,Refunded
3910,23976,Quality Issue,17361.07,Refunded
3911,49011,Quality Issue,25265.72,Refunded
3912,14849,Late Delivery,4575.88,Refunded
3913,12975,Damaged,22907.3,Refunded
3914,19813,Damaged,23212.22,Refunded
3915,36759,Damaged,16812.66,Refunded
3916,7003,Customer Changed Mind,6785.49,Refunded
3917,43207,Quality Issue,15335.15,Refunded
3918,15390,Quality Issue,19010.15,Refunded
3919,12681,Late Delivery,27594.6,Refunded
3920,34396,Wrong Product,21172.9,Refunded
3921,27860,Customer Changed Mind,14256.52,Refunded
3922,18136,Wrong Product,9470.54,Refunded
3923,18930,Late Delivery,5993.41,Refunded
3924,2711,Customer Changed Mind,22792.28,Refunded
3925,30990,Quality Issue,22176.82,Refunded
3926,38204,Quality Issue,17680.27,Refunded
3927,46594,Damaged,15589.07,Refunded
3928,42833,Quality Issue,9117.33,Refunded
3929,31414,Damaged,19081.54,Refunded
3930,33473,Damaged,20038.76,Refunded
3931,16623,Late Delivery,23951.68,Refunded
3932,40966,Late Delivery,24769.95,Refunded
3933,24404,Wrong Product,10927.06,Refunded
3934,46082,Damaged,26407.49,Refunded
3935,45154,Wrong Product,22670.37,Refunded
3936,42493,Late Delivery,7147.15,Refunded
3937,4604,Damaged,4808.13,Refunded
3938,14707,Quality Issue,22591.65,Refunded
3939,28784,Damaged,10000.62,Refunded
3940,5094,Wrong Product,1118.22,Refunded
3941,13200,Customer Changed Mind,15294.22,Refunded
3942,12590,Wrong Product,16970.96,Refunded
3943,23895,Customer Changed Mind,2911.9,Refunded
3944,45885,Late Delivery,3083.42,Refunded
3945,26988,Late Delivery,15098.92,Refunded
3946,33965,Wrong Product,18937.2,Refunded
3947,39999,Wrong Product,9587.44,Refunded
3948,39522,Late Delivery,26110.56,Refunded
3949,14326,Late Delivery,3385.94,Refunded
3950,45671,Damaged,2218.04,Refunded
3951,4700,Customer Changed Mind,21947.95,Refunded
3952,34737,Damaged,8611.43,Refunded
3953,20149,Wrong Product,27639.94,Refunded
3954,34014,Wrong Product,10088.76,Refunded
3955,26596,Wrong Product,1430.31,Refunded
3956,29805,Damaged,24258.69,Refunded
3957,16467,Damaged,18397.17,Refunded
3958,21729,Quality Issue,14609.49,Refunded
3959,45603,Late Delivery,5785.75,Refunded
3960,42248,Quality Issue,29189.55,Refunded
3961,9118,Quality Issue,12979.3,Refunded
3962,30299,Customer Changed Mind,9714.14,Refunded
3963,15668,Damaged,12343.02,Refunded
3964,29169,Damaged,4580.59,Refunded
3965,29497,Wrong Product,16974.72,Refunded
3966,19677,Customer Changed Mind,10862.77,Refunded
3967,25108,Customer Changed Mind,6339.87,Refunded
3968,34510,Customer Changed Mind,27232.86,Refunded
3969,33877,Wrong Product,8287.28,Refunded
3970,8791,Customer Changed Mind,23380.0,Refunded
3971,33705,Late Delivery,18808.5,Refunded
3972,26526,Damaged,23266.41,Refunded
3973,36019,Wrong Product,24222.24,Refunded
3974,40715,Wrong Product,28274.59,Refunded
3975,3327,Damaged,23656.22,Refunded
3976,20562,Wrong Product,20340.85,Refunded
3977,13974,Wrong Product,17677.35,Refunded
3978,49273,Wrong Product,22342.57,Refunded
3979,40126,Late Delivery,17908.87,Refunded
3980,24144,Quality Issue,3358.89,Refunded
3981,26291,Wrong Product,11420.92,Refunded
3982,11642,Quality Issue,20707.08,Refunded
3983,7935,Late Delivery,17017.56,Refunded
3984,43294,Customer Changed Mind,3281.98,Refunded
3985,12885,Customer Changed Mind,18182.29,Refunded
3986,28974,Customer Changed Mind,2863.0,Refunded
3987,25302,Late Delivery,23804.5,Refunded
3988,44616,Wrong Product,4082.16,Refunded
3989,37247,Quality Issue,20567.75,Refunded
3990,47209,Customer Changed Mind,21491.63,Refunded
3991,7651,Wrong Product,7885.27,Refunded
3992,41894,Wrong Product,15143.67,Refunded
3993,5564,Customer Changed Mind,22148.26,Refunded
3994,2156,Wrong Product,25155.85,Refunded
3995,45229,Damaged,14154.76,Refunded
3996,14270,Customer Changed Mind,8810.98,Refunded
3997,39257,Late Delivery,14491.19,Refunded
3998,2119,Customer Changed Mind,16932.99,Refunded
3999,11726,Quality Issue,6371.6,Refunded
4000,22667,Customer Changed Mind,8223.42,Refunded
4001,15521,Quality Issue,16580.31,Refunded
4002,17677,Wrong Product,18555.51,Refunded
4003,47773,Customer Changed Mind,8013.45,Refunded
4004,48572,Late Delivery,626.9,Refunded
4005,44158,Damaged,23034.02,Refunded
4006,47021,Wrong Product,11099.6,Refunded
4007,24739,Wrong Product,13889.58,Refunded
4008,13938,Quality Issue,11229.6,Refunded
4009,13446,Quality Issue,4552.69,Refunded
4010,45308,Damaged,13800.57,Refunded
4011,29699,Damaged,22933.33,Refunded
4012,21918,Customer Changed Mind,841.64,Refunded
4013,36988,Late Delivery,14220.91,Refunded
4014,40677,Customer Changed Mind,4137.15,Refunded
4015,19749,Damaged,15274.34,Refunded
4016,43806,Quality Issue,15830.28,Refunded
4017,45155,Quality Issue,13340.17,Refunded
4018,18348,Customer Changed Mind,15953.57,Refunded
4019,31439,Damaged,18685.22,Refunded
4020,35253,Wrong Product,20578.27,Refunded
4021,37027,Late Delivery,6189.76,Refunded
4022,4981,Customer Changed Mind,13874.0,Refunded
4023,37734,Customer Changed Mind,26130.9,Refunded
4024,10956,Quality Issue,6334.53,Refunded
4025,2810,Customer Changed Mind,15718.39,Refunded
4026,49358,Wrong Product,11836.3,Refunded
4027,12793,Wrong Product,800.14,Refunded
4028,32429,Late Delivery,7262.45,Refunded
4029,10359,Late Delivery,22117.23,Refunded
4030,44276,Wrong Product,2226.87,Refunded
4031,34135,Late Delivery,16114.26,Refunded
4032,18705,Late Delivery,7988.82,Refunded
4033,29993,Customer Changed Mind,6613.97,Refunded
4034,9450,Quality Issue,1697.19,Refunded
4035,919,Late Delivery,20355.62,Refunded
4036,20338,Damaged,10623.87,Refunded
4037,3564,Damaged,8943.16,Refunded
4038,3191,Customer Changed Mind,7984.73,Refunded
4039,7943,Customer Changed Mind,7503.31,Refunded
4040,22666,Quality Issue,3334.18,Refunded
4041,19215,Quality Issue,6335.44,Refunded
4042,26965,Quality Issue,16025.73,Refunded
4043,12502,Customer Changed Mind,5815.26,Refunded
4044,34659,Quality Issue,10067.92,Refunded
4045,28336,Customer Changed Mind,17340.64,Refunded
4046,8940,Quality Issue,16534.35,Refunded
4047,11105,Late Delivery,3494.27,Refunded
4048,12614,Late Delivery,17849.19,Refunded
4049,49997,Damaged,2884.66,Refunded
4050,3286,Customer Changed Mind,19773.8,Refunded
4051,24191,Late Delivery,18180.09,Refunded
4052,4219,Wrong Product,1626.85,Refunded
4053,47214,Wrong Product,19496.16,Refunded
4054,30788,Wrong Product,18336.27,Refunded
4055,17885,Customer Changed Mind,17636.68,Refunded
4056,43658,Quality Issue,13563.78,Refunded
4057,41213,Quality Issue,12391.76,Refunded
4058,25097,Quality Issue,1705.97,Refunded
4059,204,Customer Changed Mind,6309.87,Refunded
4060,15185,Wrong Product,1307.41,Refunded
4061,34243,Wrong Product,11831.16,Refunded
4062,34889,Wrong Product,2447.33,Refunded
4063,17991,Damaged,22271.98,Refunded
4064,34291,Customer Changed Mind,23282.0,Refunded
4065,3555,Quality Issue,13693.76,Refunded
4066,18474,Wrong Product,25640.31,Refunded
4067,10817,Damaged,21149.77,Refunded
4068,14091,Customer Changed Mind,21806.23,Refunded
4069,2684,Late Delivery,11759.4,Refunded
4070,31577,Customer Changed Mind,7510.95,Refunded
4071,7901,Wrong Product,20556.27,Refunded
4072,36996,Quality Issue,12119.51,Refunded
4073,46678,Wrong Product,778.94,Refunded
4074,45987,Late Delivery,14879.4,Refunded
4075,37708,Customer Changed Mind,13776.95,Refunded
4076,32020,Quality Issue,7979.74,Refunded
4077,38493,Late Delivery,596.41,Refunded
4078,46763,Late Delivery,7790.54,Refunded
4079,21721,Quality Issue,12861.07,Refunded
4080,31806,Customer Changed Mind,17714.35,Refunded
4081,46300,Customer Changed Mind,18679.28,Refunded
4082,45490,Quality Issue,11706.47,Refunded
4083,33514,Customer Changed Mind,22235.31,Refunded
4084,25467,Wrong Product,2919.57,Refunded
4085,33510,Quality Issue,15929.01,Refunded
4086,47407,Quality Issue,2730.32,Refunded
4087,22814,Customer Changed Mind,24108.27,Refunded
4088,32685,Damaged,2166.59,Refunded
4089,22192,Wrong Product,23560.29,Refunded
4090,13060,Damaged,1538.54,Refunded
4091,16070,Quality Issue,3000.09,Refunded
4092,14857,Customer Changed Mind,2008.96,Refunded
4093,30434,Wrong Product,7603.26,Refunded
4094,21892,Customer Changed Mind,15018.74,Refunded
4095,14112,Quality Issue,22674.58,Refunded
4096,29416,Customer Changed Mind,2565.21,Refunded
4097,29456,Damaged,14644.14,Refunded
4098,3696,Wrong Product,21247.79,Refunded
4099,24179,Customer Changed Mind,25202.04,Refunded
4100,34438,Late Delivery,4666.84,Refunded
4101,12960,Customer Changed Mind,9578.89,Refunded
4102,39952,Late Delivery,9797.9,Refunded
4103,456,Damaged,1543.29,Refunded
4104,7546,Customer Changed Mind,3270.35,Refunded
4105,48482,Late Delivery,10870.65,Refunded
4106,4922,Wrong Product,3089.55,Refunded
4107,33021,Wrong Product,17433.3,Refunded
4108,42492,Late Delivery,3908.85,Refunded
4109,18059,Damaged,8054.45,Refunded
4110,44852,Damaged,8902.69,Refunded
4111,13547,Wrong Product,16782.26,Refunded
4112,18177,Customer Changed Mind,10875.61,Refunded
4113,6012,Quality Issue,22667.38,Refunded
4114,47918,Late Delivery,3501.52,Refunded
4115,10287,Damaged,11138.51,Refunded
4116,33989,Customer Changed Mind,11550.97,Refunded
4117,45734,Wrong Product,26464.8,Refunded
4118,7374,Customer Changed Mind,7263.07,Refunded
4119,1784,Damaged,4500.55,Refunded
4120,15464,Quality Issue,23153.43,Refunded
4121,44395,Late Delivery,10661.44,Refunded
4122,13364,Customer Changed Mind,22532.45,Refunded
4123,40883,Damaged,18171.03,Refunded
4124,48217,Wrong Product,8448.03,Refunded
4125,14922,Customer Changed Mind,8610.58,Refunded
4126,22458,Customer Changed Mind,23765.06,Refunded
4127,5774,Late Delivery,18815.37,Refunded
4128,32274,Customer Changed Mind,15356.47,Refunded
4129,1688,Quality Issue,26878.93,Refunded
4130,34603,Quality Issue,24118.42,Refunded
4131,7863,Quality Issue,15903.3,Refunded
4132,28821,Quality Issue,21257.25,Refunded
4133,36565,Wrong Product,23092.63,Refunded
4134,45609,Quality Issue,18967.74,Refunded
4135,31657,Damaged,12740.92,Refunded
4136,8725,Late Delivery,15224.81,Refunded
4137,14287,Damaged,1414.76,Refunded
4138,11575,Quality Issue,15865.52,Refunded
4139,19482,Damaged,6031.16,Refunded
4140,9646,Late Delivery,3536.18,Refunded
4141,3173,Late Delivery,19156.02,Refunded
4142,10535,Damaged,7695.69,Refunded
4143,5798,Wrong Product,6624.18,Refunded
4144,29424,Wrong Product,2102.65,Refunded
4145,28037,Damaged,19125.09,Refunded
4146,40712,Late Delivery,6994.6,Refunded
4147,30316,Late Delivery,25401.41,Refunded
4148,15059,Late Delivery,11606.3,Refunded
4149,13452,Damaged,2123.84,Refunded
4150,29259,Customer Changed Mind,11392.36,Refunded
4151,20578,Wrong Product,13693.36,Refunded
4152,17934,Customer Changed Mind,12021.0,Refunded
4153,14226,Wrong Product,18708.25,Refunded
4154,16190,Late Delivery,3082.37,Refunded
4155,45029,Damaged,25497.66,Refunded
4156,6653,Customer Changed Mind,1761.14,Refunded
4157,31409,Late Delivery,10478.41,Refunded
4158,7017,Damaged,6661.71,Refunded
4159,26151,Customer Changed Mind,21193.91,Refunded
4160,15296,Late Delivery,27545.26,Refunded
4161,44439,Customer Changed Mind,23388.66,Refunded
4162,20432,Wrong Product,6843.04,Refunded
4163,11430,Late Delivery,17943.09,Refunded
4164,19352,Customer Changed Mind,6996.63,Refunded
4165,14126,Damaged,21754.09,Refunded
4166,35516,Late Delivery,23239.79,Refunded
4167,41800,Quality Issue,13355.89,Refunded
4168,6116,Damaged,12848.26,Refunded
4169,24373,Customer Changed Mind,20590.29,Refunded
4170,8571,Late Delivery,14025.75,Refunded
4171,41309,Customer Changed Mind,3371.11,Refunded
4172,32886,Wrong Product,8095.02,Refunded
4173,24214,Damaged,12275.9,Refunded
4174,325,Damaged,18150.55,Refunded
4175,18258,Wrong Product,5031.5,Refunded
4176,35765,Quality Issue,10710.75,Refunded
4177,3496,Late Delivery,20761.64,Refunded
4178,22260,Customer Changed Mind,3924.98,Refunded
4179,41737,Damaged,20607.98,Refunded
4180,26798,Quality Issue,15396.1,Refunded
4181,10152,Wrong Product,1020.39,Refunded
4182,4885,Quality Issue,12355.33,Refunded
4183,41462,Customer Changed Mind,14083.53,Refunded
4184,22132,Wrong Product,15497.32,Refunded
4185,35985,Customer Changed Mind,8096.29,Refunded
4186,46650,Late Delivery,15980.23,Refunded
4187,23746,Damaged,11838.13,Refunded
4188,43415,Damaged,23071.76,Refunded
4189,27546,Late Delivery,16999.12,Refunded
4190,6362,Quality Issue,3456.38,Refunded
4191,20526,Damaged,3945.03,Refunded
4192,20729,Customer Changed Mind,21488.81,Refunded
4193,26515,Customer Changed Mind,12681.35,Refunded
4194,29921,Late Delivery,21731.0,Refunded
4195,24306,Late Delivery,14573.7,Refunded
4196,33294,Customer Changed Mind,9602.19,Refunded
4197,10942,Late Delivery,23756.5,Refunded
4198,22820,Customer Changed Mind,4948.94,Refunded
4199,28730,Customer Changed Mind,1569.08,Refunded
4200,6636,Quality Issue,9057.95,Refunded
4201,12989,Customer Changed Mind,3640.31,Refunded
4202,22217,Wrong Product,21907.8,Refunded
4203,8240,Customer Changed Mind,3402.22,Refunded
4204,12203,Quality Issue,13136.93,Refunded
4205,11771,Customer Changed Mind,6407.82,Refunded
4206,19849,Wrong Product,13978.26,Refunded
4207,24184,Wrong Product,1227.58,Refunded
4208,43979,Damaged,750.87,Refunded
4209,1912,Wrong Product,4395.48,Refunded
4210,34226,Damaged,22722.84,Refunded
4211,2635,Customer Changed Mind,865.49,Refunded
4212,9735,Wrong Product,23331.63,Refunded
4213,41613,Wrong Product,16029.38,Refunded
4214,27383,Quality Issue,22964.0,Refunded
4215,10377,Wrong Product,12357.69,Refunded
4216,12595,Wrong Product,930.77,Refunded
4217,34056,Quality Issue,14351.41,Refunded
4218,2145,Customer Changed Mind,12537.44,Refunded
4219,5434,Wrong Product,5564.04,Refunded
4220,32703,Quality Issue,3152.78,Refunded
4221,22877,Customer Changed Mind,21797.07,Refunded
4222,34712,Customer Changed Mind,11924.21,Refunded
4223,37354,Customer Changed Mind,4517.32,Refunded
4224,30924,Quality Issue,14341.46,Refunded
4225,355,Damaged,10430.38,Refunded
4226,12576,Wrong Product,16738.0,Refunded
4227,36594,Late Delivery,13948.84,Refunded
4228,23013,Damaged,20110.94,Refunded
4229,8953,Quality Issue,5217.82,Refunded
4230,15005,Wrong Product,10324.18,Refunded
4231,49066,Quality Issue,27068.72,Refunded
4232,25087,Damaged,5458.09,Refunded
4233,29533,Late Delivery,19454.89,Refunded
4234,1861,Customer Changed Mind,18650.33,Refunded
4235,44330,Damaged,17431.35,Refunded
4236,21164,Wrong Product,23590.15,Refunded
4237,11284,Late Delivery,4095.63,Refunded
4238,16704,Quality Issue,5526.5,Refunded
4239,5977,Quality Issue,25938.68,Refunded
4240,25086,Customer Changed Mind,1282.01,Refunded
4241,17710,Quality Issue,4907.27,Refunded
4242,30497,Customer Changed Mind,21655.68,Refunded
4243,49151,Quality Issue,13634.13,Refunded
4244,26306,Wrong Product,21734.1,Refunded
4245,40744,Customer Changed Mind,7638.28,Refunded
4246,2820,Late Delivery,12748.97,Refunded
4247,28318,Late Delivery,18445.72,Refunded
4248,15994,Customer Changed Mind,12114.16,Refunded
4249,27034,Wrong Product,23411.62,Refunded
4250,42108,Quality Issue,3236.93,Refunded
4251,25704,Wrong Product,1147.65,Refunded
4252,48205,Quality Issue,3183.19,Refunded
4253,30221,Wrong Product,9187.45,Refunded
4254,1311,Customer Changed Mind,17402.92,Refunded
4255,37403,Quality Issue,22981.46,Refunded
4256,33140,Late Delivery,23323.89,Refunded
4257,32767,Customer Changed Mind,23240.48,Refunded
4258,33703,Damaged,2590.52,Refunded
4259,7547,Customer Changed Mind,22025.53,Refunded
4260,15350,Customer Changed Mind,13817.61,Refunded
4261,9377,Wrong Product,13768.07,Refunded
4262,38968,Wrong Product,1195.93,Refunded
4263,26523,Damaged,12353.08,Refunded
4264,28080,Customer Changed Mind,842.43,Refunded
4265,41020,Wrong Product,9702.47,Refunded
4266,987,Quality Issue,7243.82,Refunded
4267,18862,Late Delivery,4814.55,Refunded
4268,23018,Quality Issue,11053.48,Refunded
4269,34925,Quality Issue,8975.3,Refunded
4270,25136,Late Delivery,1170.5,Refunded
4271,10560,Damaged,17672.73,Refunded
4272,43437,Late Delivery,2144.21,Refunded
4273,16031,Customer Changed Mind,11701.83,Refunded
4274,16219,Late Delivery,10798.36,Refunded
4275,37788,Late Delivery,18630.68,Refunded
4276,12252,Late Delivery,16901.42,Refunded
4277,762,Customer Changed Mind,5393.06,Refunded
4278,25937,Quality Issue,5130.62,Refunded
4279,35598,Wrong Product,22890.56,Refunded
4280,17749,Damaged,19433.67,Refunded
4281,42071,Wrong Product,8493.37,Refunded
4282,18455,Late Delivery,11602.05,Refunded
4283,10589,Damaged,5556.35,Refunded
4284,12204,Damaged,13937.67,Refunded
4285,36701,Wrong Product,14836.28,Refunded
4286,49149,Late Delivery,20910.83,Refunded
4287,38499,Wrong Product,10596.1,Refunded
4288,48426,Quality Issue,11689.23,Refunded
4289,46257,Wrong Product,19351.05,Refunded
4290,37747,Quality Issue,18720.19,Refunded
4291,2648,Customer Changed Mind,7115.93,Refunded
4292,39794,Quality Issue,3963.88,Refunded
4293,2413,Customer Changed Mind,16268.01,Refunded
4294,2123,Damaged,540.55,Refunded
4295,22843,Late Delivery,1161.9,Refunded
4296,18819,Late Delivery,7969.92,Refunded
4297,38566,Late Delivery,19985.2,Refunded
4298,12832,Late Delivery,24467.09,Refunded
4299,15962,Damaged,25873.07,Refunded
4300,35615,Late Delivery,17829.27,Refunded
4301,42572,Quality Issue,3988.49,Refunded
4302,44679,Damaged,15230.71,Refunded
4303,20762,Late Delivery,16048.55,Refunded
4304,22177,Quality Issue,20471.85,Refunded
4305,24847,Customer Changed Mind,22261.3,Refunded
4306,33970,Damaged,22913.15,Refunded
4307,29626,Quality Issue,21526.86,Refunded
4308,27130,Quality Issue,8533.02,Refunded
4309,24954,Late Delivery,16968.25,Refunded
4310,7280,Quality Issue,2642.29,Refunded
4311,7761,Wrong Product,9542.78,Refunded
4312,30916,Customer Changed Mind,24902.99,Refunded
4313,34758,Late Delivery,10154.38,Refunded
4314,41464,Damaged,19504.56,Refunded
4315,48176,Late Delivery,24407.43,Refunded
4316,29902,Customer Changed Mind,18256.39,Refunded
4317,24084,Wrong Product,22988.26,Refunded
4318,17429,Customer Changed Mind,12842.04,Refunded
4319,22494,Damaged,15444.62,Refunded
4320,42029,Late Delivery,12864.61,Refunded
4321,9458,Wrong Product,24315.9,Refunded
4322,49869,Quality Issue,22728.64,Refunded
4323,28766,Damaged,9788.34,Refunded
4324,46666,Quality Issue,17430.97,Refunded
4325,46623,Damaged,11619.59,Refunded
4326,23102,Late Delivery,3972.76,Refunded
4327,23973,Damaged,21164.08,Refunded
4328,18865,Customer Changed Mind,11200.3,Refunded
4329,33940,Late Delivery,25695.22,Refunded
4330,32364,Wrong Product,8072.05,Refunded
4331,18833,Late Delivery,15878.07,Refunded
4332,12773,Customer Changed Mind,18710.81,Refunded
4333,15109,Wrong Product,6982.46,Refunded
4334,41948,Wrong Product,19722.21,Refunded
4335,41314,Late Delivery,728.01,Refunded
4336,27221,Customer Changed Mind,11316.42,Refunded
4337,12830,Wrong Product,21371.69,Refunded
4338,8170,Wrong Product,19233.02,Refunded
4339,18456,Wrong Product,11142.53,Refunded
4340,37757,Damaged,6739.72,Refunded
4341,4726,Quality Issue,13235.55,Refunded
4342,42391,Wrong Product,10676.37,Refunded
4343,48778,Customer Changed Mind,9631.71,Refunded
4344,21854,Late Delivery,12282.78,Refunded
4345,32777,Wrong Product,6572.04,Refunded
4346,22098,Wrong Product,27064.49,Refunded
4347,29825,Quality Issue,13726.59,Refunded
4348,17011,Quality Issue,8918.55,Refunded
4349,49491,Late Delivery,16651.06,Refunded
4350,32749,Wrong Product,12606.94,Refunded
4351,16464,Customer Changed Mind,10014.89,Refunded
4352,9274,Customer Changed Mind,749.71,Refunded
4353,18797,Late Delivery,23569.6,Refunded
4354,23376,Damaged,3119.81,Refunded
4355,12447,Damaged,6700.42,Refunded
4356,13074,Customer Changed Mind,14668.28,Refunded
4357,31681,Customer Changed Mind,11402.05,Refunded
4358,46360,Damaged,10294.86,Refunded
4359,31365,Wrong Product,2035.12,Refunded
4360,27908,Customer Changed Mind,10479.73,Refunded
4361,49222,Late Delivery,690.57,Refunded
4362,35358,Damaged,27827.3,Refunded
4363,11957,Late Delivery,26362.91,Refunded
4364,42943,Damaged,20736.36,Refunded
4365,5050,Damaged,5685.43,Refunded
4366,26461,Quality Issue,25149.12,Refunded
4367,1778,Customer Changed Mind,12883.32,Refunded
4368,3760,Quality Issue,14069.16,Refunded
4369,35087,Late Delivery,6007.36,Refunded
4370,28607,Quality Issue,23672.88,Refunded
4371,1599,Late Delivery,13000.55,Refunded
4372,9841,Late Delivery,17714.65,Refunded
4373,33481,Customer Changed Mind,25471.24,Refunded
4374,44543,Quality Issue,12708.65,Refunded
4375,22633,Damaged,24859.19,Refunded
4376,15794,Customer Changed Mind,16183.62,Refunded
4377,17826,Quality Issue,13473.06,Refunded
4378,45606,Wrong Product,25044.73,Refunded
4379,17568,Damaged,9826.66,Refunded
4380,27485,Customer Changed Mind,20595.99,Refunded
4381,17527,Wrong Product,1052.35,Refunded
4382,30647,Customer Changed Mind,6313.82,Refunded
4383,32101,Quality Issue,6041.32,Refunded
4384,2134,Late Delivery,19160.73,Refunded
4385,39210,Customer Changed Mind,4538.34,Refunded
4386,7692,Quality Issue,10250.87,Refunded
4387,14306,Customer Changed Mind,1825.71,Refunded
4388,9885,Wrong Product,18580.68,Refunded
4389,45894,Quality Issue,20273.22,Refunded
4390,29016,Damaged,19060.4,Refunded
4391,2217,Quality Issue,10248.43,Refunded
4392,20113,Wrong Product,17516.51,Refunded
4393,14954,Customer Changed Mind,27075.09,Refunded
4394,343,Customer Changed Mind,26502.6,Refunded
4395,49765,Damaged,6509.35,Refunded
4396,26104,Quality Issue,18372.33,Refunded
4397,47949,Wrong Product,19258.25,Refunded
4398,17231,Customer Changed Mind,15214.07,Refunded
4399,9376,Wrong Product,12928.04,Refunded
4400,1980,Customer Changed Mind,1196.88,Refunded
4401,8687,Customer Changed Mind,16047.82,Refunded
4402,3314,Customer Changed Mind,11137.57,Refunded
4403,1351,Damaged,5837.05,Refunded
4404,20864,Quality Issue,6140.11,Refunded
4405,47512,Quality Issue,12947.48,Refunded
4406,34756,Quality Issue,7626.03,Refunded
4407,37105,Quality Issue,21164.96,Refunded
4408,23929,Late Delivery,10546.91,Refunded
4409,45063,Customer Changed Mind,21132.89,Refunded
4410,12559,Damaged,17160.92,Refunded
4411,29865,Customer Changed Mind,7504.88,Refunded
4412,37508,Damaged,9756.84,Refunded
4413,46532,Quality Issue,23623.58,Refunded
4414,22278,Damaged,6905.62,Refunded
4415,3093,Quality Issue,4451.87,Refunded
4416,44177,Damaged,22999.44,Refunded
4417,31906,Damaged,5766.71,Refunded
4418,41487,Late Delivery,26961.23,Refunded
4419,49807,Late Delivery,3990.34,Refunded
4420,11785,Quality Issue,15252.51,Refunded
4421,553,Wrong Product,13273.34,Refunded
4422,46897,Quality Issue,5909.55,Refunded
4423,16167,Customer Changed Mind,19742.14,Refunded
4424,20162,Late Delivery,14864.03,Refunded
4425,35709,Quality Issue,10475.09,Refunded
4426,7582,Customer Changed Mind,5455.07,Refunded
4427,11005,Late Delivery,7260.73,Refunded
4428,38620,Customer Changed Mind,27742.16,Refunded
4429,7785,Late Delivery,763.84,Refunded
4430,24427,Quality Issue,15373.91,Refunded
4431,34075,Quality Issue,3815.35,Refunded
4432,15437,Quality Issue,21458.99,Refunded
4433,20200,Late Delivery,10460.15,Refunded
4434,21784,Damaged,1636.69,Refunded
4435,21262,Damaged,1678.24,Refunded
4436,12526,Quality Issue,9123.38,Refunded
4437,15716,Late Delivery,13260.61,Refunded
4438,12917,Wrong Product,21397.28,Refunded
4439,6375,Quality Issue,6577.25,Refunded
4440,12854,Wrong Product,20592.65,Refunded
4441,25687,Wrong Product,12629.57,Refunded
4442,20076,Late Delivery,15302.87,Refunded
4443,4570,Damaged,16066.62,Refunded
4444,41783,Late Delivery,9096.21,Refunded
4445,28609,Late Delivery,15444.44,Refunded
4446,21714,Wrong Product,27043.12,Refunded
4447,42101,Late Delivery,16609.59,Refunded
4448,15465,Late Delivery,10337.54,Refunded
4449,32318,Wrong Product,8719.01,Refunded
4450,26855,Customer Changed Mind,23380.63,Refunded
4451,21247,Wrong Product,20472.71,Refunded
4452,37928,Quality Issue,27719.83,Refunded
4453,21469,Damaged,7354.73,Refunded
4454,35556,Damaged,1762.37,Refunded
4455,923,Damaged,18711.59,Refunded
4456,2670,Late Delivery,4668.21,Refunded
4457,23834,Wrong Product,28424.14,Refunded
4458,18846,Wrong Product,1377.13,Refunded
4459,4679,Quality Issue,1796.83,Refunded
4460,13793,Wrong Product,11499.72,Refunded
4461,41391,Damaged,24634.76,Refunded
4462,42892,Damaged,6949.5,Refunded
4463,46797,Customer Changed Mind,22639.97,Refunded
4464,43606,Late Delivery,21820.62,Refunded
4465,10464,Damaged,22005.99,Refunded
4466,38216,Wrong Product,25489.45,Refunded
4467,6931,Damaged,12798.04,Refunded
4468,49868,Damaged,10614.75,Refunded
4469,22572,Damaged,4239.64,Refunded
4470,1408,Damaged,23671.27,Refunded
4471,37723,Wrong Product,11475.54,Refunded
4472,10106,Late Delivery,25192.74,Refunded
4473,49063,Damaged,1253.67,Refunded
4474,10017,Quality Issue,18431.87,Refunded
4475,4525,Customer Changed Mind,8706.18,Refunded
4476,23233,Customer Changed Mind,4809.68,Refunded
4477,27772,Customer Changed Mind,16565.63,Refunded
4478,47746,Late Delivery,22521.3,Refunded
4479,49939,Late Delivery,6021.2,Refunded
4480,4188,Quality Issue,9671.63,Refunded
4481,38150,Quality Issue,24470.38,Refunded
4482,5926,Wrong Product,7784.0,Refunded
4483,7296,Late Delivery,4507.4,Refunded
4484,3813,Wrong Product,3769.96,Refunded
4485,41191,Late Delivery,2073.34,Refunded
4486,48811,Customer Changed Mind,5652.16,Refunded
4487,40796,Late Delivery,19202.47,Refunded
4488,21000,Wrong Product,24747.68,Refunded
4489,28715,Customer Changed Mind,17546.9,Refunded
4490,22717,Damaged,17636.29,Refunded
4491,44742,Customer Changed Mind,16394.52,Refunded
4492,10087,Quality Issue,21068.77,Refunded
4493,36366,Damaged,23561.32,Refunded
4494,12442,Wrong Product,14587.52,Refunded
4495,31424,Wrong Product,4044.91,Refunded
4496,12423,Wrong Product,12650.53,Refunded
4497,4645,Wrong Product,11749.22,Refunded
4498,18166,Quality Issue,13902.43,Refunded
4499,44310,Customer Changed Mind,17270.2,Refunded
4500,29381,Wrong Product,3104.49,Refunded
4501,6518,Customer Changed Mind,15339.59,Refunded
4502,24653,Late Delivery,6654.86,Refunded
4503,44555,Wrong Product,21569.82,Refunded
4504,32214,Customer Changed Mind,16677.07,Refunded
4505,34690,Damaged,6681.0,Refunded
4506,263,Late Delivery,3061.07,Refunded
4507,7672,Customer Changed Mind,20756.23,Refunded
4508,46280,Quality Issue,16292.07,Refunded
4509,4266,Customer Changed Mind,22303.21,Refunded
4510,36486,Wrong Product,12927.29,Refunded
4511,26649,Quality Issue,13310.49,Refunded
4512,3885,Damaged,13414.91,Refunded
4513,24410,Wrong Product,5813.44,Refunded
4514,7343,Late Delivery,11251.65,Refunded
4515,47130,Wrong Product,19485.13,Refunded
4516,25860,Late Delivery,17390.45,Refunded
4517,25372,Late Delivery,4451.59,Refunded
4518,1341,Quality Issue,14695.62,Refunded
4519,33165,Customer Changed Mind,1075.99,Refunded
4520,10493,Quality Issue,27130.95,Refunded
4521,32543,Damaged,12893.38,Refunded
4522,4648,Quality Issue,9864.33,Refunded
4523,20841,Late Delivery,11866.52,Refunded
4524,38564,Wrong Product,23763.93,Refunded
4525,23691,Quality Issue,13577.83,Refunded
4526,35666,Damaged,23965.36,Refunded
4527,16745,Customer Changed Mind,8600.69,Refunded
4528,46060,Late Delivery,20153.03,Refunded
4529,13888,Wrong Product,13366.71,Refunded
4530,3445,Quality Issue,15909.03,Refunded
4531,29523,Quality Issue,6622.0,Refunded
4532,33107,Customer Changed Mind,13239.43,Refunded
4533,5202,Quality Issue,12447.12,Refunded
4534,32655,Quality Issue,7682.54,Refunded
4535,27319,Wrong Product,11500.47,Refunded
4536,31318,Customer Changed Mind,11363.22,Refunded
4537,49527,Wrong Product,27834.28,Refunded
4538,21236,Late Delivery,4558.3,Refunded
4539,44297,Customer Changed Mind,5710.52,Refunded
4540,35505,Damaged,8547.42,Refunded
4541,30288,Late Delivery,28516.61,Refunded
4542,17027,Late Delivery,12275.64,Refunded
4543,39636,Late Delivery,13911.23,Refunded
4544,21499,Wrong Product,25667.09,Refunded
4545,31148,Quality Issue,11603.01,Refunded
4546,12925,Late Delivery,6084.02,Refunded
4547,45924,Quality Issue,2358.42,Refunded
4548,6804,Damaged,9388.83,Refunded
4549,19340,Late Delivery,20585.09,Refunded
4550,26789,Late Delivery,25367.61,Refunded
4551,5258,Damaged,10394.61,Refunded
4552,37966,Wrong Product,1465.1,Refunded
4553,16105,Wrong Product,4368.16,Refunded
4554,48129,Customer Changed Mind,12600.8,Refunded
4555,32668,Wrong Product,4126.26,Refunded
4556,10778,Damaged,10724.72,Refunded
4557,7598,Late Delivery,15702.92,Refunded
4558,39588,Quality Issue,24317.08,Refunded
4559,25246,Late Delivery,19076.35,Refunded
4560,41348,Late Delivery,6874.86,Refunded
4561,2721,Damaged,14204.1,Refunded
4562,9991,Quality Issue,16274.84,Refunded
4563,24999,Late Delivery,27863.6,Refunded
4564,37298,Wrong Product,16318.36,Refunded
4565,4214,Damaged,12699.54,Refunded
4566,21893,Customer Changed Mind,20595.54,Refunded
4567,7483,Wrong Product,5656.37,Refunded
4568,39112,Customer Changed Mind,12478.38,Refunded
4569,13065,Late Delivery,2552.01,Refunded
4570,26450,Wrong Product,4243.63,Refunded
4571,47567,Late Delivery,24541.98,Refunded
4572,14957,Customer Changed Mind,8583.99,Refunded
4573,40990,Customer Changed Mind,2736.9,Refunded
4574,36469,Wrong Product,12235.21,Refunded
4575,46420,Customer Changed Mind,20658.45,Refunded
4576,10687,Damaged,574.75,Refunded
4577,34666,Customer Changed Mind,18432.1,Refunded
4578,17803,Wrong Product,1467.45,Refunded
4579,1901,Quality Issue,12804.23,Refunded
4580,14183,Damaged,13518.09,Refunded
4581,49447,Damaged,14170.64,Refunded
4582,5105,Wrong Product,1501.9,Refunded
4583,45125,Damaged,6633.64,Refunded
4584,15242,Customer Changed Mind,15879.38,Refunded
4585,38335,Customer Changed Mind,19130.15,Refunded
4586,16943,Damaged,23802.27,Refunded
4587,9613,Customer Changed Mind,9213.28,Refunded
4588,35188,Damaged,5557.55,Refunded
4589,43062,Damaged,21131.71,Refunded
4590,12073,Damaged,13433.0,Refunded
4591,10912,Customer Changed Mind,8858.04,Refunded
4592,31326,Quality Issue,25553.21,Refunded
4593,8740,Customer Changed Mind,22798.01,Refunded
4594,48966,Damaged,20500.07,Refunded
4595,25578,Quality Issue,20971.35,Refunded
4596,12171,Customer Changed Mind,7071.2,Refunded
4597,44524,Damaged,20501.85,Refunded
4598,20328,Customer Changed Mind,4599.56,Refunded
4599,40907,Wrong Product,16258.21,Refunded
4600,28744,Late Delivery,19319.5,Refunded
4601,4453,Damaged,18664.34,Refunded
4602,2785,Late Delivery,17142.75,Refunded
4603,22482,Customer Changed Mind,15151.77,Refunded
4604,46430,Quality Issue,11399.66,Refunded
4605,36543,Wrong Product,9508.57,Refunded
4606,5495,Damaged,5252.27,Refunded
4607,20065,Quality Issue,8918.63,Refunded
4608,23298,Wrong Product,7212.6,Refunded
4609,6482,Wrong Product,14801.93,Refunded
4610,44823,Customer Changed Mind,5878.75,Refunded
4611,9043,Customer Changed Mind,12373.22,Refunded
4612,34636,Customer Changed Mind,14499.41,Refunded
4613,16533,Damaged,17484.47,Refunded
4614,41417,Damaged,24351.73,Refunded
4615,49681,Late Delivery,16072.18,Refunded
4616,11382,Damaged,12860.28,Refunded
4617,38720,Late Delivery,24684.5,Refunded
4618,46148,Wrong Product,14814.92,Refunded
4619,48711,Customer Changed Mind,20878.09,Refunded
4620,8010,Quality Issue,16859.69,Refunded
4621,9727,Damaged,11836.86,Refunded
4622,21881,Late Delivery,15161.4,Refunded
4623,5305,Quality Issue,9758.97,Refunded
4624,49834,Customer Changed Mind,15214.01,Refunded
4625,19227,Late Delivery,11555.35,Refunded
4626,49314,Quality Issue,20200.69,Refunded
4627,37225,Late Delivery,15106.84,Refunded
4628,43978,Wrong Product,19534.67,Refunded
4629,32171,Wrong Product,13362.24,Refunded
4630,21959,Wrong Product,16059.15,Refunded
4631,19605,Quality Issue,11500.26,Refunded
4632,3714,Quality Issue,14581.43,Refunded
4633,8013,Late Delivery,4271.88,Refunded
4634,36879,Damaged,7045.52,Refunded
4635,45060,Damaged,11985.66,Refunded
4636,33964,Damaged,7311.94,Refunded
4637,47835,Wrong Product,4805.31,Refunded
4638,7889,Quality Issue,19812.9,Refunded
4639,13622,Late Delivery,24833.95,Refunded
4640,8143,Damaged,22194.03,Refunded
4641,7039,Quality Issue,24263.85,Refunded
4642,40304,Quality Issue,7251.44,Refunded
4643,13519,Damaged,7967.49,Refunded
4644,19837,Damaged,10076.01,Refunded
4645,27680,Wrong Product,19756.14,Refunded
4646,36877,Late Delivery,25150.09,Refunded
4647,14739,Quality Issue,17052.77,Refunded
4648,20487,Damaged,20644.78,Refunded
4649,42215,Damaged,5946.85,Refunded
4650,40049,Late Delivery,27152.27,Refunded
4651,23868,Customer Changed Mind,25558.16,Refunded
4652,41343,Customer Changed Mind,12724.39,Refunded
4653,26825,Late Delivery,19280.02,Refunded
4654,33233,Wrong Product,2200.31,Refunded
4655,4741,Damaged,5224.86,Refunded
4656,6529,Late Delivery,6988.9,Refunded
4657,24903,Wrong Product,16660.41,Refunded
4658,25164,Quality Issue,7449.92,Refunded
4659,17745,Damaged,17245.32,Refunded
4660,43407,Wrong Product,22609.27,Refunded
4661,4813,Damaged,26167.32,Refunded
4662,39690,Customer Changed Mind,25477.01,Refunded
4663,30879,Customer Changed Mind,7199.39,Refunded
4664,48148,Late Delivery,17218.94,Refunded
4665,33079,Wrong Product,10593.74,Refunded
4666,15583,Late Delivery,26040.42,Refunded
4667,8043,Damaged,24681.77,Refunded
4668,34769,Quality Issue,20534.96,Refunded
4669,9219,Customer Changed Mind,21165.73,Refunded
4670,49053,Customer Changed Mind,19076.53,Refunded
4671,3360,Late Delivery,4300.41,Refunded
4672,2746,Late Delivery,5586.71,Refunded
4673,17400,Wrong Product,14357.9,Refunded
4674,7230,Customer Changed Mind,10475.66,Refunded
4675,3235,Damaged,9620.4,Refunded
4676,16701,Wrong Product,26261.43,Refunded
4677,1695,Quality Issue,3964.87,Refunded
4678,37230,Customer Changed Mind,25402.47,Refunded
4679,20274,Late Delivery,6500.87,Refunded
4680,39651,Damaged,10678.62,Refunded
4681,11597,Quality Issue,20930.4,Refunded
4682,43535,Quality Issue,5120.34,Refunded
4683,20110,Damaged,17413.16,Refunded
4684,32928,Damaged,6433.04,Refunded
4685,9700,Customer Changed Mind,24502.55,Refunded
4686,44028,Quality Issue,25136.92,Refunded
4687,47913,Customer Changed Mind,11095.77,Refunded
4688,34879,Late Delivery,1933.83,Refunded
4689,36279,Wrong Product,11478.24,Refunded
4690,38080,Damaged,25155.7,Refunded
4691,6495,Quality Issue,21385.2,Refunded
4692,43032,Damaged,7388.51,Refunded
4693,42018,Quality Issue,10965.76,Refunded
4694,22534,Damaged,16007.28,Refunded
4695,7620,Quality Issue,23895.83,Refunded
4696,49453,Late Delivery,23624.45,Refunded
4697,12791,Damaged,17941.76,Refunded
4698,15341,Damaged,15125.45,Refunded
4699,41174,Damaged,23184.06,Refunded
4700,30548,Damaged,26070.85,Refunded
4701,36619,Damaged,3831.31,Refunded
4702,47345,Customer Changed Mind,8665.28,Refunded
4703,13025,Quality Issue,3217.56,Refunded
4704,48288,Late Delivery,21177.9,Refunded
4705,21828,Wrong Product,2302.41,Refunded
4706,1455,Damaged,16494.17,Refunded
4707,23939,Customer Changed Mind,11266.76,Refunded
4708,47506,Quality Issue,12990.62,Refunded
4709,33098,Damaged,22785.79,Refunded
4710,22307,Damaged,2202.54,Refunded
4711,2026,Customer Changed Mind,13160.62,Refunded
4712,16662,Customer Changed Mind,18152.71,Refunded
4713,4877,Quality Issue,27026.85,Refunded
4714,7006,Late Delivery,26565.14,Refunded
4715,4443,Quality Issue,1089.19,Refunded
4716,3254,Quality Issue,6054.52,Refunded
4717,35646,Wrong Product,20593.54,Refunded
4718,10422,Customer Changed Mind,10627.42,Refunded
4719,14497,Customer Changed Mind,24027.09,Refunded
4720,44764,Damaged,22330.84,Refunded
4721,27164,Wrong Product,13277.68,Refunded
4722,38733,Quality Issue,13416.82,Refunded
4723,6354,Customer Changed Mind,20904.01,Refunded
4724,41794,Late Delivery,24141.19,Refunded
4725,13182,Wrong Product,10322.79,Refunded
4726,25213,Damaged,12614.82,Refunded
4727,12279,Damaged,29389.65,Refunded
4728,11110,Late Delivery,18339.78,Refunded
4729,45128,Wrong Product,22105.56,Refunded
4730,3894,Wrong Product,12255.07,Refunded
4731,25835,Wrong Product,23143.49,Refunded
4732,7633,Customer Changed Mind,5609.2,Refunded
4733,32695,Quality Issue,19211.64,Refunded
4734,23046,Customer Changed Mind,11262.07,Refunded
4735,14519,Quality Issue,10006.14,Refunded
4736,17799,Damaged,13348.8,Refunded
4737,13084,Quality Issue,13791.09,Refunded
4738,9145,Wrong Product,3223.04,Refunded
4739,11431,Quality Issue,13939.29,Refunded
4740,19142,Damaged,3473.59,Refunded
4741,4287,Quality Issue,13668.28,Refunded
4742,13451,Late Delivery,22564.62,Refunded
4743,29777,Damaged,22485.86,Refunded
4744,42069,Customer Changed Mind,8791.44,Refunded
4745,19417,Damaged,13162.06,Refunded
4746,7634,Quality Issue,10791.38,Refunded
4747,6826,Damaged,17493.84,Refunded
4748,29507,Late Delivery,19344.08,Refunded
4749,11331,Quality Issue,12351.99,Refunded
4750,40375,Quality Issue,3458.85,Refunded
4751,49662,Wrong Product,25442.51,Refunded
4752,27255,Wrong Product,2824.98,Refunded
4753,37073,Late Delivery,6220.49,Refunded
4754,31912,Quality Issue,9102.18,Refunded
4755,16724,Late Delivery,18304.51,Refunded
4756,28423,Late Delivery,11368.34,Refunded
4757,25124,Wrong Product,8856.62,Refunded
4758,26336,Late Delivery,1175.31,Refunded
4759,10708,Damaged,10069.24,Refunded
4760,15396,Late Delivery,911.59,Refunded
4761,8203,Damaged,1658.55,Refunded
4762,11001,Customer Changed Mind,1712.56,Refunded
4763,26393,Quality Issue,2646.99,Refunded
4764,37223,Wrong Product,7109.96,Refunded
4765,3920,Customer Changed Mind,4644.82,Refunded
4766,7736,Late Delivery,713.28,Refunded
4767,39992,Quality Issue,1202.64,Refunded
4768,41249,Late Delivery,23088.43,Refunded
4769,696,Quality Issue,18896.34,Refunded
4770,4456,Late Delivery,8863.61,Refunded
4771,39360,Damaged,1348.83,Refunded
4772,965,Wrong Product,25059.84,Refunded
4773,24995,Late Delivery,22116.17,Refunded
4774,20155,Damaged,15701.18,Refunded
4775,36994,Wrong Product,15604.57,Refunded
4776,49786,Damaged,3428.59,Refunded
4777,6476,Quality Issue,3290.65,Refunded
4778,46414,Late Delivery,18009.16,Refunded
4779,12009,Late Delivery,6866.8,Refunded
4780,4314,Wrong Product,18899.34,Refunded
4781,24290,Customer Changed Mind,7400.55,Refunded
4782,18286,Damaged,10709.67,Refunded
4783,22684,Customer Changed Mind,13760.49,Refunded
4784,12651,Wrong Product,28502.27,Refunded
4785,40587,Wrong Product,2157.8,Refunded
4786,45686,Wrong Product,9078.36,Refunded
4787,22968,Wrong Product,6423.06,Refunded
4788,13510,Late Delivery,9060.22,Refunded
4789,5175,Wrong Product,8603.92,Refunded
4790,37251,Late Delivery,8929.68,Refunded
4791,1835,Damaged,11038.09,Refunded
4792,36668,Late Delivery,9338.52,Refunded
4793,37873,Quality Issue,23274.64,Refunded
4794,13715,Late Delivery,17715.08,Refunded
4795,35882,Late Delivery,24200.08,Refunded
4796,33425,Wrong Product,26577.72,Refunded
4797,41736,Damaged,22034.22,Refunded
4798,11254,Damaged,1403.31,Refunded
4799,10698,Late Delivery,14115.05,Refunded
4800,7434,Customer Changed Mind,19716.22,Refunded
4801,36472,Late Delivery,21310.94,Refunded
4802,36796,Damaged,12067.56,Refunded
4803,36490,Customer Changed Mind,4216.81,Refunded
4804,14500,Wrong Product,9942.62,Refunded
4805,12297,Quality Issue,23664.44,Refunded
4806,32816,Customer Changed Mind,8884.58,Refunded
4807,1934,Late Delivery,6777.27,Refunded
4808,38653,Damaged,20211.31,Refunded
4809,43093,Wrong Product,7795.41,Refunded
4810,34339,Wrong Product,16831.76,Refunded
4811,37334,Damaged,15194.82,Refunded
4812,23560,Late Delivery,15872.93,Refunded
4813,39691,Customer Changed Mind,20529.31,Refunded
4814,45446,Damaged,19840.8,Refunded
4815,43989,Damaged,15175.02,Refunded
4816,24630,Late Delivery,14434.62,Refunded
4817,31682,Customer Changed Mind,7339.96,Refunded
4818,40801,Quality Issue,984.98,Refunded
4819,11903,Wrong Product,11124.53,Refunded
4820,13821,Customer Changed Mind,4910.39,Refunded
4821,17045,Quality Issue,16911.61,Refunded
4822,49656,Customer Changed Mind,21860.98,Refunded
4823,12478,Quality Issue,21794.91,Refunded
4824,45239,Customer Changed Mind,10120.85,Refunded
4825,38929,Late Delivery,11892.4,Refunded
4826,36949,Late Delivery,17963.63,Refunded
4827,14787,Late Delivery,1812.18,Refunded
4828,34301,Damaged,24743.38,Refunded
4829,26870,Customer Changed Mind,7446.38,Refunded
4830,37219,Late Delivery,7252.09,Refunded
4831,10774,Customer Changed Mind,10935.88,Refunded
4832,14278,Quality Issue,20079.69,Refunded
4833,26240,Quality Issue,15935.55,Refunded
4834,46907,Wrong Product,14730.48,Refunded
4835,13739,Customer Changed Mind,2781.48,Refunded
4836,8730,Damaged,962.56,Refunded
4837,17010,Wrong Product,8744.68,Refunded
4838,12394,Late Delivery,22906.71,Refunded
4839,39494,Wrong Product,16576.2,Refunded
4840,48415,Late Delivery,26748.45,Refunded
4841,4299,Customer Changed Mind,11391.74,Refunded
4842,1729,Customer Changed Mind,22689.65,Refunded
4843,48725,Damaged,21461.95,Refunded
4844,46433,Quality Issue,10263.36,Refunded
4845,47796,Damaged,6079.02,Refunded
4846,10658,Customer Changed Mind,10574.48,Refunded
4847,4676,Wrong Product,9405.83,Refunded
4848,41152,Wrong Product,10690.76,Refunded
4849,39246,Wrong Product,22897.95,Refunded
4850,10854,Customer Changed Mind,16870.78,Refunded
4851,24412,Wrong Product,27630.61,Refunded
4852,35028,Damaged,16969.52,Refunded
4853,4153,Damaged,20635.78,Refunded
4854,31977,Late Delivery,24807.61,Refunded
4855,28880,Quality Issue,17307.78,Refunded
4856,2850,Quality Issue,16581.72,Refunded
4857,34746,Damaged,5910.0,Refunded
4858,9787,Late Delivery,22846.05,Refunded
4859,3440,Customer Changed Mind,16343.01,Refunded
4860,30704,Quality Issue,17317.14,Refunded
4861,26880,Quality Issue,17380.95,Refunded
4862,49875,Quality Issue,22690.75,Refunded
4863,903,Wrong Product,21424.33,Refunded
4864,9315,Late Delivery,5826.76,Refunded
4865,14279,Wrong Product,7571.15,Refunded
4866,30359,Wrong Product,26580.67,Refunded
4867,18714,Quality Issue,5963.37,Refunded
4868,43770,Quality Issue,18666.03,Refunded
4869,36158,Customer Changed Mind,16312.67,Refunded
4870,17204,Late Delivery,9451.96,Refunded
4871,158,Damaged,1772.24,Refunded
4872,37577,Late Delivery,28476.59,Refunded
4873,9322,Quality Issue,11753.6,Refunded
4874,23248,Damaged,9989.99,Refunded
4875,2522,Wrong Product,20544.97,Refunded
4876,33634,Late Delivery,18598.81,Refunded
4877,2308,Wrong Product,11555.5,Refunded
4878,39864,Wrong Product,17933.83,Refunded
4879,16843,Quality Issue,20290.22,Refunded
4880,24610,Damaged,12683.38,Refunded
4881,34061,Late Delivery,3777.1,Refunded
4882,19408,Quality Issue,7194.98,Refunded
4883,42216,Damaged,6346.42,Refunded
4884,47862,Customer Changed Mind,22962.95,Refunded
4885,20812,Late Delivery,2776.91,Refunded
4886,15458,Wrong Product,4228.92,Refunded
4887,49342,Damaged,6645.02,Refunded
4888,42708,Late Delivery,12577.85,Refunded
4889,40473,Wrong Product,11809.72,Refunded
4890,37646,Quality Issue,9530.33,Refunded
4891,32902,Customer Changed Mind,11264.63,Refunded
4892,19426,Late Delivery,19203.84,Refunded
4893,28168,Late Delivery,16513.11,Refunded
4894,24488,Quality Issue,9284.53,Refunded
4895,44690,Customer Changed Mind,20503.22,Refunded
4896,3151,Quality Issue,1707.25,Refunded
4897,15672,Customer Changed Mind,1328.87,Refunded
4898,18934,Customer Changed Mind,17164.48,Refunded
4899,39654,Wrong Product,1313.66,Refunded
4900,24013,Damaged,18428.58,Refunded
4901,10144,Quality Issue,9059.41,Refunded
4902,37451,Quality Issue,3158.67,Refunded
4903,15547,Customer Changed Mind,1501.63,Refunded
4904,45906,Late Delivery,15495.21,Refunded
4905,6056,Damaged,16561.92,Refunded
4906,25730,Quality Issue,11537.34,Refunded
4907,39945,Wrong Product,26993.58,Refunded
4908,6083,Wrong Product,22217.27,Refunded
4909,25225,Customer Changed Mind,11135.46,Refunded
4910,35713,Quality Issue,20279.48,Refunded
4911,31520,Wrong Product,21077.74,Refunded
4912,27128,Customer Changed Mind,18055.84,Refunded
4913,39520,Damaged,19781.73,Refunded
4914,21904,Customer Changed Mind,2288.62,Refunded
4915,48561,Wrong Product,19862.09,Refunded
4916,39594,Wrong Product,21952.58,Refunded
4917,6287,Wrong Product,18507.61,Refunded
4918,22436,Quality Issue,13942.09,Refunded
4919,44872,Wrong Product,3643.23,Refunded
4920,31106,Quality Issue,18276.49,Refunded
4921,38567,Customer Changed Mind,2839.99,Refunded
4922,532,Customer Changed Mind,632.42,Refunded
4923,10582,Damaged,9410.08,Refunded
4924,26737,Late Delivery,13866.04,Refunded
4925,6460,Wrong Product,23177.22,Refunded
4926,32577,Quality Issue,14083.38,Refunded
4927,27394,Customer Changed Mind,2998.57,Refunded
4928,44766,Late Delivery,14589.64,Refunded
4929,19311,Quality Issue,25005.34,Refunded
4930,8371,Quality Issue,1401.99,Refunded
4931,31082,Wrong Product,15088.39,Refunded
4932,31780,Wrong Product,4019.44,Refunded
4933,27273,Quality Issue,7470.97,Refunded
4934,34012,Damaged,21581.82,Refunded
4935,45777,Damaged,23654.07,Refunded
4936,39906,Quality Issue,12124.72,Refunded
4937,44873,Damaged,7844.95,Refunded
4938,4018,Customer Changed Mind,17590.87,Refunded
4939,28838,Wrong Product,1131.25,Refunded
4940,7583,Wrong Product,9743.51,Refunded
4941,1224,Quality Issue,8750.75,Refunded
4942,18479,Quality Issue,7900.44,Refunded
4943,3230,Damaged,19070.9,Refunded
4944,41280,Damaged,6249.6,Refunded
4945,16982,Late Delivery,27703.65,Refunded
4946,35144,Quality Issue,2617.38,Refunded
4947,31012,Damaged,18571.81,Refunded
4948,12215,Customer Changed Mind,4924.79,Refunded
4949,9175,Damaged,26030.0,Refunded
4950,2588,Quality Issue,20104.14,Refunded
4951,47942,Damaged,19328.98,Refunded
4952,15684,Damaged,23943.66,Refunded
4953,32240,Damaged,5021.24,Refunded
4954,6976,Quality Issue,13647.65,Refunded
4955,9561,Customer Changed Mind,8678.51,Refunded
4956,19096,Quality Issue,25848.29,Refunded
4957,24667,Late Delivery,15347.12,Refunded
4958,27070,Damaged,11796.77,Refunded
4959,9022,Quality Issue,663.98,Refunded
4960,41710,Wrong Product,21811.14,Refunded
4961,9806,Quality Issue,14406.44,Refunded
4962,44892,Wrong Product,17384.04,Refunded
4963,18703,Wrong Product,11324.16,Refunded
4964,36004,Quality Issue,17242.32,Refunded
4965,34766,Wrong Product,16562.41,Refunded
4966,7900,Wrong Product,7432.4,Refunded
4967,20608,Late Delivery,4394.22,Refunded
4968,38257,Customer Changed Mind,4819.47,Refunded
4969,4244,Customer Changed Mind,6936.13,Refunded
4970,48186,Quality Issue,13556.22,Refunded
4971,32375,Late Delivery,25816.19,Refunded
4972,6641,Damaged,10789.19,Refunded
4973,40340,Damaged,15204.24,Refunded
4974,35986,Damaged,25900.27,Refunded
4975,31886,Wrong Product,19648.67,Refunded
4976,25916,Damaged,3883.08,Refunded
4977,17834,Customer Changed Mind,5185.93,Refunded
4978,35393,Wrong Product,12884.38,Refunded
4979,15288,Quality Issue,2805.97,Refunded
4980,18135,Quality Issue,8774.38,Refunded
4981,18024,Late Delivery,22452.05,Refunded
4982,30394,Late Delivery,14584.43,Refunded
4983,45129,Late Delivery,1188.53,Refunded
4984,47731,Quality Issue,23272.34,Refunded
4985,34461,Damaged,18519.92,Refunded
4986,30535,Customer Changed Mind,19647.75,Refunded
4987,40844,Quality Issue,17752.91,Refunded
4988,22212,Damaged,1163.11,Refunded
4989,584,Quality Issue,18861.41,Refunded
4990,35250,Quality Issue,12106.07,Refunded
4991,12154,Quality Issue,2206.07,Refunded
4992,14187,Customer Changed Mind,14983.05,Refunded
4993,27382,Quality Issue,12710.64,Refunded
4994,26285,Wrong Product,14427.04,Refunded
4995,9607,Late Delivery,6890.62,Refunded
4996,27330,Customer Changed Mind,18321.54,Refunded
4997,23021,Customer Changed Mind,25510.64,Refunded
4998,29040,Damaged,22392.23,Refunded
4999,44635,Late Delivery,17119.3,Refunded
5000,13683,Quality Issue,2229.97,Refunded
5001,34729,Late Delivery,22771.52,Refunded
5002,2305,Damaged,7905.66,Refunded
5003,32348,Damaged,27418.93,Refunded
5004,37634,Quality Issue,24419.93,Refunded
5005,4528,Customer Changed Mind,22910.3,Refunded
5006,10865,Quality Issue,10011.53,Refunded
5007,44912,Late Delivery,16474.42,Refunded
5008,47146,Late Delivery,13626.58,Refunded
5009,14354,Damaged,17325.89,Refunded
5010,32607,Damaged,23064.69,Refunded
5011,21154,Late Delivery,10593.84,Refunded
5012,10370,Customer Changed Mind,2067.29,Refunded
5013,2241,Damaged,12809.37,Refunded
5014,39553,Wrong Product,23751.02,Refunded
5015,11313,Customer Changed Mind,8061.72,Refunded
5016,30869,Customer Changed Mind,14791.94,Refunded
5017,38728,Damaged,10916.27,Refunded
5018,5989,Customer Changed Mind,14358.29,Refunded
5019,2466,Damaged,6736.08,Refunded
5020,31619,Wrong Product,15265.99,Refunded
5021,18828,Quality Issue,13671.03,Refunded
5022,27260,Wrong Product,10385.63,Refunded
5023,34852,Damaged,5501.88,Refunded
5024,48974,Quality Issue,21406.05,Refunded
5025,47282,Quality Issue,1839.99,Refunded
5026,4936,Customer Changed Mind,4516.69,Refunded
5027,44370,Damaged,8156.57,Refunded
5028,31826,Customer Changed Mind,27411.89,Refunded
5029,32148,Quality Issue,8614.58,Refunded
5030,14867,Wrong Product,7458.44,Refunded
5031,592,Late Delivery,12153.81,Refunded
5032,18092,Late Delivery,2816.91,Refunded
5033,42692,Customer Changed Mind,23380.28,Refunded
5034,40720,Late Delivery,16050.64,Refunded
5035,8746,Quality Issue,24245.9,Refunded
5036,7421,Late Delivery,21761.9,Refunded
5037,5031,Customer Changed Mind,14439.71,Refunded
5038,20427,Wrong Product,7658.15,Refunded
5039,24977,Quality Issue,18889.13,Refunded
5040,22054,Wrong Product,23824.93,Refunded
5041,38247,Damaged,1642.19,Refunded
5042,3394,Late Delivery,12119.26,Refunded
5043,25721,Late Delivery,12679.38,Refunded
5044,45841,Quality Issue,8880.02,Refunded
5045,23927,Damaged,692.22,Refunded
5046,14428,Damaged,13243.8,Refunded
5047,2459,Quality Issue,4866.24,Refunded
5048,14895,Late Delivery,16465.48,Refunded
5049,23149,Wrong Product,12515.99,Refunded
5050,12398,Damaged,4713.0,Refunded
5051,32479,Customer Changed Mind,11583.19,Refunded
5052,20260,Damaged,13565.17,Refunded
5053,47676,Damaged,15900.95,Refunded
5054,4102,Customer Changed Mind,21062.23,Refunded
5055,43718,Quality Issue,12169.92,Refunded
5056,34820,Wrong Product,24070.56,Refunded
5057,23463,Customer Changed Mind,10664.63,Refunded
5058,49707,Customer Changed Mind,3985.27,Refunded
5059,17106,Damaged,26899.24,Refunded
5060,33104,Wrong Product,9863.61,Refunded
5061,9075,Late Delivery,22440.22,Refunded
5062,42638,Quality Issue,3287.47,Refunded
5063,18000,Late Delivery,5580.25,Refunded
5064,30469,Quality Issue,18687.69,Refunded
5065,3558,Quality Issue,6138.81,Refunded
5066,19590,Customer Changed Mind,12486.12,Refunded
5067,511,Late Delivery,13812.93,Refunded
5068,35565,Quality Issue,18748.43,Refunded
5069,2700,Customer Changed Mind,9327.35,Refunded
5070,31489,Customer Changed Mind,1078.86,Refunded
5071,12769,Late Delivery,744.39,Refunded
5072,4684,Wrong Product,27278.35,Refunded
5073,7169,Quality Issue,18452.41,Refunded
5074,25556,Customer Changed Mind,9013.32,Refunded
5075,30618,Late Delivery,5385.42,Refunded
5076,5224,Late Delivery,12969.58,Refunded
5077,9839,Damaged,8767.99,Refunded
5078,41961,Wrong Product,1777.76,Refunded
5079,8359,Customer Changed Mind,23500.37,Refunded
5080,44781,Customer Changed Mind,25017.4,Refunded
5081,46544,Late Delivery,2851.26,Refunded
5082,6268,Quality Issue,5578.79,Refunded
5083,29300,Late Delivery,4090.43,Refunded
5084,44004,Customer Changed Mind,14752.27,Refunded
5085,5412,Damaged,17125.77,Refunded
5086,27324,Wrong Product,10763.84,Refunded
5087,40985,Customer Changed Mind,21609.24,Refunded
5088,33071,Damaged,18617.58,Refunded
5089,29247,Wrong Product,3476.02,Refunded
5090,1389,Damaged,7307.63,Refunded
5091,30237,Late Delivery,7841.52,Refunded
5092,39676,Customer Changed Mind,19607.08,Refunded
5093,18067,Quality Issue,13989.33,Refunded
5094,37511,Quality Issue,2131.15,Refunded
5095,29641,Quality Issue,20159.84,Refunded
5096,35697,Damaged,10543.15,Refunded
5097,14589,Late Delivery,14573.43,Refunded
5098,9539,Wrong Product,1001.78,Refunded
5099,29268,Quality Issue,10760.14,Refunded
5100,41608,Late Delivery,953.63,Refunded
5101,11961,Damaged,23317.06,Refunded
5102,10063,Damaged,23601.94,Refunded
5103,29997,Late Delivery,12652.12,Refunded
5104,5633,Damaged,4945.33,Refunded
5105,47550,Quality Issue,3760.09,Refunded
5106,35293,Late Delivery,12757.7,Refunded
5107,2370,Wrong Product,4203.21,Refunded
5108,15660,Customer Changed Mind,27549.57,Refunded
5109,34139,Late Delivery,23680.34,Refunded
5110,16727,Customer Changed Mind,16133.86,Refunded
5111,48803,Wrong Product,1885.14,Refunded
5112,14483,Wrong Product,23840.03,Refunded
5113,32598,Damaged,5597.89,Refunded
5114,49568,Damaged,2350.25,Refunded
5115,24173,Wrong Product,9124.82,Refunded
5116,19890,Customer Changed Mind,15154.86,Refunded
5117,24659,Customer Changed Mind,10490.43,Refunded
5118,47914,Wrong Product,23365.21,Refunded
5119,20167,Quality Issue,15631.97,Refunded
5120,7888,Wrong Product,10178.38,Refunded
5121,14659,Quality Issue,6942.34,Refunded
5122,38460,Quality Issue,20763.35,Refunded
5123,44248,Customer Changed Mind,20413.07,Refunded
5124,7919,Wrong Product,9853.28,Refunded
5125,25961,Damaged,7498.01,Refunded
5126,19134,Late Delivery,15195.44,Refunded
5127,24715,Quality Issue,14036.44,Refunded
5128,33179,Quality Issue,12601.42,Refunded
5129,41320,Damaged,617.1,Refunded
5130,36214,Late Delivery,19752.49,Refunded
5131,35490,Late Delivery,18080.1,Refunded
5132,44315,Quality Issue,5642.96,Refunded
5133,24932,Customer Changed Mind,3732.73,Refunded
5134,23684,Damaged,20247.91,Refunded
5135,18843,Damaged,26639.8,Refunded
5136,34908,Late Delivery,9736.06,Refunded
5137,8313,Late Delivery,14956.76,Refunded
5138,27423,Wrong Product,7795.33,Refunded
5139,5603,Wrong Product,11909.73,Refunded
5140,37311,Quality Issue,25314.88,Refunded
5141,7130,Late Delivery,7876.31,Refunded
5142,6631,Wrong Product,2929.34,Refunded
5143,26734,Quality Issue,1151.7,Refunded
5144,19648,Quality Issue,11154.46,Refunded
5145,37425,Late Delivery,8184.39,Refunded
5146,29053,Late Delivery,12754.58,Refunded
5147,30002,Quality Issue,20746.23,Refunded
5148,42552,Customer Changed Mind,20185.69,Refunded
5149,7741,Wrong Product,5120.31,Refunded
5150,43721,Quality Issue,28024.13,Refunded
5151,47771,Customer Changed Mind,786.96,Refunded
5152,24511,Wrong Product,24791.75,Refunded
5153,34171,Wrong Product,13160.14,Refunded
5154,22099,Damaged,1498.04,Refunded
5155,49339,Customer Changed Mind,4326.59,Refunded
5156,8268,Wrong Product,18087.06,Refunded
5157,47393,Damaged,6006.04,Refunded
5158,47536,Late Delivery,10671.53,Refunded
5159,42519,Late Delivery,12602.9,Refunded
5160,8204,Wrong Product,24764.8,Refunded
5161,2138,Late Delivery,5540.11,Refunded
5162,9397,Wrong Product,16169.07,Refunded
5163,17216,Wrong Product,16262.03,Refunded
5164,19834,Customer Changed Mind,23101.26,Refunded
5165,85,Customer Changed Mind,7184.54,Refunded
5166,48081,Damaged,12200.05,Refunded
5167,41688,Quality Issue,944.55,Refunded
5168,9851,Late Delivery,10783.56,Refunded
5169,20017,Damaged,19568.53,Refunded
5170,47191,Customer Changed Mind,10810.23,Refunded
5171,29855,Quality Issue,18399.2,Refunded
5172,29550,Wrong Product,9445.38,Refunded
5173,40485,Wrong Product,15278.74,Refunded
5174,32466,Wrong Product,9588.75,Refunded
5175,24950,Late Delivery,4587.53,Refunded
5176,46328,Late Delivery,5239.67,Refunded
5177,21074,Late Delivery,11372.61,Refunded
5178,9328,Quality Issue,15589.46,Refunded
5179,6724,Quality Issue,4054.24,Refunded
5180,3576,Damaged,19114.94,Refunded
5181,16607,Wrong Product,6722.09,Refunded
5182,46525,Damaged,22149.64,Refunded
5183,6792,Quality Issue,13483.3,Refunded
5184,41635,Late Delivery,24481.42,Refunded
5185,470,Quality Issue,20865.73,Refunded
5186,43793,Damaged,7295.83,Refunded
5187,11248,Late Delivery,20348.74,Refunded
5188,37153,Late Delivery,8014.83,Refunded
5189,4628,Wrong Product,963.84,Refunded
5190,41466,Late Delivery,6667.68,Refunded
5191,892,Customer Changed Mind,2014.42,Refunded
5192,38610,Customer Changed Mind,19782.62,Refunded
5193,26000,Customer Changed Mind,17559.22,Refunded
5194,17500,Customer Changed Mind,7392.98,Refunded
5195,20547,Late Delivery,12812.46,Refunded
5196,41154,Damaged,615.09,Refunded
5197,46404,Customer Changed Mind,18338.41,Refunded
5198,38992,Damaged,6720.44,Refunded
5199,41228,Customer Changed Mind,22453.96,Refunded
5200,22750,Late Delivery,13311.64,Refunded
5201,7382,Customer Changed Mind,9189.08,Refunded
5202,46818,Late Delivery,27877.43,Refunded
5203,11558,Wrong Product,24028.68,Refunded
5204,36717,Damaged,5095.01,Refunded
5205,5823,Customer Changed Mind,22354.53,Refunded
5206,8152,Late Delivery,14175.11,Refunded
5207,40965,Customer Changed Mind,20409.13,Refunded
5208,3476,Wrong Product,19103.82,Refunded
5209,28725,Customer Changed Mind,18206.04,Refunded
5210,17840,Damaged,9935.08,Refunded
5211,17898,Wrong Product,19836.36,Refunded
5212,20602,Customer Changed Mind,5475.65,Refunded
5213,38012,Customer Changed Mind,16431.52,Refunded
5214,10109,Late Delivery,17836.42,Refunded
5215,8731,Quality Issue,23024.26,Refunded
5216,24391,Customer Changed Mind,5608.74,Refunded
5217,46730,Late Delivery,17231.2,Refunded
5218,20252,Quality Issue,24910.86,Refunded
5219,10023,Customer Changed Mind,8211.68,Refunded
5220,21389,Quality Issue,14594.89,Refunded
5221,5208,Late Delivery,1817.34,Refunded
5222,32099,Customer Changed Mind,18689.26,Refunded
5223,30851,Late Delivery,1159.11,Refunded
5224,22293,Customer Changed Mind,21210.86,Refunded
5225,33875,Wrong Product,18223.9,Refunded
5226,16991,Wrong Product,12887.32,Refunded
5227,32067,Wrong Product,22102.08,Refunded
5228,46613,Wrong Product,23635.97,Refunded
5229,14833,Late Delivery,18242.89,Refunded
5230,19081,Late Delivery,21203.73,Refunded
5231,5724,Quality Issue,11076.05,Refunded
5232,1280,Customer Changed Mind,11743.99,Refunded
5233,27695,Customer Changed Mind,15727.32,Refunded
5234,25795,Wrong Product,13316.63,Refunded
5235,45429,Wrong Product,13035.93,Refunded
5236,31716,Wrong Product,2053.01,Refunded
5237,3170,Damaged,2009.19,Refunded
5238,39732,Damaged,12825.45,Refunded
5239,41726,Damaged,17985.13,Refunded
5240,20374,Damaged,14477.43,Refunded
5241,4482,Quality Issue,23917.19,Refunded
5242,11566,Late Delivery,11807.79,Refunded
5243,41126,Damaged,21878.99,Refunded
5244,16959,Wrong Product,13401.49,Refunded
5245,36491,Wrong Product,10060.88,Refunded
5246,16976,Customer Changed Mind,7153.15,Refunded
5247,26452,Wrong Product,5412.21,Refunded
5248,36723,Wrong Product,3036.22,Refunded
5249,17280,Wrong Product,14755.36,Refunded
5250,23030,Late Delivery,2509.21,Refunded
5251,18796,Wrong Product,21598.4,Refunded
5252,46392,Late Delivery,1700.4,Refunded
5253,48468,Customer Changed Mind,8551.21,Refunded
5254,1964,Customer Changed Mind,12037.95,Refunded
5255,32413,Damaged,22252.13,Refunded
5256,34562,Damaged,23575.24,Refunded
5257,42782,Late Delivery,5373.31,Refunded
5258,17397,Quality Issue,19069.73,Refunded
5259,17633,Quality Issue,22425.85,Refunded
5260,35057,Wrong Product,7841.44,Refunded
5261,28732,Quality Issue,28220.13,Refunded
5262,14445,Customer Changed Mind,10135.59,Refunded
5263,4187,Quality Issue,3462.46,Refunded
5264,27573,Damaged,15558.68,Refunded
5265,40848,Late Delivery,8358.88,Refunded
5266,1797,Quality Issue,3796.67,Refunded
5267,6513,Quality Issue,11723.87,Refunded
5268,48004,Quality Issue,9937.72,Refunded
5269,12293,Customer Changed Mind,23491.76,Refunded
5270,5955,Late Delivery,10530.39,Refunded
5271,7700,Quality Issue,2333.46,Refunded
5272,13169,Late Delivery,17391.93,Refunded
5273,25812,Customer Changed Mind,4762.39,Refunded
5274,26786,Customer Changed Mind,15685.13,Refunded
5275,1716,Damaged,25330.02,Refunded
5276,21764,Late Delivery,13145.88,Refunded
5277,10475,Damaged,17834.73,Refunded
5278,11552,Late Delivery,11381.82,Refunded
5279,34445,Late Delivery,17847.97,Refunded
5280,10463,Quality Issue,21102.38,Refunded
5281,33760,Quality Issue,1532.23,Refunded
5282,28234,Quality Issue,958.32,Refunded
5283,30729,Customer Changed Mind,12940.19,Refunded
5284,31868,Damaged,16409.44,Refunded
5285,11224,Customer Changed Mind,19556.35,Refunded
5286,31507,Late Delivery,8074.2,Refunded
5287,2092,Quality Issue,9477.92,Refunded
5288,41079,Wrong Product,17227.08,Refunded
5289,42842,Customer Changed Mind,18982.36,Refunded
5290,18646,Quality Issue,24028.28,Refunded
5291,45789,Wrong Product,19140.67,Refunded
5292,25628,Wrong Product,13424.06,Refunded
5293,13795,Wrong Product,7286.79,Refunded
5294,6571,Late Delivery,15330.95,Refunded
5295,30131,Damaged,6345.07,Refunded
5296,2500,Late Delivery,17430.71,Refunded
5297,16377,Customer Changed Mind,3146.91,Refunded
5298,6467,Damaged,26636.68,Refunded
5299,46095,Wrong Product,14744.95,Refunded
5300,10125,Wrong Product,24921.11,Refunded
5301,12374,Damaged,18820.5,Refunded
5302,24006,Damaged,4076.96,Refunded
5303,46991,Customer Changed Mind,22911.43,Refunded
5304,21573,Quality Issue,13133.89,Refunded
5305,30330,Late Delivery,5980.46,Refunded
5306,11214,Quality Issue,23723.33,Refunded
5307,4458,Damaged,10067.98,Refunded
5308,13629,Customer Changed Mind,10942.96,Refunded
5309,21079,Wrong Product,23426.8,Refunded
5310,5255,Late Delivery,659.92,Refunded
5311,10593,Damaged,7554.9,Refunded
5312,1319,Quality Issue,16176.41,Refunded
5313,16372,Late Delivery,19474.66,Refunded
5314,10673,Customer Changed Mind,3241.32,Refunded
5315,37357,Damaged,19689.65,Refunded
5316,36530,Customer Changed Mind,28057.66,Refunded
5317,30576,Customer Changed Mind,6656.14,Refunded
5318,35452,Quality Issue,11389.59,Refunded
5319,49216,Late Delivery,6568.0,Refunded
5320,3099,Damaged,26454.32,Refunded
5321,14671,Damaged,1593.25,Refunded
5322,28952,Wrong Product,6987.11,Refunded
5323,28923,Wrong Product,7000.34,Refunded
5324,15882,Customer Changed Mind,21127.7,Refunded
5325,20488,Late Delivery,15590.48,Refunded
5326,26666,Quality Issue,27155.4,Refunded
5327,46204,Damaged,22194.34,Refunded
5328,8514,Late Delivery,19302.73,Refunded
5329,39543,Customer Changed Mind,18588.6,Refunded
5330,45078,Quality Issue,11665.77,Refunded
5331,46757,Quality Issue,6023.66,Refunded
5332,31162,Customer Changed Mind,17402.36,Refunded
5333,37419,Customer Changed Mind,11091.79,Refunded
5334,16111,Customer Changed Mind,5857.9,Refunded
5335,38630,Late Delivery,6035.73,Refunded
5336,35801,Wrong Product,9632.17,Refunded
5337,4772,Damaged,21180.55,Refunded
5338,47157,Wrong Product,13487.46,Refunded
5339,33786,Customer Changed Mind,12715.52,Refunded
5340,40474,Late Delivery,26217.14,Refunded
5341,17220,Wrong Product,23497.91,Refunded
5342,41747,Wrong Product,4711.3,Refunded
5343,44828,Customer Changed Mind,2863.32,Refunded
5344,17766,Customer Changed Mind,26915.97,Refunded
5345,43779,Quality Issue,1047.04,Refunded
5346,8479,Quality Issue,18249.41,Refunded
5347,14422,Quality Issue,19449.61,Refunded
5348,788,Damaged,22440.8,Refunded
5349,16612,Customer Changed Mind,7452.38,Refunded
5350,41053,Quality Issue,17809.15,Refunded
5351,49789,Customer Changed Mind,16661.85,Refunded
5352,23824,Quality Issue,2217.02,Refunded
5353,10427,Customer Changed Mind,15653.03,Refunded
5354,27579,Customer Changed Mind,12393.81,Refunded
5355,32690,Late Delivery,2839.56,Refunded
5356,44792,Customer Changed Mind,22433.79,Refunded
5357,29472,Late Delivery,14500.77,Refunded
5358,37276,Customer Changed Mind,4156.8,Refunded
5359,8844,Damaged,11846.23,Refunded
5360,37411,Quality Issue,1566.49,Refunded
5361,49055,Damaged,21441.07,Refunded
5362,18763,Late Delivery,20622.0,Refunded
5363,10514,Damaged,13907.93,Refunded
5364,41700,Wrong Product,26895.14,Refunded
5365,28091,Customer Changed Mind,8424.88,Refunded
5366,14364,Damaged,2242.92,Refunded
5367,8770,Late Delivery,10582.82,Refunded
5368,48810,Wrong Product,18936.99,Refunded
5369,43131,Wrong Product,13087.55,Refunded
5370,31060,Late Delivery,18492.96,Refunded
5371,44943,Late Delivery,8094.18,Refunded
5372,34918,Wrong Product,13528.08,Refunded
5373,21161,Damaged,10567.43,Refunded
5374,104,Wrong Product,20840.1,Refunded
5375,23343,Damaged,8283.23,Refunded
5376,20610,Customer Changed Mind,13097.33,Refunded
5377,20877,Damaged,15528.71,Refunded
5378,28108,Customer Changed Mind,10270.34,Refunded
5379,33250,Wrong Product,15024.37,Refunded
5380,33677,Customer Changed Mind,7010.41,Refunded
5381,10478,Quality Issue,2916.56,Refunded
5382,48003,Damaged,19793.28,Refunded
5383,27833,Damaged,5721.31,Refunded
5384,43941,Customer Changed Mind,4021.45,Refunded
5385,48195,Damaged,17969.52,Refunded
5386,49469,Damaged,9507.53,Refunded
5387,43195,Late Delivery,18905.52,Refunded
5388,26094,Quality Issue,2018.39,Refunded
5389,29819,Wrong Product,8427.22,Refunded
5390,8994,Quality Issue,23303.03,Refunded
5391,8423,Damaged,28245.3,Refunded
5392,49193,Wrong Product,9512.07,Refunded
5393,41347,Quality Issue,4458.3,Refunded
5394,12552,Customer Changed Mind,6731.24,Refunded
5395,11274,Customer Changed Mind,18880.05,Refunded
5396,23799,Customer Changed Mind,25156.25,Refunded
5397,13790,Customer Changed Mind,10201.09,Refunded
5398,33282,Damaged,2738.79,Refunded
5399,1391,Late Delivery,10511.76,Refunded
5400,36362,Late Delivery,12281.13,Refunded
5401,17489,Customer Changed Mind,24194.02,Refunded
5402,2484,Customer Changed Mind,711.46,Refunded
5403,15359,Customer Changed Mind,7309.56,Refunded
5404,49638,Quality Issue,12175.02,Refunded
5405,26031,Late Delivery,28170.38,Refunded
5406,45739,Wrong Product,2230.28,Refunded
5407,24583,Wrong Product,21113.44,Refunded
5408,20959,Damaged,23547.57,Refunded
5409,27486,Late Delivery,21234.15,Refunded
5410,20701,Customer Changed Mind,17815.72,Refunded
5411,48960,Wrong Product,27897.09,Refunded
5412,42282,Customer Changed Mind,19978.7,Refunded
5413,20742,Wrong Product,23444.43,Refunded
5414,47396,Damaged,26711.48,Refunded
5415,44436,Damaged,22645.34,Refunded
5416,27996,Customer Changed Mind,12110.44,Refunded
5417,22741,Late Delivery,17687.55,Refunded
5418,9309,Late Delivery,26604.01,Refunded
5419,22258,Quality Issue,19046.17,Refunded
5420,8155,Late Delivery,6871.03,Refunded
5421,13862,Damaged,24905.49,Refunded
5422,47843,Customer Changed Mind,25926.46,Refunded
5423,40960,Customer Changed Mind,659.44,Refunded
5424,14005,Late Delivery,10338.88,Refunded
5425,44626,Quality Issue,3717.17,Refunded
5426,11084,Wrong Product,2797.55,Refunded
5427,16123,Damaged,17931.72,Refunded
5428,46460,Damaged,5245.15,Refunded
5429,39968,Quality Issue,8443.19,Refunded
5430,9317,Wrong Product,2893.52,Refunded
5431,2876,Damaged,22277.07,Refunded
5432,43418,Customer Changed Mind,5160.28,Refunded
5433,15100,Quality Issue,9329.23,Refunded
5434,33480,Late Delivery,10097.41,Refunded
5435,45236,Damaged,20735.36,Refunded
5436,38288,Customer Changed Mind,28674.61,Refunded
5437,11135,Wrong Product,5000.66,Refunded
5438,20906,Late Delivery,8696.28,Refunded
5439,1461,Wrong Product,24934.04,Refunded
5440,30581,Customer Changed Mind,7215.24,Refunded
5441,13917,Late Delivery,4169.7,Refunded
5442,5962,Customer Changed Mind,11488.74,Refunded
5443,47202,Wrong Product,15692.77,Refunded
5444,25476,Customer Changed Mind,16770.96,Refunded
5445,5201,Late Delivery,26907.58,Refunded
5446,17929,Wrong Product,15296.01,Refunded
5447,29272,Wrong Product,15649.41,Refunded
5448,23547,Wrong Product,5760.01,Refunded
5449,22519,Customer Changed Mind,6447.13,Refunded
5450,15439,Customer Changed Mind,4807.33,Refunded
5451,11237,Wrong Product,16068.15,Refunded
5452,10714,Wrong Product,20525.01,Refunded
5453,27100,Quality Issue,7923.89,Refunded
5454,20279,Wrong Product,714.41,Refunded
5455,11255,Wrong Product,10173.93,Refunded
5456,14515,Damaged,15873.28,Refunded
5457,34081,Quality Issue,22136.87,Refunded
5458,5606,Damaged,15570.14,Refunded
5459,42750,Damaged,20990.46,Refunded
5460,39194,Customer Changed Mind,8841.21,Refunded
5461,8735,Customer Changed Mind,18128.7,Refunded
5462,23624,Customer Changed Mind,17142.2,Refunded
5463,46347,Damaged,20192.73,Refunded
5464,44749,Quality Issue,19861.94,Refunded
5465,12165,Quality Issue,20373.25,Refunded
5466,32428,Late Delivery,5939.73,Refunded
5467,39372,Customer Changed Mind,11244.45,Refunded
5468,42902,Late Delivery,11193.69,Refunded
5469,1018,Wrong Product,25466.42,Refunded
5470,36952,Damaged,25135.21,Refunded
5471,20233,Late Delivery,22614.65,Refunded
5472,30338,Quality Issue,1518.75,Refunded
5473,4038,Quality Issue,10343.37,Refunded
5474,28700,Quality Issue,17147.52,Refunded
5475,9035,Wrong Product,20501.08,Refunded
5476,25484,Wrong Product,6867.0,Refunded
5477,12752,Late Delivery,16636.5,Refunded
5478,44402,Customer Changed Mind,19138.82,Refunded
5479,40156,Quality Issue,19981.88,Refunded
5480,10967,Late Delivery,27689.83,Refunded
5481,6210,Customer Changed Mind,11613.7,Refunded
5482,29340,Late Delivery,3308.92,Refunded
5483,49842,Damaged,2025.75,Refunded
5484,15143,Customer Changed Mind,19016.17,Refunded
5485,39905,Late Delivery,11070.76,Refunded
5486,16262,Damaged,21693.98,Refunded
5487,27892,Wrong Product,5064.9,Refunded
5488,11280,Wrong Product,23202.81,Refunded
5489,19211,Late Delivery,15939.18,Refunded
5490,21744,Customer Changed Mind,21982.68,Refunded
5491,30961,Customer Changed Mind,6308.46,Refunded
5492,30486,Quality Issue,18615.66,Refunded
5493,19777,Damaged,21654.76,Refunded
5494,34947,Customer Changed Mind,24770.9,Refunded
5495,1297,Customer Changed Mind,2783.09,Refunded
5496,41923,Wrong Product,2484.96,Refunded
5497,20104,Customer Changed Mind,5185.36,Refunded
5498,6694,Wrong Product,22486.8,Refunded
5499,36162,Damaged,22072.83,Refunded
5500,44649,Quality Issue,16044.39,Refunded
5501,33491,Late Delivery,1450.49,Refunded
5502,44039,Quality Issue,18295.29,Refunded
5503,20963,Damaged,2103.33,Refunded
5504,42745,Quality Issue,9605.64,Refunded
5505,34331,Quality Issue,8248.01,Refunded
5506,24220,Customer Changed Mind,9977.52,Refunded
5507,6282,Customer Changed Mind,7676.85,Refunded
5508,47010,Late Delivery,26993.14,Refunded
5509,11587,Wrong Product,23379.56,Refunded
5510,49462,Customer Changed Mind,775.64,Refunded
5511,31649,Late Delivery,1879.87,Refunded
5512,41177,Wrong Product,16901.98,Refunded
5513,18164,Wrong Product,3330.25,Refunded
5514,47043,Quality Issue,15656.96,Refunded
5515,17269,Damaged,22707.64,Refunded
5516,32419,Damaged,18651.01,Refunded
5517,15054,Wrong Product,13572.11,Refunded
5518,32978,Quality Issue,4711.09,Refunded
5519,6438,Wrong Product,22345.93,Refunded
5520,23398,Quality Issue,20916.94,Refunded
5521,20040,Quality Issue,10561.87,Refunded
5522,4024,Late Delivery,14337.87,Refunded
5523,42536,Wrong Product,12568.0,Refunded
5524,38509,Late Delivery,711.84,Refunded
5525,48008,Damaged,12714.16,Refunded
5526,369,Wrong Product,1999.31,Refunded
5527,20968,Wrong Product,23644.95,Refunded
5528,36141,Late Delivery,2865.41,Refunded
5529,22463,Quality Issue,11299.45,Refunded
5530,2253,Late Delivery,13265.52,Refunded
5531,25354,Damaged,2901.07,Refunded
5532,25180,Quality Issue,18037.85,Refunded
5533,2524,Quality Issue,12221.56,Refunded
5534,14873,Wrong Product,16480.54,Refunded
5535,44428,Late Delivery,4310.39,Refunded
5536,48737,Customer Changed Mind,10928.04,Refunded
5537,39445,Damaged,15289.61,Refunded
5538,48456,Wrong Product,16324.32,Refunded
5539,1725,Customer Changed Mind,1993.82,Refunded
5540,45222,Late Delivery,13016.71,Refunded
5541,39956,Quality Issue,12518.05,Refunded
5542,35308,Customer Changed Mind,2872.85,Refunded
5543,16539,Wrong Product,4722.04,Refunded
5544,31203,Quality Issue,6022.34,Refunded
5545,33249,Late Delivery,25113.33,Refunded
5546,35129,Customer Changed Mind,19757.31,Refunded
5547,31726,Quality Issue,12582.74,Refunded
5548,13603,Quality Issue,1243.47,Refunded
5549,14449,Quality Issue,5800.09,Refunded
5550,46472,Late Delivery,2899.16,Refunded
5551,20048,Quality Issue,18883.24,Refunded
5552,45695,Damaged,22655.74,Refunded
5553,29814,Damaged,23528.16,Refunded
5554,21977,Damaged,26578.39,Refunded
5555,1569,Wrong Product,9825.29,Refunded
5556,37239,Customer Changed Mind,9620.13,Refunded
5557,48987,Damaged,1350.76,Refunded
5558,19307,Wrong Product,4202.15,Refunded
5559,11192,Damaged,6429.15,Refunded
5560,15895,Damaged,1751.28,Refunded
5561,20840,Wrong Product,10321.1,Refunded
5562,13641,Customer Changed Mind,4737.69,Refunded
5563,8292,Wrong Product,17256.64,Refunded
5564,25403,Customer Changed Mind,24027.71,Refunded
5565,41290,Quality Issue,18594.45,Refunded
5566,42761,Late Delivery,27374.06,Refunded
5567,22506,Damaged,8181.77,Refunded
5568,48332,Customer Changed Mind,4002.38,Refunded
5569,27608,Customer Changed Mind,1513.55,Refunded
5570,18250,Wrong Product,6254.99,Refunded
5571,16909,Quality Issue,14101.42,Refunded
5572,3400,Damaged,8321.34,Refunded
5573,22469,Quality Issue,14150.22,Refunded
5574,45512,Damaged,3305.79,Refunded
5575,4452,Quality Issue,18773.94,Refunded
5576,34681,Late Delivery,10015.34,Refunded
5577,25999,Late Delivery,17585.59,Refunded
5578,20650,Customer Changed Mind,18583.04,Refunded
5579,1002,Quality Issue,4099.07,Refunded
5580,36338,Wrong Product,10916.82,Refunded
5581,46620,Customer Changed Mind,23650.9,Refunded
5582,33202,Damaged,4280.85,Refunded
5583,30854,Late Delivery,20521.68,Refunded
5584,5100,Customer Changed Mind,6294.56,Refunded
5585,21200,Damaged,12237.35,Refunded
5586,25194,Wrong Product,9458.3,Refunded
5587,23814,Wrong Product,9814.59,Refunded
5588,1985,Customer Changed Mind,16255.37,Refunded
5589,2299,Customer Changed Mind,18437.99,Refunded
5590,38926,Quality Issue,7103.43,Refunded
5591,25162,Quality Issue,13188.41,Refunded
5592,24740,Quality Issue,7492.83,Refunded
5593,8436,Quality Issue,17853.85,Refunded
5594,37802,Wrong Product,22996.84,Refunded
5595,34969,Late Delivery,28172.39,Refunded
5596,7999,Late Delivery,13672.1,Refunded
5597,21578,Quality Issue,18156.2,Refunded
5598,49715,Quality Issue,826.31,Refunded
5599,49701,Late Delivery,11466.9,Refunded
5600,3364,Late Delivery,14524.08,Refunded
5601,25441,Late Delivery,17800.57,Refunded
5602,4099,Late Delivery,8382.57,Refunded
5603,10041,Damaged,8831.46,Refunded
5604,9874,Late Delivery,1507.98,Refunded
5605,32588,Customer Changed Mind,7608.18,Refunded
5606,44239,Late Delivery,19803.78,Refunded
5607,30134,Customer Changed Mind,10959.15,Refunded
5608,8748,Late Delivery,3737.16,Refunded
5609,43374,Quality Issue,3589.27,Refunded
5610,17267,Damaged,3310.92,Refunded
5611,8862,Customer Changed Mind,7470.3,Refunded
5612,10742,Late Delivery,13716.22,Refunded
5613,9695,Late Delivery,2224.59,Refunded
5614,14489,Customer Changed Mind,15317.47,Refunded
5615,38163,Customer Changed Mind,21806.59,Refunded
5616,27093,Wrong Product,14653.81,Refunded
5617,1915,Wrong Product,12277.22,Refunded
5618,47957,Damaged,8443.89,Refunded
5619,3693,Customer Changed Mind,4782.33,Refunded
5620,7792,Customer Changed Mind,11675.73,Refunded
5621,48621,Late Delivery,16303.24,Refunded
5622,5379,Customer Changed Mind,9953.63,Refunded
5623,41678,Customer Changed Mind,7886.56,Refunded
5624,2859,Damaged,18524.71,Refunded
5625,43767,Wrong Product,25739.92,Refunded
5626,42700,Quality Issue,15980.24,Refunded
5627,2690,Damaged,19294.02,Refunded
5628,11641,Damaged,13560.02,Refunded
5629,32370,Quality Issue,5999.73,Refunded
5630,36732,Customer Changed Mind,8748.6,Refunded
5631,34765,Quality Issue,16149.64,Refunded
5632,21777,Wrong Product,19305.94,Refunded
5633,6601,Customer Changed Mind,22076.49,Refunded
5634,32751,Quality Issue,15942.76,Refunded
5635,15538,Quality Issue,16728.91,Refunded
5636,16229,Damaged,13800.26,Refunded
5637,23974,Late Delivery,25404.57,Refunded
5638,18555,Quality Issue,15891.02,Refunded
5639,26362,Wrong Product,17113.74,Refunded
5640,8526,Late Delivery,20213.09,Refunded
5641,31299,Quality Issue,15019.64,Refunded
5642,43605,Quality Issue,23886.25,Refunded
5643,9403,Damaged,18676.3,Refunded
5644,9856,Late Delivery,22287.4,Refunded
5645,38423,Wrong Product,11931.52,Refunded
5646,4900,Wrong Product,13746.08,Refunded
5647,20604,Wrong Product,14362.07,Refunded
5648,35725,Damaged,25498.56,Refunded
5649,17937,Customer Changed Mind,7269.13,Refunded
5650,589,Quality Issue,20950.33,Refunded
5651,33118,Damaged,25322.66,Refunded
5652,40679,Late Delivery,4634.28,Refunded
5653,10836,Customer Changed Mind,26380.61,Refunded
5654,2576,Customer Changed Mind,8747.07,Refunded
5655,16483,Quality Issue,1967.04,Refunded
5656,29440,Customer Changed Mind,17970.17,Refunded
5657,27451,Damaged,11615.53,Refunded
5658,32152,Wrong Product,23913.39,Refunded
5659,32499,Late Delivery,22976.97,Refunded
5660,34530,Late Delivery,16305.34,Refunded
5661,489,Damaged,3566.67,Refunded
5662,37929,Late Delivery,4189.91,Refunded
5663,23022,Damaged,23884.43,Refunded
5664,14510,Damaged,12459.39,Refunded
5665,26836,Wrong Product,15684.96,Refunded
5666,49178,Quality Issue,18849.05,Refunded
5667,16777,Quality Issue,4527.04,Refunded
5668,19292,Late Delivery,11213.86,Refunded
5669,25265,Customer Changed Mind,25355.63,Refunded
5670,32121,Damaged,18503.32,Refunded
5671,33067,Damaged,12697.33,Refunded
5672,23554,Late Delivery,2516.98,Refunded
5673,6453,Damaged,18062.47,Refunded
5674,16769,Late Delivery,18365.01,Refunded
5675,25976,Wrong Product,26471.32,Refunded
5676,44607,Wrong Product,4531.44,Refunded
5677,23568,Late Delivery,16420.24,Refunded
5678,6707,Customer Changed Mind,22416.93,Refunded
5679,13429,Late Delivery,7667.27,Refunded
5680,22698,Wrong Product,4184.29,Refunded
5681,21739,Damaged,18447.36,Refunded
5682,9883,Late Delivery,25544.01,Refunded
5683,16339,Damaged,2004.7,Refunded
5684,5239,Customer Changed Mind,18303.58,Refunded
5685,24727,Damaged,6532.82,Refunded
5686,1447,Late Delivery,22510.94,Refunded
5687,43233,Damaged,16839.11,Refunded
5688,38669,Customer Changed Mind,15857.93,Refunded
5689,19108,Customer Changed Mind,24449.08,Refunded
5690,8110,Customer Changed Mind,21790.52,Refunded
5691,12518,Customer Changed Mind,12689.58,Refunded
5692,41540,Damaged,18104.52,Refunded
5693,37984,Late Delivery,25577.06,Refunded
5694,28843,Quality Issue,2653.11,Refunded
5695,29668,Damaged,2987.31,Refunded
5696,37681,Customer Changed Mind,28770.39,Refunded
5697,45016,Damaged,28919.91,Refunded
5698,33556,Damaged,15722.85,Refunded
5699,22188,Wrong Product,6456.51,Refunded
5700,48534,Damaged,6207.05,Refunded
5701,24761,Late Delivery,14017.19,Refunded
5702,3825,Damaged,19578.65,Refunded
5703,4168,Quality Issue,12279.87,Refunded
5704,36587,Late Delivery,22604.7,Refunded
5705,16208,Customer Changed Mind,13489.25,Refunded
5706,20180,Customer Changed Mind,19578.79,Refunded
5707,35463,Customer Changed Mind,7025.42,Refunded
5708,9485,Damaged,19863.64,Refunded
5709,18165,Quality Issue,3250.65,Refunded
5710,38322,Customer Changed Mind,842.26,Refunded
5711,22632,Customer Changed Mind,28119.15,Refunded
5712,8428,Customer Changed Mind,21584.78,Refunded
5713,4791,Wrong Product,7961.45,Refunded
5714,13873,Quality Issue,26627.61,Refunded
5715,48484,Late Delivery,14759.75,Refunded
5716,26732,Damaged,18087.75,Refunded
5717,5372,Late Delivery,19373.78,Refunded
5718,24756,Customer Changed Mind,10530.52,Refunded
5719,32394,Damaged,23226.42,Refunded
5720,18424,Quality Issue,15253.09,Refunded
5721,16349,Wrong Product,17157.38,Refunded
5722,35182,Damaged,25306.71,Refunded
5723,14696,Quality Issue,18326.46,Refunded
5724,7226,Damaged,3773.84,Refunded
5725,10898,Quality Issue,23478.14,Refunded
5726,40019,Quality Issue,2534.9,Refunded
5727,9437,Damaged,14200.86,Refunded
5728,11252,Damaged,11695.32,Refunded
5729,13476,Wrong Product,26362.33,Refunded
5730,48192,Wrong Product,23408.18,Refunded
5731,763,Quality Issue,21559.39,Refunded
5732,11045,Late Delivery,13659.56,Refunded
5733,40912,Quality Issue,7377.47,Refunded
5734,41785,Quality Issue,9109.43,Refunded
5735,8090,Quality Issue,11423.83,Refunded
5736,41789,Quality Issue,4085.98,Refunded
5737,3490,Quality Issue,8987.35,Refunded
5738,21547,Wrong Product,10414.35,Refunded
5739,28515,Damaged,9315.31,Refunded
5740,3357,Quality Issue,19673.54,Refunded
5741,23109,Damaged,661.01,Refunded
5742,43551,Customer Changed Mind,24283.02,Refunded
5743,45102,Quality Issue,15741.15,Refunded
5744,4107,Damaged,10380.32,Refunded
5745,37158,Quality Issue,5646.05,Refunded
5746,13961,Wrong Product,8976.06,Refunded
5747,16726,Quality Issue,1797.32,Refunded
5748,10361,Wrong Product,23302.59,Refunded
5749,29509,Wrong Product,27521.74,Refunded
5750,43156,Quality Issue,13996.9,Refunded
5751,39143,Damaged,14108.35,Refunded
5752,25637,Quality Issue,8864.64,Refunded
5753,31122,Damaged,4930.96,Refunded
5754,26051,Damaged,5252.92,Refunded
5755,35792,Customer Changed Mind,5716.95,Refunded
5756,26899,Damaged,18567.88,Refunded
5757,13576,Customer Changed Mind,18852.13,Refunded
5758,9354,Damaged,25979.27,Refunded
5759,30499,Late Delivery,23824.8,Refunded
5760,41258,Customer Changed Mind,12860.35,Refunded
5761,42068,Quality Issue,19161.83,Refunded
5762,25649,Damaged,6451.19,Refunded
5763,13499,Wrong Product,15719.55,Refunded
5764,26084,Late Delivery,20394.13,Refunded
5765,296,Damaged,14093.55,Refunded
5766,34040,Damaged,5231.13,Refunded
5767,40314,Damaged,6540.66,Refunded
5768,20081,Late Delivery,6516.44,Refunded
5769,20855,Customer Changed Mind,20854.08,Refunded
5770,15117,Late Delivery,27687.72,Refunded
5771,20129,Wrong Product,6451.65,Refunded
5772,42182,Quality Issue,6367.79,Refunded
5773,38854,Wrong Product,658.38,Refunded
5774,42194,Late Delivery,23386.04,Refunded
5775,26659,Late Delivery,16882.28,Refunded
5776,30162,Late Delivery,14682.81,Refunded
5777,18824,Late Delivery,27064.53,Refunded
5778,30202,Quality Issue,18656.82,Refunded
5779,4166,Late Delivery,14905.68,Refunded
5780,31950,Wrong Product,23623.57,Refunded
5781,36858,Wrong Product,6827.23,Refunded
5782,42818,Quality Issue,12258.46,Refunded
5783,15935,Customer Changed Mind,6221.54,Refunded
5784,27871,Late Delivery,692.03,Refunded
5785,22912,Quality Issue,6176.22,Refunded
5786,5909,Late Delivery,15129.63,Refunded
5787,13471,Damaged,20182.53,Refunded
5788,12963,Quality Issue,4439.53,Refunded
5789,34381,Wrong Product,3975.04,Refunded
5790,20064,Quality Issue,4123.65,Refunded
5791,16910,Damaged,20427.8,Refunded
5792,39702,Wrong Product,23412.87,Refunded
5793,28841,Wrong Product,12926.75,Refunded
5794,23739,Late Delivery,5965.79,Refunded
5795,48728,Damaged,15215.67,Refunded
5796,15787,Quality Issue,10002.34,Refunded
5797,49238,Late Delivery,16883.21,Refunded
5798,19998,Late Delivery,8268.25,Refunded
5799,22010,Wrong Product,14014.45,Refunded
5800,17708,Customer Changed Mind,25887.33,Refunded
5801,48111,Quality Issue,2667.42,Refunded
5802,11173,Wrong Product,8451.35,Refunded
5803,41223,Damaged,2765.25,Refunded
5804,2986,Late Delivery,28136.82,Refunded
5805,46273,Customer Changed Mind,11098.6,Refunded
5806,2489,Customer Changed Mind,15428.26,Refunded
5807,25858,Quality Issue,27458.69,Refunded
5808,43323,Customer Changed Mind,10649.11,Refunded
5809,12883,Quality Issue,5655.58,Refunded
5810,38937,Wrong Product,11125.33,Refunded
5811,18391,Quality Issue,3238.33,Refunded
5812,19699,Late Delivery,18789.94,Refunded
5813,2873,Late Delivery,18546.72,Refunded
5814,20619,Customer Changed Mind,9763.39,Refunded
5815,9443,Quality Issue,25012.27,Refunded
5816,45421,Wrong Product,18325.8,Refunded
5817,12853,Quality Issue,14374.38,Refunded
5818,43386,Wrong Product,11350.82,Refunded
5819,37958,Customer Changed Mind,23925.13,Refunded
5820,45261,Wrong Product,10415.32,Refunded
5821,3596,Quality Issue,23276.84,Refunded
5822,7096,Customer Changed Mind,12560.95,Refunded
5823,44653,Late Delivery,14108.33,Refunded
5824,39563,Late Delivery,12759.97,Refunded
5825,1005,Quality Issue,21976.7,Refunded
5826,36808,Late Delivery,23103.31,Refunded
5827,4131,Customer Changed Mind,26652.96,Refunded
5828,30393,Damaged,13117.78,Refunded
5829,49490,Wrong Product,3493.89,Refunded
5830,33211,Customer Changed Mind,16198.19,Refunded
5831,28236,Damaged,22038.62,Refunded
5832,42137,Damaged,4971.24,Refunded
5833,33388,Wrong Product,23736.74,Refunded
5834,7363,Quality Issue,23905.57,Refunded
5835,28566,Late Delivery,13741.55,Refunded
5836,8383,Customer Changed Mind,2581.39,Refunded
5837,10987,Wrong Product,18612.84,Refunded
5838,48092,Late Delivery,18100.46,Refunded
5839,8222,Late Delivery,7025.99,Refunded
5840,5218,Quality Issue,20613.27,Refunded
5841,23135,Customer Changed Mind,1080.96,Refunded
5842,23963,Late Delivery,22622.24,Refunded
5843,11968,Damaged,2525.41,Refunded
5844,20707,Wrong Product,1880.01,Refunded
5845,29419,Quality Issue,18485.11,Refunded
5846,15514,Wrong Product,17147.37,Refunded
5847,43868,Damaged,20328.42,Refunded
5848,673,Late Delivery,6699.9,Refunded
5849,39407,Quality Issue,14056.01,Refunded
5850,9233,Customer Changed Mind,19686.93,Refunded
5851,31915,Customer Changed Mind,8957.97,Refunded
5852,10200,Damaged,4993.22,Refunded
5853,13830,Quality Issue,7387.58,Refunded
5854,23662,Customer Changed Mind,16216.01,Refunded
5855,18337,Damaged,13393.21,Refunded
5856,40977,Damaged,10103.05,Refunded
5857,22111,Wrong Product,2308.07,Refunded
5858,2232,Late Delivery,28865.68,Refunded
5859,9221,Damaged,2029.82,Refunded
5860,32898,Wrong Product,21668.8,Refunded
5861,29074,Quality Issue,16848.23,Refunded
5862,626,Quality Issue,14317.23,Refunded
5863,19046,Damaged,20047.31,Refunded
5864,8257,Wrong Product,13123.73,Refunded
5865,7941,Customer Changed Mind,3660.38,Refunded
5866,43584,Quality Issue,798.1,Refunded
5867,36066,Customer Changed Mind,2998.56,Refunded
5868,21581,Damaged,4486.81,Refunded
5869,14397,Customer Changed Mind,3266.33,Refunded
5870,5945,Customer Changed Mind,1256.76,Refunded
5871,20207,Wrong Product,6317.01,Refunded
5872,46807,Customer Changed Mind,7761.38,Refunded
5873,42803,Late Delivery,15398.43,Refunded
5874,18754,Wrong Product,18151.42,Refunded
5875,25714,Wrong Product,738.34,Refunded
5876,43299,Late Delivery,10491.13,Refunded
5877,48934,Quality Issue,14263.64,Refunded
5878,22818,Quality Issue,4320.04,Refunded
5879,43038,Quality Issue,3767.57,Refunded
5880,29021,Late Delivery,22640.03,Refunded
5881,31957,Late Delivery,2763.51,Refunded
5882,33335,Wrong Product,25535.59,Refunded
5883,3401,Late Delivery,16157.12,Refunded
5884,5932,Late Delivery,6535.02,Refunded
5885,38328,Customer Changed Mind,17156.96,Refunded
5886,19952,Wrong Product,11824.34,Refunded
5887,48879,Damaged,3071.82,Refunded
5888,10104,Wrong Product,12253.86,Refunded
5889,42831,Customer Changed Mind,22418.06,Refunded
5890,6606,Damaged,12977.52,Refunded
5891,20278,Late Delivery,8120.42,Refunded
5892,25741,Damaged,2050.27,Refunded
5893,8692,Wrong Product,14716.16,Refunded
5894,22345,Customer Changed Mind,20204.87,Refunded
5895,2830,Customer Changed Mind,2072.57,Refunded
5896,42739,Late Delivery,12564.25,Refunded
5897,13041,Wrong Product,16360.28,Refunded
5898,27755,Late Delivery,16401.04,Refunded
5899,10943,Late Delivery,16531.94,Refunded
5900,32395,Late Delivery,8353.56,Refunded
5901,38525,Wrong Product,21487.38,Refunded
5902,10954,Quality Issue,21390.61,Refunded
5903,26131,Wrong Product,10390.65,Refunded
5904,15144,Late Delivery,14740.28,Refunded
5905,5469,Customer Changed Mind,18461.0,Refunded
5906,42583,Customer Changed Mind,17003.05,Refunded
5907,25696,Customer Changed Mind,16093.63,Refunded
5908,22893,Quality Issue,20607.33,Refunded
5909,7474,Late Delivery,14995.9,Refunded
5910,45245,Customer Changed Mind,3651.59,Refunded
5911,8003,Damaged,4658.34,Refunded
5912,17445,Customer Changed Mind,6381.8,Refunded
5913,16919,Damaged,8447.15,Refunded
5914,17121,Wrong Product,12768.74,Refunded
5915,6785,Damaged,11917.97,Refunded
5916,40067,Damaged,21438.02,Refunded
5917,14334,Damaged,4060.39,Refunded
5918,24302,Wrong Product,16838.47,Refunded
5919,3958,Late Delivery,4692.16,Refunded
5920,45492,Damaged,5931.93,Refunded
5921,34708,Late Delivery,4128.54,Refunded
5922,41606,Wrong Product,5184.11,Refunded
5923,19751,Late Delivery,20005.31,Refunded
5924,21652,Customer Changed Mind,4012.31,Refunded
5925,4409,Wrong Product,11186.73,Refunded
5926,14842,Damaged,9989.41,Refunded
5927,17127,Customer Changed Mind,900.23,Refunded
5928,24299,Late Delivery,725.54,Refunded
5929,44530,Quality Issue,2599.71,Refunded
5930,18895,Customer Changed Mind,5554.28,Refunded
5931,16649,Customer Changed Mind,21945.14,Refunded
5932,29088,Quality Issue,16201.88,Refunded
5933,24563,Quality Issue,26087.97,Refunded
5934,33044,Wrong Product,16024.95,Refunded
5935,3517,Late Delivery,14609.87,Refunded
5936,23853,Customer Changed Mind,7079.02,Refunded
5937,31523,Customer Changed Mind,4997.63,Refunded
5938,33737,Wrong Product,4435.9,Refunded
5939,18458,Quality Issue,13987.57,Refunded
5940,47053,Quality Issue,19150.55,Refunded
5941,39700,Customer Changed Mind,12398.41,Refunded
5942,34983,Customer Changed Mind,13269.11,Refunded
5943,46167,Wrong Product,1518.94,Refunded
5944,5652,Wrong Product,6248.89,Refunded
5945,37253,Quality Issue,17291.3,Refunded
5946,39008,Quality Issue,1196.38,Refunded
5947,2536,Damaged,24288.18,Refunded
5948,47070,Customer Changed Mind,17048.2,Refunded
5949,19596,Customer Changed Mind,15127.46,Refunded
5950,24279,Wrong Product,5133.77,Refunded
5951,36956,Late Delivery,9283.02,Refunded
5952,15,Quality Issue,10550.11,Refunded
5953,44919,Damaged,18900.64,Refunded
5954,25464,Quality Issue,8868.82,Refunded
5955,36688,Customer Changed Mind,15194.6,Refunded
5956,25751,Customer Changed Mind,17330.87,Refunded
5957,32092,Customer Changed Mind,27609.23,Refunded
5958,38925,Customer Changed Mind,15579.14,Refunded
5959,42607,Customer Changed Mind,19663.72,Refunded
5960,47936,Late Delivery,17723.79,Refunded
5961,16013,Late Delivery,12773.2,Refunded
5962,16663,Quality Issue,9602.73,Refunded
5963,4755,Late Delivery,15820.87,Refunded
5964,1317,Customer Changed Mind,20142.04,Refunded
5965,7183,Quality Issue,18188.57,Refunded
5966,2827,Damaged,6075.03,Refunded
5967,11897,Damaged,16968.05,Refunded
5968,34568,Late Delivery,12799.47,Refunded
5969,26933,Customer Changed Mind,1112.22,Refunded
5970,19700,Wrong Product,5236.6,Refunded
5971,48600,Quality Issue,22941.4,Refunded
5972,15780,Customer Changed Mind,7711.27,Refunded
5973,17806,Customer Changed Mind,20364.21,Refunded
5974,35772,Customer Changed Mind,10370.91,Refunded
5975,19877,Customer Changed Mind,25813.17,Refunded
5976,19973,Customer Changed Mind,21786.05,Refunded
5977,3833,Late Delivery,16398.84,Refunded
5978,39017,Damaged,1184.14,Refunded
5979,45361,Quality Issue,25154.76,Refunded
5980,39014,Late Delivery,9128.38,Refunded
5981,11873,Late Delivery,5840.08,Refunded
5982,2326,Damaged,26880.05,Refunded
5983,7666,Wrong Product,5370.47,Refunded
5984,6578,Late Delivery,17617.83,Refunded
5985,6850,Damaged,11974.93,Refunded
5986,23017,Wrong Product,25801.64,Refunded
5987,35920,Damaged,11099.12,Refunded
5988,17629,Wrong Product,20271.92,Refunded
5989,43022,Late Delivery,11234.24,Refunded
5990,21507,Damaged,5857.67,Refunded
5991,35252,Quality Issue,14119.78,Refunded
5992,12483,Wrong Product,21500.08,Refunded
5993,49647,Late Delivery,20197.94,Refunded
5994,30343,Damaged,2690.87,Refunded
5995,18388,Wrong Product,6140.31,Refunded
5996,21126,Damaged,16990.64,Refunded
5997,16986,Late Delivery,7351.19,Refunded
5998,38307,Late Delivery,24104.37,Refunded
5999,49029,Quality Issue,12992.45,Refunded
6000,49336,Wrong Product,23321.42,Refunded
6001,39829,Late Delivery,18216.94,Refunded
6002,10527,Late Delivery,9812.83,Refunded
6003,11300,Customer Changed Mind,23289.1,Refunded
6004,36767,Customer Changed Mind,12008.84,Refunded
6005,10827,Quality Issue,23648.91,Refunded
6006,23059,Late Delivery,7285.27,Refunded
6007,46870,Damaged,6739.05,Refunded
6008,14643,Wrong Product,12557.82,Refunded
6009,45973,Damaged,23881.62,Refunded
6010,48254,Late Delivery,17237.43,Refunded
6011,31586,Customer Changed Mind,18066.74,Refunded
6012,33967,Customer Changed Mind,11560.45,Refunded
6013,33701,Quality Issue,6353.45,Refunded
6014,25706,Late Delivery,25504.58,Refunded
6015,46961,Late Delivery,16002.54,Refunded
6016,2090,Late Delivery,10077.52,Refunded
6017,17228,Quality Issue,12096.5,Refunded
6018,30992,Late Delivery,22813.56,Refunded
6019,17055,Wrong Product,5572.69,Refunded
6020,21369,Wrong Product,13434.37,Refunded
6021,36844,Wrong Product,3960.53,Refunded
6022,2906,Wrong Product,8119.19,Refunded
6023,48643,Damaged,14129.6,Refunded
6024,39304,Customer Changed Mind,11055.88,Refunded
6025,36623,Customer Changed Mind,15702.41,Refunded
6026,26227,Quality Issue,10989.76,Refunded
6027,10,Late Delivery,1173.77,Refunded
6028,27565,Damaged,22133.39,Refunded
6029,5350,Wrong Product,10179.16,Refunded
6030,20506,Damaged,3450.95,Refunded
6031,43993,Late Delivery,21296.68,Refunded
6032,40625,Customer Changed Mind,14248.62,Refunded
6033,43728,Customer Changed Mind,17169.91,Refunded
6034,10387,Damaged,8236.61,Refunded
6035,41461,Late Delivery,18021.47,Refunded
6036,30266,Quality Issue,20043.75,Refunded
6037,23989,Quality Issue,2933.25,Refunded
6038,18367,Damaged,6591.98,Refunded
6039,7966,Quality Issue,15644.39,Refunded
6040,38684,Quality Issue,22151.69,Refunded
6041,5541,Damaged,22806.66,Refunded
6042,37691,Damaged,22901.35,Refunded
6043,31913,Customer Changed Mind,19640.1,Refunded
6044,389,Late Delivery,13144.39,Refunded
6045,37486,Wrong Product,8285.43,Refunded
6046,21817,Damaged,21945.89,Refunded
6047,10476,Damaged,16676.42,Refunded
6048,23033,Late Delivery,23966.74,Refunded
6049,49943,Late Delivery,14210.68,Refunded
6050,23562,Quality Issue,7964.04,Refunded
6051,7022,Late Delivery,16618.14,Refunded
6052,39135,Wrong Product,21265.31,Refunded
6053,42128,Late Delivery,16492.67,Refunded
6054,15313,Damaged,16602.08,Refunded
6055,45946,Customer Changed Mind,16246.29,Refunded
6056,48816,Damaged,7628.58,Refunded
6057,42588,Late Delivery,19712.81,Refunded
6058,49696,Customer Changed Mind,4759.73,Refunded
6059,21524,Quality Issue,6332.67,Refunded
6060,4,Quality Issue,19633.51,Refunded
6061,34296,Damaged,3611.0,Refunded
6062,26796,Wrong Product,15191.97,Refunded
6063,22422,Late Delivery,13057.71,Refunded
6064,20731,Wrong Product,23601.42,Refunded
6065,15543,Wrong Product,5966.82,Refunded
6066,47456,Late Delivery,10998.26,Refunded
6067,2142,Quality Issue,23205.92,Refunded
6068,12653,Damaged,11022.61,Refunded
6069,7962,Damaged,4775.16,Refunded
6070,37143,Damaged,658.86,Refunded
6071,8911,Damaged,23178.32,Refunded
6072,4271,Customer Changed Mind,23385.59,Refunded
6073,3028,Customer Changed Mind,28200.41,Refunded
6074,29230,Customer Changed Mind,24368.62,Refunded
6075,5970,Damaged,7926.71,Refunded
6076,4317,Late Delivery,19027.27,Refunded
6077,19800,Quality Issue,16716.1,Refunded
6078,9465,Damaged,9574.36,Refunded
6079,5949,Customer Changed Mind,14160.97,Refunded
6080,12783,Quality Issue,16193.35,Refunded
6081,6870,Customer Changed Mind,4832.67,Refunded
6082,46827,Quality Issue,19508.21,Refunded
6083,9648,Customer Changed Mind,11250.65,Refunded
6084,24442,Customer Changed Mind,13220.41,Refunded
6085,26886,Quality Issue,11911.99,Refunded
6086,4190,Customer Changed Mind,11850.5,Refunded
6087,27976,Damaged,16795.87,Refunded
6088,19641,Quality Issue,27080.85,Refunded
6089,27674,Wrong Product,17075.6,Refunded
6090,8600,Quality Issue,24011.2,Refunded
6091,29022,Damaged,23342.19,Refunded
6092,40702,Wrong Product,17676.28,Refunded
6093,30291,Customer Changed Mind,23283.14,Refunded
6094,44940,Wrong Product,17913.22,Refunded
6095,33094,Customer Changed Mind,16406.26,Refunded
6096,30541,Customer Changed Mind,10417.7,Refunded
6097,25995,Quality Issue,4933.65,Refunded
6098,28442,Wrong Product,16384.83,Refunded
6099,42103,Quality Issue,13117.36,Refunded
6100,27466,Late Delivery,21480.74,Refunded
6101,7846,Customer Changed Mind,18534.4,Refunded
6102,4147,Damaged,19821.64,Refunded
6103,22171,Quality Issue,23939.91,Refunded
6104,33711,Customer Changed Mind,18145.18,Refunded
6105,45056,Quality Issue,16267.35,Refunded
6106,33208,Wrong Product,6142.56,Refunded
6107,40477,Quality Issue,23285.9,Refunded
6108,37128,Late Delivery,20728.26,Refunded
6109,13745,Late Delivery,5812.1,Refunded
6110,15980,Customer Changed Mind,11776.41,Refunded
6111,31330,Quality Issue,13462.74,Refunded
6112,21685,Wrong Product,3217.33,Refunded
6113,10507,Customer Changed Mind,2464.2,Refunded
6114,38555,Wrong Product,4905.47,Refunded
6115,36580,Quality Issue,23276.82,Refunded
6116,14288,Wrong Product,15085.15,Refunded
6117,5640,Quality Issue,12401.94,Refunded
6118,4276,Wrong Product,8998.95,Refunded
6119,45094,Quality Issue,23154.23,Refunded
6120,29369,Quality Issue,12177.92,Refunded
6121,24978,Late Delivery,19962.17,Refunded
6122,36434,Late Delivery,6658.64,Refunded
6123,33886,Wrong Product,1421.01,Refunded
6124,40001,Damaged,10322.17,Refunded
6125,36812,Damaged,16724.61,Refunded
6126,22986,Damaged,23805.24,Refunded
6127,7026,Late Delivery,10767.93,Refunded
6128,31147,Customer Changed Mind,17500.02,Refunded
6129,37934,Damaged,14437.66,Refunded
6130,6789,Damaged,9431.95,Refunded
6131,44254,Damaged,2577.63,Refunded
6132,6682,Customer Changed Mind,8099.42,Refunded
6133,10187,Damaged,2252.61,Refunded
6134,49110,Late Delivery,4264.14,Refunded
6135,40759,Customer Changed Mind,17213.85,Refunded
6136,4349,Late Delivery,22172.2,Refunded
6137,26210,Damaged,19897.67,Refunded
6138,6285,Customer Changed Mind,23616.51,Refunded
6139,13227,Wrong Product,13056.56,Refunded
6140,47570,Damaged,21830.07,Refunded
6141,45119,Customer Changed Mind,14508.91,Refunded
6142,40008,Late Delivery,22731.6,Refunded
6143,36985,Late Delivery,22242.5,Refunded
6144,20978,Wrong Product,20613.26,Refunded
6145,25296,Quality Issue,11221.33,Refunded
6146,36869,Customer Changed Mind,18779.59,Refunded
6147,42953,Late Delivery,24638.71,Refunded
6148,33570,Late Delivery,24069.06,Refunded
6149,3422,Quality Issue,25217.72,Refunded
6150,7553,Wrong Product,18920.66,Refunded
6151,28603,Wrong Product,5280.04,Refunded
6152,46725,Wrong Product,17767.42,Refunded
6153,9420,Late Delivery,7812.71,Refunded
6154,41846,Late Delivery,14364.88,Refunded
6155,47767,Wrong Product,15414.45,Refunded
6156,19202,Quality Issue,9127.94,Refunded
6157,48218,Customer Changed Mind,8532.98,Refunded
6158,11939,Customer Changed Mind,23586.23,Refunded
6159,9288,Customer Changed Mind,17816.43,Refunded
6160,26591,Wrong Product,11078.48,Refunded
6161,20271,Customer Changed Mind,7636.2,Refunded
6162,40863,Customer Changed Mind,17181.96,Refunded
6163,30848,Damaged,8343.8,Refunded
6164,43972,Late Delivery,27290.96,Refunded
6165,18810,Damaged,13246.52,Refunded
6166,9076,Wrong Product,1145.53,Refunded
6167,30435,Customer Changed Mind,15219.3,Refunded
6168,45288,Late Delivery,11049.16,Refunded
6169,40818,Late Delivery,22766.07,Refunded
6170,41443,Wrong Product,12901.21,Refunded
6171,17683,Wrong Product,11407.85,Refunded
6172,36470,Late Delivery,7144.23,Refunded
6173,45463,Quality Issue,27371.07,Refunded
6174,41884,Quality Issue,9363.89,Refunded
6175,2016,Damaged,19895.97,Refunded
6176,17665,Late Delivery,11623.0,Refunded
6177,8657,Wrong Product,23194.07,Refunded
6178,16798,Customer Changed Mind,6918.37,Refunded
6179,1538,Damaged,13270.98,Refunded
6180,3805,Customer Changed Mind,21652.76,Refunded
6181,32444,Wrong Product,16907.25,Refunded
6182,47678,Wrong Product,17627.96,Refunded
6183,23370,Late Delivery,4791.95,Refunded
6184,20875,Wrong Product,12767.39,Refunded
6185,6579,Quality Issue,23690.69,Refunded
6186,8550,Damaged,2307.29,Refunded
6187,27478,Wrong Product,20449.95,Refunded
6188,7524,Damaged,7584.47,Refunded
6189,34640,Damaged,23068.95,Refunded
6190,4988,Damaged,22327.79,Refunded
6191,25071,Quality Issue,20316.06,Refunded
6192,40775,Late Delivery,7269.5,Refunded
6193,46132,Wrong Product,22929.69,Refunded
6194,38350,Quality Issue,25488.37,Refunded
6195,2143,Quality Issue,14082.28,Refunded
6196,6640,Customer Changed Mind,2479.47,Refunded
6197,34302,Late Delivery,3207.64,Refunded
6198,17459,Quality Issue,24916.12,Refunded
6199,45981,Damaged,21666.31,Refunded
6200,5075,Late Delivery,1570.71,Refunded
6201,6371,Quality Issue,9593.96,Refunded
6202,48298,Late Delivery,1563.7,Refunded
6203,116,Customer Changed Mind,7485.25,Refunded
6204,2604,Wrong Product,7458.62,Refunded
6205,5257,Late Delivery,11236.73,Refunded
6206,10205,Late Delivery,13532.67,Refunded
6207,10808,Quality Issue,1613.5,Refunded
6208,14281,Wrong Product,722.35,Refunded
6209,12587,Wrong Product,18915.88,Refunded
6210,39175,Customer Changed Mind,23851.66,Refunded
6211,30751,Damaged,21909.18,Refunded
6212,11249,Quality Issue,22993.79,Refunded
6213,18101,Wrong Product,2873.06,Refunded
6214,7194,Customer Changed Mind,19107.01,Refunded
6215,22396,Damaged,21235.95,Refunded
6216,14783,Wrong Product,14470.28,Refunded
6217,15957,Wrong Product,5498.95,Refunded
6218,41097,Customer Changed Mind,17888.18,Refunded
6219,16920,Quality Issue,15142.55,Refunded
6220,45273,Wrong Product,23032.96,Refunded
6221,15701,Customer Changed Mind,718.57,Refunded
6222,19179,Quality Issue,4672.22,Refunded
6223,13321,Quality Issue,5310.37,Refunded
6224,13384,Wrong Product,19213.03,Refunded
6225,22410,Damaged,14864.09,Refunded
6226,49017,Customer Changed Mind,11682.49,Refunded
6227,29678,Wrong Product,2883.92,Refunded
6228,6209,Customer Changed Mind,24889.1,Refunded
6229,23715,Customer Changed Mind,23510.33,Refunded
6230,49856,Customer Changed Mind,10455.67,Refunded
6231,21496,Wrong Product,17111.95,Refunded
6232,14945,Damaged,6836.94,Refunded
6233,32265,Late Delivery,1761.07,Refunded
6234,30182,Wrong Product,4615.3,Refunded
6235,26914,Late Delivery,24100.27,Refunded
6236,3681,Wrong Product,11302.83,Refunded
6237,7034,Damaged,7892.84,Refunded
6238,49091,Quality Issue,23385.98,Refunded
6239,16931,Wrong Product,24505.46,Refunded
6240,46291,Damaged,5520.04,Refunded
6241,30276,Late Delivery,7961.09,Refunded
6242,42152,Customer Changed Mind,13597.92,Refunded
6243,13663,Wrong Product,13846.33,Refunded
6244,378,Wrong Product,21989.23,Refunded
6245,17785,Quality Issue,25430.86,Refunded
6246,40809,Quality Issue,11319.82,Refunded
6247,11506,Wrong Product,15060.17,Refunded
6248,3955,Quality Issue,4674.46,Refunded
6249,49861,Wrong Product,1088.03,Refunded
6250,18247,Damaged,18542.65,Refunded
6251,20987,Late Delivery,17897.02,Refunded
6252,8893,Quality Issue,8649.57,Refunded
6253,44068,Late Delivery,10878.36,Refunded
6254,34119,Quality Issue,5681.55,Refunded
6255,29605,Damaged,17443.48,Refunded
6256,46384,Customer Changed Mind,27138.31,Refunded
6257,14456,Customer Changed Mind,8590.9,Refunded
6258,22157,Quality Issue,5581.3,Refunded
6259,21401,Quality Issue,4079.67,Refunded
6260,2817,Damaged,7762.62,Refunded
6261,24580,Damaged,17024.26,Refunded
6262,21840,Late Delivery,21143.2,Refunded
6263,30644,Wrong Product,26540.97,Refunded
6264,30719,Quality Issue,7641.46,Refunded
6265,30698,Customer Changed Mind,13100.23,Refunded
6266,39426,Late Delivery,6423.71,Refunded
6267,47718,Customer Changed Mind,4710.48,Refunded
6268,37639,Wrong Product,1096.4,Refunded
6269,851,Customer Changed Mind,4703.69,Refunded
6270,34450,Late Delivery,16358.99,Refunded
6271,46864,Wrong Product,21996.17,Refunded
6272,46338,Late Delivery,24046.19,Refunded
6273,34367,Late Delivery,2515.7,Refunded
6274,38667,Customer Changed Mind,11527.21,Refunded
6275,22817,Late Delivery,8403.98,Refunded
6276,47939,Wrong Product,16690.8,Refunded
6277,30746,Wrong Product,22338.41,Refunded
6278,9493,Customer Changed Mind,4867.38,Refunded
6279,47874,Wrong Product,21181.82,Refunded
6280,4261,Late Delivery,20631.47,Refunded
6281,24073,Damaged,20800.06,Refunded
6282,18761,Late Delivery,22126.0,Refunded
6283,3728,Late Delivery,25016.51,Refunded
6284,29849,Customer Changed Mind,12459.42,Refunded
6285,4759,Wrong Product,3379.21,Refunded
6286,37641,Customer Changed Mind,1577.03,Refunded
6287,44122,Quality Issue,9689.38,Refunded
6288,30274,Late Delivery,10566.98,Refunded
6289,40870,Damaged,23531.03,Refunded
6290,10930,Customer Changed Mind,15746.91,Refunded
6291,40652,Late Delivery,16097.28,Refunded
6292,38718,Damaged,11856.4,Refunded
6293,13824,Damaged,25216.3,Refunded
6294,42669,Quality Issue,7393.22,Refunded
6295,25655,Quality Issue,15164.86,Refunded
6296,42275,Quality Issue,21154.9,Refunded
6297,9944,Quality Issue,4496.97,Refunded
6298,9389,Wrong Product,19973.83,Refunded
6299,6541,Customer Changed Mind,11028.73,Refunded
6300,36785,Late Delivery,2444.12,Refunded
6301,10752,Wrong Product,20414.93,Refunded
6302,38869,Wrong Product,1726.46,Refunded
6303,30582,Customer Changed Mind,5128.17,Refunded
6304,42567,Damaged,23973.83,Refunded
6305,9893,Customer Changed Mind,7478.52,Refunded
6306,41422,Wrong Product,8669.25,Refunded
6307,34122,Quality Issue,13863.85,Refunded
6308,47175,Quality Issue,18213.4,Refunded
6309,3211,Wrong Product,8032.75,Refunded
6310,11656,Quality Issue,5294.82,Refunded
6311,49499,Late Delivery,5488.16,Refunded
6312,34791,Quality Issue,8088.2,Refunded
6313,19280,Damaged,27225.18,Refunded
6314,21378,Late Delivery,8324.06,Refunded
6315,30723,Customer Changed Mind,5993.1,Refunded
6316,45042,Customer Changed Mind,15208.21,Refunded
6317,46851,Quality Issue,25728.45,Refunded
6318,47624,Damaged,7835.22,Refunded
6319,420,Customer Changed Mind,6344.18,Refunded
6320,32244,Damaged,25311.19,Refunded
6321,27917,Customer Changed Mind,15793.49,Refunded
6322,42634,Wrong Product,13578.62,Refunded
6323,30222,Quality Issue,6594.01,Refunded
6324,7869,Customer Changed Mind,18863.22,Refunded
6325,32385,Customer Changed Mind,10522.87,Refunded
6326,16966,Late Delivery,22911.95,Refunded
6327,28499,Customer Changed Mind,2516.15,Refunded
6328,9745,Customer Changed Mind,17923.43,Refunded
6329,819,Damaged,26670.86,Refunded
6330,14868,Quality Issue,25073.83,Refunded
6331,19521,Wrong Product,13739.24,Refunded
6332,40713,Customer Changed Mind,18488.79,Refunded
6333,6740,Damaged,20509.28,Refunded
6334,38254,Quality Issue,27963.08,Refunded
6335,11762,Customer Changed Mind,25344.41,Refunded
6336,25564,Wrong Product,1009.96,Refunded
6337,36322,Quality Issue,27241.69,Refunded
6338,22604,Customer Changed Mind,3542.65,Refunded
6339,9448,Customer Changed Mind,19382.46,Refunded
6340,23271,Customer Changed Mind,26732.1,Refunded
6341,27405,Customer Changed Mind,2966.21,Refunded
6342,35102,Damaged,5209.55,Refunded
6343,17052,Damaged,18588.85,Refunded
6344,34167,Late Delivery,4155.5,Refunded
6345,44906,Late Delivery,7813.52,Refunded
6346,30170,Customer Changed Mind,1611.1,Refunded
6347,34620,Damaged,18253.46,Refunded
6348,20332,Late Delivery,18759.79,Refunded
6349,46002,Wrong Product,18415.55,Refunded
6350,15836,Customer Changed Mind,26884.1,Refunded
6351,29673,Late Delivery,1507.81,Refunded
6352,15337,Late Delivery,6498.74,Refunded
6353,20066,Late Delivery,16194.45,Refunded
6354,39160,Customer Changed Mind,17091.4,Refunded
6355,8771,Quality Issue,18661.17,Refunded
6356,39868,Customer Changed Mind,22013.16,Refunded
6357,9684,Damaged,11288.39,Refunded
6358,4312,Quality Issue,13287.2,Refunded
6359,37178,Quality Issue,23731.16,Refunded
6360,3414,Customer Changed Mind,12184.8,Refunded
6361,26251,Customer Changed Mind,5759.8,Refunded
6362,34594,Late Delivery,3723.31,Refunded
6363,22650,Late Delivery,25220.93,Refunded
6364,41457,Late Delivery,20952.47,Refunded
6365,23807,Late Delivery,14213.84,Refunded
6366,16136,Damaged,6358.03,Refunded
6367,8873,Customer Changed Mind,2797.87,Refunded
6368,37286,Damaged,21029.77,Refunded
6369,22140,Quality Issue,14861.43,Refunded
6370,37175,Damaged,1679.82,Refunded
6371,28455,Wrong Product,5702.01,Refunded
6372,2030,Damaged,6972.67,Refunded
6373,23214,Late Delivery,7104.75,Refunded
6374,18782,Damaged,13321.74,Refunded
6375,16719,Quality Issue,18525.95,Refunded
6376,40417,Quality Issue,22483.55,Refunded
6377,25360,Late Delivery,14113.9,Refunded
6378,22333,Customer Changed Mind,1766.21,Refunded
6379,32875,Late Delivery,18978.19,Refunded
6380,27148,Quality Issue,2382.44,Refunded
6381,14774,Wrong Product,1648.58,Refunded
6382,25125,Wrong Product,25126.71,Refunded
6383,4921,Quality Issue,16133.5,Refunded
6384,24103,Damaged,4225.07,Refunded
6385,4340,Damaged,8091.52,Refunded
6386,20377,Quality Issue,19709.49,Refunded
6387,27588,Customer Changed Mind,11856.69,Refunded
6388,9137,Customer Changed Mind,2088.24,Refunded
6389,43324,Quality Issue,6170.1,Refunded
6390,27677,Late Delivery,4527.3,Refunded
6391,23234,Customer Changed Mind,11882.19,Refunded
6392,12927,Customer Changed Mind,23647.74,Refunded
6393,44960,Wrong Product,8464.65,Refunded
6394,23548,Damaged,4535.07,Refunded
6395,36511,Late Delivery,20606.23,Refunded
6396,46004,Customer Changed Mind,12723.96,Refunded
6397,16063,Quality Issue,19079.76,Refunded
6398,850,Wrong Product,8585.08,Refunded
6399,21272,Quality Issue,1004.01,Refunded
6400,5226,Quality Issue,22887.44,Refunded
6401,40515,Late Delivery,26920.64,Refunded
6402,35786,Quality Issue,19692.84,Refunded
6403,6799,Late Delivery,21138.62,Refunded
6404,16407,Damaged,18753.9,Refunded
6405,2920,Wrong Product,11939.15,Refunded
6406,31434,Wrong Product,4181.98,Refunded
6407,7948,Wrong Product,20733.08,Refunded
6408,34256,Damaged,19645.7,Refunded
6409,37483,Customer Changed Mind,7229.49,Refunded
6410,49090,Customer Changed Mind,4169.49,Refunded
6411,33540,Wrong Product,14907.84,Refunded
6412,42664,Customer Changed Mind,3944.01,Refunded
6413,44600,Damaged,10270.94,Refunded
6414,3976,Damaged,22154.11,Refunded
6415,24363,Customer Changed Mind,10665.11,Refunded
6416,9534,Customer Changed Mind,25887.59,Refunded
6417,9641,Customer Changed Mind,14177.91,Refunded
6418,40559,Customer Changed Mind,4935.57,Refunded
6419,36299,Wrong Product,24069.17,Refunded
6420,31351,Late Delivery,17505.79,Refunded
6421,21803,Customer Changed Mind,4374.29,Refunded
6422,48372,Damaged,22662.65,Refunded
6423,35460,Damaged,21328.5,Refunded
6424,41306,Customer Changed Mind,16093.19,Refunded
6425,27281,Late Delivery,8488.68,Refunded
6426,2041,Damaged,991.6,Refunded
6427,41675,Quality Issue,9418.39,Refunded
6428,20253,Wrong Product,21743.29,Refunded
6429,28272,Customer Changed Mind,11469.51,Refunded
6430,31532,Damaged,6548.79,Refunded
6431,384,Damaged,17612.04,Refunded
6432,38649,Wrong Product,23622.08,Refunded
6433,27983,Late Delivery,10725.87,Refunded
6434,45644,Customer Changed Mind,20243.09,Refunded
6435,25429,Customer Changed Mind,3167.11,Refunded
6436,22343,Customer Changed Mind,14582.0,Refunded
6437,2089,Wrong Product,12173.47,Refunded
6438,15142,Wrong Product,1361.94,Refunded
6439,27087,Quality Issue,18722.55,Refunded
6440,36532,Late Delivery,9913.47,Refunded
6441,24524,Quality Issue,14110.86,Refunded
6442,4796,Customer Changed Mind,14009.44,Refunded
6443,42337,Late Delivery,20292.35,Refunded
6444,39280,Damaged,25535.68,Refunded
6445,37427,Damaged,16761.05,Refunded
6446,7446,Late Delivery,21750.31,Refunded
6447,9828,Wrong Product,1198.8,Refunded
6448,36135,Damaged,13712.85,Refunded
6449,40971,Damaged,14916.77,Refunded
6450,40922,Quality Issue,16001.97,Refunded
6451,30230,Damaged,17897.19,Refunded
6452,26775,Wrong Product,14293.45,Refunded
6453,22879,Customer Changed Mind,4387.71,Refunded
6454,8579,Late Delivery,15050.05,Refunded
6455,17902,Wrong Product,2680.82,Refunded
6456,25901,Customer Changed Mind,8433.61,Refunded
6457,1955,Quality Issue,16574.99,Refunded
6458,28945,Customer Changed Mind,21367.95,Refunded
6459,47670,Wrong Product,24437.41,Refunded
6460,29525,Quality Issue,13241.85,Refunded
6461,19289,Quality Issue,18709.92,Refunded
6462,20158,Late Delivery,16432.86,Refunded
6463,12746,Late Delivery,20769.18,Refunded
6464,9637,Customer Changed Mind,7875.11,Refunded
6465,42338,Customer Changed Mind,28416.73,Refunded
6466,29282,Damaged,6383.66,Refunded
6467,39270,Customer Changed Mind,24619.42,Refunded
6468,17291,Wrong Product,26899.94,Refunded
6469,8887,Customer Changed Mind,3492.78,Refunded
6470,45580,Late Delivery,12598.34,Refunded
6471,29236,Damaged,17627.05,Refunded
6472,45974,Customer Changed Mind,26981.91,Refunded
6473,45956,Quality Issue,16656.18,Refunded
6474,45584,Wrong Product,9588.82,Refunded
6475,8491,Customer Changed Mind,7157.21,Refunded
6476,35942,Wrong Product,7372.3,Refunded
6477,17802,Wrong Product,21873.82,Refunded
6478,49297,Wrong Product,4002.87,Refunded
6479,4230,Wrong Product,4165.2,Refunded
6480,32537,Customer Changed Mind,12682.25,Refunded
6481,27958,Customer Changed Mind,14445.97,Refunded
6482,20783,Quality Issue,23542.83,Refunded
6483,34665,Late Delivery,12196.49,Refunded
6484,18291,Customer Changed Mind,24099.74,Refunded
6485,30928,Quality Issue,13206.11,Refunded
6486,22200,Quality Issue,7160.72,Refunded
6487,43789,Quality Issue,2635.68,Refunded
6488,6173,Wrong Product,3368.87,Refunded
6489,3931,Late Delivery,16154.33,Refunded
6490,35818,Wrong Product,14513.27,Refunded
6491,1675,Wrong Product,16848.45,Refunded
6492,24959,Customer Changed Mind,3503.61,Refunded
6493,40572,Quality Issue,4717.05,Refunded
6494,13229,Damaged,22324.66,Refunded
6495,25254,Late Delivery,11077.05,Refunded
6496,32217,Wrong Product,13857.48,Refunded
6497,20306,Customer Changed Mind,20638.28,Refunded
6498,36115,Wrong Product,9971.4,Refunded
6499,47712,Customer Changed Mind,12011.48,Refunded
6500,47159,Customer Changed Mind,22682.31,Refunded
6501,2147,Quality Issue,16688.29,Refunded
6502,37509,Late Delivery,15130.12,Refunded
6503,43887,Customer Changed Mind,20831.65,Refunded
6504,36740,Late Delivery,9697.1,Refunded
6505,12535,Late Delivery,25934.1,Refunded
6506,16323,Late Delivery,11864.72,Refunded
6507,12261,Damaged,25769.59,Refunded
6508,38165,Quality Issue,23115.47,Refunded
6509,28491,Wrong Product,19569.02,Refunded
6510,34137,Quality Issue,15532.37,Refunded
6511,3029,Quality Issue,2207.6,Refunded
6512,20346,Damaged,19583.82,Refunded
6513,13804,Wrong Product,7823.51,Refunded
6514,22353,Wrong Product,23011.7,Refunded
6515,39275,Wrong Product,20506.28,Refunded
6516,15412,Damaged,26166.29,Refunded
6517,29750,Customer Changed Mind,17438.61,Refunded
6518,33037,Customer Changed Mind,3577.04,Refunded
6519,17361,Wrong Product,22745.06,Refunded
6520,49852,Wrong Product,1511.52,Refunded
6521,44242,Quality Issue,19286.01,Refunded
6522,11731,Late Delivery,24094.69,Refunded
6523,6652,Quality Issue,10078.38,Refunded
6524,15186,Customer Changed Mind,7000.28,Refunded
6525,9872,Late Delivery,9421.61,Refunded
6526,33935,Quality Issue,14728.59,Refunded
6527,39538,Customer Changed Mind,18342.72,Refunded
6528,16507,Wrong Product,25073.74,Refunded
6529,33795,Wrong Product,2073.71,Refunded
6530,44752,Customer Changed Mind,17865.01,Refunded
6531,35413,Wrong Product,9590.57,Refunded
6532,10718,Wrong Product,1994.46,Refunded
6533,21398,Late Delivery,26855.03,Refunded
6534,20057,Late Delivery,20061.84,Refunded
6535,12021,Customer Changed Mind,1613.83,Refunded
6536,23702,Quality Issue,20767.32,Refunded
6537,34588,Damaged,22534.98,Refunded
6538,27367,Customer Changed Mind,21841.87,Refunded
6539,2975,Late Delivery,14237.74,Refunded
6540,45910,Late Delivery,22095.49,Refunded
6541,19758,Damaged,15751.8,Refunded
6542,3519,Customer Changed Mind,9749.97,Refunded
6543,23440,Quality Issue,22187.65,Refunded
6544,2516,Wrong Product,16853.69,Refunded
6545,26603,Wrong Product,23367.07,Refunded
6546,48221,Late Delivery,3940.22,Refunded
6547,12192,Customer Changed Mind,10263.71,Refunded
6548,5875,Damaged,9641.92,Refunded
6549,5212,Damaged,15611.09,Refunded
6550,36315,Late Delivery,12489.71,Refunded
6551,42841,Late Delivery,18105.63,Refunded
6552,48664,Damaged,17089.59,Refunded
6553,44120,Quality Issue,19958.46,Refunded
6554,7417,Wrong Product,15619.08,Refunded
6555,8237,Quality Issue,10911.94,Refunded
6556,28552,Quality Issue,2840.62,Refunded
6557,47339,Late Delivery,15409.86,Refunded
6558,46992,Late Delivery,23684.02,Refunded
6559,17444,Customer Changed Mind,14290.9,Refunded
6560,16231,Late Delivery,9889.44,Refunded
6561,37635,Wrong Product,20201.05,Refunded
6562,11531,Wrong Product,13411.48,Refunded
6563,30014,Customer Changed Mind,19817.36,Refunded
6564,15805,Late Delivery,2025.29,Refunded
6565,35166,Wrong Product,24527.0,Refunded
6566,47262,Damaged,16047.63,Refunded
6567,31070,Wrong Product,11833.06,Refunded
6568,2933,Customer Changed Mind,6533.33,Refunded
6569,34720,Wrong Product,22562.42,Refunded
6570,26179,Customer Changed Mind,4412.21,Refunded
6571,7408,Customer Changed Mind,2974.37,Refunded
6572,23998,Wrong Product,22857.46,Refunded
6573,27031,Late Delivery,23435.89,Refunded
6574,14544,Customer Changed Mind,9688.28,Refunded
6575,9838,Customer Changed Mind,10801.95,Refunded
6576,4723,Customer Changed Mind,12002.57,Refunded
6577,24281,Quality Issue,7949.85,Refunded
6578,46108,Customer Changed Mind,20389.44,Refunded
6579,15181,Late Delivery,10254.58,Refunded
6580,12895,Wrong Product,12450.13,Refunded
6581,22998,Customer Changed Mind,7871.89,Refunded
6582,6691,Wrong Product,25469.95,Refunded
6583,20339,Damaged,7686.2,Refunded
6584,14921,Wrong Product,23375.44,Refunded
6585,6165,Customer Changed Mind,22980.45,Refunded
6586,16398,Late Delivery,15542.75,Refunded
6587,2872,Damaged,4845.47,Refunded
6588,5775,Quality Issue,21838.96,Refunded
6589,35167,Late Delivery,4564.61,Refunded
6590,10349,Late Delivery,16723.27,Refunded
6591,30673,Quality Issue,7016.24,Refunded
6592,44162,Customer Changed Mind,22561.68,Refunded
6593,37760,Wrong Product,13793.82,Refunded
6594,45462,Quality Issue,12253.14,Refunded
6595,20454,Damaged,24861.73,Refunded
6596,25433,Late Delivery,19793.29,Refunded
6597,27617,Wrong Product,26802.65,Refunded
6598,44176,Customer Changed Mind,14949.25,Refunded
6599,2184,Damaged,3517.33,Refunded
6600,12267,Damaged,6329.13,Refunded
6601,48683,Late Delivery,23071.01,Refunded
6602,24833,Customer Changed Mind,2500.12,Refunded
6603,49064,Late Delivery,18473.29,Refunded
6604,38999,Late Delivery,2716.73,Refunded
6605,33231,Damaged,10176.46,Refunded
6606,48344,Damaged,5352.81,Refunded
6607,4469,Customer Changed Mind,23113.04,Refunded
6608,31115,Late Delivery,24364.95,Refunded
6609,37295,Customer Changed Mind,24126.11,Refunded
6610,25580,Customer Changed Mind,13748.82,Refunded
6611,48064,Customer Changed Mind,1280.3,Refunded
6612,19000,Late Delivery,19326.74,Refunded
6613,37015,Late Delivery,9794.4,Refunded
6614,31777,Quality Issue,12282.95,Refunded
6615,33397,Late Delivery,14986.02,Refunded
6616,3741,Late Delivery,21102.62,Refunded
6617,27474,Late Delivery,8359.68,Refunded
6618,40592,Wrong Product,17197.19,Refunded
6619,17351,Quality Issue,22769.57,Refunded
6620,35401,Quality Issue,11933.8,Refunded
6621,17823,Late Delivery,10589.9,Refunded
6622,21331,Damaged,15007.75,Refunded
6623,13220,Damaged,3191.2,Refunded
6624,4359,Customer Changed Mind,22496.25,Refunded
6625,34390,Damaged,1884.3,Refunded
6626,28248,Quality Issue,13625.39,Refunded
6627,20799,Wrong Product,15312.24,Refunded
6628,26719,Wrong Product,17985.41,Refunded
6629,24411,Damaged,12600.39,Refunded
6630,4345,Quality Issue,14588.0,Refunded
6631,22180,Customer Changed Mind,20342.53,Refunded
6632,9842,Customer Changed Mind,22646.22,Refunded
6633,29162,Wrong Product,5399.64,Refunded
6634,742,Quality Issue,24310.0,Refunded
6635,19333,Customer Changed Mind,7895.23,Refunded
6636,3424,Late Delivery,17149.67,Refunded
6637,23556,Late Delivery,6155.92,Refunded
6638,40562,Quality Issue,20454.24,Refunded
6639,23967,Late Delivery,9669.11,Refunded
6640,8704,Quality Issue,10303.06,Refunded
6641,431,Customer Changed Mind,22855.71,Refunded
6642,35443,Late Delivery,1260.1,Refunded
6643,38812,Late Delivery,13659.45,Refunded
6644,33121,Customer Changed Mind,25272.06,Refunded
6645,26655,Wrong Product,24928.36,Refunded
6646,17093,Customer Changed Mind,14848.75,Refunded
6647,33852,Damaged,6903.73,Refunded
6648,34384,Damaged,9686.28,Refunded
6649,40328,Damaged,16082.11,Refunded
6650,12874,Quality Issue,14501.88,Refunded
6651,23140,Quality Issue,14873.32,Refunded
6652,35143,Customer Changed Mind,9722.16,Refunded
6653,113,Damaged,14230.0,Refunded
6654,44656,Late Delivery,2083.94,Refunded
6655,8262,Wrong Product,7019.6,Refunded
6656,20735,Late Delivery,22745.47,Refunded
6657,13588,Quality Issue,19512.82,Refunded
6658,41131,Quality Issue,20214.73,Refunded
6659,19561,Quality Issue,17763.52,Refunded
6660,6341,Quality Issue,5428.45,Refunded
6661,23340,Customer Changed Mind,8265.39,Refunded
6662,679,Damaged,11487.55,Refunded
6663,41099,Damaged,21072.34,Refunded
6664,36942,Damaged,20853.93,Refunded
6665,45586,Customer Changed Mind,2691.6,Refunded
6666,4511,Late Delivery,27400.18,Refunded
6667,16799,Wrong Product,9064.75,Refunded
6668,37420,Wrong Product,13199.42,Refunded
6669,48214,Wrong Product,1291.03,Refunded
6670,44366,Customer Changed Mind,2721.49,Refunded
6671,12827,Customer Changed Mind,12181.76,Refunded
6672,24366,Damaged,21673.52,Refunded
6673,38290,Late Delivery,1089.26,Refunded
6674,23257,Damaged,8207.28,Refunded
6675,122,Wrong Product,10214.68,Refunded
6676,38197,Damaged,23742.53,Refunded
6677,43502,Late Delivery,20065.63,Refunded
6678,19577,Customer Changed Mind,22507.4,Refunded
6679,31680,Damaged,2691.66,Refunded
6680,32327,Late Delivery,2493.2,Refunded
6681,20417,Late Delivery,7130.18,Refunded
6682,16860,Wrong Product,17340.23,Refunded
6683,16574,Quality Issue,25548.75,Refunded
6684,36174,Quality Issue,22253.3,Refunded
6685,38344,Late Delivery,7004.87,Refunded
6686,41662,Damaged,5049.3,Refunded
6687,23171,Quality Issue,3871.47,Refunded
6688,35317,Wrong Product,8050.16,Refunded
6689,36495,Customer Changed Mind,13388.54,Refunded
6690,34546,Late Delivery,2212.38,Refunded
6691,40082,Wrong Product,11873.06,Refunded
6692,48890,Damaged,24746.82,Refunded
6693,46494,Customer Changed Mind,9485.84,Refunded
6694,33591,Damaged,5876.98,Refunded
6695,28153,Damaged,13228.02,Refunded
6696,39241,Customer Changed Mind,16626.56,Refunded
6697,38895,Customer Changed Mind,22353.4,Refunded
6698,23826,Customer Changed Mind,10564.7,Refunded
6699,12195,Late Delivery,21295.49,Refunded
6700,30970,Quality Issue,24501.25,Refunded
6701,16322,Quality Issue,2599.44,Refunded
6702,41563,Damaged,13933.05,Refunded
6703,140,Quality Issue,20709.5,Refunded
6704,39435,Customer Changed Mind,10029.42,Refunded
6705,1137,Late Delivery,7146.99,Refunded
6706,45676,Late Delivery,17641.73,Refunded
6707,20145,Wrong Product,13951.8,Refunded
6708,8456,Customer Changed Mind,17762.07,Refunded
6709,35650,Wrong Product,24080.3,Refunded
6710,33073,Wrong Product,5053.46,Refunded
6711,14717,Wrong Product,10081.06,Refunded
6712,9287,Wrong Product,7647.57,Refunded
6713,27758,Customer Changed Mind,21102.02,Refunded
6714,18432,Customer Changed Mind,12885.85,Refunded
6715,20803,Damaged,26943.76,Refunded
6716,1477,Quality Issue,2070.21,Refunded
6717,14107,Wrong Product,28546.96,Refunded
6718,31014,Customer Changed Mind,20854.88,Refunded
6719,4573,Late Delivery,16784.19,Refunded
6720,6958,Wrong Product,21879.46,Refunded
6721,13024,Quality Issue,11088.22,Refunded
6722,281,Wrong Product,11520.24,Refunded
6723,27722,Damaged,17077.64,Refunded
6724,39578,Customer Changed Mind,12611.89,Refunded
6725,23331,Quality Issue,13850.7,Refunded
6726,23643,Late Delivery,16935.24,Refunded
6727,48413,Wrong Product,17365.03,Refunded
6728,22854,Quality Issue,18455.6,Refunded
6729,12757,Customer Changed Mind,12886.59,Refunded
6730,42441,Customer Changed Mind,3207.0,Refunded
6731,24859,Quality Issue,22340.09,Refunded
6732,23558,Wrong Product,10292.05,Refunded
6733,41728,Customer Changed Mind,23769.48,Refunded
6734,775,Customer Changed Mind,6294.77,Refunded
6735,48423,Customer Changed Mind,10204.41,Refunded
6736,5993,Customer Changed Mind,17952.27,Refunded
6737,5947,Quality Issue,11338.93,Refunded
6738,37620,Damaged,1504.64,Refunded
6739,43291,Customer Changed Mind,25205.0,Refunded
6740,21224,Quality Issue,7328.65,Refunded
6741,44143,Customer Changed Mind,747.55,Refunded
6742,48994,Quality Issue,17215.7,Refunded
6743,26005,Customer Changed Mind,8850.65,Refunded
6744,10206,Damaged,15220.68,Refunded
6745,28865,Wrong Product,19122.03,Refunded
6746,49579,Customer Changed Mind,25273.23,Refunded
6747,8726,Damaged,7186.49,Refunded
6748,28772,Wrong Product,17337.05,Refunded
6749,28788,Damaged,21832.15,Refunded
6750,49575,Late Delivery,22421.0,Refunded
6751,14192,Quality Issue,20523.72,Refunded
6752,30001,Wrong Product,23789.28,Refunded
6753,12148,Quality Issue,13664.22,Refunded
6754,25099,Customer Changed Mind,2232.42,Refunded
6755,11838,Damaged,5918.08,Refunded
6756,48924,Wrong Product,2052.82,Refunded
6757,41486,Customer Changed Mind,3676.1,Refunded
6758,2572,Wrong Product,10173.52,Refunded
6759,19518,Customer Changed Mind,10709.37,Refunded
6760,39566,Wrong Product,10166.83,Refunded
6761,17054,Customer Changed Mind,24543.53,Refunded
6762,41517,Quality Issue,4850.07,Refunded
6763,32844,Late Delivery,6403.07,Refunded
6764,40266,Quality Issue,21988.54,Refunded
6765,15861,Quality Issue,21162.98,Refunded
6766,11185,Customer Changed Mind,6044.68,Refunded
6767,33217,Quality Issue,22538.74,Refunded
6768,28137,Customer Changed Mind,18695.7,Refunded
6769,33255,Wrong Product,4374.52,Refunded
6770,3763,Quality Issue,23123.28,Refunded
6771,13363,Quality Issue,14254.29,Refunded
6772,2438,Quality Issue,2476.0,Refunded
6773,15218,Customer Changed Mind,16845.23,Refunded
6774,9812,Wrong Product,18871.23,Refunded
6775,49366,Damaged,11459.16,Refunded
6776,49408,Quality Issue,17842.18,Refunded
6777,45384,Customer Changed Mind,12140.13,Refunded
6778,19089,Late Delivery,23055.03,Refunded
6779,7297,Damaged,24941.54,Refunded
6780,34292,Wrong Product,21262.38,Refunded
6781,5061,Late Delivery,7886.43,Refunded
6782,42421,Customer Changed Mind,15126.14,Refunded
6783,12986,Quality Issue,12560.17,Refunded
6784,6885,Customer Changed Mind,14743.31,Refunded
6785,22197,Damaged,4967.85,Refunded
6786,40501,Quality Issue,12752.98,Refunded
6787,20890,Quality Issue,26593.5,Refunded
6788,33627,Late Delivery,27592.27,Refunded
6789,37422,Late Delivery,13850.72,Refunded
6790,32687,Wrong Product,20229.78,Refunded
6791,11805,Quality Issue,5447.02,Refunded
6792,3781,Quality Issue,22351.9,Refunded
6793,607,Wrong Product,5952.2,Refunded
6794,17960,Wrong Product,10843.58,Refunded
6795,45018,Quality Issue,16468.72,Refunded
6796,22074,Wrong Product,4931.29,Refunded
6797,49633,Wrong Product,1556.87,Refunded
6798,28657,Quality Issue,25890.6,Refunded
6799,28544,Damaged,8425.79,Refunded
6800,39409,Customer Changed Mind,11351.65,Refunded
6801,15417,Late Delivery,3775.57,Refunded
6802,33991,Quality Issue,21973.6,Refunded
6803,45430,Late Delivery,19902.41,Refunded
6804,25868,Quality Issue,15190.66,Refunded
6805,38661,Quality Issue,6140.54,Refunded
6806,40177,Customer Changed Mind,1834.31,Refunded
6807,39039,Late Delivery,22933.64,Refunded
6808,21075,Wrong Product,18995.67,Refunded
6809,36350,Quality Issue,5710.7,Refunded
6810,41327,Wrong Product,2039.88,Refunded
6811,12043,Wrong Product,21653.93,Refunded
6812,14992,Wrong Product,3280.88,Refunded
6813,36943,Wrong Product,14559.07,Refunded
6814,30636,Quality Issue,1942.23,Refunded
6815,8798,Quality Issue,15991.28,Refunded
6816,35209,Customer Changed Mind,10290.77,Refunded
6817,761,Customer Changed Mind,10924.4,Refunded
6818,2543,Wrong Product,24576.95,Refunded
6819,14311,Damaged,2932.6,Refunded
6820,17097,Damaged,13618.53,Refunded
6821,40610,Wrong Product,14928.52,Refunded
6822,46131,Late Delivery,14278.83,Refunded
6823,2100,Customer Changed Mind,24011.07,Refunded
6824,9406,Late Delivery,16377.66,Refunded
6825,18098,Quality Issue,24962.45,Refunded
6826,15312,Late Delivery,4406.12,Refunded
6827,14956,Damaged,7962.54,Refunded
6828,40404,Late Delivery,3114.41,Refunded
6829,1553,Late Delivery,3583.01,Refunded
6830,40098,Wrong Product,11452.58,Refunded
6831,3846,Customer Changed Mind,11251.33,Refunded
6832,23564,Late Delivery,6124.27,Refunded
6833,36183,Late Delivery,12146.63,Refunded
6834,7089,Wrong Product,16101.16,Refunded
6835,46022,Quality Issue,6421.65,Refunded
6836,16851,Quality Issue,10256.9,Refunded
6837,21332,Wrong Product,7153.46,Refunded
6838,8053,Wrong Product,11915.27,Refunded
6839,44152,Customer Changed Mind,15348.94,Refunded
6840,11572,Damaged,23183.06,Refunded
6841,39089,Late Delivery,23405.72,Refunded
6842,18268,Quality Issue,11399.68,Refunded
6843,27881,Customer Changed Mind,20823.86,Refunded
6844,31757,Customer Changed Mind,5422.22,Refunded
6845,5269,Customer Changed Mind,8201.83,Refunded
6846,18962,Wrong Product,17230.51,Refunded
6847,26092,Late Delivery,24286.51,Refunded
6848,37487,Quality Issue,19461.7,Refunded
6849,18376,Late Delivery,10516.19,Refunded
6850,20795,Late Delivery,12626.35,Refunded
6851,25000,Wrong Product,7227.81,Refunded
6852,14481,Wrong Product,6941.45,Refunded
6853,2769,Customer Changed Mind,13531.88,Refunded
6854,1023,Quality Issue,1484.01,Refunded
6855,6436,Damaged,16350.14,Refunded
6856,20123,Late Delivery,3102.44,Refunded
6857,8644,Wrong Product,23193.1,Refunded
6858,13597,Quality Issue,24608.29,Refunded
6859,24764,Wrong Product,20300.9,Refunded
6860,22305,Wrong Product,7824.62,Refunded
6861,30672,Quality Issue,23749.26,Refunded
6862,9497,Customer Changed Mind,1258.2,Refunded
6863,5599,Quality Issue,10572.21,Refunded
6864,30121,Damaged,14552.14,Refunded
6865,5597,Wrong Product,10696.51,Refunded
6866,5424,Damaged,15628.6,Refunded
6867,19600,Late Delivery,21028.96,Refunded
6868,12238,Late Delivery,17301.82,Refunded
6869,49982,Wrong Product,26965.63,Refunded
6870,41861,Customer Changed Mind,13411.76,Refunded
6871,1771,Wrong Product,1065.27,Refunded
6872,4752,Late Delivery,11483.2,Refunded
6873,25283,Quality Issue,17774.01,Refunded
6874,40546,Wrong Product,16997.96,Refunded
6875,46196,Late Delivery,10037.62,Refunded
6876,12704,Damaged,15728.39,Refunded
6877,46317,Customer Changed Mind,4061.97,Refunded
6878,36614,Damaged,21859.8,Refunded
6879,9685,Quality Issue,18151.37,Refunded
6880,28555,Quality Issue,2919.57,Refunded
6881,16680,Late Delivery,13033.13,Refunded
6882,29209,Quality Issue,14292.33,Refunded
6883,41974,Damaged,6921.2,Refunded
6884,36218,Damaged,21223.18,Refunded
6885,15680,Wrong Product,8536.36,Refunded
6886,13923,Customer Changed Mind,2219.05,Refunded
6887,43320,Quality Issue,22209.35,Refunded
6888,45291,Customer Changed Mind,23390.75,Refunded
6889,45414,Wrong Product,26367.69,Refunded
6890,5129,Quality Issue,8257.98,Refunded
6891,42486,Late Delivery,9114.35,Refunded
6892,28008,Quality Issue,19106.87,Refunded
6893,44373,Late Delivery,3274.07,Refunded
6894,6451,Wrong Product,5409.81,Refunded
6895,9283,Quality Issue,23160.86,Refunded
6896,34365,Quality Issue,24874.87,Refunded
6897,39756,Wrong Product,5287.49,Refunded
6898,2471,Customer Changed Mind,9128.83,Refunded
6899,44479,Wrong Product,6922.89,Refunded
6900,7886,Damaged,21162.4,Refunded
6901,34071,Quality Issue,4843.95,Refunded
6902,34371,Customer Changed Mind,14988.71,Refunded
6903,1208,Customer Changed Mind,24067.8,Refunded
6904,21267,Quality Issue,25946.0,Refunded
6905,43352,Late Delivery,9317.01,Refunded
6906,1535,Late Delivery,10833.77,Refunded
6907,1932,Customer Changed Mind,25216.98,Refunded
6908,24015,Damaged,18693.63,Refunded
6909,31333,Quality Issue,12992.96,Refunded
6910,46926,Late Delivery,16270.1,Refunded
6911,23838,Quality Issue,16348.3,Refunded
6912,8832,Quality Issue,3214.46,Refunded
6913,29600,Customer Changed Mind,3554.28,Refunded
6914,41494,Damaged,14214.63,Refunded
6915,16771,Customer Changed Mind,15039.21,Refunded
6916,16594,Customer Changed Mind,11306.85,Refunded
6917,43232,Wrong Product,4575.05,Refunded
6918,42673,Quality Issue,18476.83,Refunded
6919,26453,Wrong Product,23471.53,Refunded
6920,31521,Quality Issue,8988.21,Refunded
6921,3055,Damaged,20359.41,Refunded
6922,36496,Damaged,13630.34,Refunded
6923,42624,Late Delivery,8921.75,Refunded
6924,10238,Customer Changed Mind,18289.18,Refunded
6925,47898,Late Delivery,7426.98,Refunded
6926,47139,Quality Issue,23787.26,Refunded
6927,10450,Customer Changed Mind,20222.19,Refunded
6928,28454,Quality Issue,12865.43,Refunded
6929,7782,Wrong Product,10632.0,Refunded
6930,30117,Quality Issue,14415.8,Refunded
6931,40071,Customer Changed Mind,22575.43,Refunded
6932,11445,Customer Changed Mind,23440.67,Refunded
6933,36317,Damaged,23101.57,Refunded
6934,21891,Wrong Product,13061.31,Refunded
6935,1140,Wrong Product,12842.85,Refunded
6936,8764,Quality Issue,23465.25,Refunded
6937,33093,Customer Changed Mind,14452.5,Refunded
6938,4273,Customer Changed Mind,12316.82,Refunded
6939,7485,Customer Changed Mind,21984.85,Refunded
6940,42743,Wrong Product,11509.03,Refunded
6941,14399,Late Delivery,22208.76,Refunded
6942,27003,Customer Changed Mind,11345.59,Refunded
6943,8017,Customer Changed Mind,13967.87,Refunded
6944,16163,Customer Changed Mind,4167.24,Refunded
6945,2193,Customer Changed Mind,20536.0,Refunded
6946,11469,Late Delivery,7092.8,Refunded
6947,29096,Damaged,11174.33,Refunded
6948,45412,Wrong Product,22312.02,Refunded
6949,17716,Damaged,24641.56,Refunded
6950,15217,Quality Issue,12927.05,Refunded
6951,40092,Wrong Product,1677.74,Refunded
6952,3265,Customer Changed Mind,27419.32,Refunded
6953,12528,Late Delivery,19607.92,Refunded
6954,9566,Customer Changed Mind,24966.89,Refunded
6955,48618,Wrong Product,4191.53,Refunded
6956,13829,Late Delivery,15771.15,Refunded
6957,41117,Quality Issue,9511.99,Refunded
6958,44280,Customer Changed Mind,1220.68,Refunded
6959,1884,Late Delivery,22211.34,Refunded
6960,30,Customer Changed Mind,24922.14,Refunded
6961,35479,Quality Issue,21455.95,Refunded
6962,20012,Customer Changed Mind,7552.61,Refunded
6963,4476,Late Delivery,4135.08,Refunded
6964,33354,Wrong Product,17219.5,Refunded
6965,15069,Late Delivery,8687.44,Refunded
6966,45721,Customer Changed Mind,9440.84,Refunded
6967,1207,Quality Issue,18020.56,Refunded
6968,18641,Damaged,25425.19,Refunded
6969,43425,Late Delivery,8525.73,Refunded
6970,6782,Quality Issue,18836.36,Refunded
6971,8168,Wrong Product,8730.81,Refunded
6972,38060,Wrong Product,19668.11,Refunded
6973,29192,Customer Changed Mind,14212.51,Refunded
6974,30057,Wrong Product,3427.58,Refunded
6975,45067,Damaged,1980.35,Refunded
6976,46380,Late Delivery,16565.57,Refunded
6977,43841,Damaged,5409.96,Refunded
6978,2175,Wrong Product,20638.14,Refunded
6979,40914,Wrong Product,13779.73,Refunded
6980,1607,Quality Issue,26700.41,Refunded
6981,931,Damaged,3143.64,Refunded
6982,18605,Late Delivery,2806.35,Refunded
6983,43655,Damaged,24153.95,Refunded
6984,9392,Customer Changed Mind,18133.55,Refunded
6985,19845,Wrong Product,22254.63,Refunded
6986,11573,Quality Issue,26386.4,Refunded
6987,34589,Customer Changed Mind,741.35,Refunded
6988,31187,Wrong Product,8946.39,Refunded
6989,10166,Late Delivery,24186.27,Refunded
6990,11329,Quality Issue,28940.42,Refunded
6991,32858,Damaged,19089.61,Refunded
6992,34691,Late Delivery,13993.75,Refunded
6993,32937,Quality Issue,6027.02,Refunded
6994,11137,Customer Changed Mind,21756.28,Refunded
6995,21676,Late Delivery,7290.46,Refunded
6996,3120,Late Delivery,28397.9,Refunded
6997,36554,Quality Issue,16118.87,Refunded
6998,23028,Customer Changed Mind,20382.54,Refunded
6999,2037,Wrong Product,18320.01,Refunded
7000,27633,Quality Issue,5110.59,Refunded
7001,37137,Wrong Product,5304.45,Refunded
7002,24688,Late Delivery,8757.33,Refunded
7003,40656,Quality Issue,7148.2,Refunded
7004,5188,Wrong Product,25466.1,Refunded
7005,48516,Customer Changed Mind,6948.78,Refunded
7006,49682,Damaged,803.15,Refunded
7007,39363,Damaged,15711.15,Refunded
7008,650,Late Delivery,15038.45,Refunded
7009,49379,Late Delivery,6175.38,Refunded
7010,4386,Damaged,6281.85,Refunded
7011,33567,Damaged,15842.44,Refunded
7012,26130,Late Delivery,14962.88,Refunded
7013,15113,Wrong Product,25748.83,Refunded
7014,8205,Wrong Product,4043.13,Refunded
7015,26034,Customer Changed Mind,1965.73,Refunded
7016,16286,Quality Issue,13018.8,Refunded
7017,12051,Wrong Product,7031.11,Refunded
7018,28956,Wrong Product,9105.74,Refunded
7019,41241,Customer Changed Mind,19820.63,Refunded
7020,39740,Quality Issue,23958.9,Refunded
7021,41410,Late Delivery,24681.74,Refunded
7022,31962,Wrong Product,14375.89,Refunded
7023,41498,Quality Issue,26516.31,Refunded
7024,26927,Wrong Product,7157.71,Refunded
7025,32278,Late Delivery,20655.4,Refunded
7026,8902,Damaged,20778.78,Refunded
7027,19090,Damaged,10630.19,Refunded
7028,36209,Quality Issue,18897.9,Refunded
7029,5757,Damaged,6064.99,Refunded
7030,10418,Quality Issue,9158.71,Refunded
7031,10282,Wrong Product,2200.77,Refunded
7032,33135,Customer Changed Mind,18953.36,Refunded
7033,22841,Late Delivery,22151.7,Refunded
7034,40933,Damaged,5231.55,Refunded
7035,47935,Customer Changed Mind,1515.39,Refunded
7036,1986,Quality Issue,2622.25,Refunded
7037,17847,Damaged,16987.53,Refunded
7038,36920,Customer Changed Mind,4217.43,Refunded
7039,22386,Damaged,4591.84,Refunded
7040,43074,Quality Issue,12303.87,Refunded
7041,18218,Quality Issue,27560.44,Refunded
7042,30863,Late Delivery,3476.2,Refunded
7043,47557,Quality Issue,10138.92,Refunded
7044,15140,Late Delivery,13408.85,Refunded
7045,10259,Customer Changed Mind,19231.42,Refunded
7046,33105,Quality Issue,4822.44,Refunded
7047,29092,Wrong Product,24662.46,Refunded
7048,3385,Late Delivery,20464.89,Refunded
7049,13707,Customer Changed Mind,19673.08,Refunded
7050,30821,Customer Changed Mind,8485.14,Refunded
7051,19135,Customer Changed Mind,18300.83,Refunded
7052,5119,Late Delivery,12120.52,Refunded
7053,41369,Wrong Product,7210.07,Refunded
7054,38317,Damaged,24632.31,Refunded
7055,16460,Late Delivery,1245.25,Refunded
7056,15638,Customer Changed Mind,4648.55,Refunded
7057,20887,Damaged,7263.98,Refunded
7058,17673,Wrong Product,26224.17,Refunded
7059,9752,Damaged,15617.64,Refunded
7060,37147,Damaged,3852.7,Refunded
7061,28126,Damaged,4693.37,Refunded
7062,43500,Late Delivery,16454.51,Refunded
7063,17861,Wrong Product,24794.37,Refunded
7064,28104,Customer Changed Mind,3218.05,Refunded
7065,16138,Late Delivery,19934.51,Refunded
7066,30968,Quality Issue,4550.09,Refunded
7067,25935,Customer Changed Mind,666.53,Refunded
7068,5297,Customer Changed Mind,16613.92,Refunded
7069,21274,Customer Changed Mind,11901.01,Refunded
7070,2891,Customer Changed Mind,7928.96,Refunded
7071,36148,Customer Changed Mind,5059.47,Refunded
7072,7166,Damaged,13700.11,Refunded
7073,22573,Damaged,21142.66,Refunded
7074,6194,Late Delivery,14962.32,Refunded
7075,49087,Quality Issue,10900.65,Refunded
7076,39362,Wrong Product,959.65,Refunded
7077,43311,Quality Issue,1428.46,Refunded
7078,49989,Customer Changed Mind,3003.09,Refunded
7079,6462,Late Delivery,13620.52,Refunded
7080,15508,Damaged,3860.16,Refunded
7081,27919,Late Delivery,14391.9,Refunded
7082,9801,Late Delivery,15885.54,Refunded
7083,5325,Wrong Product,14674.61,Refunded
7084,47981,Customer Changed Mind,8127.58,Refunded
7085,24239,Late Delivery,26111.92,Refunded
7086,49721,Customer Changed Mind,7152.1,Refunded
7087,15533,Wrong Product,12481.42,Refunded
7088,44815,Damaged,22409.09,Refunded
7089,33674,Late Delivery,22759.05,Refunded
7090,44105,Customer Changed Mind,14317.22,Refunded
7091,10746,Late Delivery,22164.23,Refunded
7092,21474,Customer Changed Mind,10270.88,Refunded
7093,44036,Late Delivery,13973.36,Refunded
7094,20334,Late Delivery,10015.37,Refunded
7095,16389,Wrong Product,2061.51,Refunded
7096,34405,Customer Changed Mind,15075.47,Refunded
7097,28114,Customer Changed Mind,8046.27,Refunded
7098,25076,Customer Changed Mind,18316.01,Refunded
7099,36705,Wrong Product,1203.94,Refunded
7100,3927,Quality Issue,8379.9,Refunded
7101,22935,Wrong Product,20116.32,Refunded
7102,19671,Quality Issue,22119.0,Refunded
7103,36126,Damaged,23873.62,Refunded
7104,5964,Damaged,8520.25,Refunded
7105,12011,Late Delivery,13008.52,Refunded
7106,6665,Quality Issue,23542.72,Refunded
7107,15956,Customer Changed Mind,21769.44,Refunded
7108,27111,Damaged,8716.09,Refunded
7109,40399,Late Delivery,22493.18,Refunded
7110,12930,Quality Issue,3284.74,Refunded
7111,18656,Late Delivery,7470.01,Refunded
7112,6080,Damaged,15571.64,Refunded
7113,26813,Quality Issue,9309.75,Refunded
7114,44060,Customer Changed Mind,18545.64,Refunded
7115,39022,Customer Changed Mind,1305.67,Refunded
7116,28420,Damaged,17888.69,Refunded
7117,24195,Customer Changed Mind,11233.21,Refunded
7118,34785,Wrong Product,20818.57,Refunded
7119,17306,Quality Issue,17414.59,Refunded
7120,23503,Customer Changed Mind,17707.0,Refunded
7121,45874,Wrong Product,24763.89,Refunded
7122,44619,Late Delivery,15036.24,Refunded
7123,46207,Wrong Product,2619.62,Refunded
7124,9340,Customer Changed Mind,18160.01,Refunded
7125,17754,Wrong Product,16153.69,Refunded
7126,10847,Late Delivery,7410.87,Refunded
7127,21364,Wrong Product,10821.57,Refunded
7128,32420,Damaged,20927.26,Refunded
7129,15176,Quality Issue,700.61,Refunded
7130,25744,Quality Issue,14635.13,Refunded
7131,3273,Customer Changed Mind,7544.98,Refunded
7132,42405,Quality Issue,10734.14,Refunded
7133,2634,Late Delivery,19931.45,Refunded
7134,16154,Quality Issue,24386.52,Refunded
7135,31425,Customer Changed Mind,13940.91,Refunded
7136,4111,Quality Issue,15098.15,Refunded
7137,48658,Customer Changed Mind,5169.45,Refunded
7138,7270,Quality Issue,24133.99,Refunded
7139,43489,Customer Changed Mind,19434.66,Refunded
7140,25358,Wrong Product,14319.48,Refunded
7141,12265,Late Delivery,5230.14,Refunded
7142,11014,Customer Changed Mind,21828.27,Refunded
7143,32477,Wrong Product,25670.29,Refunded
7144,33361,Customer Changed Mind,11022.4,Refunded
7145,2364,Late Delivery,19466.21,Refunded
7146,48913,Late Delivery,19776.28,Refunded
7147,21710,Quality Issue,6935.56,Refunded
7148,9726,Wrong Product,23963.76,Refunded
7149,1173,Damaged,15147.39,Refunded
7150,35866,Quality Issue,17315.87,Refunded
7151,26517,Damaged,4892.21,Refunded
7152,26272,Damaged,12612.12,Refunded
7153,1153,Damaged,9829.3,Refunded
7154,37283,Wrong Product,27894.75,Refunded
7155,31375,Wrong Product,8463.78,Refunded
7156,38285,Customer Changed Mind,3048.82,Refunded
7157,13103,Late Delivery,1875.6,Refunded
7158,19127,Customer Changed Mind,9241.84,Refunded
7159,3734,Damaged,12341.76,Refunded
7160,21735,Quality Issue,17375.98,Refunded
7161,21234,Quality Issue,22038.36,Refunded
7162,27796,Late Delivery,9510.76,Refunded
7163,34066,Damaged,16825.27,Refunded
7164,45540,Damaged,22514.14,Refunded
7165,15167,Quality Issue,19309.16,Refunded
7166,7261,Damaged,23209.24,Refunded
7167,44787,Late Delivery,26655.74,Refunded
7168,4123,Late Delivery,7904.62,Refunded
7169,9969,Quality Issue,5262.0,Refunded
7170,14041,Damaged,1933.97,Refunded
7171,4586,Quality Issue,22307.03,Refunded
7172,18718,Wrong Product,22807.32,Refunded
7173,36114,Wrong Product,12686.14,Refunded
7174,14679,Customer Changed Mind,20705.0,Refunded
7175,39497,Wrong Product,21042.33,Refunded
7176,34875,Quality Issue,14825.55,Refunded
7177,7287,Quality Issue,22639.4,Refunded
7178,19068,Damaged,5862.23,Refunded
7179,6514,Customer Changed Mind,20849.62,Refunded
7180,3527,Wrong Product,26317.36,Refunded
7181,40462,Damaged,18393.74,Refunded
7182,32456,Customer Changed Mind,16697.05,Refunded
7183,38794,Customer Changed Mind,16982.91,Refunded
7184,7268,Late Delivery,8828.05,Refunded
7185,8803,Quality Issue,20785.78,Refunded
7186,640,Late Delivery,16454.14,Refunded
7187,10995,Customer Changed Mind,6494.77,Refunded
7188,26668,Customer Changed Mind,8769.58,Refunded
7189,21753,Damaged,21778.04,Refunded
7190,47804,Late Delivery,13588.16,Refunded
7191,21986,Late Delivery,21461.89,Refunded
7192,20390,Quality Issue,1850.76,Refunded
7193,363,Wrong Product,2880.85,Refunded
7194,39338,Customer Changed Mind,16910.36,Refunded
7195,5118,Late Delivery,15294.62,Refunded
7196,32245,Late Delivery,13367.48,Refunded
7197,11652,Late Delivery,5997.95,Refunded
7198,23262,Late Delivery,10329.41,Refunded
7199,11298,Wrong Product,4197.11,Refunded
7200,14211,Customer Changed Mind,23790.09,Refunded
7201,4054,Wrong Product,24767.7,Refunded
7202,47148,Late Delivery,24844.31,Refunded
7203,1049,Damaged,6353.98,Refunded
7204,35184,Late Delivery,24904.35,Refunded
7205,4146,Quality Issue,8468.43,Refunded
7206,29686,Customer Changed Mind,6378.57,Refunded
7207,39483,Quality Issue,28117.68,Refunded
7208,9256,Customer Changed Mind,21643.03,Refunded
7209,1008,Wrong Product,19480.57,Refunded
7210,16538,Customer Changed Mind,15329.34,Refunded
7211,40660,Late Delivery,15780.78,Refunded
7212,19158,Late Delivery,18289.51,Refunded
7213,11178,Late Delivery,19479.25,Refunded
7214,21741,Wrong Product,18470.59,Refunded
7215,1259,Quality Issue,20203.13,Refunded
7216,15089,Damaged,14017.0,Refunded
7217,1920,Damaged,5181.1,Refunded
7218,25499,Wrong Product,18475.49,Refunded
7219,35034,Quality Issue,10348.4,Refunded
7220,32622,Wrong Product,2125.47,Refunded
7221,22176,Quality Issue,20993.31,Refunded
7222,46296,Wrong Product,15271.23,Refunded
7223,2694,Quality Issue,3352.98,Refunded
7224,35817,Wrong Product,5606.72,Refunded
7225,32011,Late Delivery,19815.67,Refunded
7226,6010,Damaged,25008.51,Refunded
7227,16868,Damaged,11833.31,Refunded
7228,16023,Quality Issue,2140.59,Refunded
7229,45618,Customer Changed Mind,22592.48,Refunded
7230,47069,Late Delivery,25533.45,Refunded
7231,34386,Wrong Product,22844.93,Refunded
7232,46946,Late Delivery,10926.55,Refunded
7233,20613,Customer Changed Mind,21705.44,Refunded
7234,24849,Wrong Product,5103.11,Refunded
7235,14177,Quality Issue,1645.82,Refunded
7236,20928,Damaged,11224.6,Refunded
7237,17903,Late Delivery,1577.82,Refunded
7238,1216,Damaged,25745.35,Refunded
7239,43987,Customer Changed Mind,11052.45,Refunded
7240,28789,Quality Issue,16820.7,Refunded
7241,2936,Customer Changed Mind,5618.84,Refunded
7242,32625,Wrong Product,13232.35,Refunded
7243,19608,Customer Changed Mind,6750.26,Refunded
7244,15309,Customer Changed Mind,2003.7,Refunded
7245,20999,Quality Issue,6755.32,Refunded
7246,10467,Quality Issue,24934.44,Refunded
7247,43079,Wrong Product,9567.19,Refunded
7248,12983,Late Delivery,22319.22,Refunded
7249,3382,Quality Issue,14548.07,Refunded
7250,14432,Damaged,25842.45,Refunded
7251,9372,Damaged,22987.77,Refunded
7252,3165,Quality Issue,22197.69,Refunded
7253,37399,Late Delivery,24091.08,Refunded
7254,20572,Quality Issue,1327.64,Refunded
7255,29954,Wrong Product,4603.85,Refunded
7256,20023,Quality Issue,2837.29,Refunded
7257,15188,Wrong Product,21342.26,Refunded
7258,18685,Wrong Product,3659.26,Refunded
7259,8633,Wrong Product,17495.68,Refunded
7260,29888,Customer Changed Mind,17491.26,Refunded
7261,39804,Quality Issue,19318.19,Refunded
7262,49559,Customer Changed Mind,13122.87,Refunded
7263,24446,Damaged,16735.53,Refunded
7264,11882,Quality Issue,10210.69,Refunded
7265,19460,Customer Changed Mind,13726.54,Refunded
7266,8781,Customer Changed Mind,10775.2,Refunded
7267,12200,Damaged,15872.19,Refunded
7268,41440,Customer Changed Mind,11422.58,Refunded
7269,5715,Customer Changed Mind,15318.89,Refunded
7270,43040,Customer Changed Mind,20817.7,Refunded
7271,31817,Damaged,22419.25,Refunded
7272,46970,Wrong Product,9747.47,Refunded
7273,21190,Customer Changed Mind,8531.94,Refunded
7274,48846,Late Delivery,21120.2,Refunded
7275,39944,Damaged,20991.49,Refunded
7276,17811,Damaged,15057.84,Refunded
7277,25779,Late Delivery,24218.61,Refunded
7278,17980,Wrong Product,646.8,Refunded
7279,49680,Wrong Product,8279.54,Refunded
7280,7998,Wrong Product,4188.85,Refunded
7281,30972,Quality Issue,22258.17,Refunded
7282,43090,Damaged,1070.99,Refunded
7283,22520,Wrong Product,4500.05,Refunded
7284,210,Damaged,12042.71,Refunded
7285,14757,Quality Issue,16247.31,Refunded
7286,32930,Damaged,14551.54,Refunded
7287,47849,Quality Issue,1470.29,Refunded
7288,32437,Damaged,4913.05,Refunded
7289,44476,Damaged,13755.1,Refunded
7290,36112,Late Delivery,10729.16,Refunded
7291,47735,Wrong Product,16429.76,Refunded
7292,24141,Quality Issue,525.08,Refunded
7293,5967,Customer Changed Mind,9956.95,Refunded
7294,32071,Customer Changed Mind,7181.34,Refunded
7295,31694,Damaged,1619.7,Refunded
7296,14047,Late Delivery,15107.37,Refunded
7297,37339,Damaged,19939.92,Refunded
7298,47164,Wrong Product,8673.36,Refunded
7299,39707,Quality Issue,21353.96,Refunded
7300,19070,Quality Issue,15955.2,Refunded
7301,11013,Damaged,13875.28,Refunded
7302,781,Customer Changed Mind,25411.82,Refunded
7303,41763,Customer Changed Mind,15749.81,Refunded
7304,7423,Customer Changed Mind,21114.81,Refunded
7305,39697,Quality Issue,12373.51,Refunded
7306,3656,Wrong Product,1986.63,Refunded
7307,40945,Damaged,10074.13,Refunded
7308,5199,Quality Issue,22409.86,Refunded
7309,45226,Quality Issue,1343.27,Refunded
7310,31811,Customer Changed Mind,2758.95,Refunded
7311,36611,Customer Changed Mind,9708.9,Refunded
7312,1756,Late Delivery,16778.55,Refunded
7313,2794,Late Delivery,13423.73,Refunded
7314,7325,Customer Changed Mind,7575.6,Refunded
7315,8885,Wrong Product,20025.36,Refunded
7316,12259,Quality Issue,7887.98,Refunded
7317,48970,Late Delivery,3897.89,Refunded
7318,1325,Customer Changed Mind,8992.73,Refunded
7319,38363,Late Delivery,3890.19,Refunded
7320,6319,Damaged,18493.9,Refunded
7321,40284,Damaged,11919.08,Refunded
7322,18241,Wrong Product,12103.57,Refunded
7323,39499,Late Delivery,11693.17,Refunded
7324,10646,Wrong Product,26814.67,Refunded
7325,18214,Quality Issue,19536.3,Refunded
7326,8340,Customer Changed Mind,11894.14,Refunded
7327,283,Damaged,23362.03,Refunded
7328,49442,Late Delivery,1159.87,Refunded
7329,33062,Customer Changed Mind,12514.33,Refunded
7330,41804,Late Delivery,21312.94,Refunded
7331,38120,Customer Changed Mind,15654.32,Refunded
7332,30019,Wrong Product,693.11,Refunded
7333,12701,Customer Changed Mind,22600.79,Refunded
7334,1292,Late Delivery,14995.72,Refunded
7335,8022,Customer Changed Mind,12353.86,Refunded
7336,44993,Quality Issue,29219.81,Refunded
7337,4647,Quality Issue,26429.24,Refunded
7338,9004,Quality Issue,8578.82,Refunded
7339,34308,Wrong Product,7398.53,Refunded
7340,22061,Customer Changed Mind,5154.57,Refunded
7341,43808,Quality Issue,12506.55,Refunded
7342,10828,Late Delivery,10478.52,Refunded
7343,17195,Quality Issue,19570.89,Refunded
7344,7646,Late Delivery,17445.08,Refunded
7345,42813,Damaged,3247.13,Refunded
7346,12676,Late Delivery,24759.57,Refunded
7347,49514,Damaged,21234.62,Refunded
7348,35248,Quality Issue,9172.36,Refunded
7349,48305,Damaged,19218.62,Refunded
7350,8867,Late Delivery,5303.76,Refunded
7351,2235,Damaged,19859.26,Refunded
7352,28633,Wrong Product,3612.31,Refunded
7353,10127,Late Delivery,12204.36,Refunded
7354,5403,Wrong Product,20654.88,Refunded
7355,39003,Late Delivery,16304.79,Refunded
7356,46605,Wrong Product,11397.09,Refunded
7357,13032,Wrong Product,3264.94,Refunded
7358,10842,Damaged,1175.84,Refunded
7359,23589,Damaged,17031.66,Refunded
7360,40645,Wrong Product,17684.95,Refunded
7361,840,Quality Issue,22153.21,Refunded
7362,10700,Damaged,7195.46,Refunded
7363,44260,Wrong Product,1864.11,Refunded
7364,3171,Quality Issue,13641.19,Refunded
7365,7907,Late Delivery,3750.87,Refunded
7366,4260,Quality Issue,1967.91,Refunded
7367,36417,Customer Changed Mind,12354.4,Refunded
7368,32307,Damaged,15706.74,Refunded
7369,4031,Damaged,6309.8,Refunded
7370,46739,Wrong Product,23174.33,Refunded
7371,14312,Quality Issue,1680.81,Refunded
7372,38864,Quality Issue,20960.57,Refunded
7373,27497,Damaged,16832.79,Refunded
7374,560,Wrong Product,23213.1,Refunded
7375,12926,Quality Issue,2281.32,Refunded
7376,20050,Damaged,13557.9,Refunded
7377,3539,Quality Issue,3443.56,Refunded
7378,14970,Customer Changed Mind,3084.63,Refunded
7379,19870,Damaged,4132.61,Refunded
7380,22058,Wrong Product,27197.85,Refunded
7381,11962,Wrong Product,783.64,Refunded
7382,38145,Damaged,16088.53,Refunded
7383,24757,Late Delivery,13351.3,Refunded
7384,46956,Damaged,7347.11,Refunded
7385,43355,Wrong Product,3356.28,Refunded
7386,19871,Damaged,11604.1,Refunded
7387,12761,Quality Issue,9616.38,Refunded
7388,37952,Customer Changed Mind,18033.56,Refunded
7389,14770,Customer Changed Mind,24168.71,Refunded
7390,22047,Wrong Product,3513.31,Refunded
7391,35719,Wrong Product,22644.58,Refunded
7392,166,Damaged,24637.93,Refunded
7393,33944,Customer Changed Mind,14112.89,Refunded
7394,32926,Quality Issue,10272.09,Refunded
7395,7615,Quality Issue,14178.57,Refunded
7396,32529,Customer Changed Mind,6674.82,Refunded
7397,14252,Quality Issue,17188.54,Refunded
7398,7744,Damaged,15524.9,Refunded
7399,24444,Quality Issue,2949.8,Refunded
7400,15860,Late Delivery,21486.69,Refunded
7401,26170,Damaged,18129.26,Refunded
7402,48693,Late Delivery,20697.08,Refunded
7403,30124,Quality Issue,697.17,Refunded
7404,18847,Customer Changed Mind,17618.75,Refunded
7405,39128,Customer Changed Mind,25242.94,Refunded
7406,45716,Damaged,14434.08,Refunded
7407,3380,Quality Issue,21316.06,Refunded
7408,39088,Customer Changed Mind,23678.48,Refunded
7409,20666,Customer Changed Mind,22856.16,Refunded
7410,6943,Quality Issue,4231.73,Refunded
7411,41096,Late Delivery,21040.9,Refunded
7412,17559,Wrong Product,1747.36,Refunded
7413,34525,Damaged,18725.51,Refunded
7414,33262,Wrong Product,19428.01,Refunded
7415,23984,Customer Changed Mind,24626.55,Refunded
7416,12807,Customer Changed Mind,19607.56,Refunded
7417,30803,Late Delivery,14666.0,Refunded
7418,12282,Late Delivery,19810.26,Refunded
7419,20378,Quality Issue,2143.01,Refunded
7420,49025,Wrong Product,24090.15,Refunded
7421,22376,Wrong Product,9778.0,Refunded
7422,2597,Damaged,21544.32,Refunded
7423,24779,Quality Issue,8171.26,Refunded
7424,47803,Late Delivery,14137.78,Refunded
7425,49048,Late Delivery,14069.04,Refunded
7426,21619,Wrong Product,5055.87,Refunded
7427,21952,Damaged,8416.41,Refunded
7428,28650,Customer Changed Mind,3824.83,Refunded
7429,12871,Customer Changed Mind,4941.57,Refunded
7430,3399,Quality Issue,17687.79,Refunded
7431,16940,Quality Issue,8509.5,Refunded
7432,49538,Quality Issue,10296.93,Refunded
7433,13972,Damaged,6229.62,Refunded
7434,31602,Wrong Product,6028.59,Refunded
7435,36639,Wrong Product,13401.16,Refunded
7436,17448,Quality Issue,25403.74,Refunded
7437,6858,Damaged,15481.14,Refunded
7438,30397,Quality Issue,10521.73,Refunded
7439,21106,Late Delivery,18747.92,Refunded
7440,5296,Customer Changed Mind,3148.66,Refunded
7441,5856,Quality Issue,15517.8,Refunded
7442,33291,Quality Issue,13679.7,Refunded
7443,21195,Customer Changed Mind,17180.04,Refunded
7444,12596,Wrong Product,21050.37,Refunded
7445,12694,Quality Issue,19600.93,Refunded
7446,1111,Customer Changed Mind,23205.73,Refunded
7447,20002,Quality Issue,6048.96,Refunded
7448,22896,Quality Issue,17926.63,Refunded
7449,29111,Customer Changed Mind,1001.59,Refunded
7450,12012,Late Delivery,11315.43,Refunded
7451,27648,Quality Issue,16927.17,Refunded
7452,5611,Quality Issue,6058.11,Refunded
7453,13643,Quality Issue,20344.43,Refunded
7454,8761,Customer Changed Mind,6333.01,Refunded
7455,18302,Late Delivery,24797.78,Refunded
7456,5408,Damaged,12082.68,Refunded
7457,14357,Damaged,16107.28,Refunded
7458,10332,Damaged,16977.17,Refunded
7459,15853,Damaged,10577.35,Refunded
7460,8341,Customer Changed Mind,21802.83,Refunded
7461,18544,Damaged,20350.21,Refunded
7462,49444,Damaged,13139.06,Refunded
7463,32824,Late Delivery,17094.78,Refunded
7464,45483,Customer Changed Mind,5288.82,Refunded
7465,23355,Late Delivery,3534.71,Refunded
7466,29732,Customer Changed Mind,1472.3,Refunded
7467,12274,Customer Changed Mind,662.54,Refunded
7468,22662,Customer Changed Mind,12593.2,Refunded
7469,31400,Late Delivery,2377.79,Refunded
7470,15192,Wrong Product,10399.28,Refunded
7471,44417,Damaged,11112.02,Refunded
7472,47674,Wrong Product,7428.34,Refunded
7473,19874,Quality Issue,13805.49,Refunded
7474,40703,Wrong Product,5499.86,Refunded
7475,30740,Damaged,15024.17,Refunded
7476,21916,Quality Issue,6598.54,Refunded
7477,41187,Late Delivery,9548.79,Refunded
7478,2396,Damaged,9025.61,Refunded
7479,23741,Damaged,19338.66,Refunded
7480,35527,Wrong Product,12744.01,Refunded
7481,40117,Customer Changed Mind,13265.92,Refunded
7482,47871,Quality Issue,11642.76,Refunded
7483,37783,Late Delivery,22552.05,Refunded
7484,1421,Customer Changed Mind,17678.58,Refunded
7485,3828,Wrong Product,5256.8,Refunded
7486,20326,Late Delivery,13691.04,Refunded
7487,31656,Customer Changed Mind,16384.89,Refunded
7488,1609,Quality Issue,20431.62,Refunded
7489,48132,Late Delivery,9824.9,Refunded
7490,22385,Late Delivery,1313.45,Refunded
7491,10121,Wrong Product,3565.71,Refunded
7492,33532,Customer Changed Mind,16213.58,Refunded
7493,17002,Quality Issue,18772.97,Refunded
7494,32823,Damaged,13901.08,Refunded
7495,40519,Quality Issue,4464.14,Refunded
7496,9855,Customer Changed Mind,15975.73,Refunded
7497,26477,Quality Issue,3546.3,Refunded
7498,31127,Late Delivery,20337.95,Refunded
7499,18108,Wrong Product,19876.61,Refunded
7500,25632,Wrong Product,12848.96,Refunded
